{
"type": "FeatureCollection",
"name": "Tulip Poplar",
"crs": { "type": "name", "properties": { "name": "urn:ogc:def:crs:OGC:1.3:CRS84" } },
"features": [
{ "type": "Feature", "properties": { "fid": 1, "AREA": 0.04776, "PERIMETER": 0.81125, "LIRITULI_": 2, "LIRITULI_I": 1, "CODE": 1 }, "geometry": { "type": "MultiPolygon", "coordinates": [ [ [ [ -73.374210360621717, 44.440783484352167 ], [ -73.34911081101599, 44.482686176348686 ], [ -73.329258449796043, 44.509616166457647 ], [ -73.297743444527981, 44.526933677372874 ], [ -73.221859811601874, 44.530462402727196 ], [ -73.18163492977655, 44.529534840325901 ], [ -73.137840906832949, 44.520375785734466 ], [ -73.098543220990749, 44.50439086066973 ], [ -73.082380936806814, 44.489407159136654 ], [ -73.069689951340976, 44.464394101633573 ], [ -73.080569988104187, 44.432879096953094 ], [ -73.110438549325792, 44.38950468257098 ], [ -73.139359813628218, 44.361154779692136 ], [ -73.204841247592938, 44.331598037901287 ], [ -73.271003397776141, 44.330981621446924 ], [ -73.312196901694676, 44.341177741689684 ], [ -73.345423485978785, 44.356049693051524 ], [ -73.366177422925631, 44.376341471913875 ], [ -73.377438719810002, 44.399540364053685 ], [ -73.374318458162605, 44.439984935521643 ], [ -73.374210360621717, 44.440783484352167 ] ] ] ] } },
{ "type": "Feature", "properties": { "fid": 2, "AREA": 0.05444, "PERIMETER": 0.87984, "LIRITULI_": 3, "LIRITULI_I": 2, "CODE": 1 }, "geometry": { "type": "MultiPolygon", "coordinates": [ [ [ [ -73.073646753142995, 43.59531440175671 ], [ -73.080643799058393, 43.605654260473578 ], [ -73.069374988505174, 43.632476039815501 ], [ -73.040732379150157, 43.660770785147463 ], [ -72.968407506451868, 43.699511590517197 ], [ -72.911823136289371, 43.710682133007126 ], [ -72.854701880249479, 43.711110869289946 ], [ -72.80651111623817, 43.704006444076363 ], [ -72.754350507330827, 43.684024321760994 ], [ -72.738449709666938, 43.644730792301793 ], [ -72.740426553516784, 43.620796358073868 ], [ -72.775117635586923, 43.581493435349365 ], [ -72.81373383300641, 43.542895673644132 ], [ -72.861230205380437, 43.508922791528406 ], [ -72.912676181190022, 43.487785707325166 ], [ -72.974599477176085, 43.497322496597285 ], [ -73.037630033284287, 43.528256754510807 ], [ -73.068117076391815, 43.580684133992939 ], [ -73.073646753142995, 43.59531440175671 ] ] ] ] } },
{ "type": "Feature", "properties": { "fid": 3, "AREA": 155.24246, "PERIMETER": 187.19782, "LIRITULI_": 4, "LIRITULI_I": 3, "CODE": 1 }, "geometry": { "type": "MultiPolygon", "coordinates": [ [ [ [ -76.066893190550758, 43.322641531480926 ], [ -76.032609723358291, 43.340983352536611 ], [ -75.970914641146138, 43.361138658050166 ], [ -75.920611549722054, 43.372435229224912 ], [ -75.832607280690198, 43.382094841466284 ], [ -75.763838901022027, 43.386220554314491 ], [ -75.698105501602626, 43.380180022926112 ], [ -75.638238850755243, 43.364419039550206 ], [ -75.597661343456934, 43.34318068038197 ], [ -75.558945022346521, 43.315855122468442 ], [ -75.525246901907394, 43.291430640161266 ], [ -75.490958992015422, 43.269023314411825 ], [ -75.447685378284874, 43.24729829373711 ], [ -75.419373518653572, 43.234305346012597 ], [ -75.412829149461004, 43.226896450485206 ], [ -75.400377179769862, 43.221411078418335 ], [ -75.396197291457284, 43.22074474554173 ], [ -75.356679759528873, 43.192230342667536 ], [ -75.299123438665731, 43.179846170220827 ], [ -75.183144651991014, 43.158025974248886 ], [ -75.109891088104746, 43.139842405333937 ], [ -75.046886672151459, 43.116928456688768 ], [ -74.957978546153612, 43.092928592168931 ], [ -74.897485251826197, 43.048113839392613 ], [ -74.902315975889593, 43.004455902100339 ], [ -74.927530006871564, 42.951443122490232 ], [ -74.972033066412195, 42.920634112567548 ], [ -75.032112054660615, 42.924092258546672 ], [ -75.11157702394857, 42.949707472222457 ], [ -75.197116283310933, 42.969902476963888 ], [ -75.295201074926553, 42.992050686534768 ], [ -75.378092254453193, 43.021200217510277 ], [ -75.461053508641982, 43.050298641615434 ], [ -75.514359089877942, 43.061946966715318 ], [ -75.551379706990289, 43.055139171041375 ], [ -75.564134799659499, 43.012779090744409 ], [ -75.566722336311727, 42.975150518796688 ], [ -75.604973909172827, 42.949515393216053 ], [ -75.666919242388019, 42.946630039070115 ], [ -75.736289731428329, 42.948052887878717 ], [ -75.836632684508444, 42.947953070780919 ], [ -75.865540496338056, 42.923965724617673 ], [ -75.910195697045751, 42.905600208994073 ], [ -75.980421238380004, 42.903866266709855 ], [ -76.043470829797485, 42.881988526882132 ], [ -76.084150297670931, 42.84713305989807 ], [ -76.108766775512407, 42.822451703815048 ], [ -76.158722019681363, 42.830161882762951 ], [ -76.22182834663829, 42.852530205519614 ], [ -76.280808750220444, 42.874230569067294 ], [ -76.302093175520596, 42.905963833797841 ], [ -76.331948272451655, 42.923178819746418 ], [ -76.38112813444728, 42.933835588123131 ], [ -76.445455101093529, 42.937279199370558 ], [ -76.509087863475003, 42.92793370625882 ], [ -76.540191755973765, 42.910492719424965 ], [ -76.559476595812754, 42.903914613996278 ], [ -76.579206618306998, 42.896994441840306 ], [ -76.596050201828049, 42.888953222667098 ], [ -76.606828809008306, 42.871536901194943 ], [ -76.598078126983964, 42.851181933325741 ], [ -76.58086763865002, 42.840127871027136 ], [ -76.572755228370326, 42.826864030403712 ], [ -76.534711078638608, 42.792661681123491 ], [ -76.496874326123873, 42.74266549042941 ], [ -76.459271357191966, 42.67687744919796 ], [ -76.422421047875829, 42.623837238320739 ], [ -76.387170612737236, 42.580512437814477 ], [ -76.363537928806593, 42.542115138878998 ], [ -76.366543837724194, 42.501469626856114 ], [ -76.384578950332227, 42.453643049070081 ], [ -76.419829973158173, 42.42109878200575 ], [ -76.471432876180288, 42.406850020463956 ], [ -76.533716520249371, 42.400528387635191 ], [ -76.592558260754274, 42.406296912387646 ], [ -76.648977739319875, 42.405352464034472 ], [ -76.689678016794147, 42.398856105730736 ], [ -76.702958752797755, 42.397698144179849 ], [ -76.717609206171019, 42.390476985239509 ], [ -76.754776613245227, 42.375044831940535 ], [ -76.811076091498137, 42.364474440436268 ], [ -76.848957027243586, 42.356133151482197 ], [ -76.873973360506625, 42.344860866391272 ], [ -76.895822485938936, 42.335113870906447 ], [ -76.91448391025493, 42.331893186254803 ], [ -76.950960160513318, 42.338325156093404 ], [ -76.969048071172466, 42.347017311784121 ], [ -76.996561312872387, 42.36610899721417 ], [ -77.010423488357503, 42.38517181982607 ], [ -77.016660341185769, 42.407105300162151 ], [ -77.018442190037618, 42.425377655605409 ], [ -77.021672964072152, 42.436716591654609 ], [ -77.008325675426136, 42.443189441438633 ], [ -76.978245257429748, 42.468304709760709 ], [ -76.938683990783389, 42.496234444827103 ], [ -76.91740449052584, 42.531102897042395 ], [ -76.897131700439829, 42.583027484757991 ], [ -76.896355580236602, 42.627289598436711 ], [ -76.921764970486038, 42.671214860035839 ], [ -76.959438055277545, 42.723287933384647 ], [ -76.97320569957725, 42.767589351989223 ], [ -77.014890390266046, 42.816004926642506 ], [ -77.048850112346699, 42.850587566692838 ], [ -77.087350484454419, 42.86891875425281 ], [ -77.122007132784034, 42.859204895979097 ], [ -77.161689751435048, 42.841766737374748 ], [ -77.275063155340334, 42.84137916762532 ], [ -77.30019825330379, 42.845026085080342 ], [ -77.35684173576918, 42.848418531784908 ], [ -77.438187885381851, 42.856103140101332 ], [ -77.518456382335287, 42.857513381285855 ], [ -77.57883482672311, 42.839859770781324 ], [ -77.638542080318061, 42.80389255298936 ], [ -77.66615747485865, 42.773455486728174 ], [ -77.641852247622083, 42.72956706544938 ], [ -77.621929665034912, 42.700447948396317 ], [ -77.622807823936014, 42.6662103270709 ], [ -77.611387088891107, 42.626174802359259 ], [ -77.625606066232834, 42.593846934282524 ], [ -77.660162111774298, 42.57856967326812 ], [ -77.701663063525288, 42.568315767676253 ], [ -77.725453160151503, 42.54139038671056 ], [ -77.74071158993911, 42.51527280849924 ], [ -77.755958512024591, 42.489154098837709 ], [ -77.785106724213506, 42.473088901004658 ], [ -77.844228980854297, 42.479438946657979 ], [ -77.855490665695442, 42.489109380655691 ], [ -77.870026883358193, 42.50731992632511 ], [ -77.904262747257121, 42.524263196283968 ], [ -77.956568618452465, 42.535654108745341 ], [ -78.02007335195907, 42.546568751572096 ], [ -78.074064528928005, 42.562182046881091 ], [ -78.148421982021915, 42.58463475974316 ], [ -78.204777085291383, 42.612626935007953 ], [ -78.285889227168525, 42.652071079350947 ], [ -78.333325022390028, 42.682806052444228 ], [ -78.397361317374134, 42.713768411366807 ], [ -78.448390322411385, 42.730814619521936 ], [ -78.515326783552254, 42.739905120008267 ], [ -78.585455814101195, 42.747372160791357 ], [ -78.649046588409391, 42.747868487973349 ], [ -78.717011314403152, 42.752953598977172 ], [ -78.756270145790069, 42.740051648499666 ], [ -78.795777312461567, 42.715072443609586 ], [ -78.823105167201774, 42.672332457879996 ], [ -78.834348123336753, 42.627452249185907 ], [ -78.850688637363064, 42.573174047844979 ], [ -78.868463928371497, 42.51304457192861 ], [ -78.901248575525926, 42.481121537071594 ], [ -78.91435446926522, 42.472784690137182 ], [ -78.922005400788194, 42.465655541776137 ], [ -78.968138035667437, 42.460089868427346 ], [ -78.991481504993331, 42.456169794161745 ], [ -79.071893630310697, 42.441081018461482 ], [ -79.149176529483583, 42.425537170557114 ], [ -79.204989772509748, 42.393137831473979 ], [ -79.270576808605639, 42.359661048379863 ], [ -79.338290391313976, 42.317099452457207 ], [ -79.438617483340337, 42.257722390477269 ], [ -79.526272110880882, 42.210666455226786 ], [ -79.617292219238237, 42.175663531139591 ], [ -79.666924416614648, 42.154002821843775 ], [ -79.723761629511657, 42.128578289480437 ], [ -79.785662565862964, 42.108439543619156 ], [ -79.84444492793186, 42.087883104461469 ], [ -79.88883506107689, 42.060832578711882 ], [ -79.926501806696834, 42.035259498864669 ], [ -79.974563127379568, 41.978350288434036 ], [ -80.003503756400036, 41.935359971354508 ], [ -80.025382364456846, 41.854203281581768 ], [ -80.058452252475433, 41.779114562805638 ], [ -80.076495255422415, 41.741760589691538 ], [ -80.125859039623919, 41.650075207762043 ], [ -80.131681835787063, 41.569278326514116 ], [ -80.116485441195294, 41.525459074481255 ], [ -80.044817368498428, 41.4536011373131 ], [ -79.905298082363217, 41.431347604052704 ], [ -79.80198033714754, 41.415885009368075 ], [ -79.74893374638971, 41.360173097310287 ], [ -79.697843169808607, 41.323324642809041 ], [ -79.609182373729098, 41.286258188113663 ], [ -79.509346412174708, 41.25698866431452 ], [ -79.417463969088317, 41.207692371118171 ], [ -79.308943851454671, 41.123478695228741 ], [ -79.187140101152821, 41.030379847219017 ], [ -79.116373439621483, 40.960297580585674 ], [ -79.081157906668821, 40.859958330123774 ], [ -79.018893150683695, 40.781608492894627 ], [ -78.974663266385988, 40.770965071850085 ], [ -78.895848124140144, 40.77426696738452 ], [ -78.844166263985798, 40.832551598690472 ], [ -78.80697254815118, 40.895141018948749 ], [ -78.774309346954311, 41.002689667160155 ], [ -78.720197570506301, 41.044300326116158 ], [ -78.647919665985214, 41.057723805980963 ], [ -78.601328372642158, 41.055977179486234 ], [ -78.530844011390485, 41.03689750766317 ], [ -78.494073080056026, 41.008448591002363 ], [ -78.48036959219445, 40.950506007047025 ], [ -78.505224294482645, 40.888586869554132 ], [ -78.516265520549354, 40.831756335944554 ], [ -78.468654276948996, 40.797112894457136 ], [ -78.40423703722567, 40.789485349904403 ], [ -78.401289970930932, 40.789072791046443 ], [ -78.385449853729611, 40.791413491774684 ], [ -78.363341942643189, 40.806552342789153 ], [ -78.337344407724217, 40.837102702128888 ], [ -78.301363510118406, 40.870808343096783 ], [ -78.25219729591619, 40.932298577432981 ], [ -78.205992776098554, 40.957709293677169 ], [ -78.126142009621319, 40.982902193223502 ], [ -78.069170684403801, 41.002184676507973 ], [ -78.021597262987839, 41.020506034463722 ], [ -77.946724325942526, 41.085118399415911 ], [ -77.915884828621188, 41.133199384986682 ], [ -77.899128471831631, 41.174169061326801 ], [ -77.86821687711209, 41.222242412040814 ], [ -77.805420672278331, 41.28628147229059 ], [ -77.759075584725409, 41.345829665283183 ], [ -77.730805246152272, 41.371441474540632 ], [ -77.689337476923058, 41.376869586892255 ], [ -77.623482032308814, 41.369609569549432 ], [ -77.529733446441682, 41.35139064776461 ], [ -77.505341275971077, 41.327263279063509 ], [ -77.490277647200656, 41.256514211702857 ], [ -77.464655238339418, 41.202490609852489 ], [ -77.419606056248028, 41.16387874223124 ], [ -77.387058987822726, 41.147656472093345 ], [ -77.326769014284608, 41.143316749907051 ], [ -77.262354554477781, 41.154334503770329 ], [ -77.213880130512024, 41.174555348795728 ], [ -77.14939353158168, 41.208375325542093 ], [ -77.068833630784496, 41.255770758929877 ], [ -77.016604087141914, 41.300531991221071 ], [ -76.990539633002385, 41.314250250818588 ], [ -76.980721137567855, 41.319079512794083 ], [ -76.909533764984204, 41.34619044281029 ], [ -76.849795712024061, 41.362387678803252 ], [ -76.732257906003483, 41.341368054578169 ], [ -76.600166013859749, 41.311683577737213 ], [ -76.507242769172791, 41.294215301473905 ], [ -76.348787101449304, 41.298058025202536 ], [ -76.221818565044188, 41.325597709093486 ], [ -76.136377768770686, 41.356408766529064 ], [ -76.033684424159986, 41.387609473349229 ], [ -75.971421343454153, 41.48521392632081 ], [ -75.990120518396026, 41.538748144587444 ], [ -76.064278360797019, 41.563093409389545 ], [ -76.210385505774923, 41.604968974099222 ], [ -76.319813177573806, 41.640964957645139 ], [ -76.409536011042547, 41.68644427514468 ], [ -76.486732045439823, 41.761502168105551 ], [ -76.505044164547172, 41.818003614394009 ], [ -76.49359407707648, 41.888892224132505 ], [ -76.462406643362698, 41.953602877430839 ], [ -76.453646194572016, 41.999646478847666 ], [ -76.515241319524264, 42.024875761994224 ], [ -76.624909656440565, 42.032116616503139 ], [ -76.703933304518443, 42.056731892579208 ], [ -76.707694498521548, 42.104668966770049 ], [ -76.671035202542015, 42.143337531979228 ], [ -76.595612513974459, 42.166643463684927 ], [ -76.502933807471337, 42.174641992039355 ], [ -76.391999130469799, 42.186096277468899 ], [ -76.308182227716799, 42.207968230594361 ], [ -76.216928565734321, 42.225481301306601 ], [ -76.123253590544294, 42.236235852079929 ], [ -76.007709401951502, 42.218199682243579 ], [ -75.908135230159317, 42.18991156987957 ], [ -75.874308400802121, 42.143449133681806 ], [ -75.877003907833739, 42.090089920150241 ], [ -75.922600342989469, 42.037178153798045 ], [ -76.004854884376911, 42.00584012268169 ], [ -76.113819756668249, 42.000770104295398 ], [ -76.243116629594141, 42.014570419417467 ], [ -76.31676280090052, 41.997527374077805 ], [ -76.335361296173659, 41.962479421448826 ], [ -76.302437704744548, 41.897347856631512 ], [ -76.233044263970541, 41.85497778259186 ], [ -76.125939554911753, 41.80982550339057 ], [ -76.006078980919852, 41.749909691022637 ], [ -75.912724309960495, 41.732002135165629 ], [ -75.801834723116713, 41.730205288122995 ], [ -75.730666640717544, 41.753648469399359 ], [ -75.694002636587911, 41.776259447242765 ], [ -75.683869581596255, 41.82526225616737 ], [ -75.67728572144398, 41.862179644424018 ], [ -75.640186715214313, 41.90054360367332 ], [ -75.58289560647016, 41.91983818698359 ], [ -75.521856148603035, 41.922680634726674 ], [ -75.452511030160764, 41.895657164774043 ], [ -75.388221660519505, 41.866242916001518 ], [ -75.29624954138157, 41.857612310767799 ], [ -75.235711004899727, 41.873063656317285 ], [ -75.19291270087021, 41.872391546819912 ], [ -75.163319624370544, 41.870705318770611 ], [ -75.108188868079509, 41.896496229830568 ], [ -75.041216530951075, 41.904471621193075 ], [ -74.99388935074542, 41.890310495065101 ], [ -74.913946741228429, 41.842184131370423 ], [ -74.866297349407716, 41.815231745101606 ], [ -74.856560248961969, 41.762886144988038 ], [ -74.876354745118959, 41.712301726579511 ], [ -74.882952393497845, 41.662689494633227 ], [ -74.848751122832581, 41.606262625570842 ], [ -74.828517864348555, 41.574349291367106 ], [ -74.742001630634761, 41.562993258004539 ], [ -74.684386653410527, 41.56913775196648 ], [ -74.645622054135046, 41.597471810973708 ], [ -74.60589243969568, 41.628808584411445 ], [ -74.529091820913564, 41.641162987205846 ], [ -74.462922344584285, 41.633078864096774 ], [ -74.413703809391492, 41.611990060031502 ], [ -74.373604038262712, 41.589266334923508 ], [ -74.31535528174328, 41.56975724517347 ], [ -74.241137150739704, 41.560160659489355 ], [ -74.204780060093555, 41.566585146383893 ], [ -74.186407209251712, 41.572391321209025 ], [ -74.170678416762669, 41.597952785859171 ], [ -74.140886125356246, 41.643709024790013 ], [ -74.106394373860141, 41.728257623228316 ], [ -74.099211311080936, 41.823203885265876 ], [ -74.114319617989267, 41.944648538386375 ], [ -74.126395740822034, 42.003322942527774 ], [ -74.104150809362181, 42.073064501141914 ], [ -74.074111338707439, 42.118828984691199 ], [ -74.03629314445655, 42.14060683531477 ], [ -74.020804561893613, 42.188886783950579 ], [ -74.008700995684222, 42.322696926292672 ], [ -73.998756247099109, 42.377614139758293 ], [ -73.988795921148295, 42.432534453550069 ], [ -73.984016703067383, 42.471360497807325 ], [ -73.993506804364216, 42.48998954501905 ], [ -73.976176361008399, 42.543652646204144 ], [ -73.957081778836766, 42.602684514941565 ], [ -73.941835858677578, 42.673720515495951 ], [ -73.942638587457765, 42.71919462928161 ], [ -73.972932732625239, 42.769742610099115 ], [ -73.993733642486404, 42.801650064027349 ], [ -73.998053300983429, 42.836394517340217 ], [ -73.967612844834562, 42.882181963174041 ], [ -73.933237210867659, 42.915958427448373 ], [ -73.855866099222936, 42.91397828608509 ], [ -73.787642424584917, 42.907863766647608 ], [ -73.753165953554188, 42.941593832659514 ], [ -73.730241891722699, 43.011360489363888 ], [ -73.7256097577811, 43.07296005138938 ], [ -73.758353699815899, 43.163722934606135 ], [ -73.7480879466396, 43.218689270274027 ], [ -73.739914970164165, 43.291048521448857 ], [ -73.718635511495862, 43.355481789267323 ], [ -73.691334437286585, 43.390501880216611 ], [ -73.581919790776737, 43.388587906498159 ], [ -73.483276604930325, 43.354383831519279 ], [ -73.464340078559474, 43.31700256650609 ], [ -73.450805791594448, 43.263525468559472 ], [ -73.45235625659933, 43.23540304686879 ], [ -73.450079508953749, 43.195255626830097 ], [ -73.436343451882806, 43.119033785133134 ], [ -73.430029709253077, 43.044118209210538 ], [ -73.416575481167925, 42.990660546792625 ], [ -73.359287360767098, 42.974895255587143 ], [ -73.283667422033346, 42.967214932620664 ], [ -73.209868512876994, 42.954131850192979 ], [ -73.141524484538323, 42.924933286563544 ], [ -73.110090278294351, 42.902284987557564 ], [ -73.087734732414361, 42.852846335942026 ], [ -73.085560802468478, 42.78997416548966 ], [ -73.103768233691923, 42.7591535365586 ], [ -73.156924373261745, 42.740257398347403 ], [ -73.245028149549512, 42.733242052274534 ], [ -73.401117102153393, 42.732517950545159 ], [ -73.502129015846037, 42.733287346706646 ], [ -73.565777654666235, 42.682058651257904 ], [ -73.596107440886371, 42.613643464214142 ], [ -73.589952080474575, 42.561525086251159 ], [ -73.589096001120808, 42.493327645554942 ], [ -73.611991986031271, 42.423639090295019 ], [ -73.642165262673018, 42.355237657066873 ], [ -73.670527536270299, 42.292195846996727 ], [ -73.631595775320392, 42.245686186274604 ], [ -73.565803936921043, 42.234102020574049 ], [ -73.476351054641313, 42.223961879171753 ], [ -73.392457073463206, 42.220414952142853 ], [ -73.306602919795878, 42.199445286850747 ], [ -73.268145381712486, 42.175553893186766 ], [ -73.182384288879447, 42.154503418935299 ], [ -73.102297819534684, 42.162785654612925 ], [ -73.065950068265849, 42.178928107877468 ], [ -72.991313864705475, 42.193810372362641 ], [ -72.956728549863527, 42.204572158718562 ], [ -72.893011623134981, 42.232744857059672 ], [ -72.851095227425461, 42.242151947749541 ], [ -72.809138116677488, 42.228820920244395 ], [ -72.78907444261479, 42.219476397068568 ], [ -72.747133502736517, 42.183402406289702 ], [ -72.708876529904288, 42.15934608466663 ], [ -72.674279594399209, 42.147309607119865 ], [ -72.616023879213159, 42.136584260663653 ], [ -72.577792002001786, 42.135212110543321 ], [ -72.504937081277589, 42.144469037361247 ], [ -72.450304983996205, 42.145704003999484 ], [ -72.377422292312232, 42.154888893655951 ], [ -72.297243134007573, 42.162672698907372 ], [ -72.242593613695973, 42.163820085327728 ], [ -72.15884294048503, 42.159475450470559 ], [ -72.093386010210381, 42.147146282071418 ], [ -72.036872883984813, 42.153544220569373 ], [ -71.976592601219693, 42.170589584885207 ], [ -71.907126967105526, 42.191560604742527 ], [ -71.873990131448537, 42.219420806093432 ], [ -71.797469499445072, 42.216226473289105 ], [ -71.768379730870265, 42.210669566126128 ], [ -71.694108119844145, 42.179358706317359 ], [ -71.654662328512828, 42.137603174436634 ], [ -71.59920986740488, 42.075650969905396 ], [ -71.565597699294145, 42.017884671678708 ], [ -71.548429653836479, 41.957589851284091 ], [ -71.502354873728891, 41.891682116442489 ], [ -71.495914677311788, 41.844851457672867 ], [ -71.484165498761385, 41.791291201726892 ], [ -71.437844711267161, 41.748082670472186 ], [ -71.418102751565073, 41.738532021897527 ], [ -71.395577857416384, 41.7341318513093 ], [ -71.388834088273128, 41.733800464087025 ], [ -71.38755998338867, 41.731760477490496 ], [ -71.379778475596808, 41.729258760298173 ], [ -71.366441784207581, 41.722315510216482 ], [ -71.364503092259255, 41.718149922438336 ], [ -71.363939169616174, 41.712868870163867 ], [ -71.364778989014056, 41.707314845499582 ], [ -71.366441184991444, 41.701205348264907 ], [ -71.369493495277268, 41.694811034527547 ], [ -71.373384844668053, 41.689255944950787 ], [ -71.376162124281919, 41.682870343662842 ], [ -71.379777828319106, 41.677316875402255 ], [ -71.384508111506349, 41.673426071961941 ], [ -71.393389346767052, 41.67565370116467 ], [ -71.395892081818346, 41.680092969326054 ], [ -71.39645612915227, 41.685091342520018 ], [ -71.399492912994376, 41.689530913402066 ], [ -71.406725982347339, 41.692865476486681 ], [ -71.421162607831249, 41.692864603811614 ], [ -71.42783062682507, 41.691758918719835 ], [ -71.439489535450178, 41.687310498925719 ], [ -71.44365400683246, 41.682870795853809 ], [ -71.443944034821556, 41.677041731330611 ], [ -71.441442363060219, 41.672867627225749 ], [ -71.432561332101173, 41.670648212344268 ], [ -71.425601661141613, 41.670931819331329 ], [ -71.418110286685305, 41.668428123485356 ], [ -71.415333105060157, 41.663979800358582 ], [ -71.413944196497894, 41.658700433339227 ], [ -71.413395341330286, 41.653421200465033 ], [ -71.414219473949387, 41.647317349270629 ], [ -71.41783575041255, 41.635926762642256 ], [ -71.413395020885147, 41.605097923163655 ], [ -71.413943972892369, 41.59953453393706 ], [ -71.415896772796827, 41.593707431184065 ], [ -71.420611341215462, 41.589816370911564 ], [ -71.438100020009614, 41.583429635558439 ], [ -71.443654720640737, 41.580377072472139 ], [ -71.445332868888372, 41.574540441365535 ], [ -71.440877912982018, 41.565370051038393 ], [ -71.431172402790509, 41.552873355645666 ], [ -71.423115243423624, 41.545099786529704 ], [ -71.421435925821513, 41.540376279230323 ], [ -71.420887432292986, 41.53509771965691 ], [ -71.423938770911334, 41.517871091483045 ], [ -71.42311543642775, 41.50760119406128 ], [ -71.421161033780052, 41.497042860735412 ], [ -71.420886535181424, 41.486758171875252 ], [ -71.42172566226958, 41.481204082157227 ], [ -71.425327296221766, 41.475650509298099 ], [ -71.426715489768057, 41.46398445577271 ], [ -71.428378966337405, 41.458430347557282 ], [ -71.436159965853918, 41.447589403077266 ], [ -71.445605566858433, 41.440646117135984 ], [ -71.454228007710768, 41.43203982323196 ], [ -71.46200911801705, 41.413707369606826 ], [ -71.46228437700745, 41.408145483339723 ], [ -71.470890268534717, 41.398150281220339 ], [ -71.474216703941096, 41.393153332699441 ], [ -71.477283696426596, 41.386761281869212 ], [ -71.480885270960826, 41.374812405483524 ], [ -71.483935833918792, 41.368151734316726 ], [ -71.487553060715683, 41.362597528872399 ], [ -71.494221849283861, 41.360927037623 ], [ -71.50061487449841, 41.363154251363206 ], [ -71.504781046572006, 41.367038351403266 ], [ -71.517567320660646, 41.373149362509054 ], [ -71.526998898708428, 41.37565205485263 ], [ -71.542563993432253, 41.378145411371804 ], [ -71.563117205362971, 41.377039050283891 ], [ -71.576179773445901, 41.374537055128599 ], [ -71.589225752378383, 41.37342311232733 ], [ -71.606164137182802, 41.366205333226787 ], [ -71.630609291544133, 41.359536275220023 ], [ -71.651728102739085, 41.358430053806089 ], [ -71.664225211035273, 41.355928291243131 ], [ -71.671168450712415, 41.353981933094801 ], [ -71.687832185973875, 41.347314450790648 ], [ -71.703396512459392, 41.33842631347936 ], [ -71.715619624196819, 41.335091912866126 ], [ -71.721448353860893, 41.335092668667315 ], [ -71.723676187265184, 41.336479914890795 ], [ -71.732572750126408, 41.337868452587529 ], [ -71.739789179524536, 41.337594642052338 ], [ -71.752577257658231, 41.335091195400757 ], [ -71.781737072913771, 41.32592958589921 ], [ -71.788954962237526, 41.325653595134561 ], [ -71.80784664723582, 41.321763121739814 ], [ -71.845307082546299, 41.31892453836803 ], [ -71.869234601875462, 41.315094480834333 ], [ -71.876726160130943, 41.315369503656655 ], [ -71.876178071641291, 41.320930562293761 ], [ -71.8695082681554, 41.322869655576426 ], [ -71.86284011813305, 41.322593753448565 ], [ -71.85867488119419, 41.327317521897569 ], [ -71.861452012012904, 41.331765742516083 ], [ -71.86561848098053, 41.335648437817767 ], [ -71.876177438993281, 41.342032702450076 ], [ -71.885349150445549, 41.343421387801655 ], [ -71.892291562469097, 41.343148604537646 ], [ -71.89757081041158, 41.340087028435072 ], [ -71.911457339266548, 41.33925647596967 ], [ -71.926456633268714, 41.340086963412048 ], [ -71.943120952926847, 41.344252544739867 ], [ -71.950353388986287, 41.347038096896874 ], [ -71.958959267464536, 41.34758824823497 ], [ -71.970357325399377, 41.343978807627536 ], [ -71.980352075406515, 41.33703652972487 ], [ -71.984519192413998, 41.332312878843659 ], [ -72.004522879344876, 41.319541501634824 ], [ -72.020362627854411, 41.321479637888878 ], [ -72.025626470007808, 41.31842742923498 ], [ -72.032583805467112, 41.317871440472466 ], [ -72.037849788815066, 41.321479692158135 ], [ -72.039237275454383, 41.326202870737291 ], [ -72.044792293639262, 41.329536137630427 ], [ -72.058677630894167, 41.328704017050001 ], [ -72.066185273073955, 41.331481965742192 ], [ -72.071190011706634, 41.334814819841355 ], [ -72.078973367945906, 41.348143792669511 ], [ -72.085077024838824, 41.351203470661503 ], [ -72.096185546088321, 41.346198239171137 ], [ -72.09786403358747, 41.340086977731218 ], [ -72.097298691947657, 41.324264542390004 ], [ -72.098686481768695, 41.312866108150239 ], [ -72.103402225847518, 41.308424942732842 ], [ -72.108956376803349, 41.3053656045157 ], [ -72.120904796979474, 41.302588413650163 ], [ -72.128960803726756, 41.303977699798921 ], [ -72.135080813507443, 41.30759394589446 ], [ -72.138131731090027, 41.311202013717264 ], [ -72.143412060636578, 41.314810017668236 ], [ -72.150920076632815, 41.317312938510071 ], [ -72.162303161728786, 41.313147014417382 ], [ -72.169794989779973, 41.316480214648116 ], [ -72.1745248494815, 41.324811760722355 ], [ -72.182841387972687, 41.326200408687036 ], [ -72.188411985279828, 41.323980217469447 ], [ -72.193126004855856, 41.320089562620367 ], [ -72.196178439728698, 41.313704926094225 ], [ -72.196742154767122, 41.30814106628798 ], [ -72.19562848609462, 41.29759065239579 ], [ -72.200084911448272, 41.293706643276202 ], [ -72.20618746489086, 41.297589939105343 ], [ -72.208141071957868, 41.302312878106385 ], [ -72.215359724178242, 41.309812016813751 ], [ -72.223414715303463, 41.311201589957783 ], [ -72.230083722878078, 41.30925523009865 ], [ -72.239804622076349, 41.302869116691433 ], [ -72.251202177907771, 41.287871253016455 ], [ -72.257580142836957, 41.286482071672076 ], [ -72.265087901924346, 41.28703976833733 ], [ -72.300077364602586, 41.284820102584874 ], [ -72.308134938342619, 41.28620742320431 ], [ -72.3145292497111, 41.289259436412799 ], [ -72.322585296430788, 41.297042500930225 ], [ -72.336197535330072, 41.30120029749736 ], [ -72.342590767296159, 41.303976044139503 ], [ -72.346756325895726, 41.307868140646676 ], [ -72.348145222847066, 41.313423117654544 ], [ -72.345369239058812, 41.319814797265856 ], [ -72.342026392591592, 41.32481378273328 ], [ -72.337586074846115, 41.343146544108066 ], [ -72.339249616967365, 41.347868701803115 ], [ -72.345642759939437, 41.350929320052529 ], [ -72.352861479114651, 41.350370576607638 ], [ -72.359528482836154, 41.352873626870178 ], [ -72.368409662530894, 41.360648400754968 ], [ -72.373689812201121, 41.363426165127606 ], [ -72.381471758950326, 41.363983190662999 ], [ -72.387591054862298, 41.362593233229937 ], [ -72.391756454436802, 41.357872336142549 ], [ -72.39009283029165, 41.35314920774627 ], [ -72.385088554699095, 41.349815748380657 ], [ -72.371186974579658, 41.344253599071621 ], [ -72.36064229940115, 41.337310553950815 ], [ -72.357575106634116, 41.332870500147095 ], [ -72.355912893853016, 41.328146758711924 ], [ -72.354798561288732, 41.317869253313816 ], [ -72.357026206956832, 41.300369132110248 ], [ -72.360917819102824, 41.295646576790134 ], [ -72.360078604262, 41.291204844200045 ], [ -72.349518832233144, 41.284263577928471 ], [ -72.3531342668701, 41.278701253026426 ], [ -72.372301245158383, 41.274811266232319 ], [ -72.3842645706318, 41.271476333257631 ], [ -72.391482128826723, 41.270926051265214 ], [ -72.397037420950383, 41.280089045911382 ], [ -72.401202657240475, 41.283430590388711 ], [ -72.407870660550245, 41.286482658806278 ], [ -72.422580398963575, 41.287314668558793 ], [ -72.442860666997191, 41.285095769218621 ], [ -72.449529004204777, 41.283980412841721 ], [ -72.466757023211528, 41.277312512444432 ], [ -72.472861314232105, 41.276755976045585 ], [ -72.478414566871351, 41.274536362947124 ], [ -72.495077674685731, 41.265930838316009 ], [ -72.509269225186657, 41.255653739345291 ], [ -72.515647444523836, 41.258705184255888 ], [ -72.523980185509572, 41.266486655531985 ], [ -72.528983592628407, 41.269814056344266 ], [ -72.530922604179025, 41.263709963854694 ], [ -72.530372899715175, 41.2587061125761 ], [ -72.534264437262209, 41.253983306039892 ], [ -72.542870065765939, 41.256759236524729 ], [ -72.544808449813644, 41.26092645577279 ], [ -72.549523725197346, 41.264816218167176 ], [ -72.56035732533978, 41.271201461324765 ], [ -72.567605752325164, 41.274260359881183 ], [ -72.599268617783977, 41.279258620170467 ], [ -72.613704358020129, 41.279257278284419 ], [ -72.635661216646483, 41.277586455305908 ], [ -72.648159076173798, 41.275366840872849 ], [ -72.671765260855622, 41.266204204079017 ], [ -72.676480758370957, 41.263708580146137 ], [ -72.686749857341795, 41.256200070087573 ], [ -72.69175502188034, 41.253981286508932 ], [ -72.698422783104292, 41.253422653967199 ], [ -72.706205652370855, 41.255925332625118 ], [ -72.710095886776017, 41.259817762266628 ], [ -72.716489003028926, 41.2628695070742 ], [ -72.724256782122907, 41.265370299421591 ], [ -72.732313737188619, 41.266759426405073 ], [ -72.74731398164451, 41.267591686975933 ], [ -72.764266624712562, 41.270924574801249 ], [ -72.783156806372844, 41.267034532274216 ], [ -72.788986801058272, 41.26481319267031 ], [ -72.804810902287826, 41.25565128198518 ], [ -72.811478283006082, 41.255367679670563 ], [ -72.817887793639031, 41.25842822854716 ], [ -72.820938693991167, 41.262593687864467 ], [ -72.827043372348243, 41.261206414521347 ], [ -72.831772664120564, 41.257314217164975 ], [ -72.83899145243349, 41.257038983178006 ], [ -72.847596982643239, 41.258984535272859 ], [ -72.855380351078054, 41.258702118997498 ], [ -72.865373239151509, 41.253423968969983 ], [ -72.871478089867352, 41.25120427201869 ], [ -72.877596102229319, 41.249815129479721 ], [ -72.88537959559558, 41.25037095258687 ], [ -72.896778164298539, 41.256757647017594 ], [ -72.899830013879168, 41.260922841711299 ], [ -72.89789170462241, 41.267033578390866 ], [ -72.897601672851238, 41.272587387516872 ], [ -72.901768211875535, 41.276479128968006 ], [ -72.904544717096343, 41.280920105039769 ], [ -72.90593251101582, 41.286207503222968 ], [ -72.905932683140421, 41.291205002326215 ], [ -72.903995529970985, 41.297316269781618 ], [ -72.904818731502317, 41.3023134377014 ], [ -72.912052898999505, 41.302869007333896 ], [ -72.923710879306213, 41.287596110540115 ], [ -72.932316671855062, 41.278974772345549 ], [ -72.935933247521845, 41.273420933750401 ], [ -72.944538297819918, 41.263982642622977 ], [ -72.965947369399842, 41.253422407774792 ], [ -72.980656413628751, 41.24342237361698 ], [ -72.996495995752966, 41.223699049177654 ], [ -72.999838989314753, 41.217862667101208 ], [ -73.010671606602443, 41.212866099065657 ], [ -73.016776400694781, 41.211478192655051 ], [ -73.033164465139947, 41.213979516241231 ], [ -73.0409317283532, 41.214254224476498 ], [ -73.046776175120456, 41.212309039222028 ], [ -73.055656406610609, 41.204534981169587 ], [ -73.05870908820738, 41.197865450019442 ], [ -73.077615668269573, 41.193976147796505 ], [ -73.083444345921251, 41.191755579832744 ], [ -73.087885382122195, 41.187864698295101 ], [ -73.09844476560643, 41.181759712673383 ], [ -73.103158994515127, 41.17787022415807 ], [ -73.103998698331523, 41.166761051663578 ], [ -73.109827901910933, 41.164533093601015 ], [ -73.12316462759054, 41.162861591019414 ], [ -73.146221540401172, 41.15397427724718 ], [ -73.150112317009658, 41.157865714638334 ], [ -73.149838200442218, 41.163418698826867 ], [ -73.158445309425403, 41.176197905876855 ], [ -73.162609730916358, 41.180090268843564 ], [ -73.167890846679626, 41.183424802728759 ], [ -73.174833584896248, 41.18314860155445 ], [ -73.176771901949834, 41.176480312906207 ], [ -73.177336045952302, 41.17092751094011 ], [ -73.180936998112102, 41.166762146772804 ], [ -73.186765971345551, 41.164533379265485 ], [ -73.206222627120596, 41.159810982914969 ], [ -73.210952770924706, 41.157590730602919 ], [ -73.21762092014427, 41.160368347083633 ], [ -73.223175832196802, 41.158138995807391 ], [ -73.230118953371615, 41.147038403749661 ], [ -73.233994019134087, 41.142315394873798 ], [ -73.247895224911261, 41.130644366795892 ], [ -73.25344978849003, 41.128423505119798 ], [ -73.262346102688412, 41.130369166066849 ], [ -73.276232129665473, 41.135921890566614 ], [ -73.283174778013333, 41.135364965994931 ], [ -73.294832533950029, 41.131201234030094 ], [ -73.305117997164444, 41.125089845015466 ], [ -73.322344565544782, 41.118421313871913 ], [ -73.335116402030138, 41.115644565292214 ], [ -73.349002891970883, 41.11481231626756 ], [ -73.355396105401198, 41.113424221867547 ], [ -73.360950338248813, 41.111204121165144 ], [ -73.365665771429931, 41.106755154667979 ], [ -73.369007473662379, 41.101759286105995 ], [ -73.373448971408308, 41.09786737260913 ], [ -73.37872799766555, 41.094809052147738 ], [ -73.391790195512215, 41.092863766442385 ], [ -73.397619609616868, 41.090641727668142 ], [ -73.406790145677306, 41.082867264285063 ], [ -73.412343500160276, 41.079260211912285 ], [ -73.416784977589231, 41.077589116311898 ], [ -73.433172951217031, 41.068424659468938 ], [ -73.45178898793904, 41.06370312421209 ], [ -73.462348736595501, 41.058981424114627 ], [ -73.471504393104851, 41.051199567715877 ], [ -73.477058137962501, 41.048978282331419 ], [ -73.492332555781587, 41.05397572879464 ], [ -73.499855306569401, 41.054532893024337 ], [ -73.505410679031428, 41.052313071659569 ], [ -73.510126067752026, 41.048428637723184 ], [ -73.511788188560416, 41.042319171574029 ], [ -73.517907421682949, 41.030087927535853 ], [ -73.524012121923377, 41.029530469460724 ], [ -73.527627249849871, 41.038984815409677 ], [ -73.53318118375185, 41.036757044980412 ], [ -73.556223534146042, 41.017033698736753 ], [ -73.56177787435783, 41.014814457233385 ], [ -73.5756801150321, 41.013982882960157 ], [ -73.583736070344145, 41.015097398516765 ], [ -73.590130577842217, 41.018148195705535 ], [ -73.594296381222065, 41.022032804747113 ], [ -73.603176639462987, 41.023977662023029 ], [ -73.609571393525414, 41.022588792011533 ], [ -73.614377013440972, 41.019659538473995 ], [ -73.621228429902729, 41.017591853850497 ], [ -73.626234445942146, 41.014539710397393 ], [ -73.638182395683572, 41.01092306116179 ], [ -73.645079350101227, 41.007620433730224 ], [ -73.654295828861734, 41.002591913877431 ], [ -73.655959066864, 40.996756648086368 ], [ -73.650679663453118, 40.993146273252812 ], [ -73.643461489117684, 40.990086958646025 ], [ -73.643736291422286, 40.985089698765066 ], [ -73.647627473664585, 40.980368871657568 ], [ -73.653746237787686, 40.977584064653044 ], [ -73.657911967132364, 40.974257503065822 ], [ -73.665970318401719, 40.964812084736273 ], [ -73.669297147727761, 40.958982590311876 ], [ -73.674011677490995, 40.954534858682543 ], [ -73.678741092412764, 40.952034112801314 ], [ -73.685120665127499, 40.950644862843198 ], [ -73.701524535237098, 40.955367298102864 ], [ -73.714586099966581, 40.95342289570138 ], [ -73.718462063906031, 40.948698487228214 ], [ -73.722902677948724, 40.936201651207107 ], [ -73.728747477805683, 40.933974023713375 ], [ -73.74151950269993, 40.931204997102334 ], [ -73.754855202228455, 40.919540564694103 ], [ -73.758472812749986, 40.907310935330699 ], [ -73.761524112696847, 40.901755732737705 ], [ -73.766239554732337, 40.897873528668164 ], [ -73.776523584624883, 40.89176145715485 ], [ -73.77986534030083, 40.885925127547409 ], [ -73.781253635749493, 40.880090436279325 ], [ -73.780964885701238, 40.874809077823649 ], [ -73.784855089510813, 40.869538550951873 ], [ -73.791524682758322, 40.86953745533927 ], [ -73.799017116535353, 40.872032014569115 ], [ -73.806798236016405, 40.872314703545804 ], [ -73.816244118256535, 40.865372770263797 ], [ -73.815404561677553, 40.860375137776295 ], [ -73.806798363170842, 40.847589323158331 ], [ -73.805135103794242, 40.842865144425986 ], [ -73.797352782610758, 40.828980811067225 ], [ -73.798741345361719, 40.823426635425214 ], [ -73.805684451040136, 40.822870688906761 ], [ -73.822362071751542, 40.82620457829632 ], [ -73.836249182554539, 40.825096757943349 ], [ -73.849021266522058, 40.822594403847091 ], [ -73.85623820320609, 40.822869008589656 ], [ -73.869026516046048, 40.820092409861928 ], [ -73.874854417872854, 40.817871540024967 ], [ -73.895424322899203, 40.816202222860362 ], [ -73.906807903416833, 40.811760603796792 ], [ -73.913200517754035, 40.81064756588448 ], [ -73.924859223298412, 40.805367895175358 ], [ -73.93373952657636, 40.798151495823916 ], [ -73.937631627434385, 40.79342791699446 ], [ -73.950982360933182, 40.770930664895126 ], [ -73.955423738741644, 40.767038090494488 ], [ -73.967356232906951, 40.752038677756538 ], [ -73.973200449929308, 40.740648235514456 ], [ -73.974863452279067, 40.7345382121052 ], [ -73.974299141278081, 40.728702536590788 ], [ -73.975688552847089, 40.723147515264849 ], [ -73.979869085631748, 40.718424600818821 ], [ -73.985697799455778, 40.715648343405348 ], [ -73.990961909711658, 40.71398550913112 ], [ -73.998194797785885, 40.713428805139181 ], [ -74.002086473987006, 40.71731191339979 ], [ -74.004040062683487, 40.722034274859723 ], [ -74.001812117767599, 40.733706838662656 ], [ -74.000988155778458, 40.744815186127731 ], [ -73.999309200932501, 40.750933902176087 ], [ -73.982646122019844, 40.779261278265004 ], [ -73.98014295696818, 40.785654753106506 ], [ -73.97347508818298, 40.797045639723834 ], [ -73.968744922650572, 40.800927142766881 ], [ -73.961527400062678, 40.811205044849437 ], [ -73.956812465211982, 40.815926338172169 ], [ -73.943735136943275, 40.837593533991082 ], [ -73.936241622194501, 40.848146317739882 ], [ -73.92290507912216, 40.870644635918858 ], [ -73.917641263556916, 40.883706618598346 ], [ -73.914025321595886, 40.889259804913017 ], [ -73.912635715496094, 40.895371447844788 ], [ -73.906532533962363, 40.907592791476596 ], [ -73.904853400637052, 40.913421755175136 ], [ -73.89875107984858, 40.92565044466874 ], [ -73.894309315953606, 40.938140609193418 ], [ -73.891258194512091, 40.943702208485647 ], [ -73.883201191897228, 40.973976021415297 ], [ -73.881797007710929, 40.985923120786481 ], [ -73.877357092910572, 41.003423833198937 ], [ -73.875402592417387, 41.015097541612647 ], [ -73.873466162084355, 41.020925649093044 ], [ -73.873191263784335, 41.026753614163503 ], [ -73.871511843461562, 41.03259051866852 ], [ -73.870688935301587, 41.043980428954541 ], [ -73.867636205404779, 41.055922087709618 ], [ -73.864859389416267, 41.073147053903519 ], [ -73.865684441621397, 41.0892529263892 ], [ -73.869574525630114, 41.098698872264606 ], [ -73.872352862245108, 41.11425451413654 ], [ -73.872077049744135, 41.119252131029214 ], [ -73.874579867005622, 41.129811514309182 ], [ -73.873466530305564, 41.145924566826253 ], [ -73.871802732070776, 41.15119618644048 ], [ -73.874016321431938, 41.166760324172834 ], [ -73.876518990161927, 41.17647979650765 ], [ -73.878456455826722, 41.181202249296646 ], [ -73.881523238484235, 41.185641714610739 ], [ -73.886803238033167, 41.18897467973337 ], [ -73.894860074465385, 41.190081541170528 ], [ -73.897638396354225, 41.194529279795169 ], [ -73.896814669321387, 41.205645006694745 ], [ -73.898750678398656, 41.210368931870221 ], [ -73.90792190231484, 41.217586646869933 ], [ -73.939296243549052, 41.2325852825863 ], [ -73.947626878459175, 41.240367372086347 ], [ -73.956248967142528, 41.253144691162234 ], [ -73.957087693547834, 41.258424938953404 ], [ -73.956248947711174, 41.269533124935279 ], [ -73.949579438550785, 41.280917558323935 ], [ -73.94541464926192, 41.285646121788332 ], [ -73.942072859281183, 41.291200632167744 ], [ -73.940409872988809, 41.297311363752044 ], [ -73.94318656577731, 41.302310133389327 ], [ -73.946528458073914, 41.305918597910193 ], [ -73.951808864022169, 41.309251838064547 ], [ -73.956249136981555, 41.305360485502909 ], [ -73.956813187514584, 41.299532056168474 ], [ -73.966533831084163, 41.292589554328501 ], [ -73.980420104045834, 41.280084707631758 ], [ -73.986523515595337, 41.268694482113744 ], [ -73.98791209216148, 41.262591130053814 ], [ -73.982906638354208, 41.25370192959047 ], [ -73.978756614471607, 41.249810599497401 ], [ -73.970134429176809, 41.237033216939643 ], [ -73.970423651147627, 41.231471627556118 ], [ -73.972087481265504, 41.225359548707047 ], [ -73.97124932153605, 41.220362085749201 ], [ -73.969585913192958, 41.215639750315198 ], [ -73.963756096735906, 41.206476222563239 ], [ -73.955150315840754, 41.199252470296273 ], [ -73.950145353540009, 41.195918527081815 ], [ -73.943460691055677, 41.193140519864158 ], [ -73.927911398863813, 41.182307803637947 ], [ -73.9204192778096, 41.174808428550129 ], [ -73.914864984600058, 41.165636983130547 ], [ -73.912636358746269, 41.145923796350374 ], [ -73.914300253685653, 41.139812417028473 ], [ -73.919853756129086, 41.126751758814734 ], [ -73.920694148027223, 41.115642678333721 ], [ -73.919853844493176, 41.104533814201353 ], [ -73.917915638585285, 41.095090191837279 ], [ -73.915978587819268, 41.090366516214409 ], [ -73.914863862575871, 41.080090414117542 ], [ -73.913200745026032, 41.074536121315091 ], [ -73.911796329063506, 41.0642525577193 ], [ -73.911522252006449, 41.054257724154418 ], [ -73.909018895793636, 41.043707031177689 ], [ -73.909309839879285, 41.038701362088325 ], [ -73.907921361947771, 41.028425237794416 ], [ -73.905967925656697, 41.023702933350229 ], [ -73.903464688026276, 41.003148413330621 ], [ -73.903923490569383, 40.989660321782303 ], [ -73.903190204670366, 40.980917817934454 ], [ -73.90375512141334, 40.959533270300938 ], [ -73.913749878044769, 40.942587770469039 ], [ -73.919853348090399, 40.923423309962523 ], [ -73.927911110398441, 40.90453322178967 ], [ -73.937355715045072, 40.886757796848833 ], [ -73.94484828921108, 40.875923918189265 ], [ -73.949014195566335, 40.863152215397946 ], [ -73.947076286368429, 40.859261681829018 ], [ -73.950142943308975, 40.85342570614565 ], [ -73.959864309475051, 40.845093407847266 ], [ -73.971247004727005, 40.831482251590884 ], [ -73.991801194415487, 40.798432056088167 ], [ -73.995693125259166, 40.79370964024065 ], [ -73.999019609085039, 40.78787388611206 ], [ -74.006816065564735, 40.77842896515677 ], [ -74.012370987303214, 40.765376280936458 ], [ -74.01403482480697, 40.759263948236999 ], [ -74.014872780420092, 40.748148971037985 ], [ -74.014599108231465, 40.737315368725419 ], [ -74.016247533523114, 40.731478085573301 ], [ -74.0168113868353, 40.725092051151044 ], [ -74.019314230030474, 40.719256324738218 ], [ -74.021816234186417, 40.715647209696158 ], [ -74.035412217093707, 40.708148641490439 ], [ -74.059018282402079, 40.697872206176172 ], [ -74.077924917316651, 40.684535918558034 ], [ -74.081815877195083, 40.679820088712781 ], [ -74.082090642011266, 40.67426703361761 ], [ -74.085980995104507, 40.669262261073719 ], [ -74.110412082440476, 40.661479614452233 ], [ -74.116240034543409, 40.660922867372193 ], [ -74.125136978128083, 40.662868957645237 ], [ -74.125684984893667, 40.668705617622315 ], [ -74.113204242466608, 40.68204164788699 ], [ -74.110136118938442, 40.687037760902385 ], [ -74.103467927470263, 40.69842924904296 ], [ -74.100690994169909, 40.7048132114571 ], [ -74.100417303005344, 40.710650684128026 ], [ -74.103469505296076, 40.714815729416735 ], [ -74.111525534958147, 40.715373823266027 ], [ -74.117354080954982, 40.713151854476656 ], [ -74.131255758938039, 40.702876342811685 ], [ -74.135710476136808, 40.698977913171049 ], [ -74.139586288388472, 40.69398075016619 ], [ -74.147094695139003, 40.682873227336721 ], [ -74.149581171282904, 40.677043552207017 ], [ -74.157364342726098, 40.667598106682192 ], [ -74.16624536904159, 40.659816483477847 ], [ -74.189026999174104, 40.650927519278738 ], [ -74.19430723606547, 40.647044331728516 ], [ -74.198196901264978, 40.642872064916915 ], [ -74.201538887800012, 40.637318168210086 ], [ -74.204315578994681, 40.630650094040945 ], [ -74.206253457248721, 40.618428561361426 ], [ -74.207932853744893, 40.613157186192367 ], [ -74.208207567244074, 40.607601292569626 ], [ -74.211258254063281, 40.595373007017642 ], [ -74.212921959569741, 40.589260216895163 ], [ -74.218751212578681, 40.577320954605931 ], [ -74.234025141246065, 40.566487042246763 ], [ -74.249025480227587, 40.557318580849973 ], [ -74.252092000924847, 40.552319658371871 ], [ -74.252932173982856, 40.540937096664166 ], [ -74.250154217148889, 40.536764700411069 ], [ -74.250703306583006, 40.531209426177213 ], [ -74.25876029602648, 40.522322645977624 ], [ -74.259599006838712, 40.516210834460175 ], [ -74.257372480375324, 40.51204549341363 ], [ -74.257325265873476, 40.509825886648379 ], [ -74.251817039397238, 40.505103181411421 ], [ -74.261263036149586, 40.491484748900902 ], [ -74.268755491011646, 40.474814432445591 ], [ -74.268206001828418, 40.471205677070145 ], [ -74.262925719529335, 40.464545460372882 ], [ -74.25042795968757, 40.455376589815863 ], [ -74.243745189562446, 40.452599238925423 ], [ -74.219590545504346, 40.44676297009606 ], [ -74.208207505119077, 40.441764446541505 ], [ -74.205429065876331, 40.439538095488722 ], [ -74.193740931311424, 40.435928281835416 ], [ -74.182082672198661, 40.436211743161763 ], [ -74.176254335659948, 40.442039455557634 ], [ -74.169035615955991, 40.446206583853943 ], [ -74.160978895971851, 40.445099071212603 ], [ -74.156249210178956, 40.442872498703572 ], [ -74.148208212917353, 40.441764544716577 ], [ -74.141538655793951, 40.442597880943325 ], [ -74.133207198565685, 40.44704450013981 ], [ -74.12902639652566, 40.447595163096636 ], [ -74.120970547746239, 40.446762535434971 ], [ -74.08930655189539, 40.440095708529284 ], [ -74.083478839717642, 40.438149282145105 ], [ -74.083202673562894, 40.437318877765811 ], [ -74.073757941909221, 40.434823631263754 ], [ -74.049571971393547, 40.423157114634911 ], [ -74.032358987429987, 40.416773252917764 ], [ -74.006541306696178, 40.405656222649924 ], [ -73.991525885486752, 40.400376656926838 ], [ -73.980692291773209, 40.398988994583853 ], [ -73.977365342622491, 40.40037812646861 ], [ -73.976251037839333, 40.403429766306381 ], [ -73.986794935014814, 40.417879738502485 ], [ -73.987634276067155, 40.420938175217842 ], [ -73.987086631210516, 40.424271438554037 ], [ -73.987909492539671, 40.425102779492669 ], [ -73.986521474020108, 40.433434940923782 ], [ -73.994303265420953, 40.443429770582597 ], [ -74.002086596646066, 40.450103911518767 ], [ -74.004038200211298, 40.452599941277462 ], [ -74.004588043709006, 40.455377619280547 ], [ -74.004588732449264, 40.461213201178722 ], [ -74.000697344682166, 40.463716577676905 ], [ -73.995692951856768, 40.464821406946967 ], [ -73.990961650200532, 40.464545857034203 ], [ -73.985697704352489, 40.461488398615813 ], [ -73.978464250795213, 40.450654627155522 ], [ -73.975687310510551, 40.447876518484101 ], [ -73.965417703211614, 40.422600526974605 ], [ -73.964303532521512, 40.415101786679209 ], [ -73.962914542028699, 40.411211747674102 ], [ -73.958474417815509, 40.40537475868387 ], [ -73.957925306575092, 40.402596706169632 ], [ -73.95624696693379, 40.400934524510369 ], [ -73.955697110639022, 40.395654540848966 ], [ -73.957085941008458, 40.391771131038098 ], [ -73.957360218956666, 40.368432780642351 ], [ -73.960137506407548, 40.356210881685513 ], [ -73.959313781033657, 40.345652060388908 ], [ -73.96041163177982, 40.342327212492009 ], [ -73.959314083917363, 40.34065564972672 ], [ -73.960137061617473, 40.338710556663919 ], [ -73.956246489530272, 40.33149378594851 ], [ -73.955971272502012, 40.327326662944813 ], [ -73.954308734487668, 40.323435914406133 ], [ -73.951805469348017, 40.300106986718788 ], [ -73.954308050615936, 40.288158198394633 ], [ -73.956809930012568, 40.28149009935472 ], [ -73.977639287951149, 40.253996336314408 ], [ -73.980141056610719, 40.244824799139479 ], [ -73.985970871821593, 40.233990697682977 ], [ -73.990685232914885, 40.213164388773805 ], [ -73.991249916653203, 40.204550326232869 ], [ -73.990410087047152, 40.198988230116193 ], [ -73.993461811525279, 40.183988663505154 ], [ -73.998191463870867, 40.173721263909563 ], [ -73.998741221882696, 40.168997669263049 ], [ -74.000419071464137, 40.164825240126802 ], [ -74.004860389684453, 40.155380277424968 ], [ -74.008750995445567, 40.150383579916273 ], [ -74.013481876421551, 40.137329152972633 ], [ -74.014305330419674, 40.132606270506272 ], [ -74.019584723552441, 40.120942446969948 ], [ -74.019859913412247, 40.115388754175136 ], [ -74.021523129585646, 40.110666125154161 ], [ -74.028465940062816, 40.102335273078161 ], [ -74.037636768562848, 40.095108114876425 ], [ -74.040413176310551, 40.090104076967279 ], [ -74.039299545458576, 40.087609627504257 ], [ -74.034020151962068, 40.084549879459075 ], [ -74.031258002550956, 40.084550016057015 ], [ -74.030693930811424, 40.083718625546702 ], [ -74.023200359627737, 40.083719625185296 ], [ -74.02013316411886, 40.081499076559147 ], [ -74.016242366009934, 40.07233527767486 ], [ -74.01569269930701, 40.068718852196973 ], [ -74.015692603039525, 40.063721544777295 ], [ -74.017356336454768, 40.058999351267708 ], [ -74.016805937481976, 40.049837711074616 ], [ -74.019583391052194, 40.043170284632936 ], [ -74.019033835452106, 40.039003787751739 ], [ -74.020698302281005, 40.029550639456168 ], [ -74.030966457520307, 39.999835068230176 ], [ -74.030967252116781, 39.997607193179697 ], [ -74.034858799480446, 39.987055834807798 ], [ -74.034857822404007, 39.983722858605404 ], [ -74.037359548034715, 39.977055046051383 ], [ -74.037634937673531, 39.973720809356315 ], [ -74.03986294303914, 39.968441577410132 ], [ -74.039573231341606, 39.963443695462878 ], [ -74.042350061437446, 39.954280744632975 ], [ -74.042350483606825, 39.949276056821716 ], [ -74.044577048581601, 39.943164722521821 ], [ -74.044027911686044, 39.938999828939288 ], [ -74.046241103180861, 39.933719354724673 ], [ -74.04541709561127, 39.932888672872522 ], [ -74.046240764813405, 39.928165684333337 ], [ -74.058463417826644, 39.89539062396495 ], [ -74.059013183880978, 39.890667291270034 ], [ -74.062354569647937, 39.880108910896539 ], [ -74.061239299720896, 39.874829485521637 ], [ -74.063192622300917, 39.865391598257112 ], [ -74.061514494699964, 39.861500663848872 ], [ -74.061788669355238, 39.855946927342281 ], [ -74.060964849310793, 39.850666605562623 ], [ -74.065405552828935, 39.828450900135188 ], [ -74.067648782036386, 39.824559637066649 ], [ -74.071249795996351, 39.81344324557638 ], [ -74.070700653197193, 39.809003789224434 ], [ -74.075979969136114, 39.777059827710438 ], [ -74.082358178020229, 39.769834391307683 ], [ -74.088476999631396, 39.77122285168263 ], [ -74.090963604732607, 39.774557045511941 ], [ -74.091254555330238, 39.776776658840333 ], [ -74.089575271044865, 39.780668358131123 ], [ -74.087912934832062, 39.790113490350002 ], [ -74.087362926105527, 39.799283224179206 ], [ -74.088187101805943, 39.804830062813785 ], [ -74.087363643275651, 39.812611774409064 ], [ -74.08290859868508, 39.824284520310073 ], [ -74.079871824681192, 39.829282703786085 ], [ -74.076254852970678, 39.847058692687327 ], [ -74.076529480054859, 39.851223552521823 ], [ -74.079307441042246, 39.8595551340604 ], [ -74.081534928554916, 39.872883399873665 ], [ -74.082648656633182, 39.875668653919419 ], [ -74.082358919099278, 39.878720258736173 ], [ -74.078467630122773, 39.887058737451497 ], [ -74.071814368409861, 39.896779044844259 ], [ -74.069586621413492, 39.897892424250692 ], [ -74.067084233389934, 39.902332927052392 ], [ -74.062354776624275, 39.917331933847734 ], [ -74.060691915502019, 39.924831347286045 ], [ -74.065131114739458, 39.935108673851438 ], [ -74.066245887732038, 39.940105995292619 ], [ -74.065132657067352, 39.944827926982263 ], [ -74.062903481879189, 39.949276045543598 ], [ -74.055961750639241, 39.957889329662407 ], [ -74.055137496174993, 39.960392467571616 ], [ -74.04792036088989, 39.971491815218705 ], [ -74.048469252705402, 39.9731639985092 ], [ -74.047919988720906, 39.976497641307041 ], [ -74.04402952845993, 39.992052788121775 ], [ -74.044578733029127, 39.996218871624272 ], [ -74.044029306759882, 39.99983449963873 ], [ -74.045418205462241, 40.003443736936049 ], [ -74.044578634618972, 40.014003317032255 ], [ -74.041801694680728, 40.028163678940786 ], [ -74.041526605926109, 40.041498699208532 ], [ -74.040413198396365, 40.047609032161496 ], [ -74.042351905822414, 40.052331304318962 ], [ -74.045128769127729, 40.054277502733825 ], [ -74.044304199432105, 40.054827944047332 ], [ -74.053460210889213, 40.057610454076276 ], [ -74.063195136957916, 40.054551547695013 ], [ -74.071251512976005, 40.049837579075692 ], [ -74.072091298352177, 40.047334636530579 ], [ -74.075143735441145, 40.043727331625554 ], [ -74.07430331273261, 40.042056461146018 ], [ -74.065972344409602, 40.041223150515634 ], [ -74.060402767997047, 40.039279354912424 ], [ -74.057076490805301, 40.037889223095014 ], [ -74.053749924168514, 40.034282485320468 ], [ -74.053460357017599, 40.032053611573332 ], [ -74.056800793522612, 40.020663607501518 ], [ -74.061242447679859, 40.013445866342309 ], [ -74.06429321871353, 40.010943489846426 ], [ -74.072365659588939, 40.009279282090233 ], [ -74.082085711225218, 40.005672187752474 ], [ -74.085702865224178, 40.00372600299832 ], [ -74.089029352767, 40.000117057711456 ], [ -74.092080446440391, 39.998721287926948 ], [ -74.109857711789658, 39.998722126091799 ], [ -74.115976878743353, 39.997332935075825 ], [ -74.121515826587952, 39.994830150826473 ], [ -74.124293415390738, 39.992610755615182 ], [ -74.12568252636855, 39.98372209083378 ], [ -74.121806329413744, 39.981494758699419 ], [ -74.115412869810271, 39.980937858581825 ], [ -74.105417133930345, 39.983165136636863 ], [ -74.101526195883537, 39.981494792617326 ], [ -74.098748246548112, 39.978160635636755 ], [ -74.098749226987309, 39.97594006299262 ], [ -74.096810648057115, 39.971217946318987 ], [ -74.096811735552208, 39.968440483459062 ], [ -74.100411554447575, 39.950946187152873 ], [ -74.107355160469652, 39.942608019826551 ], [ -74.111245899728146, 39.939830306435773 ], [ -74.119851547025149, 39.935940062471133 ], [ -74.125131621394303, 39.934833598211696 ], [ -74.132914632408855, 39.931499347307053 ], [ -74.132074579238889, 39.928722181689579 ], [ -74.127909422120823, 39.927059867132904 ], [ -74.101525041303532, 39.925114076406892 ], [ -74.096535594418597, 39.923999913378438 ], [ -74.091530999794372, 39.919277878431387 ], [ -74.092354354953713, 39.914555124556351 ], [ -74.112359915441886, 39.901218554532598 ], [ -74.118463162554562, 39.894833419294983 ], [ -74.120690737168985, 39.890949920902202 ], [ -74.125680911285613, 39.88010858485584 ], [ -74.127358599134553, 39.870388548247412 ], [ -74.125680592716833, 39.865117328560153 ], [ -74.116525297392428, 39.854000992696548 ], [ -74.114586303927311, 39.849277816093554 ], [ -74.122628617719812, 39.837612946440771 ], [ -74.143747705797878, 39.825947492343921 ], [ -74.150980494745866, 39.819005515300503 ], [ -74.151804099293571, 39.816502665582426 ], [ -74.153756658346907, 39.814557296743537 ], [ -74.156533712878073, 39.806775408486331 ], [ -74.160975319635597, 39.79928389462787 ], [ -74.164865920104447, 39.788724226970032 ], [ -74.16598007620064, 39.788167772973893 ], [ -74.170694434355909, 39.780667386054375 ], [ -74.175135693718289, 39.763448841592307 ], [ -74.177362652570551, 39.76039623667986 ], [ -74.177637517364843, 39.756780252962955 ], [ -74.179575211094004, 39.751507898312958 ], [ -74.176524168375721, 39.741781071472623 ], [ -74.168741383046552, 39.735112767376044 ], [ -74.155968999840127, 39.728994348949492 ], [ -74.150139534444349, 39.720105706834183 ], [ -74.148751478708718, 39.716221974991186 ], [ -74.149574897178255, 39.712057026518707 ], [ -74.148477241757632, 39.709004991842939 ], [ -74.149865567625881, 39.705114461914839 ], [ -74.152642090844353, 39.700666068065139 ], [ -74.156244062728803, 39.697888968696873 ], [ -74.1676424654421, 39.693165642960921 ], [ -74.172631871589118, 39.689549452642538 ], [ -74.175974507656818, 39.685109661836677 ], [ -74.177911488707764, 39.675114468989058 ], [ -74.181254041043033, 39.670666703077423 ], [ -74.190958653570249, 39.664273157579707 ], [ -74.19541521360425, 39.660390396900993 ], [ -74.200694447506081, 39.653165337631535 ], [ -74.210704596297191, 39.643726728131888 ], [ -74.215145568096773, 39.642056207117989 ], [ -74.225978990018362, 39.640667203426034 ], [ -74.230419026718252, 39.638722325106386 ], [ -74.241253854037126, 39.628994211264491 ], [ -74.243192107499965, 39.623722550994444 ], [ -74.243741642952699, 39.614834545526989 ], [ -74.247357240479573, 39.609836760752188 ], [ -74.252377670838712, 39.606777910129054 ], [ -74.265698922187553, 39.605389037327178 ], [ -74.278196769429556, 39.601505660032679 ], [ -74.289030876901379, 39.59538641675119 ], [ -74.29264776243167, 39.590389475013531 ], [ -74.304581084004724, 39.578167422329983 ], [ -74.303237518375795, 39.577961227705323 ], [ -74.302917457429047, 39.577060758552477 ], [ -74.304855593207989, 39.577610079759495 ], [ -74.305144600504946, 39.576221625057237 ], [ -74.31625394728718, 39.565944855217786 ], [ -74.319047004123803, 39.561496389564503 ], [ -74.318756330229533, 39.559276281987657 ], [ -74.315139912357552, 39.551501922238657 ], [ -74.313202695732542, 39.54899924354536 ], [ -74.300979757038405, 39.538722453686525 ], [ -74.292921673547852, 39.530666284721285 ], [ -74.286528992399482, 39.522884219210404 ], [ -74.285139489156677, 39.519000343049946 ], [ -74.289580014448816, 39.509555427697862 ], [ -74.293196451533959, 39.506777473689553 ], [ -74.299865174741868, 39.504000603300355 ], [ -74.302917404028079, 39.503726823807455 ], [ -74.306243353677942, 39.504558271573202 ], [ -74.314300337792375, 39.507617494228626 ], [ -74.317093533546796, 39.510943592558988 ], [ -74.318756440447004, 39.52399803671134 ], [ -74.320983868410039, 39.528163044879982 ], [ -74.320435469472429, 39.529277781564929 ], [ -74.331268816411267, 39.53594548644665 ], [ -74.349031335468496, 39.542338679179089 ], [ -74.357087833310899, 39.543445251691026 ], [ -74.363757015458475, 39.542613604684675 ], [ -74.374301217154965, 39.539279501872322 ], [ -74.379870403696145, 39.539004590554391 ], [ -74.387927769566389, 39.540111599980207 ], [ -74.393756315582962, 39.544002142494008 ], [ -74.401263749092763, 39.552051302159022 ], [ -74.404866407934989, 39.552051204687444 ], [ -74.407093242198044, 39.551219713004599 ], [ -74.407932862668446, 39.538447547820233 ], [ -74.406545083385609, 39.534838983482089 ], [ -74.405155886173645, 39.516223407336469 ], [ -74.399036135813304, 39.502054875080574 ], [ -74.39654958390814, 39.498721047638632 ], [ -74.380146102183787, 39.484835532763995 ], [ -74.377643760105514, 39.481493734719152 ], [ -74.376253904989767, 39.477603579175508 ], [ -74.375979421905782, 39.473436983682092 ], [ -74.377918346883874, 39.470103302294774 ], [ -74.380695075386825, 39.467883458240664 ], [ -74.38626508161785, 39.465663083670272 ], [ -74.390430774506825, 39.461497495518515 ], [ -74.392658441929484, 39.452890995611206 ], [ -74.391544715660714, 39.44399513795598 ], [ -74.393756659150014, 39.440386725082817 ], [ -74.40181370791548, 39.443438561046761 ], [ -74.406818776352537, 39.450114292817773 ], [ -74.41098483684911, 39.453997613885463 ], [ -74.420140420796585, 39.458720137078963 ], [ -74.423757270629096, 39.459276877339889 ], [ -74.429586172172023, 39.458445518662245 ], [ -74.433751995403767, 39.455111257749095 ], [ -74.436804613163972, 39.451502399793064 ], [ -74.440420362936976, 39.44372031839967 ], [ -74.443746811340588, 39.44038619834599 ], [ -74.448203486804985, 39.432886921386483 ], [ -74.454321465480774, 39.425669056175124 ], [ -74.459327460361536, 39.422335500825845 ], [ -74.466255161726153, 39.413995883628452 ], [ -74.467093654239079, 39.403719950458694 ], [ -74.469595964992536, 39.397058986648204 ], [ -74.464881574680831, 39.396776298586843 ], [ -74.454047552179986, 39.401499185351675 ], [ -74.444860574596547, 39.400941821147484 ], [ -74.439031926807587, 39.398997151920497 ], [ -74.430700735257446, 39.3937251078614 ], [ -74.425984742477539, 39.388719667217302 ], [ -74.424871696359105, 39.384836639700765 ], [ -74.424031053123414, 39.373995652159905 ], [ -74.417927870812605, 39.368441015309415 ], [ -74.414601878419404, 39.364275836857011 ], [ -74.41321281832937, 39.360666788327116 ], [ -74.41515113569649, 39.355387256776709 ], [ -74.419866368435578, 39.352052766661444 ], [ -74.424306216936898, 39.350115512185859 ], [ -74.446539536131525, 39.342881959088182 ], [ -74.458762793378327, 39.339830480753889 ], [ -74.487648948956732, 39.326219448953509 ], [ -74.492653665952005, 39.322885890736885 ], [ -74.517663279007223, 39.30983153819821 ], [ -74.526819400867041, 39.30761162309485 ], [ -74.525430551263383, 39.308717534298772 ], [ -74.52488163703444, 39.314828830353846 ], [ -74.522928992889419, 39.317887956025892 ], [ -74.522105000294644, 39.323441814689907 ], [ -74.520151658160302, 39.325944631691065 ], [ -74.518762542063556, 39.332056426395681 ], [ -74.515160608107394, 39.336771007754876 ], [ -74.511270507212188, 39.340105155929535 ], [ -74.497094498884081, 39.348444300117031 ], [ -74.487923379165068, 39.356501189769858 ], [ -74.48375739795064, 39.362612457531931 ], [ -74.487373336044996, 39.367608862294546 ], [ -74.492653752645097, 39.370943244958106 ], [ -74.506265819015312, 39.372331684295503 ], [ -74.511270695487553, 39.371218436197886 ], [ -74.516000787772441, 39.368715532968999 ], [ -74.524607595228602, 39.352052331886057 ], [ -74.52820878855897, 39.347330436736705 ], [ -74.532098609912836, 39.344553115550625 ], [ -74.543483397267892, 39.340661572046983 ], [ -74.553768211922531, 39.335107398880339 ], [ -74.555706141796165, 39.329835570966281 ], [ -74.555980955640621, 39.324281966122129 ], [ -74.550701166455326, 39.310937019258091 ], [ -74.552378748183244, 39.305940201804788 ], [ -74.558483034455023, 39.304276889016535 ], [ -74.567943214259316, 39.306214497439548 ], [ -74.593487916136652, 39.305107901541639 ], [ -74.599043297267997, 39.307054239623064 ], [ -74.615430722924131, 39.308442241626473 ], [ -74.625151978096028, 39.306771939251995 ], [ -74.631545852417602, 39.307611189473292 ], [ -74.63793905076561, 39.306771520620416 ], [ -74.644058228145127, 39.305108088275929 ], [ -74.647659648150238, 39.302330737005811 ], [ -74.653778782169013, 39.293168564212564 ], [ -74.655441789378727, 39.287057109035857 ], [ -74.651825552857161, 39.284279630454321 ], [ -74.646560444567328, 39.283165326104651 ], [ -74.634047503276406, 39.283997445283781 ], [ -74.62153570812373, 39.282883461740497 ], [ -74.619597296978512, 39.280388415339942 ], [ -74.619048040931162, 39.277329130781098 ], [ -74.617659561448249, 39.275666854458869 ], [ -74.613218629187074, 39.273438477527925 ], [ -74.607099605362691, 39.274826599517596 ], [ -74.602658933881727, 39.278992896043754 ], [ -74.596554712500378, 39.280388926122875 ], [ -74.592100101749807, 39.280388637260359 ], [ -74.583218556637163, 39.278443713366428 ], [ -74.577938495881952, 39.278718531873814 ], [ -74.56682957973878, 39.281220982389868 ], [ -74.550151855357768, 39.289002739944017 ], [ -74.546260443349141, 39.286775271162782 ], [ -74.545985894103993, 39.284836668201905 ], [ -74.546824673601037, 39.282883624284636 ], [ -74.564601815712123, 39.272332242222497 ], [ -74.570446110031511, 39.270943808841658 ], [ -74.575161971145548, 39.267609269694788 ], [ -74.579602349977847, 39.265663671585742 ], [ -74.58765976649012, 39.259003246049204 ], [ -74.589597140797494, 39.255670049277875 ], [ -74.593488249565738, 39.25316699360453 ], [ -74.597104332723916, 39.248162565515969 ], [ -74.609037086442001, 39.237884600760964 ], [ -74.619321995272429, 39.225380111745807 ], [ -74.623487639520675, 39.217881141397164 ], [ -74.63070572806491, 39.213722857482935 ], [ -74.642380331484489, 39.209549170883108 ], [ -74.649887510533674, 39.202049529820492 ], [ -74.651550025942598, 39.196770224425613 ], [ -74.651001355439448, 39.193161075924628 ], [ -74.653213885611279, 39.187324511844096 ], [ -74.657104285298075, 39.183990974424887 ], [ -74.659607057061848, 39.179550464369363 ], [ -74.664048021383195, 39.175385065343526 ], [ -74.664612207557141, 39.172881940967152 ], [ -74.67210442260911, 39.162879823463278 ], [ -74.674317943433522, 39.158714926468733 ], [ -74.677659013605094, 39.155105817651155 ], [ -74.679597705472844, 39.14983369299992 ], [ -74.682100197316515, 39.145385149557193 ], [ -74.688203339623556, 39.137610653934225 ], [ -74.692094741505954, 39.129272235959114 ], [ -74.696825394006879, 39.124549628409589 ], [ -74.701555196745787, 39.12399293165106 ], [ -74.711275842073377, 39.127600695197536 ], [ -74.720156676900459, 39.129272388079372 ], [ -74.728488480930054, 39.125381461334626 ], [ -74.734608237643869, 39.11955211574935 ], [ -74.737659604686783, 39.115943337960942 ], [ -74.736271352025298, 39.112327640890328 ], [ -74.73210538630417, 39.110663888764272 ], [ -74.726001308748067, 39.11232756861483 ], [ -74.718494580913571, 39.112052772716901 ], [ -74.710727343652678, 39.111220830096265 ], [ -74.706835299568525, 39.109000991273525 ], [ -74.704607662114512, 39.105109173394126 ], [ -74.704882752656772, 39.101501197783385 ], [ -74.711276237130079, 39.091490674614363 ], [ -74.71072647838831, 39.090102324945192 ], [ -74.726002145212561, 39.076216711852375 ], [ -74.728488915544091, 39.071776932554215 ], [ -74.732380390296726, 39.069274533747851 ], [ -74.739323561949035, 39.05927253993331 ], [ -74.758779764720501, 39.038161361147594 ], [ -74.761281505221532, 39.036497682659046 ], [ -74.766562136944231, 39.037611437360162 ], [ -74.772664892934174, 39.040945930879197 ], [ -74.777945256898477, 39.041220747443198 ], [ -74.781835943035915, 39.038718403948849 ], [ -74.786001557607378, 39.034552818254504 ], [ -74.789329202486144, 39.029547447305802 ], [ -74.790443088352305, 39.024824349146691 ], [ -74.785163065618661, 39.018164854119441 ], [ -74.784338448833438, 39.013166725755319 ], [ -74.784888989608021, 39.008444138052013 ], [ -74.795447815465906, 38.994825680001256 ], [ -74.812936149285761, 38.979544376552404 ], [ -74.817117132797449, 38.975379080878639 ], [ -74.816567421624057, 38.974547210235144 ], [ -74.818780214876398, 38.97371567664679 ], [ -74.817956472484241, 38.972876276156356 ], [ -74.819344087242612, 38.970937496614361 ], [ -74.822945681771643, 38.969549898527958 ], [ -74.842387365731, 38.953161348676083 ], [ -74.850444076364724, 38.94871390136985 ], [ -74.855448375646532, 38.949544701429197 ], [ -74.861003875445888, 38.952886868330495 ], [ -74.86544434677981, 38.953160997069993 ], [ -74.869609677485272, 38.951772809704181 ], [ -74.871837146043461, 38.947325352413905 ], [ -74.872387033411869, 38.9434335155441 ], [ -74.87600293325103, 38.938436425651055 ], [ -74.899350661895028, 38.929830473514954 ], [ -74.916562859364902, 38.925107670343102 ], [ -74.934889768381154, 38.922605769385804 ], [ -74.94155854233837, 38.922330517803992 ], [ -74.948501606711744, 38.923161997975619 ], [ -74.954620266675775, 38.924276096090281 ], [ -74.960175962224554, 38.927053238345984 ], [ -74.964631089777143, 38.932050064508502 ], [ -74.965729243227685, 38.937323002529219 ], [ -74.964630717294938, 38.942602466410285 ], [ -74.958237837567069, 38.952603813893312 ], [ -74.956848369254445, 38.957326761507815 ], [ -74.956574349743121, 38.965657885564788 ], [ -74.957961947567114, 38.970098296332345 ], [ -74.958512369177427, 38.980932197291878 ], [ -74.955459387040051, 38.990102464661028 ], [ -74.950454405112026, 38.998158943446668 ], [ -74.951568970726356, 38.998441388398732 ], [ -74.950455030881983, 39.000943901859507 ], [ -74.950180480120167, 39.004552567886414 ], [ -74.945998672661645, 39.014272720554743 ], [ -74.942108086754217, 39.018995750957565 ], [ -74.93405016604072, 39.03288129123986 ], [ -74.930724253035308, 39.036497788013328 ], [ -74.907391986632931, 39.071775861088561 ], [ -74.894344804127996, 39.097883787179448 ], [ -74.889614017708382, 39.110388720222907 ], [ -74.889065239124562, 39.115111120366507 ], [ -74.883235969223605, 39.132048290386734 ], [ -74.881557569423805, 39.13899982278577 ], [ -74.881556988481989, 39.143996496863998 ], [ -74.882671319269278, 39.148993530551927 ], [ -74.886013315363968, 39.157324999776229 ], [ -74.892391739339899, 39.167884863885959 ], [ -74.89989880897221, 39.175665882503303 ], [ -74.916837430661673, 39.184829799866797 ], [ -74.923505576336552, 39.189826541115401 ], [ -74.929335334383481, 39.191772188035088 ], [ -74.943496558958188, 39.193160300601619 ], [ -74.970459404449386, 39.190383166726924 ], [ -74.990175688861967, 39.186492047974951 ], [ -75.013246828386457, 39.183715155276687 ], [ -75.020175090524518, 39.185103811244034 ], [ -75.024340380496966, 39.18871286941755 ], [ -75.025181092699214, 39.191771676303233 ], [ -75.021853974484458, 39.200942831185415 ], [ -75.024066849530982, 39.205665520429868 ], [ -75.029345647838682, 39.21093714103089 ], [ -75.040454802992627, 39.213996659930189 ], [ -75.046284905172939, 39.212883075085848 ], [ -75.059347310275967, 39.207328885833391 ], [ -75.064336527856071, 39.206214830836494 ], [ -75.071295256303557, 39.20538346409009 ], [ -75.086021207395788, 39.207610960903644 ], [ -75.097679446927287, 39.205939366693521 ], [ -75.102958371700893, 39.204276759458253 ], [ -75.109627551184474, 39.197883256054503 ], [ -75.112404248842367, 39.192603938649199 ], [ -75.119622801400922, 39.185660561189749 ], [ -75.128228900258136, 39.181777334476578 ], [ -75.13491317161315, 39.181220700387648 ], [ -75.143244433653862, 39.184271906169002 ], [ -75.144358729964381, 39.187880736242924 ], [ -75.1457464965859, 39.189544341291736 ], [ -75.161846438136124, 39.199271296194638 ], [ -75.164073470859165, 39.203994635327156 ], [ -75.162685045591843, 39.214827620922613 ], [ -75.162959521995845, 39.219825560486456 ], [ -75.161845848628644, 39.224547419315464 ], [ -75.162410355313398, 39.228987930682472 ], [ -75.164074118980679, 39.232879463529002 ], [ -75.167965710496645, 39.236496082772717 ], [ -75.174069312089941, 39.238440795548208 ], [ -75.174343240712176, 39.239272354704362 ], [ -75.179623246052913, 39.24038661116618 ], [ -75.185453103109751, 39.240104014223995 ], [ -75.190183696648575, 39.24233221842519 ], [ -75.194897919766376, 39.248993014550223 ], [ -75.200194214681176, 39.252334761009415 ], [ -75.211027735697385, 39.258719992750059 ], [ -75.228515489953324, 39.266502297809105 ], [ -75.231307914231593, 39.271773909946724 ], [ -75.231857375554469, 39.278442144185426 ], [ -75.238235227077013, 39.286499379356329 ], [ -75.244630255661207, 39.291495969180637 ], [ -75.258256109043415, 39.295662006069279 ], [ -75.264360264139597, 39.296218783499548 ], [ -75.273806103483906, 39.295387539351871 ], [ -75.279359324554846, 39.292884828282567 ], [ -75.284915124430768, 39.292610005266106 ], [ -75.292696344545931, 39.294829714931275 ], [ -75.303515468162331, 39.299834661801064 ], [ -75.308521062320821, 39.304549192526117 ], [ -75.310459193655419, 39.309829113254743 ], [ -75.310748825943662, 39.313994846817714 ], [ -75.319920112137922, 39.329833220341946 ], [ -75.323261985706665, 39.333441605938525 ], [ -75.327702422905162, 39.336493534354801 ], [ -75.329365401264809, 39.339545889006551 ], [ -75.334919404438679, 39.34287977197183 ], [ -75.341587939062649, 39.344268319077969 ], [ -75.347691641730492, 39.34260423052163 ], [ -75.351582181592306, 39.339270088608892 ], [ -75.351582098119394, 39.337050758187701 ], [ -75.355474316979226, 39.33427311426513 ], [ -75.360464211523876, 39.335379525832472 ], [ -75.36408024887767, 39.338156483072623 ], [ -75.363531173417869, 39.339545584281176 ], [ -75.376028460782564, 39.348989827993151 ], [ -75.377966435448826, 39.353720611236092 ], [ -75.384375695810334, 39.362051713537561 ], [ -75.394370273232909, 39.368162848586209 ], [ -75.412696855796582, 39.37621110898921 ], [ -75.417976792154946, 39.380102979161862 ], [ -75.427971934178515, 39.391218419856287 ], [ -75.442132482777922, 39.410933265526452 ], [ -75.45881092625477, 39.429830489570286 ], [ -75.462976393860131, 39.433439575040182 ], [ -75.484645123771443, 39.446210876479057 ], [ -75.51465960820272, 39.455106240323758 ], [ -75.520198717177507, 39.458158301829833 ], [ -75.524655949528338, 39.461774376288972 ], [ -75.530758935799241, 39.470936862168926 ], [ -75.542416830208239, 39.500660904155708 ], [ -75.544369922830668, 39.503164073273133 ], [ -75.542905347770699, 39.50831431353199 ], [ -75.541318832400805, 39.509000530114292 ], [ -75.539639257202765, 39.508443850396432 ], [ -75.537702577904966, 39.505941045203578 ], [ -75.535198952171584, 39.502606309982021 ], [ -75.533811132124299, 39.498990098681119 ], [ -75.531323238424619, 39.494824357822424 ], [ -75.528531570810912, 39.492879005499319 ], [ -75.525204359811269, 39.491490703982763 ], [ -75.523816183630174, 39.492604727146677 ], [ -75.522701237403908, 39.496770598944401 ], [ -75.523266782174275, 39.499547967522645 ], [ -75.523815667103236, 39.503995334478709 ], [ -75.523265901979983, 39.507329310003705 ], [ -75.523815960110099, 39.51177801909995 ], [ -75.521588424907705, 39.518163566061276 ], [ -75.516307709483385, 39.528440623590967 ], [ -75.515483566080704, 39.533163188501732 ], [ -75.516871762822333, 39.537053801106204 ], [ -75.516307744641225, 39.543997183782096 ], [ -75.510478669502675, 39.555379991596695 ], [ -75.510767897693484, 39.567327582641781 ], [ -75.520762478458479, 39.578718461115734 ], [ -75.525203735917742, 39.582327344558941 ], [ -75.53075769056214, 39.585378694269963 ], [ -75.542980547503007, 39.595655002933405 ], [ -75.550473172973668, 39.603437738876153 ], [ -75.553524791117184, 39.607610353720773 ], [ -75.55659215100836, 39.615110289530655 ], [ -75.55714111678428, 39.618161957853538 ], [ -75.55659146860026, 39.6228776612435 ], [ -75.549633531807316, 39.629270719046687 ], [ -75.544369592380093, 39.63177366299653 ], [ -75.532969438203864, 39.634550403748065 ], [ -75.518808786603628, 39.642881969472292 ], [ -75.510767234771947, 39.650939127197809 ], [ -75.505761822473318, 39.659827318792928 ], [ -75.505761652491415, 39.665655690655548 ], [ -75.504373182051737, 39.677328478988933 ], [ -75.501320520282306, 39.682882646477324 ], [ -75.498528211164441, 39.686491941184514 ], [ -75.489356934336399, 39.693159873181891 ], [ -75.485191977603733, 39.697325365065133 ], [ -75.483802041723237, 39.702048225360976 ], [ -75.479362348041249, 39.708716968331146 ], [ -75.474921070689803, 39.710662006419547 ], [ -75.469366259047959, 39.710936997400985 ], [ -75.46629913542165, 39.711219196213285 ], [ -75.460470207995527, 39.714827563648939 ], [ -75.46019626285954, 39.718436584891634 ], [ -75.458257770012679, 39.722044928054288 ], [ -75.462423401646717, 39.728713561079182 ], [ -75.465200363279777, 39.731215366702983 ], [ -75.465476038886521, 39.735663887302685 ], [ -75.465475340645924, 39.741217635181627 ], [ -75.458258143764155, 39.750945381327888 ], [ -75.446583930868357, 39.762885560119905 ], [ -75.43213428407168, 39.774550461395734 ], [ -75.43019551960306, 39.777884685706844 ], [ -75.417697645831609, 39.787886609218056 ], [ -75.400195789011846, 39.799833738268106 ], [ -75.392702906420439, 39.803159852080455 ], [ -75.389635996610849, 39.803435218707598 ], [ -75.390474966157086, 39.804274260518135 ], [ -75.387422570565519, 39.805106009006671 ], [ -75.374636025370407, 39.812322740290497 ], [ -75.367966673575822, 39.818167078623631 ], [ -75.357972135337675, 39.822332856458054 ], [ -75.35324183880121, 39.823438847621404 ], [ -75.34880063566257, 39.827604356025233 ], [ -75.339920061502085, 39.831496044207746 ], [ -75.327422068357635, 39.832327035467486 ], [ -75.314909068738231, 39.83482921433594 ], [ -75.303799621309224, 39.838995819388167 ], [ -75.297971178712189, 39.839827033542832 ], [ -75.288799632404249, 39.842878752095586 ], [ -75.262140754836935, 39.846769609567531 ], [ -75.257135226400834, 39.847883474863231 ], [ -75.25046726325553, 39.848440384028507 ], [ -75.243508458553052, 39.849272617042629 ], [ -75.226296343896351, 39.853437928472772 ], [ -75.221290926183499, 39.854551686140262 ], [ -75.215735537261793, 39.857053810976154 ], [ -75.206290618678864, 39.860105916228989 ], [ -75.202124108757445, 39.862051582004668 ], [ -75.195730014456927, 39.863440494691083 ], [ -75.180180428241144, 39.870383248760717 ], [ -75.174061392316531, 39.87177187090677 ], [ -75.168507338341726, 39.872046262418102 ], [ -75.151019811010414, 39.871489827527675 ], [ -75.138521493974864, 39.872328629369534 ], [ -75.129609960745086, 39.876212268966526 ], [ -75.123505633595286, 39.883994104236066 ], [ -75.121277755545023, 39.892882130697799 ], [ -75.120453894757702, 39.894827896601278 ], [ -75.114335328232059, 39.896216523719353 ], [ -75.112123224266085, 39.89732992628911 ], [ -75.106567453399094, 39.89760508672699 ], [ -75.100723260178867, 39.900655841321552 ], [ -75.101563217991256, 39.906492725567425 ], [ -75.101013185342993, 39.907606870407541 ], [ -75.105728706352721, 39.912321158828568 ], [ -75.112396895335976, 39.914823956966146 ], [ -75.117677788419329, 39.918165409265768 ], [ -75.12155362698968, 39.923163409791513 ], [ -75.121552708459845, 39.925383064789528 ], [ -75.122118203173358, 39.934546380738055 ], [ -75.120728394585612, 39.938437104157984 ], [ -75.119889779069595, 39.943159300890905 ], [ -75.116563408647906, 39.948156599328527 ], [ -75.1001744221997, 39.947049901209773 ], [ -75.096847336122678, 39.948439097464934 ], [ -75.09378125782959, 39.951215525132902 ], [ -75.089340523980297, 39.953161721003909 ], [ -75.08462569102501, 39.954274966184585 ], [ -75.079071168851996, 39.953993145784601 ], [ -75.076018753366256, 39.954824758284154 ], [ -75.072127408340762, 39.957609888730779 ], [ -75.068510571958385, 39.960386518409855 ], [ -75.065168823668358, 39.96455178175821 ], [ -75.062392627753766, 39.969548967520907 ], [ -75.059294390679923, 39.975942449248144 ], [ -75.05850032001662, 39.980100971963729 ], [ -75.04295222486634, 39.997884758308309 ], [ -75.034054512218091, 40.003995947743043 ], [ -75.029905320024895, 40.005941109683192 ], [ -75.024899501450065, 40.00927541399497 ], [ -75.024899994717529, 40.011220337864799 ], [ -75.028134269357025, 40.012417675802219 ], [ -75.032117254373077, 40.012608672475601 ], [ -75.041837603520804, 40.008443082906879 ], [ -75.044890073058596, 40.008161771865282 ], [ -75.059615727053441, 40.000661310030829 ], [ -75.066573003001125, 39.994268615465273 ], [ -75.069075759920082, 39.987882782114752 ], [ -75.071852571661893, 39.984273333404133 ], [ -75.077407802687759, 39.981771519552801 ], [ -75.092117810123185, 39.979826456059143 ], [ -75.098786789058863, 39.979825746144279 ], [ -75.108780475185085, 39.975377934625577 ], [ -75.113786257324634, 39.971486966385996 ], [ -75.121553676853196, 39.963163781960525 ], [ -75.130449323252762, 39.950384272680324 ], [ -75.131837398306018, 39.946493176738826 ], [ -75.13324184738633, 39.945936801400819 ], [ -75.136294175604917, 39.941770899902913 ], [ -75.138521493184868, 39.935659897862656 ], [ -75.138796540779495, 39.93232524956867 ], [ -75.138231602051178, 39.925939973976938 ], [ -75.135745123423121, 39.917608603634029 ], [ -75.13545372591183, 39.913161129848291 ], [ -75.134631195248602, 39.912321681211964 ], [ -75.135744052093827, 39.904821574777891 ], [ -75.144900021918119, 39.896773129015216 ], [ -75.149905850128278, 39.8956594989683 ], [ -75.164066604961505, 39.895109366002586 ], [ -75.171283836248193, 39.895941389453135 ], [ -75.176839075294069, 39.89565876922525 ], [ -75.184057060441134, 39.893720967422311 ], [ -75.189900799563375, 39.891218947106907 ], [ -75.211570447272834, 39.879270757991968 ], [ -75.221290267585758, 39.87287804236518 ], [ -75.224342495597355, 39.869269138769475 ], [ -75.226844476022976, 39.867605261882069 ], [ -75.233787527968829, 39.866216753973141 ], [ -75.243782954459761, 39.862051814567593 ], [ -75.25074122766631, 39.861220409842765 ], [ -75.254907490504664, 39.861494650174734 ], [ -75.262690363077937, 39.86372273817895 ], [ -75.262140535844523, 39.862883200817848 ], [ -75.280468198641927, 39.863722784616876 ], [ -75.29296585166135, 39.865385007167234 ], [ -75.302411675812053, 39.864553807021551 ], [ -75.304074418207477, 39.8651109664629 ], [ -75.31407028340152, 39.862882311916216 ], [ -75.322966115378009, 39.858999745551728 ], [ -75.3313130707824, 39.856496431369983 ], [ -75.348800783468505, 39.854277172660375 ], [ -75.359360559485623, 39.850660258576717 ], [ -75.367402439207325, 39.846769730676037 ], [ -75.366579243749655, 39.845937761681242 ], [ -75.374071438232022, 39.842604051976316 ], [ -75.390749534336265, 39.829549476830238 ], [ -75.406864510941205, 39.82372165885176 ], [ -75.411853468236103, 39.820387296092122 ], [ -75.421085708668045, 39.812063503497583 ], [ -75.421574361591354, 39.808439640934949 ], [ -75.431019901383081, 39.799833632208568 ], [ -75.432698246410908, 39.797330796111851 ], [ -75.452138704891425, 39.792608943541573 ], [ -75.459083002434056, 39.78844296342664 ], [ -75.462423932153413, 39.784834541240663 ], [ -75.465475691228946, 39.780661808846872 ], [ -75.470191240565683, 39.770385106934356 ], [ -75.476584514694068, 39.761779493332526 ], [ -75.479636697015835, 39.7559429409256 ], [ -75.481864612507522, 39.747329053609661 ], [ -75.48186404713087, 39.741775287747522 ], [ -75.482963415862486, 39.735664344294555 ], [ -75.485465982358406, 39.728988413533202 ], [ -75.490470698382381, 39.719550216615204 ], [ -75.494361684503957, 39.716773156455261 ], [ -75.502708780643687, 39.708441793483388 ], [ -75.512704056030231, 39.701498369610889 ], [ -75.518808380786211, 39.694266052537287 ], [ -75.52714023639497, 39.688711946074406 ], [ -75.534374127307487, 39.681776413752985 ], [ -75.538540128761099, 39.677603225378917 ], [ -75.547420965265673, 39.662604134245825 ], [ -75.558530007416408, 39.659826237690176 ], [ -75.565198720459293, 39.659270124909781 ], [ -75.575208233101179, 39.657049747253446 ], [ -75.584090241420412, 39.653158936266102 ], [ -75.588255233915419, 39.648992730154987 ], [ -75.591033026813093, 39.641218615722849 ], [ -75.591322583174431, 39.637609714058172 ], [ -75.59742730516146, 39.624822981103293 ], [ -75.603255462411482, 39.61677296505276 ], [ -75.604918507625641, 39.611494057451218 ], [ -75.603820958308461, 39.606496986032155 ], [ -75.594100497455088, 39.594548966870782 ], [ -75.574933860268686, 39.5809380576246 ], [ -75.555478420338417, 39.569273188289898 ], [ -75.551312562741174, 39.565656435572485 ], [ -75.547146806673268, 39.556493892291343 ], [ -75.547147562074414, 39.55093929149244 ], [ -75.548535884472415, 39.544828503655417 ], [ -75.555204392942372, 39.532606056666644 ], [ -75.558530376725926, 39.529271895286705 ], [ -75.569381107366667, 39.510938109165387 ], [ -75.575758653156356, 39.497602346785314 ], [ -75.577987113037565, 39.483159130505058 ], [ -75.577438020234027, 39.479543678085697 ], [ -75.57798639533523, 39.469823310683068 ], [ -75.576048682392113, 39.459546331554314 ], [ -75.573821578565173, 39.454824461460468 ], [ -75.570769060426983, 39.450658382059075 ], [ -75.566602785144426, 39.44704919785125 ], [ -75.5546397771177, 39.441213150123573 ], [ -75.540204645610828, 39.43205054771461 ], [ -75.526868200212405, 39.416776388394283 ], [ -75.523815839466678, 39.412602811398926 ], [ -75.521878368088153, 39.407880719975743 ], [ -75.51659811859605, 39.399274230720046 ], [ -75.513271604697366, 39.390103655121145 ], [ -75.510205146116434, 39.385938527285333 ], [ -75.508815880670809, 39.382047327234567 ], [ -75.497417233062293, 39.366498295062073 ], [ -75.492138179816081, 39.357610366783604 ], [ -75.492137707834033, 39.344266734970077 ], [ -75.487971635370798, 39.340657992979011 ], [ -75.48325690953682, 39.338155173337164 ], [ -75.469644583006371, 39.339826047388151 ], [ -75.462977503003003, 39.337880831127237 ], [ -75.457422492766227, 39.33510382696047 ], [ -75.453256625199302, 39.331495872113571 ], [ -75.447412661862657, 39.323995904766576 ], [ -75.435189828943052, 39.314550894196131 ], [ -75.429360855639217, 39.307050937460183 ], [ -75.429924765196489, 39.305662015784058 ], [ -75.425194589977821, 39.297887931732895 ], [ -75.423257422197366, 39.293165207237394 ], [ -75.416862473084677, 39.284833811091566 ], [ -75.409645270300871, 39.271490754604649 ], [ -75.406303203363194, 39.267325351262315 ], [ -75.404914999436414, 39.263441114546318 ], [ -75.396308078423317, 39.25121881667441 ], [ -75.393805531017108, 39.241491535265531 ], [ -75.394645849836493, 39.237326040146222 ], [ -75.39241769941323, 39.227049753513427 ], [ -75.391028748989598, 39.213438005885912 ], [ -75.391029167264151, 39.202887651178891 ], [ -75.391867697091186, 39.196767889307125 ], [ -75.394369797747018, 39.190382064129324 ], [ -75.404639297589085, 39.168440404405025 ], [ -75.404913831460107, 39.162046717199914 ], [ -75.406028016769838, 39.158995327054008 ], [ -75.404639463590996, 39.155103921498785 ], [ -75.404913973842085, 39.151495635118991 ], [ -75.389364724164736, 39.117605242743466 ], [ -75.387427230292062, 39.106496802121335 ], [ -75.390203799197224, 39.090384268040509 ], [ -75.389639203458998, 39.089544541503543 ], [ -75.390753314639795, 39.088995610996818 ], [ -75.389639776506471, 39.088713229917374 ], [ -75.390203359671347, 39.085378622372517 ], [ -75.389364021715949, 39.080107154485439 ], [ -75.387976111093977, 39.075667138209802 ], [ -75.381857552297333, 39.063994187322528 ], [ -75.369360013597344, 39.052885676201583 ], [ -75.350742627053705, 39.040105568243391 ], [ -75.343800033942443, 39.033163640340796 ], [ -75.341586632037576, 39.028989612653689 ], [ -75.325747912778425, 39.008161943583033 ], [ -75.321581836949676, 38.998990918825797 ], [ -75.316027130097979, 38.991490863497361 ], [ -75.311846379243462, 38.987882791147001 ], [ -75.30212507045097, 38.973158292724065 ], [ -75.299912498961106, 38.966497441183378 ], [ -75.301027659933837, 38.958158395675127 ], [ -75.305468088342792, 38.945104788520389 ], [ -75.305193104850929, 38.930936668280651 ], [ -75.30574170276364, 38.928159240398323 ], [ -75.301851419938487, 38.91899669264091 ], [ -75.293244061215205, 38.911489347729756 ], [ -75.272964787110212, 38.898442741800736 ], [ -75.266036418258366, 38.892606964939155 ], [ -75.260757138825625, 38.889547054270018 ], [ -75.247969281870382, 38.87843868002583 ], [ -75.239073286412747, 38.866773228691066 ], [ -75.235456186431691, 38.863995892560631 ], [ -75.228514013502306, 38.855383097763493 ], [ -75.200741648273507, 38.832051526121006 ], [ -75.187953828521827, 38.816778378132518 ], [ -75.180186863621387, 38.810384241368745 ], [ -75.164073092485211, 38.800657351883338 ], [ -75.144906692861511, 38.792608005491424 ], [ -75.12378798768583, 38.789548755548743 ], [ -75.107124440106944, 38.790388000214307 ], [ -75.094627093143998, 38.794828104204875 ], [ -75.09101059540366, 38.79760481744929 ], [ -75.086569882792048, 38.799550843803011 ], [ -75.083517708986278, 38.799832418140724 ], [ -75.080190601552871, 38.798993587589393 ], [ -75.076575364149747, 38.796773754665942 ], [ -75.07491182168468, 38.793722285156534 ], [ -75.072683674121066, 38.783994397586397 ], [ -75.071019972198428, 38.780934773795217 ], [ -75.070181536377788, 38.775662695389066 ], [ -75.067968863163244, 38.771214897306272 ], [ -75.067694158647413, 38.75621569843365 ], [ -75.069082057616967, 38.750111542464907 ], [ -75.06851724882064, 38.746495573998601 ], [ -75.069356709681458, 38.741215984484825 ], [ -75.071295196661026, 38.735936862085488 ], [ -75.072409319036524, 38.729825709381224 ], [ -75.072408901818477, 38.716496715683952 ], [ -75.069082675612194, 38.707883422797998 ], [ -75.068518282729627, 38.699269808774488 ], [ -75.065450296601895, 38.688993232080072 ], [ -75.065451398941576, 38.683987718917273 ], [ -75.063237834939585, 38.679272892128083 ], [ -75.063788180008586, 38.675939077071611 ], [ -75.061834808056233, 38.667882666887948 ], [ -75.062399266999606, 38.664265579360318 ], [ -75.06128502480324, 38.661488509359543 ], [ -75.061010108041486, 38.657049125636071 ], [ -75.061011064733918, 38.649274382031862 ], [ -75.06267426847667, 38.645383748414709 ], [ -75.061560269427275, 38.642331246868942 ], [ -75.064063064314965, 38.635938431300815 ], [ -75.068518330929493, 38.633160808216303 ], [ -75.072410427120616, 38.635380840424617 ], [ -75.073523910727175, 38.637052555490385 ], [ -75.074347433582503, 38.640104001342849 ], [ -75.074347740540318, 38.645658196592898 ], [ -75.072683692608763, 38.64816019293611 ], [ -75.073249261556853, 38.648442709862074 ], [ -75.069906962480815, 38.660932152456134 ], [ -75.071295918189975, 38.665380354030198 ], [ -75.070471835456999, 38.669553846806181 ], [ -75.072135487236565, 38.672604747263556 ], [ -75.073248612881116, 38.677884230485695 ], [ -75.075186619588976, 38.680386839874373 ], [ -75.076849464581514, 38.688436171626932 ], [ -75.08158024781396, 38.69510461696801 ], [ -75.087684151364712, 38.699269535249378 ], [ -75.096015772978674, 38.700940527970275 ], [ -75.109061790529182, 38.700658644775118 ], [ -75.127953126084051, 38.698988018885117 ], [ -75.132958601970671, 38.697881399103096 ], [ -75.139627352037635, 38.69510477940949 ], [ -75.139626708017857, 38.687322063908411 ], [ -75.12073655677635, 38.662321133642699 ], [ -75.121284948803194, 38.658155324822154 ], [ -75.122948177175687, 38.655660781762727 ], [ -75.128503493489774, 38.655378305192158 ], [ -75.138239038240172, 38.658994158745145 ], [ -75.142695035160003, 38.659269654691322 ], [ -75.146585158636015, 38.658437838056187 ], [ -75.149622075548237, 38.655659958390856 ], [ -75.141305934767956, 38.645383578035521 ], [ -75.13381410970068, 38.640378331702749 ], [ -75.121849667480078, 38.637327220769194 ], [ -75.10739979625501, 38.637051746817548 ], [ -75.097404745037267, 38.634832508209385 ], [ -75.095176637874545, 38.633161345902252 ], [ -75.094901495530166, 38.631772401206376 ], [ -75.096854925655407, 38.628439013088212 ], [ -75.100457189338215, 38.625661209923891 ], [ -75.109062227433185, 38.622045483281624 ], [ -75.121284983011222, 38.618711637589662 ], [ -75.147135923080029, 38.615110131330518 ], [ -75.153239941178143, 38.613439298966213 ], [ -75.163523560369228, 38.607885022544721 ], [ -75.166575303158382, 38.604276815907099 ], [ -75.17295482386514, 38.601217438030837 ], [ -75.179072964660236, 38.599829120403506 ], [ -75.194623085855937, 38.599546678624058 ], [ -75.20046667276327, 38.597883022755276 ], [ -75.204358920369771, 38.595107091711526 ], [ -75.206296742022815, 38.592046821958135 ], [ -75.204907926329156, 38.588156604534312 ], [ -75.198514305909129, 38.585378963418385 ], [ -75.188793741778341, 38.584830042646232 ], [ -75.185177437074771, 38.582052129447774 ], [ -75.186840054477798, 38.579550454759151 ], [ -75.198788273262906, 38.571493266732929 ], [ -75.204359316253289, 38.566778451984199 ], [ -75.202970244355342, 38.564550369846614 ], [ -75.197675523897473, 38.562048500762188 ], [ -75.192685040498432, 38.563161943071528 ], [ -75.186840296539259, 38.566213880854065 ], [ -75.169902424040629, 38.578718004935787 ], [ -75.14936320160993, 38.587880927402807 ], [ -75.143244110109492, 38.589544051319024 ], [ -75.133798177678329, 38.590382899181478 ], [ -75.125452216805442, 38.588712234319537 ], [ -75.117684312862082, 38.584272138477971 ], [ -75.1082393405826, 38.568997742750284 ], [ -75.10546194048105, 38.566213762253412 ], [ -75.101845950574003, 38.563436178371092 ], [ -75.097129845266025, 38.562322587421107 ], [ -75.094078501880887, 38.562605114002793 ], [ -75.091301456275048, 38.564824966004963 ], [ -75.085182072996304, 38.577604452259493 ], [ -75.07712600918741, 38.582326071556878 ], [ -75.067694853101955, 38.583165804912149 ], [ -75.063513490805548, 38.58704837277849 ], [ -75.062674293973274, 38.589825974892939 ], [ -75.064063031891877, 38.596493943032947 ], [ -75.070182187113048, 38.607610115787679 ], [ -75.071296009369959, 38.612607638959304 ], [ -75.069632648720315, 38.614553033174566 ], [ -75.064336872607512, 38.616773080656863 ], [ -75.059057367569352, 38.615940875135259 ], [ -75.054068145966198, 38.612050977563435 ], [ -75.051016387845522, 38.605665140735134 ], [ -75.051016564314565, 38.597325505167298 ], [ -75.055181529522216, 38.582051535105407 ], [ -75.05518260442166, 38.572049256673019 ], [ -75.056005800597973, 38.567327187695135 ], [ -75.055457380073307, 38.544827629603184 ], [ -75.054893049821985, 38.538998708855431 ], [ -75.052954777643464, 38.535665236741472 ], [ -75.053504350679788, 38.534550932601107 ], [ -75.052954053506213, 38.518712733265509 ], [ -75.04434842161281, 38.498716090074176 ], [ -75.04157133755109, 38.495381287238772 ], [ -75.040182903338163, 38.492329812781804 ], [ -75.038229070024371, 38.484830677247267 ], [ -75.038794760313536, 38.477880173637836 ], [ -75.037954643126881, 38.474820527152808 ], [ -75.039344451244418, 38.457608676776793 ], [ -75.043311299163378, 38.450972024648429 ], [ -75.040351279371095, 38.453176881196711 ], [ -75.041006982624936, 38.45094160551082 ], [ -75.040458097613921, 38.446493387839936 ], [ -75.044074257857858, 38.426214070830682 ], [ -75.04350951693668, 38.42177455129935 ], [ -75.044898541675792, 38.412878541865076 ], [ -75.046851724834724, 38.407607099223888 ], [ -75.047966037638659, 38.401495704023496 ], [ -75.051018102803695, 38.395941218365962 ], [ -75.052955071557321, 38.389273868537934 ], [ -75.05518305885704, 38.378439718744666 ], [ -75.055183032055297, 38.367324231495729 ], [ -75.056847032839158, 38.363440643595538 ], [ -75.057396624305639, 38.358444284802083 ], [ -75.063790021287687, 38.340102397251911 ], [ -75.067132184601221, 38.335937727119521 ], [ -75.067696172843611, 38.33399189289549 ], [ -75.069908949899727, 38.332885498544194 ], [ -75.075463750368954, 38.332886085291655 ], [ -75.079079592130626, 38.335663097941264 ], [ -75.078805288779279, 38.344551243549638 ], [ -75.074350285691509, 38.354277869934727 ], [ -75.071572567879286, 38.365111595640876 ], [ -75.071297635195378, 38.368995371634867 ], [ -75.069634169466966, 38.37316027157258 ], [ -75.068794329403048, 38.381217161165218 ], [ -75.062950146315998, 38.398444343107194 ], [ -75.058784956412296, 38.417883064134941 ], [ -75.057961037409953, 38.438154299756079 ], [ -75.059348496700125, 38.447049987479211 ], [ -75.061561421118896, 38.450940819734988 ], [ -75.064934054416, 38.453527893106163 ], [ -75.067969702672769, 38.456495490175286 ], [ -75.072686278326429, 38.458997754709657 ], [ -75.078804090333733, 38.460103974188186 ], [ -75.080467747639489, 38.459829952895838 ], [ -75.082131858139604, 38.457884090396988 ], [ -75.083244658515014, 38.455381410791922 ], [ -75.082481775852074, 38.453276182078682 ], [ -75.079079996380628, 38.445936343363449 ], [ -75.078805231389595, 38.441771418915891 ], [ -75.081581719424165, 38.438154891088743 ], [ -75.086296749163552, 38.438437217487646 ], [ -75.094354033854344, 38.44148885819363 ], [ -75.106851499816401, 38.444823063983094 ], [ -75.112955413271195, 38.443159958040823 ], [ -75.114344560012583, 38.441488730941771 ], [ -75.112955327106746, 38.437605248258365 ], [ -75.109628785621595, 38.433440366755256 ], [ -75.096856883533462, 38.423719963130239 ], [ -75.093514953400089, 38.420103678456535 ], [ -75.091851918420929, 38.417052380243405 ], [ -75.091302074221389, 38.412878969438609 ], [ -75.095467633793731, 38.404272901405236 ], [ -75.10380047915308, 38.405379128369169 ], [ -75.130732552566556, 38.41816622711444 ], [ -75.137141307095447, 38.42066155281556 ], [ -75.145748582271878, 38.422607024344529 ], [ -75.153515567701973, 38.423438349316562 ], [ -75.169629433023843, 38.421774874516508 ], [ -75.174344445588162, 38.420661190270607 ], [ -75.177960524244185, 38.418716428790688 ], [ -75.176022196541624, 38.415381909305374 ], [ -75.167965334552349, 38.412322060825304 ], [ -75.157680759646226, 38.411773697479418 ], [ -75.141857245038238, 38.408995870005185 ], [ -75.128505309730969, 38.403434158871114 ], [ -75.125453069666207, 38.399275710752256 ], [ -75.123789836564114, 38.38983052444528 ], [ -75.127681534920924, 38.381492407146091 ], [ -75.130457904519005, 38.379271886753266 ], [ -75.126842101607693, 38.373718120250814 ], [ -75.125453994233865, 38.367606641802197 ], [ -75.126567036104305, 38.366500439664946 ], [ -75.138530971394218, 38.361221878294117 ], [ -75.139080118731073, 38.359833346477295 ], [ -75.137691620531513, 38.357612765079502 ], [ -75.131571981041958, 38.355666843608539 ], [ -75.125728001870854, 38.355941460580155 ], [ -75.11602265160667, 38.357886609648993 ], [ -75.10212246647103, 38.358718555946652 ], [ -75.096293135644515, 38.356772851096572 ], [ -75.093514957380222, 38.354828100549526 ], [ -75.090739027001732, 38.349273643685336 ], [ -75.090463360723135, 38.340103295849524 ], [ -75.091303670416167, 38.340103328535676 ], [ -75.093240407166093, 38.337051872077602 ], [ -75.092401258533712, 38.336220114211244 ], [ -75.094354831501718, 38.328162855463503 ], [ -75.096856927777168, 38.323723503555286 ], [ -75.102122391042485, 38.319275762339323 ], [ -75.105738247760527, 38.310936596264987 ], [ -75.121562807166981, 38.295113272495335 ], [ -75.127956348153418, 38.286500430483002 ], [ -75.137967228755301, 38.265389364129085 ], [ -75.150464052794391, 38.245385972939786 ], [ -75.157682224721768, 38.237886401897811 ], [ -75.171293260771463, 38.227327272556963 ], [ -75.180739654268748, 38.223718550712405 ], [ -75.185454197769417, 38.22316182391922 ], [ -75.195174746150485, 38.223719223903849 ], [ -75.197402022836286, 38.225664356980715 ], [ -75.199630475314621, 38.229547267811689 ], [ -75.19796636130377, 38.237054881763662 ], [ -75.190734644440624, 38.246774782120006 ], [ -75.18490527835813, 38.256219646375904 ], [ -75.186294098331501, 38.260110212038555 ], [ -75.189910183673902, 38.260667445677413 ], [ -75.191848656938504, 38.259835668560626 ], [ -75.201858135100395, 38.25205448057271 ], [ -75.212418214267842, 38.247056874699318 ], [ -75.218520967046317, 38.245661167556129 ], [ -75.222962547219495, 38.243722699836908 ], [ -75.22769241905425, 38.240388509534647 ], [ -75.235459766436605, 38.228441493966208 ], [ -75.236573366828708, 38.224551068676988 ], [ -75.240464598264552, 38.218996952012539 ], [ -75.244904577776197, 38.205942667800969 ], [ -75.248521076721033, 38.182055810407135 ], [ -75.24963527207548, 38.179553541731892 ], [ -75.254915895414399, 38.169277051019741 ], [ -75.258531732858657, 38.164272074355679 ], [ -75.259370222688418, 38.161220991073584 ], [ -75.26269749556225, 38.156773014947383 ], [ -75.266862895734434, 38.152889282970186 ], [ -75.275194735900016, 38.139004859930729 ], [ -75.275744021844147, 38.124280294923842 ], [ -75.276857822704343, 38.121778004004064 ], [ -75.276034498330219, 38.118718119867665 ], [ -75.278247234432001, 38.112058132077635 ], [ -75.280475212056487, 38.111226383524745 ], [ -75.279635427325985, 38.110394565638799 ], [ -75.283801600584837, 38.106221969742379 ], [ -75.286578636382686, 38.106222295082688 ], [ -75.289920512654163, 38.106778669465797 ], [ -75.301028840801351, 38.112058401443385 ], [ -75.306857916635636, 38.11372949802405 ], [ -75.319920098834103, 38.11456092206906 ], [ -75.324361077486955, 38.112614760030809 ], [ -75.329091366147168, 38.109281200347468 ], [ -75.335760004616361, 38.102895270911247 ], [ -75.336583783964272, 38.100393424193264 ], [ -75.354634681405329, 38.085112118475152 ], [ -75.356298526416225, 38.080396751997604 ], [ -75.351583089262718, 38.073172457648525 ], [ -75.350195243682748, 38.068724005597026 ], [ -75.350194835111239, 38.065947493489794 ], [ -75.354636065263975, 38.056219844486769 ], [ -75.36824683148852, 38.034285687594362 ], [ -75.369680805272679, 38.024504931322795 ], [ -75.370475300228705, 38.020110345703195 ], [ -75.376304698052607, 38.010672842048024 ], [ -75.387978098915056, 37.997611926241127 ], [ -75.399376585146214, 37.988724385693317 ], [ -75.415475072484625, 37.984284225307668 ], [ -75.423257607120277, 37.977333227342413 ], [ -75.426034536908688, 37.971779230185859 ], [ -75.427133668398653, 37.97122237219056 ], [ -75.42769856200826, 37.964280110414236 ], [ -75.426034964931929, 37.95622304907787 ], [ -75.420480446946257, 37.945115710719364 ], [ -75.419367487935389, 37.940667284041886 ], [ -75.421305119722476, 37.93761596750339 ], [ -75.427973885682079, 37.931230030281355 ], [ -75.428523028673382, 37.926507253534716 ], [ -75.415750991242007, 37.92234226628711 ], [ -75.411860268744164, 37.919565607057116 ], [ -75.410471221253317, 37.913729050553428 ], [ -75.414362097792321, 37.909555925625277 ], [ -75.424647163477204, 37.905947047755397 ], [ -75.431315163762321, 37.905389604601694 ], [ -75.438243694590412, 37.900949350539989 ], [ -75.437968459848122, 37.896784674484365 ], [ -75.432139687443481, 37.889284548701383 ], [ -75.429362303036413, 37.887339109714731 ], [ -75.426311018256172, 37.880396508658393 ], [ -75.429362421369177, 37.874003799808676 ], [ -75.437693869546408, 37.86567246436028 ], [ -75.452144819865666, 37.854838393047629 ], [ -75.454923099888617, 37.851786818199336 ], [ -75.454373803935155, 37.850955367953482 ], [ -75.475752441220479, 37.830676795962255 ], [ -75.479093527155257, 37.825679484322123 ], [ -75.488249998518924, 37.817898335656167 ], [ -75.490478121593029, 37.814006997538534 ], [ -75.492980542761771, 37.811787171719601 ], [ -75.502990863019932, 37.79845951457817 ], [ -75.508270989774758, 37.785397426630787 ], [ -75.508544443452777, 37.779843846376117 ], [ -75.50993345093093, 37.775120982200249 ], [ -75.512984983170114, 37.771504751352488 ], [ -75.514373322792068, 37.767622096129465 ], [ -75.534653402556927, 37.739561871590659 ], [ -75.543259498980191, 37.718727007437145 ], [ -75.547150235553644, 37.713180358882127 ], [ -75.554093370618546, 37.706229826198019 ], [ -75.557419613744116, 37.701233100638056 ], [ -75.561859554950757, 37.696510419789128 ], [ -75.567428456263002, 37.687897505354258 ], [ -75.569656000380917, 37.681237629979023 ], [ -75.569656623128992, 37.675682799352124 ], [ -75.571594406754897, 37.664842259714582 ], [ -75.57659968305974, 37.652345758073828 ], [ -75.580215453843593, 37.647623165143266 ], [ -75.591323268337334, 37.624568067109486 ], [ -75.595489122807251, 37.612628576980434 ], [ -75.596312616689289, 37.604572459169674 ], [ -75.598815916176406, 37.600132006471853 ], [ -75.604918891804545, 37.592899860777138 ], [ -75.611587682536552, 37.588734000987429 ], [ -75.614364371882957, 37.582905080141394 ], [ -75.613265469521565, 37.579014054131278 ], [ -75.608810503194235, 37.575406019317306 ], [ -75.597990783282768, 37.572628979606023 ], [ -75.590209618199339, 37.569577164074417 ], [ -75.591323283751947, 37.564015606952402 ], [ -75.601591567333827, 37.551518356687552 ], [ -75.609648732932783, 37.544019933137072 ], [ -75.62048274624172, 37.530126329927263 ], [ -75.62936270685509, 37.522626823134658 ], [ -75.646040464281342, 37.499297479248924 ], [ -75.652144143577445, 37.494291922518002 ], [ -75.656035998743377, 37.493743229222744 ], [ -75.659926659607336, 37.495131196553665 ], [ -75.666045379836149, 37.499296550825377 ], [ -75.668258843583047, 37.502630812531869 ], [ -75.672149385833862, 37.505408439583995 ], [ -75.682708887722583, 37.515966738687816 ], [ -75.691864552166763, 37.532072127365169 ], [ -75.693528389139175, 37.546239280408372 ], [ -75.699082719313395, 37.553182318775072 ], [ -75.702149820485943, 37.555127232531454 ], [ -75.708268683690051, 37.555683934868966 ], [ -75.7135472541148, 37.553181058178055 ], [ -75.72686886105663, 37.542630465919068 ], [ -75.738541565132408, 37.527349539596464 ], [ -75.73909077793131, 37.522626550175964 ], [ -75.73825213092087, 37.519574665221469 ], [ -75.735199500987434, 37.515408782140639 ], [ -75.729371745994754, 37.513746107655315 ], [ -75.723266849110544, 37.513188856125353 ], [ -75.71687314882729, 37.513746468421758 ], [ -75.701324673163953, 37.512076080093181 ], [ -75.695755413966054, 37.506796376286346 ], [ -75.696869406096965, 37.500685157753686 ], [ -75.700485425030507, 37.49790838984817 ], [ -75.70660412177017, 37.495680047371032 ], [ -75.717712842276626, 37.495130894452053 ], [ -75.745193784053612, 37.490682628858558 ], [ -75.754380205520135, 37.490682725035093 ], [ -75.764100352170459, 37.488462608893407 ], [ -75.769929892592799, 37.486792007413129 ], [ -75.779375402772331, 37.482343784350824 ], [ -75.782975117127222, 37.479567013622557 ], [ -75.803529600069268, 37.452910211334284 ], [ -75.807146318752075, 37.442900566247246 ], [ -75.806871014291701, 37.427352906993356 ], [ -75.805756274767162, 37.422355237981705 ], [ -75.803528228413171, 37.418464734442509 ], [ -75.800201494525638, 37.40929375034446 ], [ -75.802978497399963, 37.401519438513112 ], [ -75.811584608140663, 37.394020461629964 ], [ -75.821884930969787, 37.389854666914019 ], [ -75.834381758628666, 37.382629807012748 ], [ -75.838547920736758, 37.37762489273171 ], [ -75.841325136999885, 37.372627694307567 ], [ -75.841034539997494, 37.354302278785717 ], [ -75.842149025875869, 37.347627096387619 ], [ -75.848816151035422, 37.32791213992553 ], [ -75.851318877486761, 37.323464362796777 ], [ -75.851592923132216, 37.303742978133315 ], [ -75.84992955429172, 37.300134184153507 ], [ -75.849639562216666, 37.290132342670958 ], [ -75.850752961888503, 37.284021830585175 ], [ -75.850752859731827, 37.276240178567448 ], [ -75.856307811400555, 37.259028543568334 ], [ -75.861037499567942, 37.250140483918152 ], [ -75.86630240063748, 37.24235813559487 ], [ -75.86770617872061, 37.236247622001763 ], [ -75.867140889528756, 37.231799447097579 ], [ -75.867705775231954, 37.217075643588373 ], [ -75.868530277022273, 37.21680055290431 ], [ -75.866867210780285, 37.214298495461648 ], [ -75.867140835935572, 37.205135725355746 ], [ -75.86158621309626, 37.185688878130712 ], [ -75.862700344181462, 37.183194440285988 ], [ -75.860762390242641, 37.175694806026065 ], [ -75.862975891698966, 37.171246599876184 ], [ -75.865478354388117, 37.169026512588644 ], [ -75.869369643307934, 37.168469373823704 ], [ -75.880478428270791, 37.169857870601824 ], [ -75.884384139469717, 37.169300412239529 ], [ -75.891037696736092, 37.170689405042502 ], [ -75.893815026793007, 37.172635149579129 ], [ -75.89437877834672, 37.17624312091197 ], [ -75.89381481670523, 37.181804810697599 ], [ -75.888549512951073, 37.19957390714255 ], [ -75.88632336547164, 37.219576990053923 ], [ -75.890763403939943, 37.225405702759751 ], [ -75.899644679657499, 37.220965532012293 ], [ -75.909654771329016, 37.204021485408383 ], [ -75.912156920014851, 37.198185019101736 ], [ -75.917710789565803, 37.182353724558865 ], [ -75.920762215891017, 37.1620762106566 ], [ -75.920762594145387, 37.156239566859298 ], [ -75.923265982582663, 37.146244912654723 ], [ -75.92575241412618, 37.144024729296774 ], [ -75.935763523244304, 37.13818822664237 ], [ -75.94937384726569, 37.131803188119882 ], [ -75.95465406191633, 37.131520681439206 ], [ -75.957430640507809, 37.13207763599916 ], [ -75.958819837869882, 37.135411834430272 ], [ -75.959384132319371, 37.13957700345432 ], [ -75.958545759526615, 37.144299240014547 ], [ -75.960209063761738, 37.148190495786515 ], [ -75.960482881562058, 37.152355847375844 ], [ -75.965762603231838, 37.158466483725078 ], [ -75.966311867991166, 37.162075696030691 ], [ -75.971042421954564, 37.172077098036347 ], [ -75.972981262899637, 37.1823532075949 ], [ -75.979374401872008, 37.195681976245908 ], [ -75.981878063604995, 37.199015353655938 ], [ -75.986043599330173, 37.202631919598474 ], [ -76.000768317155433, 37.212633198209822 ], [ -76.001882714520633, 37.214297061127027 ], [ -76.003271975442331, 37.217904969352077 ], [ -76.002447046069534, 37.224016288467986 ], [ -75.998540450650708, 37.230409778730554 ], [ -75.998541638875423, 37.234575588773303 ], [ -76.002997114004444, 37.238183782985011 ], [ -76.011053930154759, 37.249017057600611 ], [ -76.015769194522576, 37.259301713580115 ], [ -76.017721718102436, 37.267350169399975 ], [ -76.015494925476517, 37.278740451420532 ], [ -76.009100520546554, 37.29013039937891 ], [ -76.002722401341714, 37.296523738658408 ], [ -75.992986694206053, 37.303741903142679 ], [ -75.990484701739817, 37.306792819085473 ], [ -75.987157633471213, 37.308181660118429 ], [ -75.984090439758077, 37.315132410365045 ], [ -75.987433253395139, 37.318191300425518 ], [ -75.992712104639779, 37.317634397457802 ], [ -76.005224941274108, 37.310409583534614 ], [ -76.007162583316884, 37.310126956919696 ], [ -76.008551855124523, 37.311797642790175 ], [ -76.007162735603188, 37.31790922043762 ], [ -76.000769333687487, 37.335402854567874 ], [ -75.997703304756783, 37.341239667257476 ], [ -75.993810944730967, 37.345405258311892 ], [ -75.991324112744906, 37.349852741676017 ], [ -75.990211001900633, 37.353744193613331 ], [ -75.984930695361982, 37.360961293306445 ], [ -75.984931402195997, 37.363189055063089 ], [ -75.981604134139062, 37.368185941443869 ], [ -75.982153860749236, 37.372351135577603 ], [ -75.986594145709844, 37.380407762353862 ], [ -75.987159202169295, 37.384016519713562 ], [ -75.976050628071249, 37.388182579595984 ], [ -75.971594327725043, 37.387907743717328 ], [ -75.964377459528478, 37.391241507854794 ], [ -75.96243942902629, 37.394293337322821 ], [ -75.961325550382071, 37.402624192871514 ], [ -75.949651583249093, 37.419293971308818 ], [ -75.951055011419186, 37.422903229710577 ], [ -75.949941760361355, 37.423459342860909 ], [ -75.957159959376767, 37.423460259348914 ], [ -75.969931744837481, 37.417630757004432 ], [ -75.975760215549954, 37.415959750778413 ], [ -75.975211411627683, 37.417348469725745 ], [ -75.976051268053283, 37.420964471608741 ], [ -75.97243469514838, 37.425962189897604 ], [ -75.972434329199444, 37.428181801525206 ], [ -75.967718698434695, 37.437626601427851 ], [ -75.966055978533845, 37.442898752662344 ], [ -75.953833128981174, 37.466519106817742 ], [ -75.949088040734225, 37.46957114704206 ], [ -75.946311165084168, 37.47040204686995 ], [ -75.926320977304272, 37.472897196482641 ], [ -75.924932939719099, 37.474568443321026 ], [ -75.922155291548322, 37.485958588566653 ], [ -75.921316116908756, 37.485958245665678 ], [ -75.92215621375864, 37.486790342858818 ], [ -75.921315788041397, 37.491512461798536 ], [ -75.923819517561441, 37.494846635669397 ], [ -75.925482169790939, 37.495128659084308 ], [ -75.930212204754994, 37.494014970669532 ], [ -75.946310943989644, 37.485958625986704 ], [ -75.952719963426901, 37.485126397042144 ], [ -75.955497504745921, 37.488461059895577 ], [ -75.956046654535626, 37.497906281848792 ], [ -75.954383602424002, 37.502910424524387 ], [ -75.951057135430304, 37.507351117259802 ], [ -75.942145970358951, 37.525958597923079 ], [ -75.931326729687314, 37.539851579249252 ], [ -75.927146557564754, 37.544016845388967 ], [ -75.922156304649562, 37.548465028982186 ], [ -75.912435540638796, 37.552905493806392 ], [ -75.908270046611094, 37.554293982657157 ], [ -75.89632275549117, 37.555125056562311 ], [ -75.893819654198325, 37.557628036788927 ], [ -75.894658617030629, 37.560405071884318 ], [ -75.902715676398927, 37.566233217987516 ], [ -75.90743166778033, 37.568187031527437 ], [ -75.92381969856109, 37.567904102192884 ], [ -75.928825179599642, 37.568736222573222 ], [ -75.930488901112255, 37.572069417295907 ], [ -75.931327652600388, 37.572069463619236 ], [ -75.930213041729743, 37.576234682502246 ], [ -75.92493397805778, 37.582902659510701 ], [ -75.921881991917857, 37.584292258278616 ], [ -75.915488710939599, 37.585123537759856 ], [ -75.907996458284671, 37.588456883836656 ], [ -75.905493374549252, 37.592897195459791 ], [ -75.907707153429612, 37.597619916369929 ], [ -75.915489479051033, 37.604012869134998 ], [ -75.916602756586045, 37.60846092782166 ], [ -75.910773092942279, 37.615129069118694 ], [ -75.901603237954362, 37.621506972962763 ], [ -75.901054322981309, 37.622895737350454 ], [ -75.898826047723475, 37.624010084226356 ], [ -75.893546579995501, 37.623453104747433 ], [ -75.883275924761719, 37.614290508902556 ], [ -75.874930049144268, 37.612069659031874 ], [ -75.870489429276006, 37.614016001665362 ], [ -75.870763953503115, 37.621790030383714 ], [ -75.877981452079311, 37.635126066068509 ], [ -75.88327641406633, 37.64123614216377 ], [ -75.883826641605111, 37.644845398755642 ], [ -75.881872703581166, 37.647073333930436 ], [ -75.881323865757722, 37.64985045098684 ], [ -75.877982048236589, 37.654007587785628 ], [ -75.870764953460636, 37.659561681247474 ], [ -75.861043714648019, 37.664566638162526 ], [ -75.852437792655095, 37.6684575876845 ], [ -75.846609192106783, 37.670120609809388 ], [ -75.836324540358078, 37.670959935821472 ], [ -75.828541894277976, 37.670121737615503 ], [ -75.820210963043607, 37.670403692794004 ], [ -75.817159573518069, 37.674011958357227 ], [ -75.819111409151688, 37.678734916848093 ], [ -75.82715320048375, 37.690117016014831 ], [ -75.826055292388006, 37.699005225968797 ], [ -75.822438774640943, 37.701789788375883 ], [ -75.817158930948494, 37.70429256973582 ], [ -75.797154385671249, 37.707901373097251 ], [ -75.780765431196599, 37.718726928095748 ], [ -75.780216325351319, 37.720115582399039 ], [ -75.782429392616109, 37.724563737408786 ], [ -75.78104014123133, 37.725120711636926 ], [ -75.80214416633909, 37.730117730917215 ], [ -75.808538029048165, 37.732619532539594 ], [ -75.808263065362397, 37.736235806643336 ], [ -75.805211874904074, 37.740402233039184 ], [ -75.797993635074789, 37.745398377462784 ], [ -75.783544076303102, 37.752905967632366 ], [ -75.778828677811418, 37.756233096526074 ], [ -75.771594974209876, 37.761793891569454 ], [ -75.769931942331738, 37.767066424479111 ], [ -75.774098244844126, 37.776229373087226 ], [ -75.780765554015829, 37.781233592162287 ], [ -75.791874192945912, 37.78762719553891 ], [ -75.79660552979233, 37.795675326005004 ], [ -75.792149092057926, 37.800397721049052 ], [ -75.787434853922548, 37.803732625960009 ], [ -75.782154337823059, 37.805952176743361 ], [ -75.7727086378613, 37.807623003959073 ], [ -75.768817967914018, 37.807623676535066 ], [ -75.765491741743858, 37.804838006004204 ], [ -75.759937956852156, 37.79734701431137 ], [ -75.753269695157599, 37.792624512808587 ], [ -75.747699452909018, 37.790678984606323 ], [ -75.737704597040903, 37.790678367379691 ], [ -75.72465777991539, 37.794287666626289 ], [ -75.700488612133611, 37.796515175234745 ], [ -75.696871145654725, 37.799291634793022 ], [ -75.696307067983156, 37.800673157433643 ], [ -75.698259947619675, 37.805120423286922 ], [ -75.70132665018788, 37.807340778136776 ], [ -75.707706044842908, 37.809842672331108 ], [ -75.709658097410099, 37.812338000687404 ], [ -75.70965850107207, 37.817342225630419 ], [ -75.707431578553951, 37.82179042251289 ], [ -75.704379343367165, 37.825398681605492 ], [ -75.698260694749919, 37.83817048059435 ], [ -75.696596927276687, 37.840116267662516 ], [ -75.691027509127736, 37.840955517497996 ], [ -75.679934705257807, 37.836506764424399 ], [ -75.67381584909063, 37.835950208807745 ], [ -75.66771154026975, 37.837621330634121 ], [ -75.662157425947157, 37.840672605608361 ], [ -75.662981868273732, 37.849286216928597 ], [ -75.669924854381435, 37.857067530017439 ], [ -75.671313136902171, 37.861507696692577 ], [ -75.669649586496178, 37.872341726841469 ], [ -75.668261348265872, 37.872891312969159 ], [ -75.669923176958747, 37.874005142634338 ], [ -75.669375304000013, 37.875949811615747 ], [ -75.671876584662698, 37.88206152980348 ], [ -75.672151404835773, 37.889011541531232 ], [ -75.674090051248186, 37.893733893499537 ], [ -75.680208081015294, 37.899845121392481 ], [ -75.684374873791754, 37.905673505540364 ], [ -75.690203657788601, 37.909839539108141 ], [ -75.704927846819658, 37.912059145588238 ], [ -75.714663643383631, 37.910396735143095 ], [ -75.724093417256739, 37.906779823061697 ], [ -75.733814087725293, 37.904560088676455 ], [ -75.740755956341459, 37.90511753817858 ], [ -75.73909391644564, 37.909839393625212 ], [ -75.731325893780635, 37.917339564978278 ], [ -75.727984650081609, 37.919567349048727 ], [ -75.714938449498774, 37.925395670446051 ], [ -75.701327303148688, 37.930949726868995 ], [ -75.674089367490325, 37.940111527898118 ], [ -75.66798514547736, 37.941782956383335 ], [ -75.645768679624041, 37.94483401033645 ], [ -75.639939438569399, 37.946505012115495 ], [ -75.633820256306095, 37.953729744247539 ], [ -75.634095849826736, 37.955950626465757 ], [ -75.637162219392934, 37.957895531389404 ], [ -75.637987062995165, 37.957338683894328 ], [ -75.643693655958998, 37.961297682682137 ], [ -75.669923750700477, 37.973726740865203 ], [ -75.689637919868105, 37.97899811622969 ], [ -75.69603169600046, 37.979554785546313 ], [ -75.700762721111417, 37.978449155898552 ], [ -75.711322365398317, 37.973726731046121 ], [ -75.722430489417277, 37.970393356561985 ], [ -75.72853354403324, 37.971498594318774 ], [ -75.742419629709246, 37.978449724079958 ], [ -75.749088253770211, 37.979838219427862 ], [ -75.760211861473536, 37.979281319361128 ], [ -75.766314979071012, 37.977892419089713 ], [ -75.776875190528173, 37.972887779005383 ], [ -75.781880046127398, 37.971781813182915 ], [ -75.799931332419902, 37.963450704423074 ], [ -75.819111805831398, 37.949839513666788 ], [ -75.821598943266579, 37.946780783639497 ], [ -75.841878882234028, 37.929843385901904 ], [ -75.84631868468604, 37.927898218393594 ], [ -75.854375581776381, 37.927340292731145 ], [ -75.863272051418406, 37.931232023779089 ], [ -75.866048410177186, 37.933451556643995 ], [ -75.874364753064697, 37.940668729783432 ], [ -75.877141759829627, 37.944002507024678 ], [ -75.880483928950028, 37.949556837346641 ], [ -75.881871873829098, 37.953447943702983 ], [ -75.879644777490682, 37.957895845743451 ], [ -75.878531350417774, 37.958452632462084 ], [ -75.862432354319012, 37.962893195499987 ], [ -75.853825932366334, 37.967333846814711 ], [ -75.849645835165731, 37.971498554366448 ], [ -75.845204964979516, 37.982615092531859 ], [ -75.845494198880147, 37.984560608265426 ], [ -75.846882669418704, 37.988451231656057 ], [ -75.850758580126637, 37.989839235660938 ], [ -75.859929776236598, 37.986780611362001 ], [ -75.863546292567847, 37.984003270597064 ], [ -75.869100756315419, 37.981783245034947 ], [ -75.871312293053535, 37.98011273962986 ], [ -75.878530540515442, 37.980112743979156 ], [ -75.880758666750353, 37.981225968547299 ], [ -75.882147219056506, 37.985117052770725 ], [ -75.881598188017634, 37.987062796310639 ], [ -75.867711994272057, 38.004007247095174 ], [ -75.859089767608467, 38.016786691819512 ], [ -75.85576430357311, 38.020395391937086 ], [ -75.845494960295653, 38.038727976969042 ], [ -75.842717170719055, 38.040956380435922 ], [ -75.839375338870269, 38.0423444213423 ], [ -75.829381185590705, 38.040399495357526 ], [ -75.821323875222603, 38.037340039688885 ], [ -75.814091782484581, 38.037339834662234 ], [ -75.809375576984237, 38.040674068958943 ], [ -75.805210961572527, 38.048173579851337 ], [ -75.796878476710148, 38.054284109582788 ], [ -75.78242912823228, 38.061784203163803 ], [ -75.772708671586074, 38.068451889027578 ], [ -75.759098146888775, 38.079560509102187 ], [ -75.757434269522903, 38.082063393885399 ], [ -75.753833134742123, 38.08484048866319 ], [ -75.745196136895018, 38.096504977196176 ], [ -75.744372277803208, 38.102059570861584 ], [ -75.744647511280363, 38.106224988480179 ], [ -75.747148884377907, 38.109558762960503 ], [ -75.75354307628487, 38.112336673020117 ], [ -75.756320517050227, 38.112061674628094 ], [ -75.777987863939444, 38.09122614461446 ], [ -75.788548198117567, 38.086228254427034 ], [ -75.789371034020732, 38.086502896736029 ], [ -75.793536691399439, 38.084557631323506 ], [ -75.801318543197453, 38.083177315128879 ], [ -75.813541660339155, 38.08428355994004 ], [ -75.821324264167373, 38.085946016238253 ], [ -75.842152253903066, 38.083177446337451 ], [ -75.851597835054974, 38.085672188108546 ], [ -75.852712221062291, 38.089280494592884 ], [ -75.847432520523824, 38.095391548869316 ], [ -75.829105554761071, 38.103448428350802 ], [ -75.825215399131764, 38.106224707062573 ], [ -75.821049737908808, 38.114006658339228 ], [ -75.81966096371255, 38.13122658477009 ], [ -75.816608995118187, 38.135392129720437 ], [ -75.81242704127807, 38.136780205785399 ], [ -75.805759812529075, 38.137619362404635 ], [ -75.782427534929397, 38.137062905820216 ], [ -75.777437968106014, 38.138168732349904 ], [ -75.775485545913455, 38.141228390972522 ], [ -75.774935983964639, 38.142617405763261 ], [ -75.776049211670255, 38.147614101323107 ], [ -75.779376625379641, 38.151223004675032 ], [ -75.785480187772635, 38.154556782956014 ], [ -75.791873721005757, 38.155113681947789 ], [ -75.802982515176978, 38.154557509717854 ], [ -75.82521441873817, 38.152055060617627 ], [ -75.836049031716982, 38.149841679975644 ], [ -75.849933832787457, 38.149284801771252 ], [ -75.87158738123469, 38.149285776399104 ], [ -75.889654129068731, 38.152337556150847 ], [ -75.903829990335922, 38.151505891065767 ], [ -75.911871344085469, 38.145394182015757 ], [ -75.914374071016994, 38.141229346082305 ], [ -75.916311024478915, 38.132332705696207 ], [ -75.918814033637446, 38.127893045046626 ], [ -75.921881775123865, 38.12428405539336 ], [ -75.927145719929868, 38.121781291633091 ], [ -75.937704462435434, 38.125947157481868 ], [ -75.94020671008046, 38.129281267178946 ], [ -75.94075712809439, 38.137894913930438 ], [ -75.938818970165741, 38.148727954403491 ], [ -75.939367730265346, 38.153169136866957 ], [ -75.934653029343053, 38.175393159351728 ], [ -75.934087860058824, 38.182335574096697 ], [ -75.931875568058018, 38.189553318687686 ], [ -75.92937335683402, 38.194001548553828 ], [ -75.926595766113252, 38.196777592157055 ], [ -75.910772968783206, 38.203446676042013 ], [ -75.893819682879723, 38.20789361658197 ], [ -75.887166353711919, 38.20872557771655 ], [ -75.82466515288101, 38.224830708920351 ], [ -75.821323047688537, 38.226219616051303 ], [ -75.819660283875862, 38.228164667948747 ], [ -75.82077343037831, 38.231224154266961 ], [ -75.823275967411888, 38.234558662330201 ], [ -75.828830654286463, 38.237060287726734 ], [ -75.834659286221068, 38.238166394522018 ], [ -75.863270084739028, 38.239555252876443 ], [ -75.879644313289205, 38.242340374070096 ], [ -75.880757506807257, 38.241783987751496 ], [ -75.881321585115032, 38.242614656916047 ], [ -75.886326882401249, 38.243729527533027 ], [ -75.891881343380291, 38.246781023698205 ], [ -75.895772280368405, 38.250396552364435 ], [ -75.89800013321009, 38.265671300387318 ], [ -75.902990165868673, 38.275672669029213 ], [ -75.903829738808469, 38.284285700669258 ], [ -75.902440957646277, 38.29039709355586 ], [ -75.89661181358764, 38.299842479385354 ], [ -75.892431770899421, 38.303726021681179 ], [ -75.882986247628025, 38.318724731630681 ], [ -75.878820418258272, 38.322889928796947 ], [ -75.873541520079229, 38.330947015263838 ], [ -75.870199006469292, 38.337889598410499 ], [ -75.860204521676678, 38.350668219975525 ], [ -75.859091316522097, 38.354833975898394 ], [ -75.85410143992101, 38.363729507024708 ], [ -75.848546859478702, 38.380665903658176 ], [ -75.835486191425915, 38.392056072655144 ], [ -75.835775806529497, 38.397060962100234 ], [ -75.837713734535413, 38.398998533912398 ], [ -75.844107217474473, 38.401500975418664 ], [ -75.848822455395592, 38.401775768040977 ], [ -75.85243936922285, 38.401218833171001 ], [ -75.85687862019401, 38.399281210195667 ], [ -75.864096934434485, 38.388165870849384 ], [ -75.867423053908993, 38.37899589355716 ], [ -75.873816303805143, 38.370389949093635 ], [ -75.877982282039511, 38.366224466903539 ], [ -75.895208832912886, 38.35289578496311 ], [ -75.90799690624182, 38.338446666569261 ], [ -75.924368909390452, 38.325117851022533 ], [ -75.931327080191934, 38.310111217531279 ], [ -75.933265392692448, 38.30150525791197 ], [ -75.93437949656699, 38.289840716583704 ], [ -75.936042278247868, 38.284561769192521 ], [ -75.938255140497262, 38.281502208718756 ], [ -75.947989922654088, 38.274284699792865 ], [ -75.952155134749901, 38.270111295191626 ], [ -75.953269008098204, 38.266227565028053 ], [ -75.9510572550071, 38.259285190602817 ], [ -75.95160542791885, 38.24678134188602 ], [ -75.956320972984145, 38.243447338763957 ], [ -75.962989649972343, 38.242889788504392 ], [ -75.966315783086102, 38.245667737360463 ], [ -75.967993888940001, 38.249558514986653 ], [ -75.965766447638018, 38.255951720346069 ], [ -75.966881317593192, 38.269005204421738 ], [ -75.968497955650761, 38.275780125341576 ], [ -75.970207116178543, 38.278724666645587 ], [ -75.970497869597153, 38.282333251095046 ], [ -75.982429774503515, 38.293731645737708 ], [ -75.995201700801715, 38.309005179129358 ], [ -75.99826905802982, 38.311500449657231 ], [ -75.999657417469493, 38.317619690848105 ], [ -75.998818670333321, 38.320114373355636 ], [ -75.999383694465109, 38.320953445088634 ], [ -75.992715348042537, 38.325393742291922 ], [ -75.967994767413742, 38.325950011791903 ], [ -75.959938587215746, 38.333449759253064 ], [ -75.956321424943738, 38.343444364290946 ], [ -75.955772322175008, 38.348722962037854 ], [ -75.956322520611067, 38.357893340002931 ], [ -75.957436788030975, 38.36233384615592 ], [ -75.96244209420712, 38.371222060162928 ], [ -75.967995875400035, 38.374281523249209 ], [ -75.972436639320392, 38.374556627154291 ], [ -75.981331571595916, 38.369276444342397 ], [ -75.990488161348992, 38.358451064797734 ], [ -75.996881697400426, 38.352896501336851 ], [ -76.015222526112439, 38.333175085135366 ], [ -76.02021246066289, 38.330116118992692 ], [ -76.032724731969424, 38.314277850934012 ], [ -76.033273926522824, 38.309555175962991 ], [ -76.031885763819929, 38.305671760546609 ], [ -76.017434909107706, 38.291503812983798 ], [ -76.01522187509444, 38.287064282882262 ], [ -76.014946872044916, 38.282616055081554 ], [ -76.01882330414368, 38.270951457159185 ], [ -76.019662778927852, 38.265953923298191 ], [ -76.019113311713326, 38.26178885372714 ], [ -76.021890515607282, 38.248169766081901 ], [ -76.021600699198117, 38.244004156570739 ], [ -76.024941374386472, 38.233453140543489 ], [ -76.026604858044223, 38.231499452461485 ], [ -76.032723556205212, 38.227334270140481 ], [ -76.037164801611794, 38.226777226179543 ], [ -76.042993803321494, 38.228447807193021 ], [ -76.052438711407049, 38.235390279472419 ], [ -76.058268872884824, 38.242890248418988 ], [ -76.066325091366934, 38.259286195316015 ], [ -76.087444054228456, 38.286506967622721 ], [ -76.099102132720461, 38.292343656911981 ], [ -76.121885616280593, 38.294006813506464 ], [ -76.124097878846484, 38.29595217770143 ], [ -76.12576114244392, 38.299843580513127 ], [ -76.127713754610085, 38.310111977264064 ], [ -76.129377080734415, 38.313172158186411 ], [ -76.13467217193336, 38.319008545707639 ], [ -76.149107782343563, 38.33816598636237 ], [ -76.160781862389143, 38.349555824200074 ], [ -76.208558523584287, 38.386505594971041 ], [ -76.220506602112366, 38.390953745307804 ], [ -76.222093958576934, 38.390586752660532 ], [ -76.220750030781758, 38.389259763705731 ], [ -76.222444552690519, 38.389008267460042 ], [ -76.222444367357596, 38.380669343763948 ], [ -76.218002870025884, 38.369278652533097 ], [ -76.215226804435687, 38.365952338565513 ], [ -76.206619757681381, 38.348168258254653 ], [ -76.202164827246904, 38.336777498018407 ], [ -76.203553211136779, 38.327065723068394 ], [ -76.210221624267774, 38.315118071872888 ], [ -76.212997928740208, 38.315117688349524 ], [ -76.214112039986432, 38.317894982061951 ], [ -76.213837968886935, 38.321503432195286 ], [ -76.215500495831662, 38.329559880112797 ], [ -76.221894104828095, 38.343445491193506 ], [ -76.234666571280727, 38.359840476017865 ], [ -76.242158551547888, 38.36705867194479 ], [ -76.246615278064098, 38.370666998175672 ], [ -76.266619906080592, 38.381500836802822 ], [ -76.268557527353721, 38.384003066928216 ], [ -76.270510975167468, 38.388725665591956 ], [ -76.272449113488562, 38.402336425115429 ], [ -76.27772931921487, 38.414002191929725 ], [ -76.278004203274705, 38.418174761213713 ], [ -76.280505340971828, 38.422340875116724 ], [ -76.282169058662276, 38.427611974017083 ], [ -76.290225829842356, 38.444557316185666 ], [ -76.295505440636546, 38.453445118500674 ], [ -76.323002955041289, 38.480392440296512 ], [ -76.325506302987634, 38.486503591853698 ], [ -76.322729029339143, 38.492339677931646 ], [ -76.315221396573889, 38.495666072219102 ], [ -76.297169794989259, 38.500671145536984 ], [ -76.2916145944709, 38.500953291002936 ], [ -76.28494582842373, 38.499557040956986 ], [ -76.279391832128439, 38.496505289948949 ], [ -76.278552553208314, 38.491225737043038 ], [ -76.279392305733822, 38.485114357633528 ], [ -76.281620036763144, 38.478721134054368 ], [ -76.281619804960172, 38.473167507957015 ], [ -76.280780632507472, 38.467887969486846 ], [ -76.279117193287945, 38.464004013618755 ], [ -76.270786498065263, 38.45677940421055 ], [ -76.262454559210013, 38.457336868210085 ], [ -76.258562708006494, 38.460670536025546 ], [ -76.256334788993613, 38.46456070590046 ], [ -76.255786457163467, 38.46650712913609 ], [ -76.256335377992869, 38.475669743334329 ], [ -76.255236606702169, 38.481224005559 ], [ -76.253282981577783, 38.487059909517612 ], [ -76.24966673653519, 38.504004788674401 ], [ -76.246615824299198, 38.510398654739575 ], [ -76.246324887772644, 38.514563873131742 ], [ -76.243274560926523, 38.520109892471723 ], [ -76.23910844107057, 38.524283465130551 ], [ -76.235492049144327, 38.524832970933595 ], [ -76.230776057165599, 38.524833112023245 ], [ -76.220217733162855, 38.522055349387955 ], [ -76.213838053831793, 38.521497954358573 ], [ -76.208009820005202, 38.523169503464381 ], [ -76.19827371987698, 38.529554764295213 ], [ -76.194383523841921, 38.530112125872378 ], [ -76.184663860689781, 38.534559217735527 ], [ -76.183549297041608, 38.53872512889258 ], [ -76.184098769260942, 38.545118375724847 ], [ -76.186052339299536, 38.553167584912266 ], [ -76.182435718416471, 38.558164863121817 ], [ -76.176331871769094, 38.55955348408213 ], [ -76.167435524795494, 38.562887146789699 ], [ -76.165772762074781, 38.564557284285733 ], [ -76.164948329448052, 38.567334255184079 ], [ -76.165222817517474, 38.56928046865788 ], [ -76.16854955412974, 38.572057303704533 ], [ -76.179658051051248, 38.577893222336016 ], [ -76.194108480577412, 38.581227422090883 ], [ -76.209948745557497, 38.580396305881251 ], [ -76.210222371597268, 38.5790000656541 ], [ -76.212450349334333, 38.577894423534261 ], [ -76.216066789236422, 38.569563560078286 ], [ -76.217165609870264, 38.569005973612462 ], [ -76.216890856427199, 38.567061196668803 ], [ -76.218279841450411, 38.562887428050352 ], [ -76.221056504414122, 38.557333389176186 ], [ -76.223558653796175, 38.55483042145022 ], [ -76.234393299976929, 38.55066518342403 ], [ -76.244387751972468, 38.550665250176934 ], [ -76.252734442071045, 38.54955919434861 ], [ -76.263294090136327, 38.550666075860079 ], [ -76.26855921905323, 38.551779211406966 ], [ -76.273838664896147, 38.554831870978205 ], [ -76.282993675642103, 38.565947709093287 ], [ -76.286336523333873, 38.574835173896211 ], [ -76.280781915710563, 38.5809460843846 ], [ -76.264682461762732, 38.585386758787052 ], [ -76.262180733277532, 38.587057465645444 ], [ -76.257175154287523, 38.593725287073752 ], [ -76.259678110755445, 38.602613148255536 ], [ -76.272449753635883, 38.614279205131787 ], [ -76.274678693734444, 38.618170039235217 ], [ -76.275777688046489, 38.623441340538605 ], [ -76.273564763014562, 38.624280553183219 ], [ -76.264957881235262, 38.619833344421842 ], [ -76.258289758162846, 38.618444292918291 ], [ -76.244113901612337, 38.617055920430261 ], [ -76.231051923291702, 38.617330696350223 ], [ -76.208833739329904, 38.613172348841289 ], [ -76.204393502265134, 38.613446363967086 ], [ -76.193545494048337, 38.615666225474811 ], [ -76.188265487056725, 38.618169438114023 ], [ -76.176057196142324, 38.626217240043374 ], [ -76.164673799239509, 38.630940071354388 ], [ -76.161881616086703, 38.631222557942294 ], [ -76.159669530361995, 38.630108466413851 ], [ -76.158555640485162, 38.627056431877236 ], [ -76.159105189087754, 38.625668619590805 ], [ -76.176332636316104, 38.614278047006493 ], [ -76.177445526561883, 38.61178279597614 ], [ -76.174379166069414, 38.607060929568277 ], [ -76.162720213571831, 38.604001294801449 ], [ -76.156617354243821, 38.605671360766742 ], [ -76.143555588577485, 38.607060688465985 ], [ -76.134674355703538, 38.606220845097987 ], [ -76.127991200297998, 38.604000796753091 ], [ -76.122710770505293, 38.600949258355485 ], [ -76.11160165588376, 38.590390245396812 ], [ -76.10632216857374, 38.587329908934549 ], [ -76.100493899798678, 38.585384592817988 ], [ -76.089385051907357, 38.585385039612092 ], [ -76.082990869538406, 38.586223921680208 ], [ -76.072172660007055, 38.58317253731213 ], [ -76.062161964397632, 38.577610570083174 ], [ -76.0563179968931, 38.575946474101606 ], [ -76.046886782985439, 38.574001344657731 ], [ -76.033275885343983, 38.573444460005845 ], [ -76.022990827602229, 38.574283184317906 ], [ -76.011059325099183, 38.57733525323588 ], [ -76.005778580972049, 38.579836805875786 ], [ -75.993541514249813, 38.583171337757634 ], [ -75.984385752881835, 38.586772552341351 ], [ -75.980494405316335, 38.590388066789124 ], [ -75.977153159602437, 38.591776728648554 ], [ -75.973551901554146, 38.594553762359595 ], [ -75.965495103548889, 38.60205284589771 ], [ -75.962443192683423, 38.613444094838783 ], [ -75.966058879763295, 38.621775374899777 ], [ -75.965219730090823, 38.630106296397955 ], [ -75.962442955378904, 38.63788783422585 ], [ -75.958002261149232, 38.643441750117049 ], [ -75.956323740553131, 38.648721777416966 ], [ -75.958551679624833, 38.652048233714837 ], [ -75.961054597900059, 38.653161739648255 ], [ -75.96660960328856, 38.652887813651006 ], [ -75.970500376828412, 38.650110200279713 ], [ -75.97938163929193, 38.636499476380131 ], [ -75.980769919254499, 38.62899235625148 ], [ -75.985210101704851, 38.621493567496714 ], [ -75.992716715814225, 38.612612903894536 ], [ -75.999096120011245, 38.607332803479331 ], [ -76.000499894220255, 38.607058419575189 ], [ -75.999385503862257, 38.606775983988506 ], [ -76.002726745186308, 38.605387816376357 ], [ -76.012446834723733, 38.603725092388174 ], [ -76.032437567914783, 38.603442442388143 ], [ -76.054654151626167, 38.607890938191566 ], [ -76.065213568951847, 38.612056009963752 ], [ -76.075223642136265, 38.617611124114816 ], [ -76.082166934104023, 38.623721312024799 ], [ -76.092161980067573, 38.629275545553917 ], [ -76.095503512953513, 38.633448884454353 ], [ -76.097441808261777, 38.638164486612652 ], [ -76.094115655621991, 38.653720423985533 ], [ -76.09661759888894, 38.653994963711696 ], [ -76.101607514623936, 38.652888426268518 ], [ -76.112441333793853, 38.645389783709 ], [ -76.122162457558247, 38.64288702344809 ], [ -76.135787972440795, 38.643726125322821 ], [ -76.14383009346686, 38.646503098112049 ], [ -76.147722078051629, 38.64872359320929 ], [ -76.149949784855551, 38.651218639484043 ], [ -76.151337837934875, 38.655110025005179 ], [ -76.149110153965964, 38.65871858431187 ], [ -76.146333396378978, 38.661220727851791 ], [ -76.135788460025864, 38.665943147784297 ], [ -76.118271504911746, 38.671779544355566 ], [ -76.112716919732378, 38.67483091141893 ], [ -76.106612784376139, 38.679279034798277 ], [ -76.104110602659759, 38.683719177012676 ], [ -76.10716181901202, 38.68566438649956 ], [ -76.115218969964332, 38.686495560058162 ], [ -76.126877184875411, 38.683994275042586 ], [ -76.152452123157261, 38.675670144287373 ], [ -76.158281611788951, 38.674556681353337 ], [ -76.165224450792962, 38.675945263077274 ], [ -76.168825726568429, 38.678722705041132 ], [ -76.171053441875969, 38.685665172680672 ], [ -76.169664176501499, 38.693164430438074 ], [ -76.167726325210921, 38.698993304684457 ], [ -76.164675066818162, 38.704830172293001 ], [ -76.161333595323867, 38.715388292480171 ], [ -76.164384736155128, 38.721492485823113 ], [ -76.168001594595339, 38.72233193324854 ], [ -76.171892610849739, 38.719554365151666 ], [ -76.177721810214507, 38.710109949860218 ], [ -76.180223982916104, 38.702892039032754 ], [ -76.180223632585665, 38.698718726977368 ], [ -76.182437226611697, 38.692051243433269 ], [ -76.186053091962677, 38.687053880661864 ], [ -76.190767775292983, 38.683994060794596 ], [ -76.19577332290153, 38.682888440683435 ], [ -76.19855016087989, 38.682613792408262 ], [ -76.202456788236105, 38.683994285504447 ], [ -76.205783011068604, 38.688160734410793 ], [ -76.207171908256441, 38.69205104098107 ], [ -76.208285713661923, 38.697055847354839 ], [ -76.208286060743063, 38.706219167514263 ], [ -76.21133808494875, 38.712612427947967 ], [ -76.222446254001852, 38.715389173573342 ], [ -76.225772759701329, 38.718715823586201 ], [ -76.224674304859477, 38.727054256445768 ], [ -76.218829940527073, 38.734279565978028 ], [ -76.211888055884671, 38.738445112763216 ], [ -76.204394824399145, 38.73983307061097 ], [ -76.200229793501421, 38.742610449909783 ], [ -76.200229099117209, 38.743998704733038 ], [ -76.198826263475226, 38.744556227674316 ], [ -76.201343447100868, 38.748447370569316 ], [ -76.205234934469246, 38.750667095402136 ], [ -76.207172902997328, 38.753170222234274 ], [ -76.213567323280571, 38.766223002720494 ], [ -76.213841175128564, 38.768443365087251 ], [ -76.217442637019658, 38.771220635551778 ], [ -76.222447333465084, 38.772334374966832 ], [ -76.22911562699214, 38.771494988193844 ], [ -76.233556115394634, 38.769557925693945 ], [ -76.237447958335423, 38.765948704666528 ], [ -76.246617693641156, 38.754558647430848 ], [ -76.24855541391122, 38.749278708196144 ], [ -76.252172478885726, 38.744274126969025 ], [ -76.258566160509545, 38.727886492245965 ], [ -76.261343281731129, 38.724277665373172 ], [ -76.267736794329849, 38.721493652501323 ], [ -76.272726522643055, 38.722606733361104 ], [ -76.277731692868826, 38.724827572708087 ], [ -76.280508024431512, 38.727329270374227 ], [ -76.282172236682143, 38.730664165519848 ], [ -76.282445799813914, 38.740391008786574 ], [ -76.284949300694237, 38.75205678939745 ], [ -76.282446787952082, 38.762889132640403 ], [ -76.274955332440285, 38.768443999205651 ], [ -76.268011733350036, 38.776217298968604 ], [ -76.267737863542649, 38.782328457576085 ], [ -76.274116720308896, 38.787890234338747 ], [ -76.278845809436888, 38.786776572124992 ], [ -76.283835314872888, 38.783450611716113 ], [ -76.29521838264759, 38.770389109424357 ], [ -76.303840455522831, 38.753169710048716 ], [ -76.305228252796596, 38.747058803477117 ], [ -76.306892106709469, 38.722049988413502 ], [ -76.306326547923206, 38.718441804994164 ], [ -76.306327095039578, 38.707333047565619 ], [ -76.30716610288323, 38.702335861172102 ], [ -76.306616350180306, 38.695385487298303 ], [ -76.307165473682105, 38.691220108406192 ], [ -76.309943118408157, 38.684834860411954 ], [ -76.314383649406878, 38.682889202738664 ], [ -76.319953333091377, 38.682614097249569 ], [ -76.325232084461874, 38.680669044646535 ], [ -76.332740051419734, 38.680111552589217 ], [ -76.337729889714836, 38.681225744348609 ], [ -76.343009870711441, 38.684834181120593 ], [ -76.343559049264712, 38.688442711406097 ], [ -76.343010431612882, 38.698994930938255 ], [ -76.341347190044871, 38.70344194412025 ], [ -76.337455995064872, 38.723163825641613 ], [ -76.333290370425843, 38.736500177634674 ], [ -76.332740665011769, 38.757335605980749 ], [ -76.330512787313509, 38.764003808098771 ], [ -76.327171456272566, 38.767611725378259 ], [ -76.325783557019392, 38.772052024834252 ], [ -76.317177282453912, 38.784556115247661 ], [ -76.312172503130583, 38.794001395818569 ], [ -76.312172280943088, 38.796778512700712 ], [ -76.310220141193795, 38.80260703541235 ], [ -76.305229934937074, 38.812327110862931 ], [ -76.300774541385522, 38.817613825371645 ], [ -76.299950287847238, 38.817614130890512 ], [ -76.300500487891952, 38.818445955968947 ], [ -76.296624495880025, 38.822336658156686 ], [ -76.280510666076609, 38.832055395737797 ], [ -76.272729000380338, 38.838998180200541 ], [ -76.267173990808786, 38.841218681145413 ], [ -76.256340270653084, 38.843995332222441 ], [ -76.252738809320803, 38.843439109682478 ], [ -76.247444664412697, 38.840387552657127 ], [ -76.243278803802241, 38.830941880729036 ], [ -76.236884013900081, 38.824831271402317 ], [ -76.219122688249456, 38.820665945173097 ], [ -76.214116871341886, 38.8167815010016 ], [ -76.212453260996668, 38.813722586508774 ], [ -76.213567547291731, 38.802050154819341 ], [ -76.207173472608915, 38.793726000429345 ], [ -76.198002794586387, 38.786227209963712 ], [ -76.193271483875577, 38.783449426818834 ], [ -76.189381104118283, 38.778994424423125 ], [ -76.182162999915192, 38.773439959836814 ], [ -76.16688729023582, 38.764002915438418 ], [ -76.160219623799165, 38.761500092102651 ], [ -76.153277377690699, 38.761500004391721 ], [ -76.142167879457261, 38.76622228005737 ], [ -76.13188276825025, 38.772608060555051 ], [ -76.115768897858871, 38.785669085656693 ], [ -76.107438713343157, 38.79094838261198 ], [ -76.104386107596582, 38.794557184188058 ], [ -76.101609299426286, 38.803720036220128 ], [ -76.102998017342927, 38.807610896760401 ], [ -76.111328756397441, 38.81010594781182 ], [ -76.11467203166869, 38.807885043666225 ], [ -76.116608550644855, 38.80482601089011 ], [ -76.120499873892996, 38.801217944222039 ], [ -76.123278006388617, 38.796219967461461 ], [ -76.127992622251924, 38.792886183137981 ], [ -76.135790004265203, 38.788164202872437 ], [ -76.149660795795029, 38.783167401311509 ], [ -76.16438643331675, 38.787615020326726 ], [ -76.169940008682971, 38.790666795686427 ], [ -76.177447895524324, 38.7984484756835 ], [ -76.179660474225855, 38.807886286353082 ], [ -76.179661197440637, 38.813722799159741 ], [ -76.174946486860321, 38.843720324618651 ], [ -76.171055860608135, 38.847603746542369 ], [ -76.166615048579573, 38.84954872382805 ], [ -76.151615796577062, 38.853721830211867 ], [ -76.144397381293729, 38.861496070570531 ], [ -76.143558369785765, 38.863998779101038 ], [ -76.14050621049725, 38.867607644233431 ], [ -76.136614988176717, 38.868438530052025 ], [ -76.117724473277192, 38.864555736282753 ], [ -76.110216057819002, 38.867324363459325 ], [ -76.108004167580603, 38.871773048199302 ], [ -76.109667118840392, 38.874824669595029 ], [ -76.114108494958316, 38.877884068949605 ], [ -76.122988837707652, 38.881775239624552 ], [ -76.141620550565932, 38.886223140207832 ], [ -76.142735291452027, 38.885665638199164 ], [ -76.144122837550327, 38.886772452047225 ], [ -76.150227559089913, 38.887054467781475 ], [ -76.152455486040424, 38.888999971975878 ], [ -76.153005061712605, 38.893165913523177 ], [ -76.151615357713453, 38.895110683914233 ], [ -76.147725211097793, 38.908996649396208 ], [ -76.146900799902141, 38.919554944523867 ], [ -76.147175423901544, 38.921493135108868 ], [ -76.149953301353051, 38.924826345258744 ], [ -76.151617086959547, 38.925383859833907 ], [ -76.155782099431974, 38.923438235114787 ], [ -76.157170811307225, 38.921493177892835 ], [ -76.165501768579816, 38.902603134385963 ], [ -76.172720289006364, 38.891495266404789 ], [ -76.176061260531583, 38.89010643557954 ], [ -76.179388352670657, 38.890663427192116 ], [ -76.181891156756052, 38.892052112446919 ], [ -76.184103965548246, 38.895386271250182 ], [ -76.186056462072585, 38.895660784967546 ], [ -76.194113184745746, 38.90427393659234 ], [ -76.19382362288593, 38.916778400015211 ], [ -76.192161533186564, 38.920661667428725 ], [ -76.190222792369781, 38.930106173190623 ], [ -76.190223891866722, 38.935103714315495 ], [ -76.192725608241929, 38.938437537785255 ], [ -76.204124545501344, 38.943434612177391 ], [ -76.207726914255304, 38.94621212084413 ], [ -76.210228395657694, 38.949545360537698 ], [ -76.213297073664236, 38.959272549137054 ], [ -76.216623190309704, 38.963438841505813 ], [ -76.220224184236017, 38.966215527677257 ], [ -76.228006682472028, 38.964827354237272 ], [ -76.232446894800034, 38.962324066686207 ], [ -76.238566261542772, 38.952048561298589 ], [ -76.240503694157553, 38.947050291592134 ], [ -76.244120537741111, 38.943992056922077 ], [ -76.247171886146177, 38.942603334683611 ], [ -76.253016090729332, 38.944548113721787 ], [ -76.252742160559478, 38.945105656910691 ], [ -76.253566713918929, 38.945380159936036 ], [ -76.25940980869494, 38.941488972630943 ], [ -76.261896952781612, 38.937048988001173 ], [ -76.26301085111993, 38.930937570493434 ], [ -76.269130340384891, 38.918166952759314 ], [ -76.274958802654666, 38.914268612414354 ], [ -76.282999885381926, 38.915381495315387 ], [ -76.286617370234708, 38.918166848890593 ], [ -76.296062435796102, 38.922607304280966 ], [ -76.306332030275428, 38.924826399799777 ], [ -76.311885992981686, 38.924551826767654 ], [ -76.319409474719734, 38.920944054388364 ], [ -76.325786428599585, 38.915938915327992 ], [ -76.32828996264567, 38.910660055254056 ], [ -76.329128437044801, 38.903160024539531 ], [ -76.326901270581061, 38.898444993760187 ], [ -76.320522473287312, 38.890389011824311 ], [ -76.316630720552752, 38.888161016751702 ], [ -76.311061265675093, 38.880661976762077 ], [ -76.309947084256137, 38.877884129805992 ], [ -76.315226249638258, 38.870941315405993 ], [ -76.32856270306273, 38.865944764404169 ], [ -76.349406607951266, 38.853165685428202 ], [ -76.356059665877879, 38.851776994516158 ], [ -76.35940201513786, 38.853722939190654 ], [ -76.359675595627095, 38.857331184808068 ], [ -76.354671766635988, 38.87316169293117 ], [ -76.355510427844266, 38.876213624366912 ], [ -76.354671690443936, 38.881492429385837 ], [ -76.357174482460806, 38.890388496639332 ], [ -76.357450116893446, 38.895386110686445 ], [ -76.355786958438671, 38.899276726805951 ], [ -76.354946815653165, 38.905380348930997 ], [ -76.3516213706569, 38.917327780036274 ], [ -76.349958943108007, 38.931219970703744 ], [ -76.345518559540082, 38.944265817248244 ], [ -76.344405021147665, 38.950384939768036 ], [ -76.342740818403215, 38.953435726870516 ], [ -76.341902201181426, 38.958441323422569 ], [ -76.335233704946205, 38.97593471350099 ], [ -76.332456513755062, 38.978986663949669 ], [ -76.325239643616328, 38.991490788361922 ], [ -76.320525557045983, 39.00399521755201 ], [ -76.312178196706625, 39.020657497837405 ], [ -76.305234722811747, 39.027600009591033 ], [ -76.300780308135955, 39.029545476684888 ], [ -76.298017421464692, 39.029827924972892 ], [ -76.289670793142662, 39.026768992171498 ], [ -76.288282010447404, 39.022877824047185 ], [ -76.272458331005765, 39.002332033908466 ], [ -76.259411901564604, 38.991215937903448 ], [ -76.2485614402338, 38.985662363754599 ], [ -76.234950150265874, 38.982320683238356 ], [ -76.226893679852878, 38.981489380676535 ], [ -76.212458327535359, 38.981489425933894 ], [ -76.200235511965317, 38.982602852740207 ], [ -76.182991034190849, 38.986768323673964 ], [ -76.166892765606207, 38.994268482666364 ], [ -76.163291587653333, 38.997053251788664 ], [ -76.159950011249663, 38.998441384370103 ], [ -76.15134287646643, 39.005109762730484 ], [ -76.144950359032578, 39.013165544546098 ], [ -76.145223784565999, 39.018163438299304 ], [ -76.149115456845479, 39.022328957285339 ], [ -76.153845962063954, 39.02815796157865 ], [ -76.158836643685447, 39.037053321467987 ], [ -76.161613889800037, 39.040104996416872 ], [ -76.163566216220914, 39.053989810385538 ], [ -76.162177955122615, 39.060101082797701 ], [ -76.155234648895245, 39.059270027430856 ], [ -76.151617834815482, 39.056492582567017 ], [ -76.143835246826214, 39.055104061658 ], [ -76.135794599184564, 39.058995043246377 ], [ -76.13411496231933, 39.064266766806043 ], [ -76.135794253151715, 39.068165830632346 ], [ -76.134954635981558, 39.072880695676716 ], [ -76.133001531920087, 39.078991692586953 ], [ -76.129659369643008, 39.083164926713792 ], [ -76.118551179313258, 39.091488797962981 ], [ -76.112172145553046, 39.100109114675057 ], [ -76.108006882651267, 39.103435900255235 ], [ -76.104939448299746, 39.10760904495838 ], [ -76.098286259107468, 39.114269126653923 ], [ -76.092731647370357, 39.116497699335341 ], [ -76.067172477140105, 39.134830364711533 ], [ -76.062717392524974, 39.140102393860928 ], [ -76.06187788413699, 39.142879257286218 ], [ -76.066058055353125, 39.144267340640354 ], [ -76.068835511056207, 39.14426749995517 ], [ -76.079394897269438, 39.140659256792524 ], [ -76.088840587241947, 39.13399143813664 ], [ -76.098835503856904, 39.128437424874434 ], [ -76.121602660528154, 39.118160312569472 ], [ -76.126607944641378, 39.1170465793329 ], [ -76.134116323927046, 39.113438122331374 ], [ -76.141059398950588, 39.112606150900149 ], [ -76.146064771558997, 39.113720595470753 ], [ -76.146629201309366, 39.114551958778755 ], [ -76.146903174711312, 39.113994395808923 ], [ -76.148841671968981, 39.116497400172669 ], [ -76.150229774020531, 39.120097997146189 ], [ -76.142173222236352, 39.130382691058848 ], [ -76.142447958531406, 39.132602485708283 ], [ -76.14522448004206, 39.135936723188742 ], [ -76.146629253894531, 39.13621900979161 ], [ -76.152732691069076, 39.134547766453288 ], [ -76.16245280502045, 39.130382494025426 ], [ -76.169944880692682, 39.12482101045218 ], [ -76.171899220008044, 39.1195489272068 ], [ -76.172174104606768, 39.115939692673415 ], [ -76.173561475413976, 39.114269503187742 ], [ -76.179665683674187, 39.114551400881744 ], [ -76.186058772397956, 39.112323895624691 ], [ -76.189950224088918, 39.108997453069684 ], [ -76.189661462244032, 39.098987541605894 ], [ -76.187997787916885, 39.095935861006517 ], [ -76.182442332541726, 39.089825302906945 ], [ -76.18161956527365, 39.087604894359259 ], [ -76.182991561369846, 39.083164396884193 ], [ -76.191613645313112, 39.076214687927489 ], [ -76.197167842510353, 39.068165567009672 ], [ -76.198281432423045, 39.061490120442166 ], [ -76.198007739210183, 39.057881309077779 ], [ -76.196893631560442, 39.049274774048271 ], [ -76.194390816169573, 39.045941416236339 ], [ -76.195504732150852, 39.037884493170814 ], [ -76.196893177180783, 39.03593870570392 ], [ -76.204676490249398, 39.03455079417563 ], [ -76.212183457391603, 39.034550605377042 ], [ -76.218288111028485, 39.035107578185105 ], [ -76.223566716069243, 39.038441978440126 ], [ -76.225505835762263, 39.040943752581114 ], [ -76.226344070813226, 39.044552279452887 ], [ -76.220515609886917, 39.060933311337273 ], [ -76.221065189634658, 39.081494160958243 ], [ -76.219951406952475, 39.093158760627972 ], [ -76.221339473833197, 39.10316072897826 ], [ -76.226344997761956, 39.118159995287648 ], [ -76.228557869291365, 39.122043768291157 ], [ -76.237179781838336, 39.12954282210044 ], [ -76.25246955912867, 39.139269977317106 ], [ -76.256635191307296, 39.142879351787293 ], [ -76.259686490476867, 39.147052243576617 ], [ -76.261075366036565, 39.15093572063536 ], [ -76.260800626589656, 39.155658082686131 ], [ -76.257733205998107, 39.161486679650267 ], [ -76.248563367532938, 39.177325014131334 ], [ -76.242169584427458, 39.185931400081422 ], [ -76.236614236026554, 39.195101381884839 ], [ -76.233287725811351, 39.19870998606104 ], [ -76.228283529370671, 39.208994646401415 ], [ -76.224391179857221, 39.213991598433928 ], [ -76.220789892292117, 39.22232292379266 ], [ -76.215786211595685, 39.228982816831895 ], [ -76.210795682047831, 39.238710073579547 ], [ -76.20884296275571, 39.244547496583046 ], [ -76.203013285696727, 39.256212071042931 ], [ -76.201076076721947, 39.259271750977689 ], [ -76.197443102165053, 39.262048819725827 ], [ -76.183557724285791, 39.276208998372411 ], [ -76.180232041271864, 39.282602629949778 ], [ -76.179666197668411, 39.285104924427749 ], [ -76.180231304730071, 39.285379669303403 ], [ -76.178278874627765, 39.288439136402545 ], [ -76.17855215501416, 39.290659604067102 ], [ -76.176614428829581, 39.293719178048583 ], [ -76.176340840036175, 39.29732778299239 ], [ -76.1743871834271, 39.300379102536525 ], [ -76.172723338954157, 39.30787902624747 ], [ -76.169946866926111, 39.313433442542404 ], [ -76.166894757009672, 39.317049690322598 ], [ -76.166070687580145, 39.319827335156468 ], [ -76.161340444884942, 39.32316125171706 ], [ -76.155237377102196, 39.324549500093113 ], [ -76.14995654944488, 39.327051977894783 ], [ -76.130775461063067, 39.328990454988585 ], [ -76.125770562395488, 39.330104623329945 ], [ -76.120215598237962, 39.332607360768677 ], [ -76.118552574050227, 39.33510223068221 ], [ -76.122719489756335, 39.347049629362623 ], [ -76.12160502924759, 39.353161157237423 ], [ -76.117728896856093, 39.359546728883331 ], [ -76.104941245215713, 39.367321834412977 ], [ -76.092170101724847, 39.369823708291413 ], [ -76.068289057404229, 39.369549943846458 ], [ -76.031346049438341, 39.366498205893869 ], [ -75.997165159239586, 39.366773514877231 ], [ -75.990221773569857, 39.365942109723569 ], [ -75.984102567254979, 39.367605557997997 ], [ -75.971895296798024, 39.368711398254575 ], [ -75.94215479408237, 39.36843649546168 ], [ -75.915221601165001, 39.369551012027856 ], [ -75.872983204164427, 39.368993784552053 ], [ -75.865215510978942, 39.368161688017508 ], [ -75.868816136852061, 39.36816175834845 ], [ -75.867153770765725, 39.367604196832133 ], [ -75.854381707626146, 39.366497868959833 ], [ -75.844661147961901, 39.3681612114922 ], [ -75.840220303924838, 39.370099132888143 ], [ -75.837717760169753, 39.372327587006083 ], [ -75.836604200599183, 39.375661322782058 ], [ -75.837717160014947, 39.377324890375235 ], [ -75.843273207121015, 39.380658514793019 ], [ -75.847438061727246, 39.382046603970167 ], [ -75.852442807096594, 39.383161477845761 ], [ -75.879651226077385, 39.384275674032558 ], [ -75.882992798026123, 39.385663430981388 ], [ -75.889386472347113, 39.386221390055731 ], [ -75.897718465819182, 39.38566428836716 ], [ -75.911054961960801, 39.387052872774952 ], [ -75.91244447439675, 39.387884560250761 ], [ -75.925765576110678, 39.387610304473576 ], [ -75.955232419755262, 39.390105232966185 ], [ -75.977449184967043, 39.390105206473841 ], [ -75.988559121029908, 39.389548494303519 ], [ -75.99354868972155, 39.388442095882816 ], [ -76.000781416110812, 39.388441784238132 ], [ -76.008289766051888, 39.389273815638582 ], [ -76.011340917003579, 39.390661732084737 ], [ -76.016620862767681, 39.391493644876185 ], [ -76.020786766669005, 39.395109647128514 ], [ -76.022999711722179, 39.399832719573745 ], [ -76.016895957293031, 39.409270054074312 ], [ -76.010791863038946, 39.414268334432592 ], [ -76.007724924268615, 39.41788502225171 ], [ -76.003010360494059, 39.42038757885679 ], [ -75.980227171347863, 39.439270131647326 ], [ -75.975771162624525, 39.441216263881444 ], [ -75.960786549431262, 39.452332058633544 ], [ -75.955506859446217, 39.454551894673408 ], [ -75.948000136886961, 39.460388594125661 ], [ -75.943818680544723, 39.461494613787245 ], [ -75.939103811505532, 39.464829251253612 ], [ -75.918000011346379, 39.474823057786978 ], [ -75.911606242589741, 39.475663002257235 ], [ -75.902724373738764, 39.473716566600025 ], [ -75.874371908215394, 39.4648271835161 ], [ -75.867718521724683, 39.463438643441485 ], [ -75.855496511971296, 39.458715846144706 ], [ -75.849941269669074, 39.457884824939825 ], [ -75.847714428819984, 39.456495490464881 ], [ -75.842998992208607, 39.457053336024899 ], [ -75.839381524907694, 39.459829887916911 ], [ -75.839946720338475, 39.462882214662933 ], [ -75.84716414487049, 39.469267447352884 ], [ -75.851331021604835, 39.470656104212836 ], [ -75.859662333393629, 39.475935746901008 ], [ -75.870771717688115, 39.48093318783642 ], [ -75.884108452862151, 39.490661914494829 ], [ -75.88883883391793, 39.492881543965687 ], [ -75.892439638155352, 39.495659137832 ], [ -75.894392894870464, 39.498161798711642 ], [ -75.89550783972625, 39.501221104046024 ], [ -75.889663470488131, 39.506500031474808 ], [ -75.875761016429649, 39.512611412040044 ], [ -75.867155052685263, 39.51871385449811 ], [ -75.856045933175636, 39.529272593542466 ], [ -75.853833133347337, 39.533164042089851 ], [ -75.846050186999491, 39.542608828791792 ], [ -75.837994207562929, 39.557882655340308 ], [ -75.832439043809345, 39.571492738401822 ], [ -75.831340800296346, 39.577604555847152 ], [ -75.83826808652087, 39.581220953694704 ], [ -75.841335818213281, 39.581220766059687 ], [ -75.854657380156411, 39.573996470405817 ], [ -75.866880490450143, 39.562880344821323 ], [ -75.876326630238694, 39.5514972231231 ], [ -75.893828629102117, 39.537330160779199 ], [ -75.904388065930334, 39.530936557075059 ], [ -75.930223085538913, 39.517884036056103 ], [ -75.950227713612762, 39.504830993170984 ], [ -75.952165984412304, 39.501779365582841 ], [ -75.970507690064835, 39.483720499723731 ], [ -75.973834379559278, 39.479272543157286 ], [ -75.982441166501175, 39.47260374238715 ], [ -75.987446111494521, 39.469270380294901 ], [ -75.994663821960472, 39.46732430663134 ], [ -76.002736400974698, 39.470384668464064 ], [ -76.004399750223584, 39.473993329535588 ], [ -76.003849680880947, 39.478158363464502 ], [ -75.991887372193375, 39.494272799434739 ], [ -75.982441707815127, 39.505114115009896 ], [ -75.973835536913228, 39.517327844069001 ], [ -75.968006274789388, 39.523995744356533 ], [ -75.962176538032296, 39.533166076463182 ], [ -75.958833840115062, 39.536774246786862 ], [ -75.953005352514623, 39.546219671687659 ], [ -75.949953004807227, 39.555382293250986 ], [ -75.94632182625449, 39.562606288227734 ], [ -75.943818626293748, 39.564827083112398 ], [ -75.943178529984252, 39.566825234387835 ], [ -75.942156315713063, 39.567329597531923 ], [ -75.941606172629434, 39.571494930787217 ], [ -75.939943116062281, 39.573722424826059 ], [ -75.935486603904465, 39.597601596844115 ], [ -75.936601878324169, 39.6020494844091 ], [ -75.93605132849828, 39.601775090598409 ], [ -75.938554888798294, 39.604551800152116 ], [ -75.942430569723072, 39.603994843300775 ], [ -75.946047418479267, 39.602331387184449 ], [ -75.954393916853547, 39.59426765105092 ], [ -75.958285504936171, 39.590102648790719 ], [ -75.962725273309943, 39.582610418484073 ], [ -75.981616545645537, 39.557327604647405 ], [ -75.986881655270295, 39.555107806267934 ], [ -75.989658830700165, 39.554825442302253 ], [ -75.996616824762924, 39.556214088264078 ], [ -76.000508605176691, 39.558999124737724 ], [ -76.004674215520296, 39.564826784293594 ], [ -76.009115256935459, 39.568442889656787 ], [ -76.014684398788702, 39.568168838051484 ], [ -76.020788572206428, 39.566497455764321 ], [ -76.024679305469263, 39.563720149544878 ], [ -76.0357880695219, 39.560935016451644 ], [ -76.044120026587095, 39.560660123058035 ], [ -76.062995493718674, 39.562880624302032 ], [ -76.074118955938786, 39.559546199396728 ], [ -76.082740565480364, 39.553434816471892 ], [ -76.085792885138517, 39.549833005698332 ], [ -76.095223384741089, 39.533445323098434 ], [ -76.099663160652639, 39.521490219663356 ], [ -76.101617186039462, 39.519270926587552 ], [ -76.103845031901102, 39.512609971744759 ], [ -76.108834784663571, 39.503722247639551 ], [ -76.117441069988232, 39.49482522770645 ], [ -76.11828020779727, 39.491491943177721 ], [ -76.119668437378948, 39.489827727023801 ], [ -76.11911896120192, 39.486768609778132 ], [ -76.11632631668374, 39.483441975198247 ], [ -76.111061869565319, 39.480383118045921 ], [ -76.099403660266191, 39.476492653470174 ], [ -76.070518069691929, 39.471770483860219 ], [ -76.061056768211898, 39.464828429112643 ], [ -76.059103380907132, 39.461776144034829 ], [ -76.059104151853489, 39.458999324403891 ], [ -76.060217825082702, 39.456214621291565 ], [ -76.066901348664587, 39.447600225285868 ], [ -76.07607280003171, 39.44177082502577 ], [ -76.082739788936593, 39.436216489256161 ], [ -76.09717585569166, 39.426213787282393 ], [ -76.101340998534084, 39.425107406901077 ], [ -76.114113568209078, 39.416210839043259 ], [ -76.119668179426228, 39.413991051933571 ], [ -76.139123664146894, 39.402881862930819 ], [ -76.156900695912739, 39.390941253221129 ], [ -76.171899976118382, 39.382044584534327 ], [ -76.180232679137035, 39.375933890346701 ], [ -76.194942103460207, 39.368159599240514 ], [ -76.198834012986552, 39.367601890371823 ], [ -76.204402278567244, 39.365106895564956 ], [ -76.20940747374388, 39.363992824002686 ], [ -76.214397596469922, 39.365107095375365 ], [ -76.22161510842659, 39.368433001790763 ], [ -76.226620995189961, 39.375101937876572 ], [ -76.228848980126131, 39.379823849499815 ], [ -76.229672571477465, 39.396769330123924 ], [ -76.224957962734393, 39.418993294074035 ], [ -76.21883943549399, 39.439539767752379 ], [ -76.214963113314482, 39.457049730830548 ], [ -76.214398246098185, 39.466768772805324 ], [ -76.215787874378279, 39.471208944210126 ], [ -76.221066640738201, 39.474268461684389 ], [ -76.227461096356322, 39.472040583617698 ], [ -76.231901568001547, 39.469545547973183 ], [ -76.250242095766538, 39.453432107188732 ], [ -76.25663611266306, 39.444818720234878 ], [ -76.258299051697634, 39.440935086377657 ], [ -76.258574085332711, 39.437319015508855 ], [ -76.254957345158999, 39.419823980322676 ], [ -76.254958080975669, 39.41426257372995 ], [ -76.255797072081904, 39.409540148411907 ], [ -76.259122465671055, 39.404543060865855 ], [ -76.260801993598804, 39.399270491615383 ], [ -76.263579097178209, 39.39426637975108 ], [ -76.267744087655004, 39.37898465554742 ], [ -76.26469314240488, 39.372041274567536 ], [ -76.261351655219599, 39.367875665929255 ], [ -76.258023956030428, 39.364267238510692 ], [ -76.245512100105017, 39.354822220564117 ], [ -76.242734817637199, 39.345933856391746 ], [ -76.24328367733375, 39.341767965927538 ], [ -76.248837594928546, 39.335931724209182 ], [ -76.265516952093023, 39.32510599659475 ], [ -76.276625189857867, 39.314546252896726 ], [ -76.279401922296628, 39.310929676782116 ], [ -76.281630488727927, 39.310098524507985 ], [ -76.285795342881855, 39.311487149281994 ], [ -76.283567959607879, 39.318162246400526 ], [ -76.283293863631258, 39.321488621685923 ], [ -76.286620000808966, 39.325662668740058 ], [ -76.287459511421616, 39.330659623163072 ], [ -76.28912267098049, 39.334542863997719 ], [ -76.287733916536297, 39.349824623768463 ], [ -76.288847409371826, 39.354822157666739 ], [ -76.288847850239435, 39.36038323910622 ], [ -76.291350101160248, 39.368706952923404 ], [ -76.300505997764461, 39.388711060986552 ], [ -76.3035585319885, 39.392876730906387 ], [ -76.310790800035278, 39.399270443184868 ], [ -76.319961485875154, 39.40232193453015 ], [ -76.326905880624139, 39.403710591540317 ], [ -76.331360306665132, 39.403153117120731 ], [ -76.337738981999649, 39.40371104227826 ], [ -76.359407714672614, 39.400101491244278 ], [ -76.394687236883001, 39.390656263682729 ], [ -76.399127414848124, 39.388710944727272 ], [ -76.40135570242964, 39.384270883601445 ], [ -76.399417646546354, 39.379822265516729 ], [ -76.393847428776468, 39.376489165192737 ], [ -76.383851951692534, 39.373428936571521 ], [ -76.38051079726678, 39.372597470729211 ], [ -76.369676164039447, 39.372041341660299 ], [ -76.363572903778703, 39.373712088759369 ], [ -76.357727913895388, 39.373986773695684 ], [ -76.351625367713453, 39.375375633301914 ], [ -76.345230640914409, 39.37342966145637 ], [ -76.339676547008978, 39.370377740389998 ], [ -76.333297697302953, 39.364266924369424 ], [ -76.332749091799684, 39.355661263633863 ], [ -76.334961024667393, 39.348985576578585 ], [ -76.333847664187033, 39.346207913978901 ], [ -76.335801074058381, 39.33509982708744 ], [ -76.341355141727959, 39.332879214079625 ], [ -76.346345075085296, 39.333711314774007 ], [ -76.354126981977359, 39.338151854415749 ], [ -76.357453808949515, 39.33870852961406 ], [ -76.363007659230632, 39.33426819662229 ], [ -76.365785585919198, 39.330659560361873 ], [ -76.369126406293148, 39.323991033956979 ], [ -76.367173138967374, 39.315934506509585 ], [ -76.36384702674161, 39.311768997955113 ], [ -76.36245864803017, 39.308152329535382 ], [ -76.362732846125283, 39.306763692102095 ], [ -76.363847145166574, 39.306206727637075 ], [ -76.369675742612259, 39.308152178155396 ], [ -76.37078934127608, 39.307603021653073 ], [ -76.370515603132219, 39.308153007960257 ], [ -76.373567820339716, 39.309540764378511 ], [ -76.376344536917827, 39.31009814728754 ], [ -76.383852179528375, 39.315102773882401 ], [ -76.399126175743419, 39.322327775204606 ], [ -76.412738412430869, 39.325662175127889 ], [ -76.413851184916339, 39.325104532912079 ], [ -76.416338639872833, 39.325661509559247 ], [ -76.422732945727134, 39.32260199373281 ], [ -76.427463198288976, 39.317048567897722 ], [ -76.42967581011996, 39.310654407190427 ], [ -76.429964925656961, 39.30704634827832 ], [ -76.426898269485946, 39.299545990316275 ], [ -76.414125905091012, 39.290658225304945 ], [ -76.397738070862601, 39.282601360534926 ], [ -76.393846179542095, 39.279267151151373 ], [ -76.388856861956413, 39.272599990526238 ], [ -76.387742091725571, 39.268159100458774 ], [ -76.388017312073757, 39.263993710035358 ], [ -76.392746996041723, 39.258439500539524 ], [ -76.396348379110051, 39.25566207485911 ], [ -76.399674475772244, 39.254274110319656 ], [ -76.412463167451293, 39.256768086075247 ], [ -76.413850996734624, 39.256211195045204 ], [ -76.413576205292912, 39.257050434705278 ], [ -76.421067993860191, 39.261216639464628 ], [ -76.42746240767805, 39.267319855507075 ], [ -76.433840207250967, 39.275658840079423 ], [ -76.436068278378869, 39.282319073562043 ], [ -76.44522485406317, 39.293992403872082 ], [ -76.450244758608505, 39.297883382791788 ], [ -76.453570868941796, 39.299828698875139 ], [ -76.472187687287516, 39.304818587868347 ], [ -76.477741395092039, 39.304543371209682 ], [ -76.47997040163915, 39.303430018530491 ], [ -76.479130717853707, 39.30259826621738 ], [ -76.480518913010343, 39.302040625958426 ], [ -76.479680671207191, 39.301209105100874 ], [ -76.480518832060824, 39.300651827411549 ], [ -76.480519339414371, 39.298713988827785 ], [ -76.476627960692994, 39.293717540127275 ], [ -76.463855709411973, 39.282876086159462 ], [ -76.457186948918974, 39.274544263044319 ], [ -76.456348713348163, 39.269547088092615 ], [ -76.453860423900977, 39.262604524345726 ], [ -76.451357771960957, 39.258714140953984 ], [ -76.434954651591468, 39.244264002377058 ], [ -76.419130513155778, 39.234269343369611 ], [ -76.413301791231433, 39.232316382222571 ], [ -76.401353199554237, 39.230096118483814 ], [ -76.394684769740564, 39.230096739195936 ], [ -76.386354534742821, 39.227876140138854 ], [ -76.386627981331998, 39.226487493126385 ], [ -76.388291056423569, 39.224817219539673 ], [ -76.399125201822486, 39.219820298165551 ], [ -76.40190297955732, 39.217599810418868 ], [ -76.416079286745145, 39.209825370878733 ], [ -76.430239416429302, 39.206766520130465 ], [ -76.434680148520883, 39.20926902536705 ], [ -76.438280169479199, 39.209825764592772 ], [ -76.441058319510148, 39.212601897649911 ], [ -76.443834775985366, 39.217873964797512 ], [ -76.446062832107557, 39.219819423573831 ], [ -76.450518688491286, 39.219819326131862 ], [ -76.459125450584509, 39.215936352433168 ], [ -76.460513221431953, 39.214266029220752 ], [ -76.465243261348078, 39.214265811414961 ], [ -76.46968505144487, 39.212320378055672 ], [ -76.479130020824414, 39.213434309980407 ], [ -76.483005166739133, 39.218430901508221 ], [ -76.483295955872478, 39.228982109149072 ], [ -76.484410340715556, 39.231484444690508 ], [ -76.486897400634234, 39.234826937770308 ], [ -76.491353005844033, 39.238435405728978 ], [ -76.511083207174423, 39.24788048473377 ], [ -76.536901878965224, 39.255661989636273 ], [ -76.549125026771122, 39.261215918478328 ], [ -76.554404724692162, 39.264549799026575 ], [ -76.560233401303492, 39.266212657338095 ], [ -76.564963985949476, 39.268707288997156 ], [ -76.573021116766938, 39.269546453172126 ], [ -76.577187510018788, 39.267601344281665 ], [ -76.576363599059391, 39.267319597252175 ], [ -76.580529251211246, 39.263161173088236 ], [ -76.584129671282028, 39.260383820756601 ], [ -76.587472162964332, 39.258995100961435 ], [ -76.604958481858731, 39.261490490599577 ], [ -76.610803951544057, 39.260659194114552 ], [ -76.614404519305083, 39.257881194466279 ], [ -76.616342483618013, 39.257324816599429 ], [ -76.618295496400052, 39.254273120497132 ], [ -76.616632205324279, 39.248436774927697 ], [ -76.613580190287664, 39.246490468101101 ], [ -76.609414396732745, 39.245651816165037 ], [ -76.603569776109524, 39.245934008199875 ], [ -76.598580044651584, 39.244820204921986 ], [ -76.593026432450515, 39.245102306562643 ], [ -76.586906816523879, 39.243988285536133 ], [ -76.57802536995132, 39.240380165493214 ], [ -76.573586249050194, 39.236488810662969 ], [ -76.569144717388156, 39.23092702258802 ], [ -76.568305216812902, 39.222322052611631 ], [ -76.569144849296407, 39.219544709777367 ], [ -76.564963336505272, 39.215936174618726 ], [ -76.556907036069916, 39.215104792274815 ], [ -76.539969593840269, 39.216210916950637 ], [ -76.531361992865428, 39.214547742004278 ], [ -76.524968276666726, 39.21177021837314 ], [ -76.522466106135639, 39.208436519029497 ], [ -76.522466915653425, 39.202882190262514 ], [ -76.524693645072517, 39.19287281267767 ], [ -76.523580605370739, 39.187600826258397 ], [ -76.519140384742215, 39.18204669005803 ], [ -76.490787442370333, 39.158990921127597 ], [ -76.485233192165694, 39.159265971691781 ], [ -76.479969112916493, 39.161768598962169 ], [ -76.475788809790174, 39.165933704148621 ], [ -76.469958464125028, 39.16982467903307 ], [ -76.464404437623401, 39.170100120239844 ], [ -76.456347070384012, 39.165651750076428 ], [ -76.442737310175332, 39.148989154168738 ], [ -76.441348227039953, 39.145105811200828 ], [ -76.438570904982043, 39.142046889507739 ], [ -76.42439537494478, 39.115382784835241 ], [ -76.424394532274505, 39.112604875176963 ], [ -76.422731672017491, 39.10927096792917 ], [ -76.420229191837706, 39.106211918921133 ], [ -76.419953821159694, 39.103991718921783 ], [ -76.418017202777406, 39.10149696975877 ], [ -76.415239165546751, 39.088154065794818 ], [ -76.416077910901762, 39.085658433951906 ], [ -76.41578827476458, 39.07566420510782 ], [ -76.416902360988075, 39.071773584484397 ], [ -76.420518910825805, 39.066776747538363 ], [ -76.421617983673045, 39.066494394456491 ], [ -76.424684954722395, 39.067607780379653 ], [ -76.428560598725227, 39.072605565641013 ], [ -76.433565822752982, 39.077053242302547 ], [ -76.433840079564476, 39.079273172868092 ], [ -76.435794016317303, 39.081774995793452 ], [ -76.43522856970371, 39.083163557567033 ], [ -76.437731848992755, 39.084270778470596 ], [ -76.439668685070188, 39.086765212339699 ], [ -76.444125154190303, 39.088992961979727 ], [ -76.448840912396349, 39.089266964712465 ], [ -76.454959656883375, 39.087604486687141 ], [ -76.462466111197941, 39.083988169883781 ], [ -76.468295032177707, 39.08371325973404 ], [ -76.482746560834201, 39.085933930705728 ], [ -76.497731353012441, 39.096492130570454 ], [ -76.505253928712108, 39.098711879757829 ], [ -76.514408682995168, 39.098986349530691 ], [ -76.517461040206896, 39.095378677084746 ], [ -76.517185782610753, 39.090380848776192 ], [ -76.515523582377213, 39.087322297849568 ], [ -76.509128834233152, 39.081217955297447 ], [ -76.499408822058811, 39.074549750169879 ], [ -76.476901267679622, 39.067882468672622 ], [ -76.466342363241296, 39.063716840168148 ], [ -76.461078401120616, 39.060658031433839 ], [ -76.440507793230736, 39.053158301467477 ], [ -76.426897773502176, 39.050655810042556 ], [ -76.412462264631614, 39.043720756192918 ], [ -76.403855670746452, 39.036220586184491 ], [ -76.392746305863156, 39.020657221724882 ], [ -76.3921825980904, 39.010937626886083 ], [ -76.394684384189006, 39.006496991010373 ], [ -76.397187550646464, 39.004277293244705 ], [ -76.403291304698982, 39.002606825861385 ], [ -76.408021610162621, 39.002606477339867 ], [ -76.422182489295238, 39.006214702989482 ], [ -76.430239465602128, 39.007054303779036 ], [ -76.43522897866508, 39.005940187238807 ], [ -76.439393853563743, 39.001775203308796 ], [ -76.44162162849139, 38.995106384955626 ], [ -76.444398975052479, 38.991490981848656 ], [ -76.448564572111508, 38.989545380571954 ], [ -76.456637436890503, 38.990384898692547 ], [ -76.463304833343329, 38.993161750414366 ], [ -76.481068080591356, 39.005665550930836 ], [ -76.500798274798143, 39.02427300173769 ], [ -76.514973384107805, 39.043720087933444 ], [ -76.521916345727135, 39.051495077573158 ], [ -76.525792993093674, 39.053432826678474 ], [ -76.528860215823116, 39.057605382449665 ], [ -76.539968953550542, 39.066211776011798 ], [ -76.549673328776535, 39.07232943730569 ], [ -76.554678332256273, 39.074549892386038 ], [ -76.562735892718052, 39.07482482371023 ], [ -76.56775479625054, 39.070102390723406 ], [ -76.568030672595185, 39.064547972561321 ], [ -76.566076941407204, 39.061214040385529 ], [ -76.56551278467586, 39.057605033555824 ], [ -76.561071243621456, 39.049274662277483 ], [ -76.56050664040346, 39.045383040220166 ], [ -76.557180177747369, 39.041492671389648 ], [ -76.553015536781331, 39.03788367627358 ], [ -76.540242455569725, 39.034549401355783 ], [ -76.524403447732254, 39.027324707856664 ], [ -76.520237319990684, 39.02315925155375 ], [ -76.515522493181209, 39.020100058298013 ], [ -76.503865135077575, 39.008717621936526 ], [ -76.490512339029166, 38.992879169441146 ], [ -76.478854177488699, 38.981488560352709 ], [ -76.469682553441785, 38.968434709714124 ], [ -76.459688480112831, 38.956495754192758 ], [ -76.446625145739731, 38.945654071216005 ], [ -76.44216913901667, 38.937048676558383 ], [ -76.442169835645913, 38.932051947711585 ], [ -76.444672686437073, 38.92427689547204 ], [ -76.449112689113846, 38.916777521437254 ], [ -76.452179473674747, 38.913162101751666 ], [ -76.454407734155609, 38.91204763723259 ], [ -76.458847579523962, 38.911490616543226 ], [ -76.461624319030975, 38.912047236290839 ], [ -76.468568165571128, 38.915656259046727 ], [ -76.473847701029257, 38.922332256287433 ], [ -76.475236102450054, 38.925940781336458 ], [ -76.47967689529878, 38.929549021058442 ], [ -76.49495159658909, 38.938154871470239 ], [ -76.499116936902468, 38.942602181116506 ], [ -76.503572800693135, 38.951215758710141 ], [ -76.506641096672823, 38.955107291189734 ], [ -76.511355231545522, 38.958158247410474 ], [ -76.520236478429354, 38.962049098829091 ], [ -76.528019613621922, 38.962880303683278 ], [ -76.531910831285444, 38.962324045224562 ], [ -76.535236695720187, 38.960660562762989 ], [ -76.541356284274755, 38.955663236879559 ], [ -76.543568489335954, 38.948988458793622 ], [ -76.541630087763437, 38.940939311620369 ], [ -76.538577811256673, 38.936765503636806 ], [ -76.525790944940326, 38.928159996771114 ], [ -76.505250555591218, 38.920661023564101 ], [ -76.493836456152991, 38.914268085161005 ], [ -76.487183885841389, 38.906493418189704 ], [ -76.483566625450635, 38.89816281496627 ], [ -76.484681190753378, 38.889274215869904 ], [ -76.492447952136871, 38.885108969435734 ], [ -76.496628951558378, 38.885940330711932 ], [ -76.502183236626678, 38.886222860170129 ], [ -76.507737266150016, 38.888160184323667 ], [ -76.524400449827553, 38.890662732543902 ], [ -76.534120813718786, 38.888999080561781 ], [ -76.538850951385285, 38.885665494717777 ], [ -76.538577315163238, 38.883445248111187 ], [ -76.535234555445584, 38.879547071319777 ], [ -76.532182143368686, 38.878158745957712 ], [ -76.530244292849119, 38.878441191307296 ], [ -76.520799050650822, 38.875938191566071 ], [ -76.517746866418634, 38.87177241890938 ], [ -76.516908092347961, 38.868713539081526 ], [ -76.523301875477173, 38.854828264228885 ], [ -76.535798046796614, 38.83899744662196 ], [ -76.53689730386138, 38.836220266683974 ], [ -76.535508733966225, 38.831780038482655 ], [ -76.531632920589132, 38.829552820452882 ], [ -76.524964301369863, 38.828446300510599 ], [ -76.519408960664194, 38.830666494393007 ], [ -76.505248360263764, 38.84066129186494 ], [ -76.49551283164196, 38.845109021179901 ], [ -76.48995886553881, 38.845383901561441 ], [ -76.48689199830612, 38.843438145622301 ], [ -76.482741552088569, 38.838997532180933 ], [ -76.480513921298311, 38.831780346487065 ], [ -76.485793188941742, 38.819276700222119 ], [ -76.495512524304232, 38.809274448357321 ], [ -76.511076911899764, 38.797609131531651 ], [ -76.527175835762463, 38.79011021515236 ], [ -76.536345801662023, 38.784837728208998 ], [ -76.547729910902532, 38.780939357442691 ], [ -76.551346095676308, 38.774553051929082 ], [ -76.551621031067498, 38.771219791955197 ], [ -76.547454517740078, 38.761782085459473 ], [ -76.543563271046153, 38.737330373912599 ], [ -76.537184527610748, 38.731777166677098 ], [ -76.527738776539636, 38.727328473696865 ], [ -76.519406491007814, 38.722049816849662 ], [ -76.512738267611226, 38.712329683837062 ], [ -76.51218965768544, 38.708721107399633 ], [ -76.51273841259912, 38.703998491846434 ], [ -76.516079919925943, 38.693997309526161 ], [ -76.515241084233097, 38.690387926799197 ], [ -76.516340026779716, 38.682331550355862 ], [ -76.51496614911558, 38.665943957149004 ], [ -76.512738383749308, 38.656216530882695 ], [ -76.504955915051212, 38.635946330960344 ], [ -76.50440607314313, 38.632329407822461 ], [ -76.506633439620174, 38.603171012364186 ], [ -76.508847052001954, 38.596502990204016 ], [ -76.511074952383566, 38.580946797997711 ], [ -76.510799270434958, 38.567618748462635 ], [ -76.511897597329806, 38.56205714238402 ], [ -76.510509847391006, 38.557616865445382 ], [ -76.510234801078354, 38.553443652327559 ], [ -76.506633808816161, 38.545119799386214 ], [ -76.5069080918026, 38.54373192192007 ], [ -76.506069026148353, 38.543449379051516 ], [ -76.50718285256464, 38.543174514752522 ], [ -76.505794370103175, 38.541504225618048 ], [ -76.504679512954581, 38.531227510794523 ], [ -76.494394936076347, 38.509842101349314 ], [ -76.488839982998911, 38.501511079130609 ], [ -76.47800653645065, 38.490395243452234 ], [ -76.468560705175037, 38.483727353550073 ], [ -76.459955303495121, 38.476219579699219 ], [ -76.441614046752832, 38.457337289503776 ], [ -76.437172637343195, 38.453728372476689 ], [ -76.431344436055326, 38.447060125634806 ], [ -76.406334199805542, 38.425950188735705 ], [ -76.395789260119386, 38.414002770826933 ], [ -76.388007641239696, 38.398454411180623 ], [ -76.380225040243914, 38.386506560060901 ], [ -76.375220191855036, 38.37428358893839 ], [ -76.374945185594299, 38.369836340837239 ], [ -76.375770351377525, 38.363732575605233 ], [ -76.379951396640422, 38.357065292039501 ], [ -76.4021687046788, 38.338723912311458 ], [ -76.409675886985966, 38.33594682294207 ], [ -76.421899465177631, 38.334841203004714 ], [ -76.435220604586689, 38.335390290504627 ], [ -76.442728495372648, 38.337061519413474 ], [ -76.448282590509692, 38.339556533166252 ], [ -76.453851402950306, 38.342615249550143 ], [ -76.459115824282762, 38.347895070366917 ], [ -76.464685612869246, 38.358728367871969 ], [ -76.464959813227097, 38.363733764360951 ], [ -76.466623409774925, 38.366784679745614 ], [ -76.466898349540685, 38.371225119340799 ], [ -76.470515531353257, 38.379556130416269 ], [ -76.472728195882411, 38.384286664461683 ], [ -76.476893719043105, 38.387895891295983 ], [ -76.490779984088405, 38.39261775510392 ], [ -76.51856680666387, 38.400118325954196 ], [ -76.555235036684564, 38.415666557678101 ], [ -76.569685691685322, 38.423448760749096 ], [ -76.57885637266368, 38.432062268956308 ], [ -76.584120918005453, 38.44095022816461 ], [ -76.585509587558249, 38.444833717946096 ], [ -76.588851611344396, 38.448724044943923 ], [ -76.590240041723447, 38.452615349462071 ], [ -76.594681570195064, 38.456224357182883 ], [ -76.597733111322725, 38.460397021164077 ], [ -76.607453057069449, 38.467057393780429 ], [ -76.61079569966796, 38.470666712715747 ], [ -76.62161360294111, 38.476777543606687 ], [ -76.625779766563909, 38.480393421552797 ], [ -76.631349937881495, 38.483727180329709 ], [ -76.641908642018677, 38.498452272214841 ], [ -76.645800344006076, 38.514564266710011 ], [ -76.644412844156221, 38.528998997879839 ], [ -76.648578371303472, 38.547340456783814 ], [ -76.653568001945274, 38.560110899999586 ], [ -76.659962106277248, 38.573446773453142 ], [ -76.663303484340901, 38.578169145287355 ], [ -76.664692432169204, 38.582059756668691 ], [ -76.666081274017898, 38.58844630621531 ], [ -76.667179684455434, 38.602056027868457 ], [ -76.666081558743471, 38.610944467664027 ], [ -76.666905557465626, 38.614560783294969 ], [ -76.665517228969662, 38.632611754177631 ], [ -76.666082186033975, 38.641224477579378 ], [ -76.668020329501473, 38.644833053102559 ], [ -76.668844242822743, 38.652890118799426 ], [ -76.671071911813698, 38.657612579061691 ], [ -76.674963335168897, 38.670947466732422 ], [ -76.676626104802878, 38.673168437123259 ], [ -76.676351722840309, 38.674556237636367 ], [ -76.678015160489764, 38.675670500407449 ], [ -76.681631869844111, 38.664554363333231 ], [ -76.684684013629834, 38.64899921883012 ], [ -76.682455838603559, 38.635945564528534 ], [ -76.681906489021614, 38.624555127029524 ], [ -76.680243165832493, 38.617329629721141 ], [ -76.679677806651114, 38.60872398717455 ], [ -76.678013889686511, 38.604833393275619 ], [ -76.675787059579292, 38.586775037084536 ], [ -76.672184795421984, 38.567335488568524 ], [ -76.670522211506224, 38.552893862682126 ], [ -76.67107120216437, 38.54817132291565 ], [ -76.66995728403262, 38.538169904654097 ], [ -76.671070894786567, 38.534286334165905 ], [ -76.668873205761486, 38.520958524341928 ], [ -76.669406904268072, 38.514283036576977 ], [ -76.667453038358431, 38.498452273248297 ], [ -76.666079908396213, 38.493172469121802 ], [ -76.666339871026025, 38.489838729147266 ], [ -76.664965989682443, 38.485947959681972 ], [ -76.665791079160428, 38.480668116734101 ], [ -76.660510558198638, 38.469003623855926 ], [ -76.64912701599205, 38.453447230572792 ], [ -76.601624805616552, 38.412890283066616 ], [ -76.594131587877314, 38.405114919618292 ], [ -76.576354994310933, 38.392344464599915 ], [ -76.570236054932323, 38.389009940990761 ], [ -76.559675654623121, 38.385118667907705 ], [ -76.555234996304875, 38.382059941466707 ], [ -76.543288086269825, 38.376779612313271 ], [ -76.516078934425266, 38.368723654577565 ], [ -76.506069210139529, 38.363451501314501 ], [ -76.500790215827919, 38.357340523545567 ], [ -76.499401127222555, 38.352900235450853 ], [ -76.498836992871162, 38.348726940083061 ], [ -76.500789021195303, 38.34344765893065 ], [ -76.500788905233037, 38.337618775189519 ], [ -76.499401602992748, 38.333178708707912 ], [ -76.494670395326921, 38.325953313457056 ], [ -76.493557251190609, 38.325953111892382 ], [ -76.481623963108589, 38.31566922988231 ], [ -76.452738245136928, 38.300951597758072 ], [ -76.444115883547184, 38.299288601628824 ], [ -76.429390702857773, 38.297899800538225 ], [ -76.422722613643217, 38.298731341123592 ], [ -76.404670928984103, 38.303445762522074 ], [ -76.394126901434944, 38.305116774383137 ], [ -76.378837106788069, 38.305391041721286 ], [ -76.370505247858176, 38.300393540441718 ], [ -76.369666672362044, 38.297341876190423 ], [ -76.370780232657765, 38.288454508628199 ], [ -76.386893829520275, 38.261507144885144 ], [ -76.391899107301185, 38.249003537521077 ], [ -76.392738204588341, 38.243730681694203 ], [ -76.39162497794932, 38.238726261191232 ], [ -76.387458287888137, 38.229281551333678 ], [ -76.382438464609251, 38.222056885565422 ], [ -76.375221229330464, 38.214281957019445 ], [ -76.347448000325144, 38.194003280881432 ], [ -76.344396971972941, 38.189280179188316 ], [ -76.33328704221438, 38.178171856116144 ], [ -76.33051048185564, 38.173174823842373 ], [ -76.327168011132073, 38.169283322825365 ], [ -76.325230425121106, 38.165118757205647 ], [ -76.321064864752685, 38.161502212280389 ], [ -76.317173802113814, 38.15317118571015 ], [ -76.315220940263828, 38.139559948188165 ], [ -76.317737897936198, 38.12928366487607 ], [ -76.321065398164208, 38.122340476367604 ], [ -76.333562363273074, 38.105953009837989 ], [ -76.336339552157852, 38.095119856436554 ], [ -76.332737924285581, 38.086780225890045 ], [ -76.328557606932932, 38.08317906531164 ], [ -76.316334373989889, 38.068179905768716 ], [ -76.31105421021006, 38.059283995381868 ], [ -76.307712129964912, 38.049564021001657 ], [ -76.309664899009363, 38.04651252617623 ], [ -76.311878503583287, 38.045398740345902 ], [ -76.318806296306491, 38.048237326543571 ], [ -76.338277270876887, 38.059010552541096 ], [ -76.345509768272791, 38.064564485861908 ], [ -76.353841092642085, 38.072063875517017 ], [ -76.360219714690714, 38.080120177319237 ], [ -76.380224766153603, 38.093174778862824 ], [ -76.396339534009485, 38.099842435102062 ], [ -76.40689845867459, 38.106228101422431 ], [ -76.415504579712817, 38.113453813302321 ], [ -76.418283175478223, 38.118176404838131 ], [ -76.421059227409259, 38.126507866128499 ], [ -76.421899408104494, 38.135120510027697 ], [ -76.424112118065196, 38.144840507721277 ], [ -76.423837658074262, 38.148731308427429 ], [ -76.424676503743868, 38.15178372163561 ], [ -76.423562176953553, 38.163448923993585 ], [ -76.425225245018936, 38.188449134886923 ], [ -76.432992862049588, 38.194835418435119 ], [ -76.439111936262648, 38.198726181443533 ], [ -76.449671787511605, 38.202899730737393 ], [ -76.453287183869421, 38.202343165634069 ], [ -76.454951155376719, 38.200397151715357 ], [ -76.455789773248952, 38.195117760821319 ], [ -76.454127325605185, 38.186229829409768 ], [ -76.446329271613578, 38.167896082511369 ], [ -76.446328839386965, 38.162335267195203 ], [ -76.449396170888875, 38.156505802586359 ], [ -76.458018306432621, 38.147069260259222 ], [ -76.458568088496918, 38.138730013926001 ], [ -76.459956516417662, 38.134846253453738 ], [ -76.461344555079535, 38.133733042983991 ], [ -76.466075751649143, 38.133175785544559 ], [ -76.475505638552505, 38.137341368428245 ], [ -76.482998185706208, 38.144284053055195 ], [ -76.485225883676748, 38.149006468168849 ], [ -76.491055186213615, 38.156507044999422 ], [ -76.4963340878937, 38.159557810619837 ], [ -76.500546075151121, 38.160153537043996 ], [ -76.507183346771427, 38.15678163469061 ], [ -76.508298535859069, 38.150670005870857 ], [ -76.505520419002934, 38.14234651512978 ], [ -76.505245374410165, 38.137342469271189 ], [ -76.507732747886763, 38.132894140750594 ], [ -76.513012431905153, 38.13067389257337 ], [ -76.519956384312252, 38.131230938886354 ], [ -76.526624130775275, 38.136785746767217 ], [ -76.524960706655961, 38.135679579479302 ], [ -76.529965972009947, 38.142346949048992 ], [ -76.5371831851064, 38.159009498843304 ], [ -76.543837821025889, 38.177342689085066 ], [ -76.548293007820106, 38.186505670402028 ], [ -76.55995088819536, 38.203450539430435 ], [ -76.577469985606541, 38.218724270471526 ], [ -76.585801041636671, 38.224004142659751 ], [ -76.597459820770069, 38.229841416481797 ], [ -76.614397208687038, 38.236508467231971 ], [ -76.622179584234487, 38.237340208739369 ], [ -76.629671813035316, 38.239561059952081 ], [ -76.653568335395917, 38.242064153884684 ], [ -76.674123895227211, 38.242620933821222 ], [ -76.695228133615601, 38.241789391594736 ], [ -76.70830465444611, 38.240119293723815 ], [ -76.732461241757349, 38.235678971481839 ], [ -76.745522375782173, 38.231788368127603 ], [ -76.760813103583502, 38.238174633494353 ], [ -76.766641976545088, 38.239287783037689 ], [ -76.784968536151453, 38.249290790921172 ], [ -76.791362484389182, 38.257346365909115 ], [ -76.795802487052228, 38.266791448998028 ], [ -76.796916468155658, 38.271788907582405 ], [ -76.803294170982539, 38.285681637656744 ], [ -76.806636759216275, 38.289846609335434 ], [ -76.810511419673148, 38.299566453198942 ], [ -76.813014149225211, 38.309286434212027 ], [ -76.816081469977448, 38.327901565803025 ], [ -76.816356490970193, 38.343450072699923 ], [ -76.817469543807732, 38.350674447095329 ], [ -76.816920654371259, 38.356228050401228 ], [ -76.817759547360438, 38.361233739667213 ], [ -76.823589102867558, 38.368725016069661 ], [ -76.828029772745268, 38.371784869269995 ], [ -76.849422661451371, 38.379283622317317 ], [ -76.859417122885603, 38.384563135541825 ], [ -76.862194885773292, 38.387339919010479 ], [ -76.873303180843877, 38.392345041793206 ], [ -76.882459496937855, 38.392062300003005 ], [ -76.881635452976298, 38.391788045290625 ], [ -76.880795325300809, 38.388728461418417 ], [ -76.875790806995184, 38.386508707293274 ], [ -76.868572436341196, 38.38150424019215 ], [ -76.864407400138802, 38.377338933009916 ], [ -76.858852671146195, 38.369282473635494 ], [ -76.856075795870382, 38.363735201458937 ], [ -76.853862607596383, 38.350674506068998 ], [ -76.853863562119344, 38.345120122531164 ], [ -76.851910490685157, 38.337064088280236 ], [ -76.85218525457293, 38.333456001539922 ], [ -76.848858768362689, 38.324567309599381 ], [ -76.840252353447966, 38.309011088544302 ], [ -76.832195327028188, 38.291235477516395 ], [ -76.832469548471778, 38.282065570657686 ], [ -76.836360523621735, 38.275954482840824 ], [ -76.840527085029038, 38.27178895843052 ], [ -76.846355472556013, 38.270118016335083 ], [ -76.857465102748449, 38.269568741916622 ], [ -76.864972232707757, 38.271506074891924 ], [ -76.87579088364879, 38.277899883077382 ], [ -76.896085666689714, 38.295675785851628 ], [ -76.915525075930688, 38.309285708007351 ], [ -76.95164368335378, 38.343449785736112 ], [ -76.968306911020306, 38.356510834899495 ], [ -76.97135878296524, 38.360676089306729 ], [ -76.974411670594421, 38.368175495526451 ], [ -76.976913879691395, 38.371502198833028 ], [ -76.976639319338247, 38.37483539947862 ], [ -76.979981660277758, 38.385394148424524 ], [ -76.980255459380686, 38.390399452549282 ], [ -76.982193086105411, 38.395670923846225 ], [ -76.982467989553783, 38.399286982135465 ], [ -76.991914434849676, 38.424005431116363 ], [ -76.99719406478593, 38.432894012892611 ], [ -77.014421289169292, 38.450669121029946 ], [ -77.01831223383347, 38.461228015842934 ], [ -77.018862320842246, 38.47122311897246 ], [ -77.021929123539934, 38.480941882886626 ], [ -77.022752666055339, 38.480941808773608 ], [ -77.026369623018908, 38.478721906526509 ], [ -77.025804343836057, 38.477333217206464 ], [ -77.026644349929484, 38.477607625166897 ], [ -77.02803230052335, 38.475670297083397 ], [ -77.033021739869469, 38.466225547800853 ], [ -77.034975757194857, 38.460114381532506 ], [ -77.034701548262447, 38.452614621790595 ], [ -77.036364288150097, 38.447061090944288 ], [ -77.04025478862539, 38.443170299946935 ], [ -77.039980347837101, 38.44149935666411 ], [ -77.044420345301788, 38.439004906985083 ], [ -77.048311824444895, 38.435388342634774 ], [ -77.05803217815965, 38.430399054729783 ], [ -77.066653995082405, 38.423448481758413 ], [ -77.070543971053098, 38.419282909966093 ], [ -77.079424913105655, 38.414003609414323 ], [ -77.084430907328354, 38.412889820518025 ], [ -77.090533287757808, 38.413447008001178 ], [ -77.096087685810673, 38.418726268438299 ], [ -77.102755875233285, 38.438165289492815 ], [ -77.103306171912394, 38.44789209466208 ], [ -77.097751521259497, 38.456222963336195 ], [ -77.095539276321617, 38.457062192561146 ], [ -77.097202144687344, 38.458725664872581 ], [ -77.103032108096315, 38.460396235052727 ], [ -77.107471473597883, 38.460670770322146 ], [ -77.123585813999583, 38.457619488739141 ], [ -77.128865069787892, 38.45567459172738 ], [ -77.131078032442318, 38.451782905174248 ], [ -77.127750746616442, 38.447610448447257 ], [ -77.123020877561231, 38.445389423224704 ], [ -77.119419848187434, 38.442613153426123 ], [ -77.116642137219415, 38.437333393607496 ], [ -77.115528939861449, 38.432061829432016 ], [ -77.118580579442309, 38.413729437640278 ], [ -77.121357481731636, 38.40872437588763 ], [ -77.122196347241186, 38.405389655174943 ], [ -77.129688071374389, 38.396227680856207 ], [ -77.136921537161356, 38.390673510210576 ], [ -77.167470761205195, 38.374004148984945 ], [ -77.178030590111788, 38.369006093725837 ], [ -77.184132999885321, 38.366786066949309 ], [ -77.190252413578477, 38.365672849974821 ], [ -77.198308746818029, 38.365954493339537 ], [ -77.201102174804348, 38.367892739013364 ], [ -77.205266974261605, 38.369281046262543 ], [ -77.23470202489105, 38.390398538790336 ], [ -77.244148304134583, 38.398455407564335 ], [ -77.247474564346589, 38.402338436813928 ], [ -77.249428065821249, 38.412614786146655 ], [ -77.250542189507954, 38.426781796203684 ], [ -77.252205114842951, 38.430672933365379 ], [ -77.251930091856423, 38.433999080942861 ], [ -77.254707283949188, 38.44844847408887 ], [ -77.255820841768809, 38.459282967017195 ], [ -77.264153376514585, 38.484001734446011 ], [ -77.261650333276123, 38.491782726926267 ], [ -77.253594591359317, 38.502898089424015 ], [ -77.2524951572221, 38.507063922190184 ], [ -77.250816672899475, 38.509558640105482 ], [ -77.249702920751531, 38.512618004986479 ], [ -77.249703725152528, 38.518446576128582 ], [ -77.247749628108352, 38.524283371259074 ], [ -77.246086748120689, 38.526778262442441 ], [ -77.237754623334013, 38.532889069167709 ], [ -77.234703156775652, 38.536505086172482 ], [ -77.23331446996383, 38.541226923408004 ], [ -77.233590310816822, 38.54622463968191 ], [ -77.234978260105649, 38.549840173825856 ], [ -77.233590135436572, 38.551779171843414 ], [ -77.229698167922706, 38.555943537261847 ], [ -77.224983193906965, 38.559278119873355 ], [ -77.221091819537506, 38.559834840738787 ], [ -77.216651555069348, 38.561780788098353 ], [ -77.214424620381479, 38.561223508067542 ], [ -77.205238519852571, 38.562840766939743 ], [ -77.193581016129016, 38.563725506155471 ], [ -77.181648064285497, 38.567059859323258 ], [ -77.170248465661643, 38.576779431073426 ], [ -77.172201673711385, 38.57706200345644 ], [ -77.181922244602575, 38.574834416124169 ], [ -77.188026101684855, 38.575390489326281 ], [ -77.192756996503007, 38.577610983915072 ], [ -77.193580832606244, 38.580670373428049 ], [ -77.191642581025022, 38.583721917681494 ], [ -77.190254092272454, 38.589001201927033 ], [ -77.185248777167601, 38.598445743597651 ], [ -77.182197801459708, 38.601505169394208 ], [ -77.1802599467985, 38.605945555927228 ], [ -77.175528679745739, 38.609279998796723 ], [ -77.171637697734354, 38.610110955111857 ], [ -77.146368750346653, 38.611499287067424 ], [ -77.136373589769789, 38.614559538364162 ], [ -77.128027064924083, 38.617885786627212 ], [ -77.119696231128287, 38.623996526617425 ], [ -77.115529538093739, 38.628161852475792 ], [ -77.111089367965562, 38.637058085864652 ], [ -77.108861626605432, 38.643725049789985 ], [ -77.106084505027823, 38.663995754027155 ], [ -77.101095090664259, 38.674280292510566 ], [ -77.09497585503037, 38.681497879529999 ], [ -77.079426497534797, 38.689828732995799 ], [ -77.073598432470646, 38.691492389657718 ], [ -77.069156919491732, 38.693719128197529 ], [ -77.059696109255157, 38.695382733738015 ], [ -77.059132557683213, 38.696496673729222 ], [ -77.036914881503009, 38.698716795205385 ], [ -77.031376020140499, 38.698159470044857 ], [ -77.026645180562468, 38.698716311999021 ], [ -77.02136493382126, 38.70066212354709 ], [ -77.020541683434899, 38.703996431933227 ], [ -77.021364832241645, 38.706773326367063 ], [ -77.02109076043449, 38.710388779136395 ], [ -77.015536881032673, 38.7220465754611 ], [ -77.020816503402301, 38.736221293148795 ], [ -77.018863202282319, 38.740104740393235 ], [ -77.015811528768495, 38.743720654872213 ], [ -77.011096220280052, 38.747055005413181 ], [ -77.00581662442319, 38.755111235328364 ], [ -77.007479427430411, 38.759002012857991 ], [ -77.011096679579524, 38.761780089476076 ], [ -77.018313632887029, 38.770660127743149 ], [ -77.018588757906826, 38.778441372819564 ], [ -77.016101796106341, 38.7828826949847 ], [ -77.016925616646333, 38.783720766525967 ], [ -77.014422137447639, 38.788161808906814 ], [ -77.015536289223533, 38.793440540003822 ], [ -77.019152698091133, 38.796217947493325 ], [ -77.022480138331602, 38.803206964818692 ], [ -77.022479105045591, 38.805937614937669 ], [ -77.021365443723766, 38.808997218359046 ], [ -77.017764490960047, 38.813993898046917 ], [ -77.016361547418754, 38.818716484709341 ], [ -77.019152771456959, 38.829832226533654 ], [ -77.01831344525803, 38.841490000433737 ], [ -77.016926244136187, 38.845381079296423 ], [ -77.017475096075785, 38.846212749698246 ], [ -77.015812047007941, 38.848714914760706 ], [ -77.015536869209697, 38.852887948234049 ], [ -77.014148519441434, 38.854550941415994 ], [ -77.014712662976791, 38.863996340959815 ], [ -77.018589302102924, 38.869550198285829 ], [ -77.03302457232239, 38.881215926665945 ], [ -77.031650664714221, 38.881772003297279 ], [ -77.033023834515788, 38.882878169971427 ], [ -77.033314373974562, 38.884831356035534 ], [ -77.039143749074398, 38.892331124453882 ], [ -77.051639732740554, 38.901768942628358 ], [ -77.060811734783641, 38.90537717993594 ], [ -77.061390968810159, 38.904682935307605 ], [ -77.062749789178412, 38.902325372391452 ], [ -77.058858082979143, 38.896771327994145 ], [ -77.055806069962671, 38.889271840822367 ], [ -77.053029495302383, 38.885938154349375 ], [ -77.0524794155601, 38.882878791837506 ], [ -77.049977664647443, 38.878987947742303 ], [ -77.048039593872502, 38.879270161044445 ], [ -77.046360564130325, 38.876210984638732 ], [ -77.043858414570124, 38.875104056392573 ], [ -77.034138650266755, 38.862607886926654 ], [ -77.031924744657459, 38.85816031378161 ], [ -77.033023586794982, 38.857610556396274 ], [ -77.034428654394262, 38.847882896925057 ], [ -77.036915302624806, 38.843435271075023 ], [ -77.037754799578053, 38.837324646839996 ], [ -77.036639874228356, 38.832327362621989 ], [ -77.036640421726432, 38.821219045683129 ], [ -77.034977795934111, 38.817327986497041 ], [ -77.037479721308756, 38.806494140788303 ], [ -77.039418148346527, 38.803435079226034 ], [ -77.039982647951518, 38.799277575737662 ], [ -77.039142940372074, 38.796500728100412 ], [ -77.03897445672547, 38.790449941255943 ], [ -77.038593948174636, 38.786498468026352 ], [ -77.036915769572076, 38.782607202640548 ], [ -77.036091192146444, 38.766502154336195 ], [ -77.034977681372538, 38.761222748308597 ], [ -77.035526609961451, 38.756499661280543 ], [ -77.034701986674079, 38.742332311492547 ], [ -77.035525687717083, 38.736221806022201 ], [ -77.037753893840986, 38.729545614917313 ], [ -77.039692515810543, 38.726494919435545 ], [ -77.042758504637206, 38.722878665693919 ], [ -77.051090307243925, 38.716775022464255 ], [ -77.069157729309993, 38.717324286746482 ], [ -77.088872945722557, 38.706498267620752 ], [ -77.095541321395785, 38.70482743887024 ], [ -77.106084865657593, 38.703995335126983 ], [ -77.109137496711227, 38.705941193047792 ], [ -77.112479367489044, 38.706772510766136 ], [ -77.116919693489976, 38.701218949838349 ], [ -77.118033416766195, 38.691492067246031 ], [ -77.120245957429347, 38.685105729134598 ], [ -77.122748554037059, 38.682611566012469 ], [ -77.126410812551825, 38.681344512568039 ], [ -77.127753544527039, 38.680940255617948 ], [ -77.133033321890935, 38.682611299857243 ], [ -77.13609952208553, 38.686494705173338 ], [ -77.136649406034962, 38.690942188890126 ], [ -77.134147605477352, 38.698716067380644 ], [ -77.13498656811575, 38.701776096501263 ], [ -77.140266422719236, 38.704827546696244 ], [ -77.146933816828991, 38.703995761106022 ], [ -77.152199078029739, 38.701501305877748 ], [ -77.156363894137911, 38.697327288347189 ], [ -77.159980063371535, 38.69177403176699 ], [ -77.161918976937301, 38.685106387970741 ], [ -77.161094249896962, 38.680108352272974 ], [ -77.158042148595186, 38.675386172479072 ], [ -77.154152237842894, 38.672609193110198 ], [ -77.15110022347416, 38.668444114321744 ], [ -77.14137946477716, 38.66232531887222 ], [ -77.134986010092916, 38.656214108995975 ], [ -77.132925500878102, 38.649401075863125 ], [ -77.133521300025706, 38.64815779389604 ], [ -77.139151502508838, 38.643168313455327 ], [ -77.145544871396268, 38.643442835535332 ], [ -77.151099507591979, 38.645388016388665 ], [ -77.154974979195487, 38.644557255859908 ], [ -77.16136897203053, 38.635943940747822 ], [ -77.163169388910276, 38.630236777966523 ], [ -77.169974323560751, 38.626498298985702 ], [ -77.182472287570576, 38.623996857333481 ], [ -77.184867554935678, 38.624431437780373 ], [ -77.188591812827866, 38.625109740230926 ], [ -77.193306621227535, 38.627330645767984 ], [ -77.192192056575507, 38.627330434704156 ], [ -77.19942523428081, 38.63399775643331 ], [ -77.198311937090978, 38.640108981413789 ], [ -77.196357588979453, 38.644000006103788 ], [ -77.192193283054536, 38.648165513306466 ], [ -77.192193158406269, 38.653163231651192 ], [ -77.19358140399855, 38.655382567813561 ], [ -77.198860628501791, 38.65844178707848 ], [ -77.222482875466213, 38.66232561125787 ], [ -77.226648471798796, 38.660105372360348 ], [ -77.230538748342369, 38.656214035293338 ], [ -77.231089016882109, 38.651217234873819 ], [ -77.238030802929131, 38.638720975658472 ], [ -77.239984705894614, 38.62066243933684 ], [ -77.245812593823899, 38.611224826992043 ], [ -77.247751210789716, 38.604831439453136 ], [ -77.247476750212826, 38.602611345764608 ], [ -77.248590743134301, 38.598720453376629 ], [ -77.252206434357959, 38.59372357476699 ], [ -77.263040086273804, 38.587887697246522 ], [ -77.265817002917601, 38.585110028537628 ], [ -77.266930802185428, 38.581784346518909 ], [ -77.266106809876604, 38.578167514208964 ], [ -77.260949197044852, 38.571614174542887 ], [ -77.25721130201822, 38.569279769610816 ], [ -77.25832518137986, 38.569005365055673 ], [ -77.258050536990609, 38.566785294209119 ], [ -77.261102164335625, 38.565388620616616 ], [ -77.269433001470503, 38.559002942483346 ], [ -77.2761008892397, 38.555387334663116 ], [ -77.28026784510088, 38.554281192068274 ], [ -77.283318407582911, 38.549840865536858 ], [ -77.279702654834722, 38.544279188373359 ], [ -77.279153688733743, 38.539839362596425 ], [ -77.277489253577968, 38.539557284295277 ], [ -77.277062208268873, 38.535040647520653 ], [ -77.278314287548312, 38.531500930601133 ], [ -77.287758983625011, 38.521224183306884 ], [ -77.291374829488973, 38.518446941783594 ], [ -77.30414662769887, 38.495666409712896 ], [ -77.303581799473065, 38.491500724122766 ], [ -77.307199305609359, 38.480942210645793 ], [ -77.308038193943204, 38.474831687364457 ], [ -77.307748330082433, 38.469002589582431 ], [ -77.309136106763361, 38.459557104778163 ], [ -77.310525152071008, 38.43816526889217 ], [ -77.311913043595894, 38.430673475791551 ], [ -77.307289594492019, 38.41198928774071 ], [ -77.306649405413253, 38.407335493170635 ], [ -77.309700376846763, 38.408724616408378 ], [ -77.313317885771056, 38.414278436554092 ], [ -77.313317237389569, 38.417620315493984 ], [ -77.314706354771104, 38.419283658339282 ], [ -77.314980717590657, 38.42150339482501 ], [ -77.316934340333759, 38.424006219013314 ], [ -77.319161290571031, 38.425119380395614 ], [ -77.328317312696484, 38.433176655392053 ], [ -77.331383873032649, 38.434282004621423 ], [ -77.33443622446984, 38.437059977794057 ], [ -77.33915092816919, 38.439279956531486 ], [ -77.341653215001955, 38.439836754193131 ], [ -77.346933590092704, 38.43789065401257 ], [ -77.34887123155238, 38.43123037261816 ], [ -77.347757165155997, 38.426225951027632 ], [ -77.347757550345577, 38.420671603047893 ], [ -77.346093776365791, 38.416789180998343 ], [ -77.341653066027419, 38.410944355630612 ], [ -77.326104359441189, 38.402613113996779 ], [ -77.305535155611196, 38.387622487019947 ], [ -77.298317771841724, 38.379001001631565 ], [ -77.28775883683447, 38.36956395323984 ], [ -77.283027780137488, 38.361507071010671 ], [ -77.283866906893962, 38.359011746186376 ], [ -77.288307289003228, 38.356227493388396 ], [ -77.308037705274813, 38.356510156642713 ], [ -77.323876344509287, 38.358173259225644 ], [ -77.334984865899116, 38.354564914310785 ], [ -77.338602103387529, 38.351787993716286 ], [ -77.339151034558768, 38.35039984390751 ], [ -77.337213334522176, 38.347897356447717 ], [ -77.333032269810559, 38.346508888683239 ], [ -77.319710690535828, 38.345394136481225 ], [ -77.293312164849155, 38.3453936689763 ], [ -77.288308268616518, 38.344280477059719 ], [ -77.28386639120211, 38.344280559085 ], [ -77.268867383316831, 38.34011424670345 ], [ -77.257483810757364, 38.335674925756713 ], [ -77.246039728693162, 38.332958241388361 ], [ -77.231651134408239, 38.334285652109251 ], [ -77.22386858691074, 38.333729562583194 ], [ -77.193030030755338, 38.339008908898812 ], [ -77.173589726023309, 38.340954308169493 ], [ -77.167760388134084, 38.342617579793433 ], [ -77.161366420846832, 38.344836829816657 ], [ -77.151646511294004, 38.350123858201549 ], [ -77.145542519605485, 38.352344242956768 ], [ -77.125522915976845, 38.364010001682523 ], [ -77.114979305578373, 38.368450235133395 ], [ -77.093860331305677, 38.37428614745388 ], [ -77.075259028252063, 38.37622444096187 ], [ -77.061632859871494, 38.382060045907565 ], [ -77.062472856657408, 38.38206016833081 ], [ -77.062197733054603, 38.38289217728579 ], [ -77.053865704319492, 38.389010913889265 ], [ -77.049974970130137, 38.393175742186088 ], [ -77.042756768177767, 38.398730517488396 ], [ -77.034135703783605, 38.40261312353659 ], [ -77.029695364319451, 38.402612827094487 ], [ -77.026094438856191, 38.401339416346609 ], [ -77.012757942677155, 38.390956560569791 ], [ -77.010254688791065, 38.386783095115284 ], [ -77.008042384105053, 38.385119595818821 ], [ -77.006653485704348, 38.38122831930076 ], [ -77.002763452789182, 38.376506599147362 ], [ -76.998856406008755, 38.367892788792084 ], [ -76.998032879939871, 38.35178825365891 ], [ -76.999421561504391, 38.340672444985508 ], [ -77.002488448116424, 38.33511837369646 ], [ -77.006653518704525, 38.330120743067553 ], [ -77.03469978419011, 38.32790123712175 ], [ -77.040528734823326, 38.326230270753655 ], [ -77.044695302302443, 38.324292633888803 ], [ -77.046083582796697, 38.322346566685702 ], [ -77.046648578239484, 38.320957994372073 ], [ -77.045533531151207, 38.318730207818803 ], [ -77.046083504447893, 38.317342707612944 ], [ -77.043032099722197, 38.314839752268234 ], [ -77.029420216082443, 38.312062970104158 ], [ -77.023027071648571, 38.309560306970639 ], [ -77.018036916237492, 38.305676949811492 ], [ -77.011643047461675, 38.302618168425155 ], [ -77.002762601036423, 38.294287083478523 ], [ -76.99524035669765, 38.28873260831989 ], [ -76.991638871062619, 38.283178659041056 ], [ -76.988295963465021, 38.27984526122534 ], [ -76.987198054446878, 38.276786306207164 ], [ -76.984694967829128, 38.273451254628533 ], [ -76.976913002353911, 38.269285871287671 ], [ -76.965529960365316, 38.265677791833518 ], [ -76.954970760618124, 38.258735007878457 ], [ -76.949691090632797, 38.250679302623894 ], [ -76.948028122736346, 38.246787729247394 ], [ -76.947737223752014, 38.244842673492606 ], [ -76.948577028214231, 38.242065917101591 ], [ -76.949462059935243, 38.241570006731102 ], [ -76.954420475698797, 38.238173881563533 ], [ -76.954421500365541, 38.234847688687815 ], [ -76.951644159872529, 38.227340838944954 ], [ -76.950254583751843, 38.220673351315895 ], [ -76.951918444392476, 38.215400801822248 ], [ -76.952192790284485, 38.211235601341748 ], [ -76.950804646799398, 38.206787405076156 ], [ -76.948850787659509, 38.204292933168212 ], [ -76.93967976227971, 38.202621679514131 ], [ -76.932187859158432, 38.203179390872876 ], [ -76.916638864950301, 38.200402110249385 ], [ -76.903866501378246, 38.195122934819416 ], [ -76.876627798909553, 38.178460143912929 ], [ -76.859415152819182, 38.17318074550311 ], [ -76.853021683159795, 38.17040334255978 ], [ -76.837472296166098, 38.167626897860195 ], [ -76.824135874268023, 38.167901213904443 ], [ -76.817192948138583, 38.167068836776529 ], [ -76.792748004294836, 38.169571391273536 ], [ -76.778862083421487, 38.168182648904498 ], [ -76.772743647477526, 38.166229705051435 ], [ -76.762747498477154, 38.160950656718867 ], [ -76.753301280807577, 38.148461357437199 ], [ -76.744130434632339, 38.141235847827161 ], [ -76.736897173342214, 38.137627575457493 ], [ -76.726353796471741, 38.13429305251853 ], [ -76.719135556178273, 38.133461752349277 ], [ -76.707461946554247, 38.136238376889942 ], [ -76.68912159173793, 38.151512733587154 ], [ -76.680514644469199, 38.15539506019838 ], [ -76.668018341926455, 38.154563167003765 ], [ -76.659411780324334, 38.150672459049652 ], [ -76.64691376197797, 38.141791464741274 ], [ -76.637193872249938, 38.138731914430956 ], [ -76.629395478885272, 38.14067787851949 ], [ -76.626344648849425, 38.143454351428879 ], [ -76.618562415311601, 38.148177680352632 ], [ -76.607178774725469, 38.150397701376434 ], [ -76.594222605017777, 38.148474113235373 ], [ -76.59106484151944, 38.144285512191864 ], [ -76.58940051851593, 38.140402461963383 ], [ -76.592178374902275, 38.129287146925108 ], [ -76.589125908808498, 38.116515313431137 ], [ -76.575240540682259, 38.10401018386181 ], [ -76.561339032398749, 38.095672207981252 ], [ -76.539671298864945, 38.084563750247789 ], [ -76.530790341955083, 38.078734529331562 ], [ -76.522732277500637, 38.067900931717922 ], [ -76.5196808701251, 38.061545021683472 ], [ -76.518292128064388, 38.053175440511836 ], [ -76.519955775478664, 38.047621781852328 ], [ -76.525235948950865, 38.04540210870946 ], [ -76.536893880858599, 38.043457049484488 ], [ -76.538282065592512, 38.038733802609613 ], [ -76.535504220701441, 38.035956855829816 ], [ -76.533292184980709, 38.032065872524811 ], [ -76.532743147025116, 38.028457672787567 ], [ -76.529675915153234, 38.020957949430397 ], [ -76.524396759993621, 38.017898011055991 ], [ -76.517743581935022, 38.018454880722089 ], [ -76.513577866939187, 38.02067495854233 ], [ -76.500790799998583, 38.023734776788935 ], [ -76.486614117209442, 38.022895061589452 ], [ -76.470515131872787, 38.019010929945665 ], [ -76.453364296327607, 38.011168341706693 ], [ -76.450235358555304, 38.007346446359698 ], [ -76.450236372309334, 38.004569054093167 ], [ -76.452174147802054, 38.00151742323763 ], [ -76.464686064544622, 37.995672975875863 ], [ -76.464687001889374, 37.989844914836475 ], [ -76.458293267022441, 37.987342626504642 ], [ -76.448556558826965, 37.989561803711503 ], [ -76.444116471395816, 37.989287960410699 ], [ -76.439386434103127, 37.990675880160509 ], [ -76.432732187599953, 37.990676232686091 ], [ -76.427728464015701, 37.990401565730743 ], [ -76.416619583136537, 37.987624363113341 ], [ -76.409401404797308, 37.977065749030189 ], [ -76.399955208567832, 37.972342680997848 ], [ -76.349111318418011, 37.956786210277173 ], [ -76.309940302562168, 37.941228751760221 ], [ -76.290224870323669, 37.935117719660198 ], [ -76.278841074942179, 37.929289022658772 ], [ -76.272173302799771, 37.926786051166665 ], [ -76.251068694741178, 37.914007205443291 ], [ -76.246887344503961, 37.910398486482862 ], [ -76.244384653624579, 37.907064724180621 ], [ -76.241333646565778, 37.905119318107893 ], [ -76.2364658444627, 37.898618645976349 ], [ -76.233825966481049, 37.895398796323036 ], [ -76.233551704107228, 37.893179004985519 ], [ -76.232436897500918, 37.893735890869401 ], [ -76.232163060787556, 37.89206556005022 ], [ -76.227723071510354, 37.886236275078225 ], [ -76.228836316150463, 37.880117861645402 ], [ -76.227996724590781, 37.877340181082403 ], [ -76.237717175935273, 37.847617037072439 ], [ -76.238555831360273, 37.842894410122277 ], [ -76.242722306115951, 37.835395274956568 ], [ -76.244660246216057, 37.828735267010515 ], [ -76.248276052063986, 37.823737726574585 ], [ -76.252732612688746, 37.82040431189268 ], [ -76.256624108884949, 37.819846994860718 ], [ -76.263292138880587, 37.82179301060124 ], [ -76.272173123057328, 37.827904611552675 ], [ -76.278551401712122, 37.835953249557448 ], [ -76.282732629371253, 37.839844047112052 ], [ -76.290773989107237, 37.845399029087652 ], [ -76.300494257511261, 37.848733159855534 ], [ -76.305224039316613, 37.851235584611963 ], [ -76.315769226827399, 37.851792526517329 ], [ -76.320789161094794, 37.85067891853604 ], [ -76.322176863003662, 37.846230958969869 ], [ -76.321337753739726, 37.840402604711826 ], [ -76.319125119183468, 37.833459678272767 ], [ -76.320224782017974, 37.821794167220496 ], [ -76.318286925303013, 37.819292704142022 ], [ -76.307437181097285, 37.813738109596478 ], [ -76.30522379468843, 37.798463435939283 ], [ -76.302996910926453, 37.794016665475375 ], [ -76.291613365492552, 37.782626017535861 ], [ -76.291048554955651, 37.778177522242324 ], [ -76.294664094482982, 37.773180653772172 ], [ -76.298555085788408, 37.761516063182889 ], [ -76.297167360332693, 37.754298969477603 ], [ -76.298280933233272, 37.745402441448817 ], [ -76.300218938779253, 37.74206827382779 ], [ -76.304109553492069, 37.741512314744114 ], [ -76.308824822700885, 37.743739948645818 ], [ -76.316622788576225, 37.744572115387221 ], [ -76.321903033642016, 37.74235232639964 ], [ -76.323290826957376, 37.738178030497487 ], [ -76.322177114130866, 37.733181816665017 ], [ -76.315492948094857, 37.728458933636141 ], [ -76.309938707506859, 37.72317866556174 ], [ -76.291337679415207, 37.713741114738134 ], [ -76.287172491149093, 37.710124346316668 ], [ -76.284944231838125, 37.706789775045841 ], [ -76.282990764553261, 37.701518142910331 ], [ -76.285218879481917, 37.697070424427473 ], [ -76.294938989802588, 37.692622826361415 ], [ -76.301881396737002, 37.692622440040886 ], [ -76.313280051986141, 37.696514451756649 ], [ -76.318560557226178, 37.697346302828862 ], [ -76.320513613560195, 37.696513913900191 ], [ -76.323290908390206, 37.694012347505627 ], [ -76.320788077604803, 37.687900675837724 ], [ -76.317171870674727, 37.682346158795838 ], [ -76.316332066947965, 37.679294375822074 ], [ -76.31689690455309, 37.675403665065346 ], [ -76.319948390679869, 37.673184246314712 ], [ -76.325502588416683, 37.672901834561515 ], [ -76.336885668729892, 37.66873662531134 ], [ -76.337450883824758, 37.661794068795565 ], [ -76.335787206408597, 37.657902188244023 ], [ -76.332736152261049, 37.65401216220382 ], [ -76.327166797983594, 37.650677126802357 ], [ -76.319124670129909, 37.643459327338576 ], [ -76.317735638201981, 37.639019326423956 ], [ -76.318833909380487, 37.635685620857103 ], [ -76.317171499571472, 37.631794557673842 ], [ -76.31382930098259, 37.631237523576161 ], [ -76.307436103682107, 37.634296755375978 ], [ -76.304658192989081, 37.632068841040947 ], [ -76.306047227313073, 37.627620328816754 ], [ -76.305498229068718, 37.626789444628763 ], [ -76.313555215160889, 37.621234840738026 ], [ -76.32495262014956, 37.62568345376301 ], [ -76.327455560553759, 37.62540065481241 ], [ -76.337175919881304, 37.626790054267872 ], [ -76.353274008575184, 37.618734364702426 ], [ -76.360217446031285, 37.621511435118833 ], [ -76.362719885313524, 37.627622175678368 ], [ -76.367435092678448, 37.632627925217129 ], [ -76.371326653306355, 37.634854946214816 ], [ -76.397449773847242, 37.640128014482002 ], [ -76.40689647511573, 37.641242186485201 ], [ -76.412175334370588, 37.644294440509825 ], [ -76.412450600725052, 37.646521422782484 ], [ -76.410496557293911, 37.658179779852837 ], [ -76.413000278207718, 37.661514180268746 ], [ -76.421056768953562, 37.664291601102228 ], [ -76.426062262900075, 37.663184978013817 ], [ -76.429387797260816, 37.66095678948367 ], [ -76.436330527506101, 37.652625872398211 ], [ -76.441046416335894, 37.655129104169681 ], [ -76.444114103910778, 37.65901935311463 ], [ -76.448004152099685, 37.662071408322376 ], [ -76.448554129858252, 37.664848706298073 ], [ -76.452735343998654, 37.672073556957024 ], [ -76.451621243337357, 37.68373946470544 ], [ -76.452735233844734, 37.690964201568839 ], [ -76.454124138364506, 37.692749858384524 ], [ -76.455787295156355, 37.695679557774369 ], [ -76.465233332040228, 37.702630300864456 ], [ -76.46855962133759, 37.703187871747872 ], [ -76.475227123700179, 37.702355792805804 ], [ -76.47911804353275, 37.698182134044124 ], [ -76.481621672046799, 37.690965687498796 ], [ -76.479118273521522, 37.684854671010093 ], [ -76.478554233432803, 37.68124489494722 ], [ -76.478553869562447, 37.678468356862751 ], [ -76.480232267934866, 37.673189181333228 ], [ -76.487724104670534, 37.66429248115081 ], [ -76.490501542795514, 37.65568736009601 ], [ -76.494666912120337, 37.654298195565531 ], [ -76.504402643784573, 37.659853160698511 ], [ -76.510797166688903, 37.662348638190373 ], [ -76.517174652410034, 37.667352899439244 ], [ -76.522729810772617, 37.674578126790173 ], [ -76.524392995027242, 37.678469107822863 ], [ -76.523004591334782, 37.687906742792926 ], [ -76.520226857987765, 37.6942929749844 ], [ -76.521341233577317, 37.698740929625828 ], [ -76.520517298719227, 37.699297794934125 ], [ -76.520792102969892, 37.700136331255699 ], [ -76.526346559869836, 37.706239799266278 ], [ -76.534402970127658, 37.711802350028471 ], [ -76.538279592485111, 37.716242466233751 ], [ -76.554667705217781, 37.72985354845764 ], [ -76.561335870898688, 37.739024367946662 ], [ -76.565501982279855, 37.743189769569 ], [ -76.565776664930112, 37.745409743687198 ], [ -76.569957890801206, 37.754579850817962 ], [ -76.574688514823492, 37.768190188442837 ], [ -76.574962232351652, 37.775964661148159 ], [ -76.57717523534113, 37.779297891953512 ], [ -76.581356293780573, 37.780686511361566 ], [ -76.591626150697891, 37.779298167671065 ], [ -76.597730048398773, 37.779856080794438 ], [ -76.605236997828584, 37.781801397284113 ], [ -76.610502339764437, 37.785134558291318 ], [ -76.612730006173678, 37.789575066798072 ], [ -76.612729656441672, 37.795411819948711 ], [ -76.610502369490533, 37.801796594128284 ], [ -76.610502282593373, 37.807350956954416 ], [ -76.613447311924574, 37.80982265010644 ], [ -76.614118145805293, 37.810410096581911 ], [ -76.613568357808902, 37.80957107963566 ], [ -76.618834120671721, 37.812630230792728 ], [ -76.629393503756745, 37.813187730390361 ], [ -76.635801835819223, 37.810409887352542 ], [ -76.640516265316037, 37.809296652396931 ], [ -76.658018555961505, 37.814576211813225 ], [ -76.661895503873012, 37.818192488345119 ], [ -76.662459910203424, 37.822632026675599 ], [ -76.660231573253881, 37.829018096167836 ], [ -76.660232140723565, 37.83485436002654 ], [ -76.663009584058784, 37.837348757453128 ], [ -76.667174284553596, 37.83596045633228 ], [ -76.671066031551632, 37.831802109918172 ], [ -76.675506727304295, 37.829856623313404 ], [ -76.682998527069941, 37.828742986470914 ], [ -76.689117957264358, 37.829017949313275 ], [ -76.702179175503744, 37.833190932207678 ], [ -76.709687211768724, 37.837905857599637 ], [ -76.711076115032157, 37.841796888167693 ], [ -76.716340530046452, 37.84790782260756 ], [ -76.722458072010141, 37.85790997309887 ], [ -76.725510302434856, 37.861517843373541 ], [ -76.728287479101041, 37.867628651304642 ], [ -76.729676309471643, 37.877074369659042 ], [ -76.731904545388517, 37.881514574589907 ], [ -76.736069402867514, 37.885130074943298 ], [ -76.744949934457964, 37.887632338930516 ], [ -76.748566671663056, 37.89040944128292 ], [ -76.751634414580806, 37.895132185339826 ], [ -76.754135726520389, 37.904844494074055 ], [ -76.755249878181473, 37.914845405242019 ], [ -76.766084166375435, 37.926793468868354 ], [ -76.776354535149792, 37.930958709905156 ], [ -76.777757643715958, 37.929974326176776 ], [ -76.778856594107125, 37.931241166534527 ], [ -76.786073954520916, 37.93401058653405 ], [ -76.792742634646643, 37.936239075314198 ], [ -76.800509661353686, 37.93762755928411 ], [ -76.805240510162449, 37.939847485247064 ], [ -76.819965084357477, 37.944287543729672 ], [ -76.829975602085014, 37.949567214604585 ], [ -76.834126097760944, 37.953183652440423 ], [ -76.837468395019854, 37.957348890688145 ], [ -76.83885701262362, 37.961240341334275 ], [ -76.839130941900436, 37.96623658175897 ], [ -76.838292135770004, 37.970959472539612 ], [ -76.839405665145989, 37.984294948402891 ], [ -76.842183711031822, 37.987072594635841 ], [ -76.869407264731535, 37.995677766329813 ], [ -76.878012936402968, 37.999569495880912 ], [ -76.881630147837129, 38.002353568071072 ], [ -76.888023273016913, 38.009853988390319 ], [ -76.891365685029101, 38.019573467099455 ], [ -76.891640415976866, 38.024570254668411 ], [ -76.893853514232617, 38.029293035284951 ], [ -76.895807149881264, 38.039294488238909 ], [ -76.898034206555863, 38.044016999648946 ], [ -76.899132723347293, 38.049014088860062 ], [ -76.907189999906805, 38.063181978036319 ], [ -76.912745403678954, 38.068461341271821 ], [ -76.914133962838136, 38.072353210473544 ], [ -76.920527996195062, 38.08068358817453 ], [ -76.928859036712879, 38.088458434042636 ], [ -76.938579171938613, 38.095125489877105 ], [ -76.949413470237261, 38.100679837477429 ], [ -76.959974101441276, 38.104845925413294 ], [ -76.960522139715067, 38.105685521455037 ], [ -76.964413917933584, 38.107904719000388 ], [ -76.982465796427576, 38.112902008604756 ], [ -77.002760886244005, 38.114573012921404 ], [ -77.014708786030042, 38.11679388941505 ], [ -77.017195476718214, 38.117899671024134 ], [ -77.016646122734841, 38.117068208597168 ], [ -77.018035284306734, 38.118181589290899 ], [ -77.023025416619205, 38.119014215923954 ], [ -77.027755113092311, 38.121507984097178 ], [ -77.031081740487636, 38.125399612957573 ], [ -77.033309503370305, 38.132342336537299 ], [ -77.034699410173204, 38.142900491085875 ], [ -77.036636514033177, 38.147623138933632 ], [ -77.043305467568629, 38.155123235281522 ], [ -77.047745511918095, 38.158174561545977 ], [ -77.052475844817423, 38.160401837476684 ], [ -77.053574578956898, 38.159845575274254 ], [ -77.058304535353173, 38.16233989279602 ], [ -77.067475455262354, 38.16401056051113 ], [ -77.07220632614434, 38.163454162051522 ], [ -77.072205559665804, 38.164285709742003 ], [ -77.092759797682206, 38.164567813468139 ], [ -77.118853720104696, 38.173738170787836 ], [ -77.128024045201258, 38.17540036733147 ], [ -77.133593657252007, 38.172898447646645 ], [ -77.134143320876163, 38.170404066939454 ], [ -77.130526432525187, 38.165398484135565 ], [ -77.128024309397759, 38.164285158874854 ], [ -77.120532375227668, 38.156511572326046 ], [ -77.116091663809854, 38.150957087365462 ], [ -77.111360612048358, 38.142900922737539 ], [ -77.109422737703909, 38.141236864862428 ], [ -77.104966642534421, 38.140406165597177 ], [ -77.099137783641211, 38.142068600154737 ], [ -77.09025829096359, 38.149568471229216 ], [ -77.08720537815104, 38.150957468319383 ], [ -77.083314524700313, 38.148180136299054 ], [ -77.081926108138092, 38.144289619991191 ], [ -77.079987844086162, 38.141794419679265 ], [ -77.074143058606694, 38.143457834876607 ], [ -77.069428510762592, 38.146791557777995 ], [ -77.063859197904179, 38.147074345057412 ], [ -77.05830426640776, 38.1454033472749 ], [ -77.050248488407163, 38.139017143397133 ], [ -77.049133395660562, 38.134012757022774 ], [ -77.048584255132923, 38.119013982924237 ], [ -77.040253040018783, 38.107630551296282 ], [ -77.033019648824322, 38.102068629325053 ], [ -77.028304720778209, 38.100405543062102 ], [ -77.024703519489208, 38.097620915989026 ], [ -77.016356795127734, 38.095401290572326 ], [ -76.992751061486643, 38.095126820898606 ], [ -76.978574161991446, 38.091792442582459 ], [ -76.955532708371678, 38.081797565028644 ], [ -76.939678464859895, 38.072353391200721 ], [ -76.930246915026288, 38.062067992504652 ], [ -76.926630575990686, 38.059291966283972 ], [ -76.919412666499198, 38.048183298020078 ], [ -76.916086174709122, 38.038463385781021 ], [ -76.916085740217596, 38.032901358095657 ], [ -76.914407116563936, 38.029010242081355 ], [ -76.915246631012266, 38.02429558067584 ], [ -76.91330839364565, 38.016239983930426 ], [ -76.913583401373685, 38.01263118836269 ], [ -76.91274354837897, 38.009022679464003 ], [ -76.912743363930801, 38.003460626938889 ], [ -76.914132330873315, 37.999569170156434 ], [ -76.913857940912123, 37.992352260534432 ], [ -76.910515350408247, 37.984853020070879 ], [ -76.908028431841245, 37.981511019428751 ], [ -76.904412396828761, 37.978734746590696 ], [ -76.897468496868143, 37.975125788248448 ], [ -76.883856618249112, 37.970402858539096 ], [ -76.878287157309202, 37.967343617124513 ], [ -76.869681124538161, 37.960126468816981 ], [ -76.860800839240781, 37.948461053672915 ], [ -76.857184035242028, 37.940961192668055 ], [ -76.854406982030724, 37.937627223813777 ], [ -76.852468466035148, 37.932905453109576 ], [ -76.846074453473634, 37.926794656544011 ], [ -76.84384652193296, 37.922903162205778 ], [ -76.841069144098213, 37.920126398224447 ], [ -76.832753342556913, 37.915128871007418 ], [ -76.818027364213862, 37.912901156095913 ], [ -76.814961018087658, 37.909017808725622 ], [ -76.814960361079059, 37.906789905418655 ], [ -76.803012446945019, 37.898741748088938 ], [ -76.795520871946366, 37.898741112000039 ], [ -76.79079037120232, 37.900130365832091 ], [ -76.786349444031075, 37.899854507391638 ], [ -76.782183184980056, 37.896238753606895 ], [ -76.778856636900954, 37.892073542210717 ], [ -76.776079494534912, 37.886793530487246 ], [ -76.773577520960842, 37.872069155101009 ], [ -76.773852107052704, 37.868736202211792 ], [ -76.765795225198204, 37.854575757497727 ], [ -76.764696514994085, 37.849296498797429 ], [ -76.761629820152251, 37.844574041061577 ], [ -76.75496062552169, 37.837074275906005 ], [ -76.746629918140727, 37.829857233627003 ], [ -76.739396053754206, 37.821519006444916 ], [ -76.731354680587785, 37.810128140352241 ], [ -76.724396955488572, 37.798189017222143 ], [ -76.715516041699885, 37.792077290387191 ], [ -76.710800758331231, 37.789857823715593 ], [ -76.698289262767418, 37.789025941309099 ], [ -76.694671887731772, 37.789575659749531 ], [ -76.682174565247621, 37.786523852510086 ], [ -76.675780718696288, 37.783746547053894 ], [ -76.673842900622958, 37.779298476005799 ], [ -76.675232345207135, 37.769022279990523 ], [ -76.671905387798759, 37.765413542850958 ], [ -76.65495283261339, 37.762079976160557 ], [ -76.643020277880453, 37.762636310002435 ], [ -76.628553753537162, 37.759859138567158 ], [ -76.614682258023691, 37.752917594585753 ], [ -76.611890056706642, 37.744021500073387 ], [ -76.607449123535588, 37.738185132527903 ], [ -76.604672451328852, 37.736246664214576 ], [ -76.594952734478852, 37.732905979739385 ], [ -76.589397750888949, 37.727625825575181 ], [ -76.589397331554238, 37.72540583800501 ], [ -76.587460043999357, 37.722353900777179 ], [ -76.586621147880578, 37.717349230524 ], [ -76.58746056051146, 37.71124519805808 ], [ -76.586620284845637, 37.705965767472925 ], [ -76.583004412377591, 37.70041128709186 ], [ -76.583294269003787, 37.699854405997321 ], [ -76.581356553894452, 37.699572257592365 ], [ -76.578014489949908, 37.695963923223218 ], [ -76.576350761211799, 37.692904510396794 ], [ -76.573008560475046, 37.684573384755339 ], [ -76.56968305341897, 37.669024153221322 ], [ -76.567454324460073, 37.664576823553006 ], [ -76.559108375219864, 37.654299921811607 ], [ -76.555232015850038, 37.652353626779124 ], [ -76.551890253877957, 37.648745147062527 ], [ -76.542444648165585, 37.636522686812363 ], [ -76.541619954727679, 37.633470595540771 ], [ -76.538004632731145, 37.63068632948751 ], [ -76.535501398965735, 37.627351915335574 ], [ -76.523842496512529, 37.621515786052925 ], [ -76.512734278439623, 37.619294654200843 ], [ -76.512734531249961, 37.620126336228381 ], [ -76.500237166959991, 37.620409368930211 ], [ -76.481345768206168, 37.622354274898562 ], [ -76.46578100817139, 37.620682375381577 ], [ -76.444937053526758, 37.615684200365692 ], [ -76.437719312100583, 37.615684327473694 ], [ -76.429113122435979, 37.617629491040702 ], [ -76.422719028506421, 37.614852837664884 ], [ -76.420780899801613, 37.6123501656256 ], [ -76.421055705930215, 37.603461586802588 ], [ -76.416066256072384, 37.596793073106355 ], [ -76.405231393247675, 37.588179776645532 ], [ -76.398838089080513, 37.58568403226198 ], [ -76.387729901921318, 37.582075569994913 ], [ -76.363559393313722, 37.57790969286053 ], [ -76.348284278449512, 37.57846549745485 ], [ -76.335222011130554, 37.580128587756263 ], [ -76.329957043879077, 37.579014892188283 ], [ -76.319397625567206, 37.572628754680927 ], [ -76.313828673100431, 37.570965165138979 ], [ -76.294387574198495, 37.569851286642695 ], [ -76.28633096162018, 37.567630626192276 ], [ -76.285216986523409, 37.564570681850206 ], [ -76.286606349612114, 37.564014821993915 ], [ -76.288833213509335, 37.559566227208535 ], [ -76.297714603607986, 37.554294905168234 ], [ -76.313553589720328, 37.547077756752572 ], [ -76.33688483647056, 37.544576259054224 ], [ -76.341051389922242, 37.545407433811064 ], [ -76.350221485644028, 37.545133399266447 ], [ -76.353273942045021, 37.546521232772719 ], [ -76.367724052134676, 37.548742530715643 ], [ -76.386066608735803, 37.547910855206908 ], [ -76.391345137978874, 37.545683392300205 ], [ -76.395786812766644, 37.542357196085483 ], [ -76.398288793305213, 37.537909387137127 ], [ -76.398563857519207, 37.534300972153865 ], [ -76.397175109321282, 37.530683835477824 ], [ -76.390505890651752, 37.525687055290327 ], [ -76.368547710739449, 37.527074237625563 ], [ -76.358828472602667, 37.523740125604114 ], [ -76.351609893610686, 37.518185712830416 ], [ -76.34494128814795, 37.509022592634643 ], [ -76.341340737955548, 37.506238296318877 ], [ -76.334397921935832, 37.505406087995325 ], [ -76.333557779035019, 37.504575311100226 ], [ -76.329392200824401, 37.503743649915037 ], [ -76.31773412112301, 37.495961440000599 ], [ -76.315216466455169, 37.49262682956013 ], [ -76.3074346760217, 37.488178778219648 ], [ -76.301055814788526, 37.489017881270847 ], [ -76.293822424245477, 37.491795142045973 ], [ -76.288557900386408, 37.499851752577868 ], [ -76.2896566646466, 37.507076529826179 ], [ -76.292724662872615, 37.514850677534064 ], [ -76.292999154467836, 37.519016202915275 ], [ -76.292159182039683, 37.521793753744987 ], [ -76.289382898306073, 37.524571003575588 ], [ -76.279663195766744, 37.524013350492559 ], [ -76.264677495396157, 37.517627423403852 ], [ -76.256895637110688, 37.511241602512825 ], [ -76.249662605925721, 37.503459041996592 ], [ -76.248273295266173, 37.499568702608599 ], [ -76.244932508878875, 37.495402346316432 ], [ -76.244657752726042, 37.4912374099872 ], [ -76.246610575024775, 37.487903589032094 ], [ -76.250502287903004, 37.48734580858661 ], [ -76.260786937520024, 37.482341312636336 ], [ -76.269666722798647, 37.475124903510782 ], [ -76.274947782404396, 37.467068304167753 ], [ -76.275496587831171, 37.462346229512939 ], [ -76.274672792151989, 37.459851095934432 ], [ -76.266890037464378, 37.455685394184826 ], [ -76.257170143803521, 37.455685246083782 ], [ -76.245770733582063, 37.452068573991291 ], [ -76.241330194460332, 37.449009570939978 ], [ -76.236600941641711, 37.441235737808057 ], [ -76.236051487506501, 37.432629594149127 ], [ -76.236601115259319, 37.431240639861798 ], [ -76.235776069300044, 37.430409096934731 ], [ -76.236601127278533, 37.429852173951815 ], [ -76.236326159918988, 37.420682553568838 ], [ -76.239102839576944, 37.414288579587911 ], [ -76.240491173304378, 37.408178437164935 ], [ -76.239102412571341, 37.395406204381665 ], [ -76.239377426543911, 37.391798024072031 ], [ -76.237440081073515, 37.386519269133125 ], [ -76.237714634403872, 37.37818010901605 ], [ -76.240491614748592, 37.369017357892488 ], [ -76.254392232315084, 37.352073489106203 ], [ -76.259672449448871, 37.340408083638202 ], [ -76.260785679676658, 37.334297130165865 ], [ -76.260221725819974, 37.327911591807961 ], [ -76.261610507084157, 37.324021132703542 ], [ -76.261610380160107, 37.318466202493447 ], [ -76.263288022574642, 37.313187126352929 ], [ -76.264388052394821, 37.312630054692512 ], [ -76.268278064481507, 37.314018828012628 ], [ -76.276609650945787, 37.324852532928574 ], [ -76.289107759009951, 37.335685837895056 ], [ -76.292159795921066, 37.339852327173645 ], [ -76.297163994154943, 37.343743006387761 ], [ -76.30465685792845, 37.351524201988916 ], [ -76.313827329687214, 37.369575530403083 ], [ -76.314666918900244, 37.373184307253396 ], [ -76.314377507399541, 37.376518428231002 ], [ -76.316330753050423, 37.384018051285523 ], [ -76.318008997946876, 37.387352075891393 ], [ -76.324112724618885, 37.387634247739271 ], [ -76.3346723003433, 37.377907539406529 ], [ -76.339387768281384, 37.375961848860875 ], [ -76.346055461338949, 37.375129909025162 ], [ -76.348650052413873, 37.375771426861554 ], [ -76.35966681823588, 37.380684510356474 ], [ -76.364946553290579, 37.384018213603632 ], [ -76.373278280733444, 37.391243654442945 ], [ -76.37883340740764, 37.398743653919645 ], [ -76.38356306025625, 37.406518200723021 ], [ -76.384112783738956, 37.415131297706225 ], [ -76.385501011494725, 37.420127894779426 ], [ -76.386615133260932, 37.429572915412514 ], [ -76.388567744797797, 37.432076110124868 ], [ -76.394397506281479, 37.434014024524856 ], [ -76.395510545225619, 37.433464623253826 ], [ -76.401889713673413, 37.434852773986634 ], [ -76.416614360421235, 37.431244610818652 ], [ -76.424946719701467, 37.425408605290812 ], [ -76.427449374360862, 37.420129351169123 ], [ -76.425770813992983, 37.41707691851208 ], [ -76.422993855067787, 37.414292681163246 ], [ -76.41188474010869, 37.410127286898174 ], [ -76.408283643475642, 37.407350184553046 ], [ -76.405231891727894, 37.403183712768978 ], [ -76.403552894861846, 37.397081237185532 ], [ -76.403842874187674, 37.393746519570975 ], [ -76.403003454730211, 37.390687282069869 ], [ -76.400500793403438, 37.38679615858959 ], [ -76.407718372053438, 37.387353330461643 ], [ -76.427998188791989, 37.393747644338319 ], [ -76.435216519773874, 37.393747097529747 ], [ -76.439947223552778, 37.390413542208123 ], [ -76.443272630206877, 37.385408864491218 ], [ -76.444112610479507, 37.373743610959437 ], [ -76.441045701334261, 37.36957789636854 ], [ -76.432729708779405, 37.362353465316325 ], [ -76.413837437393823, 37.354304318898961 ], [ -76.408557939970024, 37.351243974604401 ], [ -76.404392026594522, 37.347628439608435 ], [ -76.401890323451042, 37.34429447288305 ], [ -76.400226974641683, 37.340410618103903 ], [ -76.401890517715188, 37.336520309519351 ], [ -76.410221336123598, 37.331805462623443 ], [ -76.423558786369796, 37.330416784355371 ], [ -76.429387592911013, 37.32874638131679 ], [ -76.433278588383473, 37.324581132223628 ], [ -76.434102857879054, 37.319858279880968 ], [ -76.429952270989077, 37.316242587657378 ], [ -76.416066684192103, 37.316806764550819 ], [ -76.403843272190258, 37.318743764597471 ], [ -76.390780934670261, 37.317637195280497 ], [ -76.385790803503966, 37.314295624268837 ], [ -76.381046087890297, 37.306522085741818 ], [ -76.374666886195641, 37.298190381899254 ], [ -76.372713672577902, 37.293468305414471 ], [ -76.370776006237023, 37.290973348562723 ], [ -76.369387185238224, 37.281520693394221 ], [ -76.371325660736545, 37.278469050742146 ], [ -76.380770597592559, 37.274020777942695 ], [ -76.400500909218792, 37.270969857331607 ], [ -76.406894939301935, 37.27096993281517 ], [ -76.410495939461853, 37.270131237675827 ], [ -76.413288468886961, 37.270688113498828 ], [ -76.421605579821573, 37.26958156285631 ], [ -76.448003982330377, 37.262914065234618 ], [ -76.45439825149775, 37.26208338656653 ], [ -76.461066903983905, 37.263471351537063 ], [ -76.470511816269664, 37.268194274648991 ], [ -76.479118107913379, 37.268468889891196 ], [ -76.484671977924776, 37.270132476699558 ], [ -76.49189050763519, 37.273749213672211 ], [ -76.494393574898453, 37.277082500861717 ], [ -76.514123162753975, 37.293470877326129 ], [ -76.524392073810276, 37.297636785699581 ], [ -76.539118418425332, 37.302077138707844 ], [ -76.54328405423081, 37.305693101690451 ], [ -76.54494704644712, 37.311521993271619 ], [ -76.547174874287151, 37.315412572083908 ], [ -76.552729419740487, 37.318746941970396 ], [ -76.559947211027179, 37.320135566181371 ], [ -76.567179512497162, 37.320135139482865 ], [ -76.573847518358633, 37.321524686058048 ], [ -76.578563400965976, 37.32375199124354 ], [ -76.592433632329033, 37.338781628392901 ], [ -76.601070840716716, 37.348471430025242 ], [ -76.605510959145633, 37.356527892510456 ], [ -76.612453470127932, 37.363471022669103 ], [ -76.618557451199308, 37.372358780475878 ], [ -76.626339300118246, 37.381522058173253 ], [ -76.630505524207294, 37.385138201098329 ], [ -76.636899745990803, 37.393469916028565 ], [ -76.63746364315972, 37.397635221903634 ], [ -76.641905078347278, 37.408468412192676 ], [ -76.646070830872631, 37.412077859487226 ], [ -76.672453978104102, 37.422080155775092 ], [ -76.68244829705894, 37.42986250190269 ], [ -76.693282593061582, 37.440970012384781 ], [ -76.698288369911452, 37.447631057530813 ], [ -76.705796286490994, 37.455413144088801 ], [ -76.714402269320487, 37.466804551913832 ], [ -76.72523629211635, 37.484305988894704 ], [ -76.731355517473915, 37.492637631926115 ], [ -76.746065593862383, 37.500419257677521 ], [ -76.749682649558295, 37.50319634231338 ], [ -76.758028740196565, 37.510422142463355 ], [ -76.763858028365973, 37.517913124565602 ], [ -76.769961877581835, 37.524024370088945 ], [ -76.776905340571574, 37.529578513835133 ], [ -76.779407142983359, 37.530693127116109 ], [ -76.784961832159908, 37.530417890132952 ], [ -76.790790155647002, 37.526526907801504 ], [ -76.794131750465624, 37.521522749456345 ], [ -76.794133051728735, 37.518744910175897 ], [ -76.795521746463919, 37.516250619072004 ], [ -76.797733264899719, 37.50680516613572 ], [ -76.797184232784559, 37.503196916863345 ], [ -76.791903951568699, 37.494583161100351 ], [ -76.783573736317351, 37.489303677787326 ], [ -76.771350507163689, 37.48569475980166 ], [ -76.761081141802208, 37.481522268005115 ], [ -76.755800516146493, 37.478470532014526 ], [ -76.750795377114116, 37.47402229467825 ], [ -76.74884235927064, 37.471520191774751 ], [ -76.746904431626092, 37.466804551010092 ], [ -76.742739349738642, 37.452080576010623 ], [ -76.733002938343333, 37.43957489515757 ], [ -76.729126694575925, 37.435410117850061 ], [ -76.716340266184474, 37.425140191159507 ], [ -76.706634255383335, 37.41847229350163 ], [ -76.699111819820288, 37.411804437823577 ], [ -76.690231862675503, 37.405410154085459 ], [ -76.677733861770832, 37.394584139181902 ], [ -76.67022581778123, 37.386802129227647 ], [ -76.667174804425386, 37.382636566463709 ], [ -76.663008903537872, 37.379019712508892 ], [ -76.64384307232919, 37.354308241147166 ], [ -76.639676535261842, 37.350692296701993 ], [ -76.626339650198702, 37.334021607222624 ], [ -76.611888989235595, 37.314299705719229 ], [ -76.609951907452697, 37.309577473734862 ], [ -76.601620163819092, 37.302360058301232 ], [ -76.592448941483013, 37.297636930363936 ], [ -76.585231161417013, 37.292082990761436 ], [ -76.575235952841368, 37.287361073018289 ], [ -76.558558027990898, 37.277632660116481 ], [ -76.553003261468717, 37.275413332125581 ], [ -76.542734602969773, 37.269026929115704 ], [ -76.493828934814715, 37.245413517820758 ], [ -76.478554279624632, 37.237357068241522 ], [ -76.473289170395105, 37.233473587813101 ], [ -76.457174851430651, 37.226240397454319 ], [ -76.448828021358906, 37.223746237580272 ], [ -76.435782049412481, 37.222632028435548 ], [ -76.422719288333752, 37.224302149699888 ], [ -76.385791170930574, 37.233746707720201 ], [ -76.376879521194411, 37.233471574121552 ], [ -76.371600507869857, 37.230129833525673 ], [ -76.371600771700969, 37.222355968531289 ], [ -76.376880498815595, 37.214299864527831 ], [ -76.379657721709904, 37.205693426122359 ], [ -76.379656600562654, 37.202916951806777 ], [ -76.375766302993839, 37.192357559763472 ], [ -76.37771971137218, 37.183744537818065 ], [ -76.381609978602398, 37.175413462856689 ], [ -76.379947260906178, 37.170973362270416 ], [ -76.377154354984768, 37.168745313661951 ], [ -76.377017970942191, 37.167814534227723 ], [ -76.356050378672677, 37.161802434750143 ], [ -76.35161109380492, 37.162908811108949 ], [ -76.345215986563872, 37.171522128425025 ], [ -76.344117237358063, 37.17430689346434 ], [ -76.337724318399196, 37.177083487402811 ], [ -76.333833488401638, 37.175694651587861 ], [ -76.331055881770538, 37.173749409858296 ], [ -76.327729461803557, 37.169584395373441 ], [ -76.322724765445102, 37.160687930511493 ], [ -76.319398002188365, 37.156522440919133 ], [ -76.311050690578085, 37.149305515834548 ], [ -76.304932177555884, 37.146803357683012 ], [ -76.300491340390366, 37.14375146813007 ], [ -76.296324885042608, 37.142911676715492 ], [ -76.292160000804571, 37.139303083943865 ], [ -76.287170277703893, 37.13207881762736 ], [ -76.28660543060289, 37.129019291643353 ], [ -76.287169625930147, 37.126242152331109 ], [ -76.287993821723248, 37.124303681112409 ], [ -76.290222023985379, 37.122633763154894 ], [ -76.296325074664466, 37.123190946951048 ], [ -76.310486538173592, 37.1212451341855 ], [ -76.334947035575922, 37.106528611002588 ], [ -76.338838149516988, 37.102363642964526 ], [ -76.339388136504027, 37.097632825192093 ], [ -76.322175138019361, 37.096244934194111 ], [ -76.30465759907635, 37.097632327498189 ], [ -76.298003799092626, 37.099021281463926 ], [ -76.279662518805083, 37.105971278019027 ], [ -76.275222086758546, 37.105696085409427 ], [ -76.270781142401177, 37.10346895194062 ], [ -76.267439205019556, 37.099303109803508 ], [ -76.266615113689596, 37.088469882887637 ], [ -76.267729879106, 37.079024681463281 ], [ -76.270506310301897, 37.070976402560689 ], [ -76.271330853260451, 37.064857627620057 ], [ -76.273284155126092, 37.061805443932116 ], [ -76.274946630619525, 37.057082856775423 ], [ -76.275221481109469, 37.053193021656618 ], [ -76.278273079262689, 37.04736433092539 ], [ -76.282988375377329, 37.032914412758977 ], [ -76.285217159552971, 37.024857581649783 ], [ -76.285216492768711, 37.019860809967682 ], [ -76.286880279496131, 37.0098670525853 ], [ -76.288833159246465, 37.006532085244515 ], [ -76.292159539018698, 37.003755083138877 ], [ -76.296615051423615, 37.001810142134737 ], [ -76.317734937610069, 37.002085466506855 ], [ -76.334398351330606, 37.003198680532499 ], [ -76.341050668479227, 37.004586791692773 ], [ -76.353548987238824, 37.004313018099296 ], [ -76.363283743163635, 37.001810933797756 ], [ -76.367723923736733, 36.999864570327986 ], [ -76.379382552791739, 36.988191894432084 ], [ -76.389392855415281, 36.973467103800893 ], [ -76.393832993220073, 36.970132992639407 ], [ -76.397724708233113, 36.967356982151713 ], [ -76.403553243505712, 36.965693109535657 ], [ -76.412175053406969, 36.966250823041101 ], [ -76.414113476292528, 36.968470926610379 ], [ -76.418004226325962, 36.970133475425023 ], [ -76.420217321116226, 36.974024999426966 ], [ -76.421895292464583, 36.975138702420665 ], [ -76.427450084050321, 36.982355896877159 ], [ -76.431616046645544, 36.991808357114998 ], [ -76.436056877325044, 36.997363519616265 ], [ -76.438833737417426, 37.002368101361895 ], [ -76.443823029925781, 37.015146860701229 ], [ -76.450781424031007, 37.023469884370542 ], [ -76.470512168675995, 37.042368403902763 ], [ -76.483834367438547, 37.048479170684843 ], [ -76.506066455880841, 37.057085086135608 ], [ -76.516076868470748, 37.062356848199919 ], [ -76.520517442166195, 37.068200931842185 ], [ -76.521340909439331, 37.073473099679504 ], [ -76.520792144484801, 37.078195148131343 ], [ -76.522181067042652, 37.082086407815865 ], [ -76.531061021727368, 37.093469939047729 ], [ -76.535227762414465, 37.093751417070798 ], [ -76.53911810526489, 37.090975181812809 ], [ -76.541056203323521, 37.087641004779492 ], [ -76.544398141689655, 37.084864041774935 ], [ -76.551065642483479, 37.083474950826236 ], [ -76.557169718781381, 37.084581035956781 ], [ -76.566630486625087, 37.09346955398447 ], [ -76.5796777133245, 37.108751174914481 ], [ -76.605786168791482, 37.12458237932703 ], [ -76.614117165817987, 37.132356662412725 ], [ -76.615506872791087, 37.136255060694531 ], [ -76.61468233625574, 37.141527505253741 ], [ -76.615781356898992, 37.143198314280426 ], [ -76.615231971834262, 37.150972577010727 ], [ -76.61188885058408, 37.161523675789418 ], [ -76.61161539808792, 37.175973700622663 ], [ -76.614957094022913, 37.191522061152845 ], [ -76.621060681749597, 37.205972399918238 ], [ -76.626339412785683, 37.214028934693047 ], [ -76.635800704075137, 37.221520343963959 ], [ -76.641064885766127, 37.224022838338072 ], [ -76.65356267845273, 37.227082656319048 ], [ -76.654401865739644, 37.226526020960492 ], [ -76.654111963066711, 37.224625905403684 ], [ -76.656065443784229, 37.224023030448137 ], [ -76.678007991972152, 37.226243336336282 ], [ -76.689665417984003, 37.222909387308448 ], [ -76.702177880543786, 37.21708173478202 ], [ -76.70690951211148, 37.21597474488695 ], [ -76.717452753966697, 37.216532343886954 ], [ -76.726623869030448, 37.215417911796109 ], [ -76.732177760060651, 37.213197917623219 ], [ -76.733002446277567, 37.207086728730879 ], [ -76.735794201190771, 37.199023120980918 ], [ -76.738572352591632, 37.195414673788967 ], [ -76.743836893364815, 37.192912024178518 ], [ -76.747726880328031, 37.194300978000406 ], [ -76.74884117277503, 37.196802588569682 ], [ -76.750794095248494, 37.198473623905024 ], [ -76.758852152135958, 37.21847038682921 ], [ -76.764695756108267, 37.225137993215242 ], [ -76.771349581215802, 37.229860738439484 ], [ -76.782183064445491, 37.235415672841818 ], [ -76.796068636133242, 37.239580971211133 ], [ -76.802172478999907, 37.24013790505709 ], [ -76.813006728523135, 37.242914763994335 ], [ -76.832187448714151, 37.243754570971575 ], [ -76.840794409919809, 37.247637985032462 ], [ -76.847462312263829, 37.252367898957154 ], [ -76.853291482789132, 37.262087409402632 ], [ -76.855519522327043, 37.263201249605586 ], [ -76.856067947402991, 37.266810424489726 ], [ -76.858296982911355, 37.268473094335143 ], [ -76.858845511883857, 37.27291333432526 ], [ -76.857731257059626, 37.279025141780586 ], [ -76.852177444792233, 37.284869220976113 ], [ -76.850789452035713, 37.292368330572678 ], [ -76.851902523678717, 37.299585815502638 ], [ -76.855244979446226, 37.309306012482651 ], [ -76.860233941263999, 37.315974081118597 ], [ -76.861897721916122, 37.316248149877111 ], [ -76.867452299463892, 37.315973995492421 ], [ -76.87190838796144, 37.309862554245399 ], [ -76.87523418784167, 37.288752487439233 ], [ -76.871343241927789, 37.278192801769883 ], [ -76.871618228146332, 37.271807924148831 ], [ -76.87996504064364, 37.262362766579429 ], [ -76.890524601520596, 37.257365895511541 ], [ -76.895239216019263, 37.254031240599986 ], [ -76.899969781799896, 37.249309031649069 ], [ -76.907461942146909, 37.238192929056801 ], [ -76.916083858068518, 37.235141376827329 ], [ -76.928564916990283, 37.238192980608616 ], [ -76.934120693248047, 37.241252195858472 ], [ -76.938285936693944, 37.244861162394798 ], [ -76.945229268470626, 37.253200591654483 ], [ -76.950249461780089, 37.26125693331651 ], [ -76.959419412996638, 37.273471379934513 ], [ -76.960243917018573, 37.277087912957434 ], [ -76.96996426524862, 37.294306705111737 ], [ -76.977745986946232, 37.303751573002494 ], [ -76.982186863102513, 37.306528890141479 ], [ -76.984689731546808, 37.309863079411997 ], [ -76.995233516933112, 37.316248626373309 ], [ -77.000528596079022, 37.316531595462848 ], [ -77.008861048528445, 37.315417266568126 ], [ -77.0141408679862, 37.312914576788486 ], [ -77.057186878815841, 37.284030058424669 ], [ -77.060513602229165, 37.284587424165068 ], [ -77.063305598432578, 37.286532614465806 ], [ -77.064969386999337, 37.29098026665509 ], [ -77.066082420137406, 37.306803502961436 ], [ -77.068859651456435, 37.315692167310004 ], [ -77.071636932803742, 37.320422576930184 ], [ -77.0760937061156, 37.323473611043539 ], [ -77.078305391955411, 37.324587886643876 ], [ -77.085248813201531, 37.32570215626874 ], [ -77.095807904462177, 37.322917318852156 ], [ -77.10719167566775, 37.318751886179776 ], [ -77.108305657647378, 37.317645314045265 ], [ -77.108854318791145, 37.318477195402771 ], [ -77.10912981549356, 37.317919878812674 ], [ -77.122191651243014, 37.316249351335493 ], [ -77.133026246730424, 37.313197932729032 ], [ -77.139418617358373, 37.312358597990404 ], [ -77.143860059109542, 37.312640710309026 ], [ -77.156083170217599, 37.314303684081906 ], [ -77.161636941540692, 37.315974160770807 ], [ -77.176087489614346, 37.323756972020341 ], [ -77.187471378706022, 37.327365238826061 ], [ -77.199983799419897, 37.327639825733584 ], [ -77.215258371301246, 37.324313637090157 ], [ -77.220538145421273, 37.322368344423758 ], [ -77.228304600974312, 37.32319936399648 ], [ -77.234698711652342, 37.32570201063195 ], [ -77.233309487850136, 37.326251014723297 ], [ -77.2358118334311, 37.327365496764934 ], [ -77.236910760749609, 37.32902787745968 ], [ -77.238025077559925, 37.331255735805719 ], [ -77.238299745579525, 37.336253909085755 ], [ -77.23968796788543, 37.337916046387143 ], [ -77.240253586671159, 37.341525319897407 ], [ -77.241641106789757, 37.342639008950329 ], [ -77.246646555301396, 37.343470585374646 ], [ -77.258320539351843, 37.337916577157365 ], [ -77.26665119421277, 37.33181376645264 ], [ -77.274983473622598, 37.324314038264454 ], [ -77.27776012553926, 37.318751526536431 ], [ -77.275806823104006, 37.310695430181717 ], [ -77.268589004209787, 37.30847554818321 ], [ -77.260532606640382, 37.30847512173608 ], [ -77.251652578246592, 37.305140777121835 ], [ -77.247195532219365, 37.301532862193184 ], [ -77.238864752486251, 37.296535002230804 ], [ -77.231921069971378, 37.296535127847747 ], [ -77.216357478294697, 37.302638357176768 ], [ -77.210252613379012, 37.30236395907508 ], [ -77.205538594580446, 37.301249628694642 ], [ -77.193575417931825, 37.296809759205154 ], [ -77.182465920266509, 37.288478674758707 ], [ -77.17636203231578, 37.285976019627981 ], [ -77.165527879697947, 37.285975681544684 ], [ -77.155807902227977, 37.289035191154738 ], [ -77.149978821486101, 37.2898670679253 ], [ -77.145813000358331, 37.292087140907832 ], [ -77.12968330896706, 37.295146359783914 ], [ -77.117186935641683, 37.29486387470601 ], [ -77.101911980950632, 37.292087453976059 ], [ -77.09469445677199, 37.289866423164653 ], [ -77.089414925348649, 37.28680757152312 ], [ -77.083310414873637, 37.278476790332718 ], [ -77.077756978677115, 37.269030946053334 ], [ -77.068859692326612, 37.263759807692992 ], [ -77.061627716654158, 37.263759832997621 ], [ -77.05579777122297, 37.265422206459561 ], [ -77.04607821043173, 37.271251233189979 ], [ -77.036907182061242, 37.277918910084452 ], [ -77.026912058895135, 37.283755540375857 ], [ -77.016352054814746, 37.288753092812165 ], [ -77.004419956973962, 37.289866227307314 ], [ -76.996072644998648, 37.288195821302466 ], [ -76.991357483813346, 37.285976270668748 ], [ -76.985803681531749, 37.28069581983732 ], [ -76.98551342607378, 37.27653062733097 ], [ -76.984124783044734, 37.274859844951095 ], [ -76.983850662487342, 37.270419469380386 ], [ -76.982751210055127, 37.26764277556358 ], [ -76.983575295415946, 37.259311382223764 ], [ -76.984690102603651, 37.256533909881576 ], [ -76.982462238700208, 37.249309505801229 ], [ -76.980523304813644, 37.245974648174027 ], [ -76.97829539925516, 37.242915867182703 ], [ -76.974129988029489, 37.239307403292813 ], [ -76.962197434078675, 37.234027281915679 ], [ -76.949973920914317, 37.230419277441101 ], [ -76.931906846742535, 37.219859438967738 ], [ -76.925513272987644, 37.217082747997104 ], [ -76.921347148845356, 37.213473950878203 ], [ -76.91608340299598, 37.21042276848187 ], [ -76.903570458215, 37.205142883871616 ], [ -76.89580317509315, 37.204311097985482 ], [ -76.883855545238745, 37.205417105156883 ], [ -76.869679760452755, 37.209865362077323 ], [ -76.859959634115953, 37.212085206770709 ], [ -76.854679652687523, 37.212359657349211 ], [ -76.841633320445197, 37.210696680793156 ], [ -76.83468984343699, 37.207919700396658 ], [ -76.828021950806502, 37.206531137352279 ], [ -76.820239735446862, 37.205698828243463 ], [ -76.805789533066232, 37.205698719860791 ], [ -76.799121305273388, 37.204585086899911 ], [ -76.793291403806407, 37.202640232762306 ], [ -76.786897371821055, 37.197916987779948 ], [ -76.786897259453497, 37.195689671631733 ], [ -76.7838469119596, 37.187357842507687 ], [ -76.781068369769457, 37.183475255263325 ], [ -76.775514911600226, 37.180141140527617 ], [ -76.769136675541489, 37.177638391843374 ], [ -76.759416042122652, 37.172084586925131 ], [ -76.755250499522248, 37.168475222204712 ], [ -76.745225106885542, 37.163195314959552 ], [ -76.736069489959291, 37.152918485311531 ], [ -76.732453805760002, 37.150141491476049 ], [ -76.726898410831751, 37.14763880924481 ], [ -76.716339175091505, 37.14763937121613 ], [ -76.712188684527561, 37.14958480233161 ], [ -76.704407252111253, 37.15708428646905 ], [ -76.69967673959826, 37.163195258805565 ], [ -76.697447779988394, 37.167643459711265 ], [ -76.694397206209686, 37.171251523667301 ], [ -76.693282164775113, 37.175417415680023 ], [ -76.684676501281487, 37.187639526808276 ], [ -76.682173220425327, 37.189859908106584 ], [ -76.67939616392762, 37.190690848633487 ], [ -76.675505563368603, 37.191522647788297 ], [ -76.673292607978738, 37.190416222806491 ], [ -76.666334967826984, 37.183474260927568 ], [ -76.664121538613074, 37.170976287282805 ], [ -76.663847500011286, 37.16096665504196 ], [ -76.662184213237168, 37.157358740643254 ], [ -76.659116256231911, 37.142084971470524 ], [ -76.657179570488566, 37.137361843304809 ], [ -76.653851883869081, 37.119860692356148 ], [ -76.651899553340371, 37.114588001063325 ], [ -76.651899951332936, 37.111254009087524 ], [ -76.650511259823872, 37.107363217237442 ], [ -76.649961603493253, 37.102922774391608 ], [ -76.650510442885377, 37.090418136447731 ], [ -76.655516100192258, 37.066814099056515 ], [ -76.653287526947338, 37.056804360774855 ], [ -76.650236216671701, 37.052638890430842 ], [ -76.647733617972889, 37.05153203743761 ], [ -76.647734263745591, 37.049312016962695 ], [ -76.641355806945938, 37.044589952424104 ], [ -76.63216978804364, 37.04208701768038 ], [ -76.604123415868102, 37.040698137609901 ], [ -76.592739367330452, 37.037089053064925 ], [ -76.58300328001053, 37.031527969509717 ], [ -76.580516761102686, 37.028193620941764 ], [ -76.574123695964573, 37.022914328925893 ], [ -76.573848371670167, 37.020694500524733 ], [ -76.575237445954613, 37.01597871103813 ], [ -76.578013720147794, 37.01375860575034 ], [ -76.579402337845508, 37.009867593696235 ], [ -76.581356716492351, 37.008754139272661 ], [ -76.580790877303386, 37.007922485889303 ], [ -76.581355804008311, 37.005420416499021 ], [ -76.579967666328301, 37.001536936699971 ], [ -76.574398403859917, 36.99986647222093 ], [ -76.552454619774295, 36.998751753410637 ], [ -76.546061340494575, 36.996249097135696 ], [ -76.537180157323178, 36.990138791831136 ], [ -76.521614926286418, 36.975139171657659 ], [ -76.511895691643218, 36.96985992230892 ], [ -76.499397383697456, 36.966533320960146 ], [ -76.484947763957791, 36.964587836777909 ], [ -76.4796675399121, 36.961253635531008 ], [ -76.47634004491502, 36.952922172041148 ], [ -76.477454423403756, 36.949022995492385 ], [ -76.481620515782865, 36.944857510124869 ], [ -76.489661726735548, 36.941523440201721 ], [ -76.493278565616222, 36.938746790225949 ], [ -76.494392675466528, 36.932643670867542 ], [ -76.490501425076772, 36.927089535915933 ], [ -76.483832120443651, 36.921527261814163 ], [ -76.479956855511887, 36.916530141690096 ], [ -76.477728840019807, 36.912357047994824 ], [ -76.477163773500223, 36.9054140998172 ], [ -76.478003824755248, 36.902636879305646 ], [ -76.479667294864583, 36.900973753799491 ], [ -76.4818942095702, 36.896533576670819 ], [ -76.499961242817463, 36.88180938759664 ], [ -76.518013633428495, 36.870136230890374 ], [ -76.520790351128454, 36.869304752412582 ], [ -76.522728197037011, 36.865420879423603 ], [ -76.522728066839818, 36.863201071095823 ], [ -76.520226147467653, 36.85986703415692 ], [ -76.516334042524022, 36.858478114982084 ], [ -76.508567071785023, 36.857646743633346 ], [ -76.495505704047048, 36.85931014337433 ], [ -76.461065762425577, 36.880420357003977 ], [ -76.4452108817311, 36.885700072320837 ], [ -76.44076953954162, 36.888194837098965 ], [ -76.437444230651337, 36.890422933237112 ], [ -76.432438645569988, 36.897090641253854 ], [ -76.427997885990578, 36.901248076599572 ], [ -76.421329397907172, 36.904857433117442 ], [ -76.418003028620348, 36.904024762808938 ], [ -76.402163943700614, 36.900142110802229 ], [ -76.387179213532306, 36.895144213665212 ], [ -76.371888824068506, 36.892085022376058 ], [ -76.366610131157884, 36.892368072805837 ], [ -76.343827931936744, 36.890696202981218 ], [ -76.337173863662528, 36.887087805111619 ], [ -76.333832886110784, 36.88319722979714 ], [ -76.333832059211716, 36.880420090250169 ], [ -76.335784687316021, 36.877086097068663 ], [ -76.336059525200653, 36.873751520798187 ], [ -76.33383293361257, 36.86680876356715 ], [ -76.331345562970625, 36.863756853994033 ], [ -76.324950519785332, 36.858752550200506 ], [ -76.311050410515961, 36.851809953051927 ], [ -76.312163565305227, 36.851252247579417 ], [ -76.304656164659505, 36.847087020635684 ], [ -76.293272631295579, 36.843470749800879 ], [ -76.289106757870258, 36.8454166582084 ], [ -76.289106353284495, 36.848750293080187 ], [ -76.29188399770274, 36.852923319379386 ], [ -76.292997891839292, 36.85319816328628 ], [ -76.294935708898493, 36.857089232013472 ], [ -76.299101385257686, 36.859308892310239 ], [ -76.311049654863723, 36.871523630540977 ], [ -76.316619266173589, 36.879023099289 ], [ -76.318832180163568, 36.883478827207156 ], [ -76.317168954335472, 36.887362221509115 ], [ -76.310775760885235, 36.891810918296741 ], [ -76.309097083570023, 36.897089414486437 ], [ -76.294936105831809, 36.906801470774639 ], [ -76.294386929537367, 36.909578866162533 ], [ -76.298003012501596, 36.914583307619552 ], [ -76.303267548026014, 36.914027004515681 ], [ -76.306885066169656, 36.914858749971806 ], [ -76.311325602700421, 36.917086372538549 ], [ -76.314941070450203, 36.925700348750034 ], [ -76.318009173003261, 36.940134342087418 ], [ -76.315491256791134, 36.945414266231886 ], [ -76.311325015918968, 36.947359351339536 ], [ -76.307433461505681, 36.947916797279028 ], [ -76.294662323977235, 36.946802953063802 ], [ -76.287169789489695, 36.947359462285789 ], [ -76.276060894883855, 36.952081555823469 ], [ -76.267164505748113, 36.957361381476979 ], [ -76.261060472923219, 36.959032648329519 ], [ -76.248547286847199, 36.957086988927507 ], [ -76.235211709283931, 36.9509761365047 ], [ -76.194927003263217, 36.929582644392909 ], [ -76.168543684053589, 36.920694608764748 ], [ -76.152444900072808, 36.917360461063012 ], [ -76.127433921331274, 36.920977417926302 ], [ -76.113822879975061, 36.921526529928393 ], [ -76.100485891394541, 36.918749692504676 ], [ -76.082724947643953, 36.908190299551457 ], [ -76.073553474342503, 36.905138331532477 ], [ -76.059377461984454, 36.904856152174709 ], [ -76.052983844450992, 36.906526587084159 ], [ -76.041600141560835, 36.910418240003651 ], [ -76.026875962890642, 36.917918253923958 ], [ -76.014943224711729, 36.921251336556445 ], [ -76.009663569392742, 36.921526020438087 ], [ -76.002720106191745, 36.9201379496781 ], [ -75.997149681457998, 36.918200212241672 ], [ -75.989642945681695, 36.914026487646538 ], [ -75.982715261387384, 36.907641734008337 ], [ -75.978259321496878, 36.89763872756015 ], [ -75.978258642391552, 36.894861739823739 ], [ -75.976596181463634, 36.891528630474603 ], [ -75.975756439058657, 36.891528584562373 ], [ -75.976045957802498, 36.890696618514212 ], [ -75.963548705499321, 36.858195748563674 ], [ -75.96354937007473, 36.855143878742268 ], [ -75.961596049051266, 36.850696671215147 ], [ -75.95576623880838, 36.824863838517956 ], [ -75.955766393685664, 36.822086752107978 ], [ -75.952714697386185, 36.814587476919613 ], [ -75.952439650390133, 36.810139113573243 ], [ -75.950486942631969, 36.804859639167596 ], [ -75.94964798419052, 36.794865398056771 ], [ -75.94853308890923, 36.789585844972066 ], [ -75.946305482942989, 36.785146216920538 ], [ -75.94409259531335, 36.770421507147056 ], [ -75.942139179055289, 36.765981198897983 ], [ -75.940201763568965, 36.755704793057888 ], [ -75.918806753799046, 36.706251921882554 ], [ -75.911863719061159, 36.694304995037932 ], [ -75.911040492425869, 36.68986439227173 ], [ -75.907698062010795, 36.680976179158534 ], [ -75.889646169644351, 36.648484007240228 ], [ -75.886044898079803, 36.640701811781831 ], [ -75.885769768200973, 36.637093205334253 ], [ -75.876308258698671, 36.619034736927013 ], [ -75.870188794573238, 36.605149743078982 ], [ -75.864925006769013, 36.592088674781351 ], [ -75.863811532136211, 36.586808768040157 ], [ -75.861857047583371, 36.58236834518749 ], [ -75.861582756946333, 36.577928566365067 ], [ -75.857691886196221, 36.570146199442554 ], [ -75.851327838882767, 36.549226997143556 ], [ -75.849374596836398, 36.543764632571659 ], [ -75.849924935527298, 36.53987375907122 ], [ -75.848810332631203, 36.535426289191228 ], [ -75.84908514389457, 36.531817165628986 ], [ -75.843804241161493, 36.506816376832795 ], [ -75.835762353424911, 36.488201254777138 ], [ -75.830208029981549, 36.470425115052223 ], [ -75.827429729338832, 36.440983385379965 ], [ -75.825477435892665, 36.432927272767827 ], [ -75.826315781002336, 36.427930188520975 ], [ -75.823263364479658, 36.41042894362068 ], [ -75.819646509249552, 36.402090011229177 ], [ -75.819096867616125, 36.398489069846839 ], [ -75.808796445595178, 36.370985566343982 ], [ -75.804630426434926, 36.362372118087521 ], [ -75.801303972683968, 36.358207331057486 ], [ -75.799624945316538, 36.352935215587159 ], [ -75.798801529857329, 36.352652579238011 ], [ -75.795474172921871, 36.346541901658519 ], [ -75.791308549925034, 36.326545822282924 ], [ -75.789355456159342, 36.32126618479613 ], [ -75.787966457763332, 36.302094767297895 ], [ -75.784912948680798, 36.283768813948534 ], [ -75.782411437465512, 36.275712525363069 ], [ -75.782701238550203, 36.272653241268159 ], [ -75.778520025970266, 36.263490814903008 ], [ -75.764357251957264, 36.242380946644346 ], [ -75.762968923781244, 36.237932279004021 ], [ -75.75686442822952, 36.226817030591121 ], [ -75.746578910405091, 36.202098424449822 ], [ -75.746014464144849, 36.198489828659511 ], [ -75.742397663332142, 36.192653011863761 ], [ -75.733789861356627, 36.173488084848557 ], [ -75.728234667236677, 36.155430328355067 ], [ -75.71628603196794, 36.124600143722958 ], [ -75.712959637382369, 36.120709408201307 ], [ -75.707129919772157, 36.108769600589788 ], [ -75.699621033737472, 36.096822193044396 ], [ -75.69238787405348, 36.088765975473088 ], [ -75.674061062329145, 36.064047055494868 ], [ -75.670169213483049, 36.060438899820866 ], [ -75.658784804214278, 36.043776404172391 ], [ -75.654618636921569, 36.040160971705632 ], [ -75.649064231063747, 36.033500253987661 ], [ -75.64740180985828, 36.032935545712391 ], [ -75.642961342754134, 36.025161809298673 ], [ -75.635452699540181, 36.007942549591654 ], [ -75.632614367937521, 36.000168341473376 ], [ -75.63017275904437, 35.993493303993894 ], [ -75.629332394891961, 35.989053135143365 ], [ -75.615445975472142, 35.961550356344688 ], [ -75.601010898761942, 35.940997440583118 ], [ -75.597668608206817, 35.937663398131647 ], [ -75.575176708951375, 35.90905455656047 ], [ -75.568233061659868, 35.89544520719182 ], [ -75.561822827310465, 35.877387061480555 ], [ -75.561000046116334, 35.877112050475922 ], [ -75.552942392583631, 35.859062084700895 ], [ -75.551828198042969, 35.854614341750612 ], [ -75.543221463340885, 35.835441642124131 ], [ -75.542672318696063, 35.832390510194642 ], [ -75.539604919999192, 35.827668336942402 ], [ -75.533775092923022, 35.812943469868955 ], [ -75.530173972470493, 35.807946815014844 ], [ -75.528785152293921, 35.804055953411329 ], [ -75.523780409579842, 35.795451080776878 ], [ -75.522940221935514, 35.789613818499795 ], [ -75.525717502830574, 35.789340061289707 ], [ -75.529608469494278, 35.791010829790089 ], [ -75.535728592097016, 35.79934087424364 ], [ -75.546562184460328, 35.804338262710317 ], [ -75.555169205955593, 35.806832397110803 ], [ -75.555168693390641, 35.807671077173062 ], [ -75.557946584718565, 35.809608908342781 ], [ -75.557946927000316, 35.817390926404869 ], [ -75.559045443965559, 35.816842360761754 ], [ -75.559334719266744, 35.823226970278093 ], [ -75.56405007508998, 35.8304519528374 ], [ -75.571009759298008, 35.836829659938687 ], [ -75.575175353959068, 35.839332368885991 ], [ -75.579340914604686, 35.840720794959744 ], [ -75.586009665452025, 35.847113853524718 ], [ -75.588222530572068, 35.851004137236501 ], [ -75.590175351935699, 35.861280703489697 ], [ -75.590175913200838, 35.867109188717009 ], [ -75.586559289843166, 35.888776456756503 ], [ -75.587399413517133, 35.893781128080654 ], [ -75.59183972437684, 35.904049531649896 ], [ -75.593502192642333, 35.904880698513153 ], [ -75.595729962066883, 35.908215350937461 ], [ -75.607953271303415, 35.919330438709977 ], [ -75.617384376212144, 35.93183506352932 ], [ -75.621275484805068, 35.935435256159721 ], [ -75.624327316924578, 35.939601098374531 ], [ -75.627104994761311, 35.9415462352449 ], [ -75.63267428991449, 35.949045261258689 ], [ -75.64045609727053, 35.957109664105104 ], [ -75.656570734246571, 35.970154710830705 ], [ -75.660446327325047, 35.974602348496838 ], [ -75.66183522061219, 35.977654460168615 ], [ -75.666016325672842, 35.982102204177302 ], [ -75.667954788905519, 35.986549366130461 ], [ -75.673509102181498, 35.994049237868495 ], [ -75.675172928082276, 35.994605953102727 ], [ -75.681565598536181, 35.993773796994816 ], [ -75.682939468938756, 35.991828910023834 ], [ -75.699343091510968, 35.993216954910636 ], [ -75.711840436814896, 35.997938477443626 ], [ -75.714060993672447, 36.000167041592562 ], [ -75.716281384283263, 36.002386389430455 ], [ -75.718508736619597, 36.006551963690789 ], [ -75.720462049227109, 36.012381015721999 ], [ -75.720172149168661, 36.015715087373572 ], [ -75.718235470080131, 36.019048960379251 ], [ -75.715731862396154, 36.021269468175085 ], [ -75.711567311751352, 36.023214250599182 ], [ -75.707125922669178, 36.01737855620587 ], [ -75.707400692257465, 36.011831692402502 ], [ -75.705416723073327, 36.009253323284064 ], [ -75.703234553792342, 36.008215691849458 ], [ -75.700456669445899, 36.008216005955127 ], [ -75.695452582912878, 36.012937857983644 ], [ -75.69072224251704, 36.015998209865664 ], [ -75.684344050956341, 36.016829089000439 ], [ -75.67767583847106, 36.016272991606762 ], [ -75.676011656247724, 36.018493157929363 ], [ -75.675722632201143, 36.027655345821003 ], [ -75.677477809899955, 36.030172946163532 ], [ -75.680132994673642, 36.03985502117807 ], [ -75.681567236757132, 36.041548197995411 ], [ -75.682941595754386, 36.045440021916932 ], [ -75.687946828644584, 36.049330700047562 ], [ -75.696277901343962, 36.050435992843305 ], [ -75.706852513477784, 36.047659117223468 ], [ -75.712406643638417, 36.049329438468277 ], [ -75.71851144029003, 36.049886222393972 ], [ -75.721562805716403, 36.051267591064352 ], [ -75.720464416786612, 36.051824816741686 ], [ -75.724339799902964, 36.054043953925245 ], [ -75.728232104973785, 36.061269324468945 ], [ -75.728505894463737, 36.065434936506136 ], [ -75.731009031433601, 36.07377355651537 ], [ -75.730734438253023, 36.079884181864337 ], [ -75.732397912351914, 36.083767569274094 ], [ -75.731574541913233, 36.088490654054837 ], [ -75.734626485426347, 36.098210631589012 ], [ -75.738228781014897, 36.10599243564608 ], [ -75.737953659968824, 36.109600604416777 ], [ -75.739342344063687, 36.113491075874677 ], [ -75.736566225351638, 36.118488378856284 ], [ -75.737679279940252, 36.126263243874163 ], [ -75.738518998038387, 36.126545047480604 ], [ -75.738518695124057, 36.131542401373892 ], [ -75.74489834152341, 36.155430042813983 ], [ -75.746287630324034, 36.164874691229556 ], [ -75.748241201172533, 36.170154634230499 ], [ -75.749065286811046, 36.177378858915269 ], [ -75.75074338502813, 36.180438101480391 ], [ -75.752696962639192, 36.188486946462845 ], [ -75.755474627531726, 36.19626179823031 ], [ -75.757138163655, 36.198764468524892 ], [ -75.760191398570626, 36.208491092709885 ], [ -75.766035819788343, 36.217928893274461 ], [ -75.767974082538302, 36.222651424412959 ], [ -75.782700529218403, 36.242655084747753 ], [ -75.786301747820119, 36.245432589092474 ], [ -75.787140535951082, 36.247103171036422 ], [ -75.795182785906675, 36.255159403567404 ], [ -75.796861499338263, 36.255990907897548 ], [ -75.799074478728741, 36.262933261418638 ], [ -75.798250496282705, 36.267655697290223 ], [ -75.795183139649893, 36.271264878549694 ], [ -75.796297456087245, 36.27432406475365 ], [ -75.800187790996702, 36.277932386029256 ], [ -75.809069768126193, 36.283768516114684 ], [ -75.813800413437022, 36.290436041386258 ], [ -75.813799687262602, 36.298210697236151 ], [ -75.811023571278184, 36.310432711939818 ], [ -75.811297664168507, 36.319602691592387 ], [ -75.812961383007504, 36.323486156553635 ], [ -75.819097081067497, 36.352095686902146 ], [ -75.823262378893276, 36.362097705211703 ], [ -75.824087171061009, 36.367095154236551 ], [ -75.823812095542678, 36.370703470463759 ], [ -75.825749790940776, 36.377927798504629 ], [ -75.826589654923765, 36.386541919425589 ], [ -75.825201461962905, 36.396261309197563 ], [ -75.826590339051009, 36.399877815576986 ], [ -75.842704992433269, 36.421536376561392 ], [ -75.846871220254087, 36.430981358924981 ], [ -75.84659554416433, 36.436535569570836 ], [ -75.844642723527187, 36.440143741854456 ], [ -75.84491760999363, 36.444592236344462 ], [ -75.853814221694677, 36.457652997404281 ], [ -75.85769022053843, 36.46681560621635 ], [ -75.863534605972546, 36.476534885544986 ], [ -75.868799026634619, 36.488200119728155 ], [ -75.869638357218975, 36.498759430811113 ], [ -75.865199329045168, 36.507097739216192 ], [ -75.865473148456672, 36.519037693461343 ], [ -75.870188453850332, 36.52709429106411 ], [ -75.874644438560708, 36.529313971082843 ], [ -75.878809965596943, 36.532923235198631 ], [ -75.884379931086997, 36.540430342593986 ], [ -75.883541315545557, 36.543207168945706 ], [ -75.884089655890861, 36.544038898861693 ], [ -75.881587991782339, 36.548486722706883 ], [ -75.882350365833204, 36.550096731789843 ], [ -75.887707048177006, 36.560701071983132 ], [ -75.888546870129602, 36.568757651345898 ], [ -75.88715770714154, 36.572648365371379 ], [ -75.884089949804348, 36.576257056472244 ], [ -75.881587847681757, 36.582093873013832 ], [ -75.87936087379218, 36.588753563970343 ], [ -75.879360785512858, 36.594308275915019 ], [ -75.883267440637056, 36.603478589132564 ], [ -75.898816172539597, 36.618752051727917 ], [ -75.904920447975698, 36.626808206871196 ], [ -75.907988291093844, 36.636810084513272 ], [ -75.908811444858571, 36.647368898153864 ], [ -75.908537011009969, 36.656531741692689 ], [ -75.909651615396712, 36.661529783492931 ], [ -75.912429033373769, 36.669311247231725 ], [ -75.917982779413819, 36.678755713527799 ], [ -75.922973292537279, 36.685416830461669 ], [ -75.928527578606079, 36.701255179436302 ], [ -75.929641484566574, 36.706534312618281 ], [ -75.935761439524953, 36.714590550305964 ], [ -75.938537954466938, 36.716810945391671 ], [ -75.938812799771213, 36.715978837707446 ], [ -75.939361338212592, 36.716811093889049 ], [ -75.94630554321013, 36.716810885614919 ], [ -75.951875448652046, 36.71459014348239 ], [ -75.955490928313623, 36.711813898846117 ], [ -75.957154386904946, 36.708479285995651 ], [ -75.961869927147333, 36.702642751361935 ], [ -75.966309769098302, 36.680975801641651 ], [ -75.965759399101017, 36.655418279175464 ], [ -75.96659864521574, 36.647368702706792 ], [ -75.967712659992245, 36.641257456348896 ], [ -75.972702651043662, 36.630973017517242 ], [ -75.97520501894364, 36.620978626895891 ], [ -75.975480366081172, 36.61459315752348 ], [ -75.973541618794641, 36.599586654646316 ], [ -75.973541726174673, 36.588196600982698 ], [ -75.974365168131158, 36.58209320231942 ], [ -75.977432137854038, 36.576538406151556 ], [ -75.975754282707484, 36.565423384476574 ], [ -75.974365645092035, 36.560975435599048 ], [ -75.968490452672512, 36.549874984568959 ], [ -75.962981879479145, 36.541817764654454 ], [ -75.959380051882519, 36.539041499051052 ], [ -75.951048359022494, 36.537370002690487 ], [ -75.944090458871301, 36.541536349163941 ], [ -75.942975850655714, 36.545426977871301 ], [ -75.94352561669433, 36.547097322214512 ], [ -75.942945638000879, 36.549874697094907 ], [ -75.942411964879852, 36.552368927866283 ], [ -75.943251526177249, 36.555978177405521 ], [ -75.944913907523826, 36.558480783097913 ], [ -75.944090322085714, 36.561257925866578 ], [ -75.940474179277885, 36.564035078093305 ], [ -75.931028441674059, 36.566254554383178 ], [ -75.922147069319266, 36.571534037463152 ], [ -75.913266258722558, 36.574593466716181 ], [ -75.91131311463343, 36.572091162321811 ], [ -75.913541898738998, 36.562645932506868 ], [ -75.911862349838344, 36.559587460824417 ], [ -75.908886403290481, 36.550149356853183 ], [ -75.906308462530561, 36.546540895387785 ], [ -75.905758446782059, 36.543481274970446 ], [ -75.91047309241624, 36.542375373827703 ], [ -75.907986884376442, 36.536264854217087 ], [ -75.90769636265162, 36.531817030483879 ], [ -75.905208985609434, 36.522921392010318 ], [ -75.905208891208659, 36.517923691158934 ], [ -75.90298160792625, 36.513483141186676 ], [ -75.903254822082388, 36.509875170794203 ], [ -75.899638569816105, 36.497096108862827 ], [ -75.899928545619005, 36.493761457340248 ], [ -75.898814385970226, 36.488756715549066 ], [ -75.914654350159225, 36.491259905455664 ], [ -75.922970132449549, 36.485147768508078 ], [ -75.930202581380939, 36.485148586366776 ], [ -75.946592244853136, 36.488481520292325 ], [ -75.960768598322531, 36.48875605797879 ], [ -75.96742134043609, 36.490145446378584 ], [ -75.973540758370859, 36.492646782224838 ], [ -75.976592733784457, 36.496813251126298 ], [ -75.978256260578917, 36.500703284068202 ], [ -75.978530414701211, 36.504869131303479 ], [ -75.97242680907884, 36.51209442339799 ], [ -75.972426302461841, 36.515702548389847 ], [ -75.973814510848655, 36.519593863014308 ], [ -75.977980616039375, 36.523202513679358 ], [ -75.996597317992212, 36.531258162433886 ], [ -75.9993751401081, 36.535980725368276 ], [ -76.002717208156014, 36.539590243270396 ], [ -76.011048008550233, 36.54681445851633 ], [ -76.012452847518063, 36.549995660558636 ], [ -76.013826088687154, 36.552086403966236 ], [ -76.014664872702781, 36.559586329885406 ], [ -76.017151679658014, 36.562920521940882 ], [ -76.017427242101078, 36.564865644790984 ], [ -76.022432093802479, 36.571533268888793 ], [ -76.044925064160168, 36.586807780790885 ], [ -76.043261913445974, 36.583481128075341 ], [ -76.042711515054805, 36.574866963893385 ], [ -76.04020995405331, 36.568756410581273 ], [ -76.036043371946548, 36.565147424758777 ], [ -76.032976088032711, 36.560974195017202 ], [ -76.028643077611264, 36.550148748911525 ], [ -76.024934987069699, 36.539040504051691 ], [ -76.025209006910373, 36.530145028901188 ], [ -76.027986277415394, 36.524316061919862 ], [ -76.038255970177303, 36.520699434629471 ], [ -76.037431173339215, 36.519867610456856 ], [ -76.038820559145478, 36.515984546144125 ], [ -76.036592602869064, 36.509042133193809 ], [ -76.035203134817422, 36.507370986297829 ], [ -76.035767970412493, 36.506256973383493 ], [ -76.03437952423964, 36.496812581024805 ], [ -76.025207914420221, 36.480974082783632 ], [ -76.02327003216736, 36.476251300700959 ], [ -76.013549388787894, 36.462923044945754 ], [ -76.00938382459185, 36.459314172737663 ], [ -76.006316911131904, 36.455149372940006 ], [ -75.98576255926713, 36.439036958209797 ], [ -75.98187142469493, 36.437648183533362 ], [ -75.969099148278417, 36.430148308867373 ], [ -75.971035869325718, 36.426814848492548 ], [ -75.975476640520725, 36.427096832250335 ], [ -75.986036713614141, 36.429873357435866 ], [ -75.990477051516621, 36.42681460231708 ], [ -75.990751365352693, 36.420985433206049 ], [ -75.989638065322936, 36.415981151908916 ], [ -75.983533445434432, 36.407649638260025 ], [ -75.972425591148337, 36.398486852232772 ], [ -75.956875439566019, 36.384037324360833 ], [ -75.949932055413171, 36.375424575664411 ], [ -75.946300750366959, 36.372089987095563 ], [ -75.941310017012583, 36.363767162994243 ], [ -75.936030678965622, 36.358487762847695 ], [ -75.932138510601419, 36.357098557689476 ], [ -75.929926785140296, 36.357930873576876 ], [ -75.929087761237682, 36.36070761437837 ], [ -75.931025470031045, 36.365155224148239 ], [ -75.940196882890831, 36.377644293939248 ], [ -75.948253321463213, 36.386265447776076 ], [ -75.949641616410361, 36.392376550960591 ], [ -75.94297373597054, 36.393765572945725 ], [ -75.937419212351529, 36.391819275278245 ], [ -75.934642108604237, 36.392094611039774 ], [ -75.932139404694624, 36.394314529707053 ], [ -75.932414376343161, 36.398488211366306 ], [ -75.936580414784601, 36.407925073652272 ], [ -75.93769490027843, 36.412922696766657 ], [ -75.936305229941269, 36.419041075377045 ], [ -75.929927614749829, 36.429035300639512 ], [ -75.924357334167368, 36.431263267935442 ], [ -75.918803710596848, 36.429591743757292 ], [ -75.915477073439035, 36.420986400614751 ], [ -75.914088227424699, 36.411815778094905 ], [ -75.912973084859331, 36.387654406175876 ], [ -75.916039985075585, 36.370702460150454 ], [ -75.91658960222054, 36.360150605338283 ], [ -75.916039625953218, 36.351544655152814 ], [ -75.905480029746016, 36.329878526276055 ], [ -75.902139056958305, 36.325712395798014 ], [ -75.897423359333629, 36.316824666827749 ], [ -75.889930718757824, 36.309043631718239 ], [ -75.885764655286636, 36.299880027104336 ], [ -75.882972253287065, 36.295707203841438 ], [ -75.875739103866877, 36.287101321377797 ], [ -75.871573102568107, 36.284042668241163 ], [ -75.868520507904663, 36.280151256462872 ], [ -75.86353085097825, 36.270707103391814 ], [ -75.859639674366107, 36.26210102806661 ], [ -75.858525295717754, 36.256821278542098 ], [ -75.856296732131085, 36.252098628594837 ], [ -75.853244356478911, 36.237656618596944 ], [ -75.848254433246765, 36.223206704188257 ], [ -75.847415183202259, 36.217927838098014 ], [ -75.836030544275971, 36.195428532216638 ], [ -75.832963738348909, 36.186265828919694 ], [ -75.831024216491173, 36.175988867489259 ], [ -75.827697787499503, 36.16682568434409 ], [ -75.820189608163275, 36.15487124978884 ], [ -75.814344503347243, 36.142931917723452 ], [ -75.7960170466813, 36.118213038395098 ], [ -75.794903059429913, 36.112933355584715 ], [ -75.794901998310095, 36.103213503888355 ], [ -75.793788307877648, 36.097933756575884 ], [ -75.787684905217645, 36.089595210974686 ], [ -75.783517801567882, 36.080440541511621 ], [ -75.782953528147686, 36.07404681109157 ], [ -75.783791954601995, 36.07127004482696 ], [ -75.785181320242103, 36.070155975530483 ], [ -75.791010294958113, 36.069323951594185 ], [ -75.796290190049547, 36.070995052967163 ], [ -75.809062483119916, 36.078494052408864 ], [ -75.817974423883641, 36.085428634120746 ], [ -75.843244649749579, 36.101266576069904 ], [ -75.851302007002033, 36.10849173739868 ], [ -75.857406559683909, 36.116822278888733 ], [ -75.861572787182126, 36.125985874674868 ], [ -75.861573427376527, 36.130983187174969 ], [ -75.86325199722701, 36.134041583700132 ], [ -75.862961497669176, 36.140435501143436 ], [ -75.859635717511594, 36.153763617058473 ], [ -75.859071635793711, 36.160706605826689 ], [ -75.86130016718198, 36.169602772944501 ], [ -75.870471005668236, 36.182099117050988 ], [ -75.874637715937823, 36.18570825191221 ], [ -75.877689109240137, 36.189873041433735 ], [ -75.898259756556939, 36.208206379970058 ], [ -75.90352429281711, 36.211266334815207 ], [ -75.906302515308781, 36.215431193647923 ], [ -75.910468050133787, 36.219040495931047 ], [ -75.913535389169553, 36.223205309693491 ], [ -75.91408430683363, 36.227645762475703 ], [ -75.906302877234623, 36.234322094654708 ], [ -75.906867432038268, 36.238761848227966 ], [ -75.911033584168337, 36.242378954389217 ], [ -75.926308182181515, 36.246261128505019 ], [ -75.931587761199381, 36.249320569828974 ], [ -75.943246249243231, 36.254043682999431 ], [ -75.946297737624946, 36.258208803480343 ], [ -75.944085417451802, 36.264601538666476 ], [ -75.93769181478298, 36.274596633386913 ], [ -75.936578611774664, 36.282927375067366 ], [ -75.937967396950299, 36.287375478618983 ], [ -75.942133253918485, 36.290991704521645 ], [ -75.956308927986683, 36.295988814177896 ], [ -75.96020011466068, 36.300154344843399 ], [ -75.965480946177905, 36.308485300378017 ], [ -75.970485716052238, 36.312094289943886 ], [ -75.977138232828167, 36.312925490305929 ], [ -75.989635832486371, 36.312649962323725 ], [ -75.996304393074922, 36.311818918249635 ], [ -75.997693432681217, 36.310147696868206 ], [ -75.994641172045348, 36.302373962081099 ], [ -75.989926300171518, 36.298765052509609 ], [ -75.974361551635042, 36.292097226886952 ], [ -75.966045102390993, 36.285429171500873 ], [ -75.958536183343568, 36.277372833507293 ], [ -75.957422681898976, 36.273765163798323 ], [ -75.958811651366418, 36.26848546302746 ], [ -75.961863130142106, 36.262656563958743 ], [ -75.962701701068468, 36.256544794753822 ], [ -75.960763966701776, 36.246261517453426 ], [ -75.962152168416324, 36.240149503982494 ], [ -75.961038270983764, 36.235152525350074 ], [ -75.949075166412896, 36.230705271733001 ], [ -75.946587317199501, 36.227370971398962 ], [ -75.946022272362995, 36.218757506322383 ], [ -75.947410457404217, 36.209045402990753 ], [ -75.950478110245967, 36.204872208845046 ], [ -75.96076313644906, 36.202651729774104 ], [ -75.956031717372682, 36.196257714110509 ], [ -75.952980990922413, 36.194037361401435 ], [ -75.940742241377095, 36.188758008433112 ], [ -75.932410639799201, 36.181540983635557 ], [ -75.930746415229621, 36.179039218764473 ], [ -75.924077532613538, 36.174042013791599 ], [ -75.907979522160318, 36.167373627357179 ], [ -75.904911997472183, 36.163208058472918 ], [ -75.910756183255515, 36.161537401995396 ], [ -75.927968951813668, 36.165703020872066 ], [ -75.935461526515795, 36.167372788822085 ], [ -75.949073471101698, 36.168761112172888 ], [ -75.989633592025129, 36.177100333416135 ], [ -76.00492363652647, 36.180982567663797 ], [ -76.011318315767511, 36.183485464885948 ], [ -76.031032816361872, 36.196813984402972 ], [ -76.036862228533138, 36.205153408226337 ], [ -76.043256629724041, 36.220983966019361 ], [ -76.04714767913994, 36.225424117920774 ], [ -76.062148590864652, 36.234038229074208 ], [ -76.081878628930284, 36.238203161201746 ], [ -76.092148655384477, 36.244596167119759 ], [ -76.098816664137658, 36.251546657937929 ], [ -76.106599028033813, 36.262930111027778 ], [ -76.125200145970879, 36.276540550288942 ], [ -76.136875122452665, 36.286541808630453 ], [ -76.142154650207061, 36.289876284957622 ], [ -76.157994062890054, 36.290150386969032 ], [ -76.165210653953636, 36.292378016310842 ], [ -76.176595266620737, 36.298207059183319 ], [ -76.184086893874266, 36.296817834607126 ], [ -76.187429078507108, 36.294872298865954 ], [ -76.194646600743908, 36.294041000776794 ], [ -76.197699427782467, 36.29598658447533 ], [ -76.198262876713059, 36.299037903477071 ], [ -76.194372908501975, 36.303203888904342 ], [ -76.184652010885117, 36.30598043230497 ], [ -76.179936490613784, 36.310146534776045 ], [ -76.180486375067858, 36.312923098480987 ], [ -76.181874900709786, 36.314594939105611 ], [ -76.18936757597686, 36.319042280296202 ], [ -76.195197027993871, 36.320148094451447 ], [ -76.201605287996458, 36.319316964948989 ], [ -76.20661061952535, 36.316821939193979 ], [ -76.213553302611274, 36.307095102106025 ], [ -76.221320604847705, 36.298763427473894 ], [ -76.224097419088409, 36.293765653592516 ], [ -76.221885278906697, 36.289044144010283 ], [ -76.207158813981764, 36.282650599038192 ], [ -76.183263099414731, 36.269315286318609 ], [ -76.164097140391704, 36.262654379616791 ], [ -76.149386722193768, 36.259595024005577 ], [ -76.144106818908085, 36.256543369179674 ], [ -76.136324679514033, 36.244314303351246 ], [ -76.135485322015853, 36.239317063868263 ], [ -76.131594367146604, 36.229872240624893 ], [ -76.128252622606269, 36.225706451797627 ], [ -76.120194299653321, 36.217923794826348 ], [ -76.108261900373307, 36.208486206005091 ], [ -76.097991283935968, 36.202093706322508 ], [ -76.08743260554148, 36.197095843776289 ], [ -76.084090404601866, 36.192923402679426 ], [ -76.082716415037666, 36.189039416770143 ], [ -76.083816136079733, 36.182929033057988 ], [ -76.082426313123406, 36.179319588470214 ], [ -76.079100280676812, 36.176259801701434 ], [ -76.06214678725739, 36.167928838876037 ], [ -76.05798147321768, 36.164312853783997 ], [ -76.056027045400015, 36.159872139307602 ], [ -76.062695802112401, 36.153478941895571 ], [ -76.078534501383658, 36.145430287104944 ], [ -76.100752411839167, 36.139318928374301 ], [ -76.107146521514665, 36.138487124163895 ], [ -76.11798090654807, 36.140150398608682 ], [ -76.129364941900747, 36.143209628939751 ], [ -76.131592065352024, 36.142095740509106 ], [ -76.131317842158879, 36.140150802998299 ], [ -76.128815970228601, 36.136816275098965 ], [ -76.126861713266649, 36.132094301345269 ], [ -76.127137159248079, 36.128485046212923 ], [ -76.129639160534097, 36.126257302944161 ], [ -76.135773257052691, 36.126814496950864 ], [ -76.151871626113902, 36.125983343923686 ], [ -76.164369557479986, 36.124320315470406 ], [ -76.179369544763929, 36.125151962969611 ], [ -76.185199660470872, 36.128485808977977 ], [ -76.200489876685808, 36.143767422960998 ], [ -76.217427292864244, 36.157652741013933 ], [ -76.220495353656375, 36.161817797706291 ], [ -76.224661284302698, 36.164595292928254 ], [ -76.231039099413607, 36.172376604388425 ], [ -76.242712905347318, 36.183760074346267 ], [ -76.254112055617014, 36.189038908951147 ], [ -76.25966621162938, 36.190702730057296 ], [ -76.268546759113079, 36.19598176052186 ], [ -76.272713576563689, 36.199590805311296 ], [ -76.278832021233555, 36.207929078693041 ], [ -76.282432919523842, 36.210705992548576 ], [ -76.286874019453194, 36.209592768647951 ], [ -76.289100973960814, 36.203206791412114 ], [ -76.287163655064958, 36.192922117409452 ], [ -76.277992896862713, 36.180433191143031 ], [ -76.273827245457497, 36.176817499905297 ], [ -76.251334835108494, 36.161817946976129 ], [ -76.247153865996722, 36.157926840344665 ], [ -76.244651022232361, 36.154593335063808 ], [ -76.242712368804206, 36.150153332321707 ], [ -76.241034207997146, 36.141264918433102 ], [ -76.236868126871713, 36.134879716432017 ], [ -76.230489217511447, 36.127371660127025 ], [ -76.216313560073601, 36.11736965682163 ], [ -76.204655665857686, 36.111541367380575 ], [ -76.198261684454835, 36.109595336516847 ], [ -76.19519365552658, 36.105986853040896 ], [ -76.194645210263374, 36.101821607659765 ], [ -76.202991710523008, 36.097647650090437 ], [ -76.208821286908048, 36.096259784603738 ], [ -76.211048101140349, 36.094596038843164 ], [ -76.216602676534464, 36.093482126380195 ], [ -76.224660622913447, 36.093764537321135 ], [ -76.235479302851431, 36.095153992711609 ], [ -76.255774726646465, 36.106544738146503 ], [ -76.262167831316177, 36.108489587987606 ], [ -76.286049150826415, 36.122374592010502 ], [ -76.295768897215027, 36.122374666351881 ], [ -76.301324040447838, 36.123480867422707 ], [ -76.333825805086505, 36.134878615602986 ], [ -76.370494099476346, 36.150152831622464 ], [ -76.381038088193847, 36.156255941598666 ], [ -76.385219509523637, 36.159872182027456 ], [ -76.389385251523905, 36.165701204209725 ], [ -76.390773281322026, 36.175154062967209 ], [ -76.393001425149777, 36.176259557870736 ], [ -76.394664464304157, 36.173765649130438 ], [ -76.401333313235966, 36.170148596497036 ], [ -76.406613000047855, 36.169874748599874 ], [ -76.417432374572485, 36.17487123838459 ], [ -76.421597573591228, 36.178487557476757 ], [ -76.444105683668994, 36.193761104540229 ], [ -76.452161632818488, 36.200986284335343 ], [ -76.458281884958481, 36.203480707896873 ], [ -76.460219827463746, 36.2032059770088 ], [ -76.460783398258613, 36.199033228949588 ], [ -76.460218893430792, 36.195424629149677 ], [ -76.440763378494935, 36.170431206902776 ], [ -76.43133263926849, 36.164312138831207 ], [ -76.41494481243889, 36.157652523475186 ], [ -76.409939048725761, 36.154318791610557 ], [ -76.394115320236949, 36.13931918131771 ], [ -76.382427064785361, 36.123763040650957 ], [ -76.367427015358132, 36.118483495189906 ], [ -76.345498919370854, 36.115432354181266 ], [ -76.340219801637673, 36.112372826963785 ], [ -76.337717375036561, 36.109046236977214 ], [ -76.33744246895678, 36.106818526989279 ], [ -76.335214115488952, 36.103485187050509 ], [ -76.33161255899698, 36.100707876279181 ], [ -76.324669510136516, 36.100707311673574 ], [ -76.313271577755614, 36.102653360431262 ], [ -76.310479246426823, 36.098488114274339 ], [ -76.313270871285354, 36.094314664080358 ], [ -76.320778635503146, 36.090706049074562 ], [ -76.330224236906076, 36.088485427780533 ], [ -76.359384990969332, 36.080437059433834 ], [ -76.36687628332146, 36.079040357999176 ], [ -76.371042037957793, 36.077102793498653 ], [ -76.38439455758278, 36.076263996500522 ], [ -76.392726059895068, 36.077934484196291 ], [ -76.399943012309734, 36.080711661789849 ], [ -76.405223508295393, 36.083213468069353 ], [ -76.40909945521517, 36.086815118275197 ], [ -76.414668344817642, 36.088760064743191 ], [ -76.418270243810269, 36.085983578469325 ], [ -76.4185444996793, 36.082657395899879 ], [ -76.421046570316747, 36.074600564652719 ], [ -76.426875486870046, 36.070152592522511 ], [ -76.428539476121756, 36.067657621832723 ], [ -76.426051535493357, 36.066544344047159 ], [ -76.414943639485074, 36.066261951709329 ], [ -76.414378220809468, 36.062095638587479 ], [ -76.418269914293376, 36.057930800657637 ], [ -76.422984823572406, 36.054596341483197 ], [ -76.42910346697694, 36.052376988307977 ], [ -76.43354433831702, 36.049042208899394 ], [ -76.458004434557793, 36.036270943017584 ], [ -76.484387094567751, 36.016550049675473 ], [ -76.492428927616487, 36.01098774671491 ], [ -76.497433744025614, 36.00849296357768 ], [ -76.51049574503773, 36.006822084406373 ], [ -76.526060618356794, 36.007378710975445 ], [ -76.538557360260754, 36.009881828422799 ], [ -76.5455001679601, 36.012101166282413 ], [ -76.563278171928729, 36.011270417048259 ], [ -76.584946415315486, 36.012932451023708 ], [ -76.590500454560967, 36.01460363412955 ], [ -76.600221071068248, 36.020149704360321 ], [ -76.605775541959289, 36.027649441420259 ], [ -76.609666011734888, 36.045990058162737 ], [ -76.612992665699963, 36.049880802063861 ], [ -76.616319972197445, 36.052932578793076 ], [ -76.628542344760945, 36.05598445162326 ], [ -76.633836455594107, 36.053481757684658 ], [ -76.633286966980435, 36.04154194508407 ], [ -76.635789292814223, 36.035713843184034 ], [ -76.638841667932297, 36.032097501258022 ], [ -76.642733218674351, 36.030151217201407 ], [ -76.646624350085162, 36.029320607579834 ], [ -76.656328403589669, 36.031265845896343 ], [ -76.667438205068578, 36.036270229915075 ], [ -76.677721886920423, 36.042655592136065 ], [ -76.686054661948106, 36.049880575207631 ], [ -76.689105562110498, 36.054038898346001 ], [ -76.693272121336207, 36.063208911281947 ], [ -76.695500167439079, 36.081267320062466 ], [ -76.693821785423225, 36.092092797718749 ], [ -76.692158749605923, 36.094038667071246 ], [ -76.69215871539663, 36.099593113428796 ], [ -76.696888114686004, 36.106818149849751 ], [ -76.71050049557239, 36.114317595367481 ], [ -76.716329518509568, 36.123205250198701 ], [ -76.720221317438259, 36.134595326733532 ], [ -76.72189890211267, 36.149037494070392 ], [ -76.725225736464907, 36.157369430465671 ], [ -76.725500861657736, 36.162366633873461 ], [ -76.727164196987744, 36.165426029539475 ], [ -76.727453588852768, 36.169598259148799 ], [ -76.723563056132988, 36.187924499155947 ], [ -76.724387877553255, 36.18875568313576 ], [ -76.7229987781067, 36.189869510664082 ], [ -76.720786014262004, 36.202091575968019 ], [ -76.716331502087925, 36.217090534391623 ], [ -76.710791926236425, 36.230976394140086 ], [ -76.708288846906967, 36.23376062595473 ], [ -76.702170412338802, 36.244037522524309 ], [ -76.698279632130692, 36.24820340649147 ], [ -76.692435303643407, 36.253208175996441 ], [ -76.68965831195726, 36.25681679934543 ], [ -76.67883963239143, 36.265155271697139 ], [ -76.6741090147666, 36.272090029941914 ], [ -76.671606940739991, 36.277644225535013 ], [ -76.670507986602914, 36.283763399567505 ], [ -76.674675278299645, 36.293207994055308 ], [ -76.677725841833933, 36.297098883562391 ], [ -76.686058647265554, 36.304591560039512 ], [ -76.704400615487984, 36.315982349364461 ], [ -76.708566090789944, 36.31959853591799 ], [ -76.713295874076138, 36.321818688759286 ], [ -76.715783436877715, 36.319597793501075 ], [ -76.716622150494757, 36.313479623622612 ], [ -76.728555339809944, 36.31792775974688 ], [ -76.730508514810879, 36.316821388027471 ], [ -76.729119336907885, 36.313204946838276 ], [ -76.707450997133776, 36.292651354371579 ], [ -76.700233288027064, 36.28487667515148 ], [ -76.69827984840687, 36.28014731931404 ], [ -76.702170604626133, 36.269313146942878 ], [ -76.705787217518008, 36.264315948063668 ], [ -76.717735554061832, 36.25181906168131 ], [ -76.72606646590188, 36.244312136170286 ], [ -76.74382815514744, 36.230427192791979 ], [ -76.747719947503455, 36.226253662174173 ], [ -76.756340616802447, 36.209873894032917 ], [ -76.758018906985583, 36.198757759360561 ], [ -76.756065627981855, 36.188756312314531 ], [ -76.756065216417142, 36.171819271621949 ], [ -76.759956614141856, 36.153759947313233 ], [ -76.759955649925814, 36.136815712567184 ], [ -76.758841328983777, 36.131818406908316 ], [ -76.75467579817267, 36.122374037497536 ], [ -76.740775069243, 36.104322870104838 ], [ -76.734945512566426, 36.095427318529374 ], [ -76.733831422210471, 36.085425702137357 ], [ -76.73439516956536, 36.074873793855545 ], [ -76.730504194023851, 36.061538483086551 ], [ -76.720783655886109, 36.044875401666147 ], [ -76.709110170779795, 36.034881672662657 ], [ -76.704944775190441, 36.022927004241524 ], [ -76.704394858523202, 36.00793471612895 ], [ -76.701892358688269, 36.004600498288646 ], [ -76.689105654308733, 36.005714597758093 ], [ -76.684389843514595, 36.004043598397701 ], [ -76.68413837312751, 36.00016144610246 ], [ -76.684099975216412, 35.999596670602706 ], [ -76.687441156084404, 35.994873664137835 ], [ -76.695208379659121, 35.986542666592158 ], [ -76.712726033415976, 35.972374358913306 ], [ -76.720508234816506, 35.964318377199916 ], [ -76.721606167465296, 35.958206570465748 ], [ -76.72438384679279, 35.952378515510347 ], [ -76.731052118199912, 35.942376316173302 ], [ -76.730227653453269, 35.939591286853975 ], [ -76.728960544776939, 35.939606654962944 ], [ -76.727725863593463, 35.939041546405903 ], [ -76.716326240963454, 35.94237553067174 ], [ -76.709672863725913, 35.943207359923768 ], [ -76.696046403424489, 35.941818751613887 ], [ -76.677155359260468, 35.935151008578529 ], [ -76.668824885208892, 35.933488624246593 ], [ -76.654937870875557, 35.932930798796349 ], [ -76.628829402043536, 35.935426186460298 ], [ -76.603545103475099, 35.939317695631601 ], [ -76.597167130325786, 35.940988035750415 ], [ -76.577161745919099, 35.94043108596405 ], [ -76.570508965219958, 35.939042622841924 ], [ -76.560774305920134, 35.939317424648493 ], [ -76.559935054560412, 35.938486385521593 ], [ -76.546888210274986, 35.941263403795745 ], [ -76.54104406192468, 35.943766223211561 ], [ -76.535214479021562, 35.9445975183991 ], [ -76.523556435939867, 35.947932111306933 ], [ -76.477993329197801, 35.961824869312402 ], [ -76.461879787244527, 35.968485040813626 ], [ -76.427988504680656, 35.977647752565957 ], [ -76.422708761667664, 35.977930585656736 ], [ -76.41160001376528, 35.980149884983007 ], [ -76.404382189217557, 35.979875897074436 ], [ -76.393823443126763, 35.977099059905413 ], [ -76.387720041010638, 35.973764350840618 ], [ -76.383828629878195, 35.970987103918397 ], [ -76.380485879054476, 35.966822167767774 ], [ -76.378532990317979, 35.962099068177658 ], [ -76.37770926479007, 35.957102780380268 ], [ -76.381324829179576, 35.945154846541293 ], [ -76.386604673300127, 35.933489698084962 ], [ -76.383827039060975, 35.931543758942674 ], [ -76.378822014085358, 35.930712449220437 ], [ -76.375205261143478, 35.931269671110499 ], [ -76.369925952296441, 35.933764694422251 ], [ -76.356314421183001, 35.943484025341547 ], [ -76.345496709966781, 35.944041366507861 ], [ -76.341330348663533, 35.942652131746264 ], [ -76.342154655430036, 35.943483740035234 ], [ -76.333548707405171, 35.939593677769324 ], [ -76.315206094051518, 35.929599026378462 ], [ -76.314931201302215, 35.930155178994887 ], [ -76.303823356138921, 35.925989673372953 ], [ -76.278828260930865, 35.91932195870907 ], [ -76.267153898014499, 35.919047720452696 ], [ -76.262988892720955, 35.921267345459249 ], [ -76.261875223891522, 35.925158380598617 ], [ -76.264377051141921, 35.931269803206774 ], [ -76.269383372644327, 35.93154393059497 ], [ -76.271885205462226, 35.93265835249489 ], [ -76.286045916965222, 35.934878285895302 ], [ -76.30382272350208, 35.942095324787779 ], [ -76.306875132397977, 35.944040465509538 ], [ -76.308263750723782, 35.947931751303663 ], [ -76.307988962997342, 35.95126550047803 ], [ -76.304922683936411, 35.956262683357672 ], [ -76.296606304159113, 35.962374662592303 ], [ -76.291326512320651, 35.964877116036625 ], [ -76.28188174605161, 35.967097164130941 ], [ -76.276876807825403, 35.969599653872514 ], [ -76.270497442308667, 35.970430146163856 ], [ -76.246311641470058, 35.976542169964738 ], [ -76.229099110093486, 35.980981548279516 ], [ -76.216311711000827, 35.982370173221476 ], [ -76.202151477464625, 35.985985759151241 ], [ -76.195192970863943, 35.987931041090327 ], [ -76.190476948374041, 35.991265374969672 ], [ -76.187974529138657, 35.991540110975812 ], [ -76.18048236402592, 35.994873293286147 ], [ -76.16825986013319, 35.997376157686759 ], [ -76.155761158001027, 35.99598705868997 ], [ -76.142425084398596, 35.989875766459363 ], [ -76.131589827669998, 35.989043729263614 ], [ -76.126036339101844, 35.989318657269962 ], [ -76.097148639279894, 35.99459753002494 ], [ -76.083811902082672, 35.994596812939314 ], [ -76.070491194629511, 35.992094551474082 ], [ -76.056024364370742, 35.985426419370611 ], [ -76.045480015892679, 35.979314849692649 ], [ -76.041589120877575, 35.975424151886983 ], [ -76.032966330503854, 35.969595687629159 ], [ -76.025199852833666, 35.962927153209094 ], [ -76.023260732940585, 35.958486711789526 ], [ -76.024650005063265, 35.954320937251381 ], [ -76.031028055890445, 35.951544617650562 ], [ -76.043251120914974, 35.953482531383486 ], [ -76.045478680357917, 35.954596585662649 ], [ -76.048257170857056, 35.954321701183567 ], [ -76.050743275906882, 35.955710171406388 ], [ -76.056588662134601, 35.956260287704801 ], [ -76.063257239623198, 35.955428669949818 ], [ -76.065195043617194, 35.954322286866272 ], [ -76.069101097364566, 35.94820340586719 ], [ -76.06881046441832, 35.940429685318186 ], [ -76.067147696930405, 35.936538230055476 ], [ -76.06659736121442, 35.927932730594137 ], [ -76.069100786093756, 35.924872749252884 ], [ -76.071312690054896, 35.919044573443493 ], [ -76.069099864271166, 35.917374116547805 ], [ -76.065193892575863, 35.915703294169028 ], [ -76.058799840781631, 35.91654234373614 ], [ -76.047416949155405, 35.921264175092368 ], [ -76.044090642200544, 35.92404109295822 ], [ -76.030753835531485, 35.930434501960775 ], [ -76.023535598168067, 35.930434126049462 ], [ -76.019368940999257, 35.926817980502825 ], [ -76.023535472346708, 35.919043736034077 ], [ -76.035467881380669, 35.906814613187706 ], [ -76.042136541434289, 35.89765145469989 ], [ -76.047415704826065, 35.888764028083941 ], [ -76.051855894701447, 35.875153227111419 ], [ -76.053519911275217, 35.872650389118476 ], [ -76.057975852154797, 35.869874089574786 ], [ -76.061851508109868, 35.868760065296797 ], [ -76.079095198349478, 35.867371306181809 ], [ -76.081871146965298, 35.863771035925005 ], [ -76.081321701700475, 35.860711265028911 ], [ -76.076042562147492, 35.857659693492757 ], [ -76.068259967597868, 35.85460069255079 ], [ -76.063254016032047, 35.851266147640764 ], [ -76.05991314300519, 35.847100811384067 ], [ -76.057974259582593, 35.842652437057218 ], [ -76.059363302468213, 35.835153590471712 ], [ -76.058798989692463, 35.826547013594869 ], [ -76.054906907579209, 35.817376837560232 ], [ -76.053243577626603, 35.807932092761888 ], [ -76.05269347231075, 35.793772026440678 ], [ -76.053243218313284, 35.783213459006454 ], [ -76.058247414090303, 35.776545282991471 ], [ -76.064641832364018, 35.775713943305441 ], [ -76.079367807104219, 35.78098555725861 ], [ -76.089926269238006, 35.783769956741772 ], [ -76.094641778107075, 35.786272864370964 ], [ -76.100746338263079, 35.794321318021282 ], [ -76.103522663918511, 35.796549878178133 ], [ -76.10936801782556, 35.798213411378583 ], [ -76.112968516180473, 35.797655400384144 ], [ -76.115471919951815, 35.795436324827165 ], [ -76.117699015394578, 35.790156074297307 ], [ -76.116295240505394, 35.783770428562946 ], [ -76.113807704905483, 35.780986303532686 ], [ -76.109367892729054, 35.778766182025095 ], [ -76.094916737066853, 35.774326022797389 ], [ -76.079092427701113, 35.765993983954068 ], [ -76.069646662204221, 35.7626602993437 ], [ -76.059636915493996, 35.760714644057806 ], [ -76.054906337457993, 35.759601032939763 ], [ -76.044911279216635, 35.754328946196296 ], [ -76.041309899768521, 35.749324062426332 ], [ -76.041019843845788, 35.739878625433619 ], [ -76.042407692189173, 35.735430648524016 ], [ -76.047687851601225, 35.727374197337603 ], [ -76.052966652257055, 35.721263705953213 ], [ -76.055195040042463, 35.714878104854861 ], [ -76.055193890984668, 35.709324385990705 ], [ -76.052966688462632, 35.705990043897124 ], [ -76.04686221115611, 35.70321294450904 ], [ -76.042971836353502, 35.703213115307697 ], [ -76.037416340081805, 35.699322519840244 ], [ -76.036576890775265, 35.694043138702639 ], [ -76.037416458052149, 35.687931792464106 ], [ -76.038531055917431, 35.685429187305594 ], [ -76.041857598769028, 35.682660559003757 ], [ -76.050188703795399, 35.681546692625894 ], [ -76.0612974657206, 35.684598029032919 ], [ -76.075473633132162, 35.684598308571964 ], [ -76.089634603228163, 35.686817881484288 ], [ -76.096592097220679, 35.686818235115204 ], [ -76.107136840532775, 35.68959528662036 ], [ -76.113530055291292, 35.692380600198717 ], [ -76.119634255618038, 35.697102336188237 ], [ -76.12796651647777, 35.700993723619291 ], [ -76.133536423299333, 35.700711281848591 ], [ -76.13686298409813, 35.697934771854683 ], [ -76.137427273693405, 35.696545780737132 ], [ -76.136313874458395, 35.6971030078954 ], [ -76.138251190929182, 35.695989573368784 ], [ -76.137976348256217, 35.694600652816575 ], [ -76.1390909780214, 35.691266745049496 ], [ -76.137151564520323, 35.686544107811578 ], [ -76.134649001638209, 35.68349247761094 ], [ -76.119634400542353, 35.674604348383362 ], [ -76.105473211432908, 35.661825133117112 ], [ -76.100192426714941, 35.659323098672765 ], [ -76.09297574383227, 35.657377809880209 ], [ -76.081592363077462, 35.657102788626553 ], [ -76.075748095264757, 35.658765851877725 ], [ -76.064639294735883, 35.664045183076375 ], [ -76.05879383337664, 35.665708485387448 ], [ -76.05241640582976, 35.666547816258749 ], [ -76.047974952476139, 35.666265386130924 ], [ -76.046297582398196, 35.665990310453623 ], [ -76.04658709835789, 35.66515845340151 ], [ -76.043520210304976, 35.664045505057949 ], [ -76.040467544564109, 35.659879945969237 ], [ -76.039353502385424, 35.654600259458846 ], [ -76.037690492267387, 35.652097875703831 ], [ -76.0349134665327, 35.650159637300348 ], [ -76.030472072596154, 35.649885525166233 ], [ -76.02407946817398, 35.658490690185971 ], [ -76.02018851468506, 35.668217699766231 ], [ -76.017976126868206, 35.678212350260225 ], [ -76.014923557720053, 35.684041251050843 ], [ -76.008806055733061, 35.69265433448583 ], [ -76.001862421475195, 35.69820780339704 ], [ -75.997681132773735, 35.702938095877712 ], [ -75.994630447820995, 35.707103813594834 ], [ -75.992401560508767, 35.713771129216134 ], [ -75.992967341048796, 35.727931047076709 ], [ -75.994080617238069, 35.733211018999654 ], [ -75.992402532314031, 35.749597802555364 ], [ -75.987139292004997, 35.775987953814443 ], [ -75.986300186597717, 35.789881086661552 ], [ -75.987138529909032, 35.794877563832934 ], [ -75.992128691116008, 35.804322514112307 ], [ -75.995181576621846, 35.813485073323996 ], [ -75.994083222290641, 35.823212220321786 ], [ -75.988528390138811, 35.829041923868346 ], [ -75.983248342368256, 35.837097793205828 ], [ -75.982409504589526, 35.843209320703131 ], [ -75.982409362577258, 35.848763218103173 ], [ -75.986300659918783, 35.857932989409925 ], [ -75.989352575189585, 35.862099377703792 ], [ -75.98880296773487, 35.866264722105818 ], [ -75.98714033647299, 35.868759340794227 ], [ -75.989627084245342, 35.877647618472409 ], [ -75.98852925327995, 35.883766134602254 ], [ -75.984911898690328, 35.886543415471728 ], [ -75.985751352144618, 35.886818053690064 ], [ -75.982409677206618, 35.888206275308981 ], [ -75.97658087326522, 35.893211877535876 ], [ -75.967700044231535, 35.899040546540554 ], [ -75.964082558244016, 35.90264962165989 ], [ -75.947130216716047, 35.91376555240754 ], [ -75.942964222191151, 35.917931149518601 ], [ -75.933792904544362, 35.922379516645556 ], [ -75.930465784264968, 35.921822606641669 ], [ -75.927964192144316, 35.9184887878247 ], [ -75.919906311632715, 35.915986646066074 ], [ -75.916289601172309, 35.913209266212036 ], [ -75.90713369200283, 35.901262955533561 ], [ -75.902418803956181, 35.891269062504719 ], [ -75.899366886760419, 35.887103350673435 ], [ -75.891584016768704, 35.884043947108744 ], [ -75.884915369517913, 35.882656153482237 ], [ -75.874630577023723, 35.876545341602366 ], [ -75.871288492175594, 35.873486509340026 ], [ -75.86628285951582, 35.872654925168128 ], [ -75.864070235714479, 35.873486192254681 ], [ -75.861018759747992, 35.875713644728329 ], [ -75.857401554641484, 35.883496174651796 ], [ -75.858790677603267, 35.887104681367511 ], [ -75.865458620795124, 35.89210098858652 ], [ -75.870738422230858, 35.893771916790733 ], [ -75.884640314880698, 35.900157528365206 ], [ -75.892132970880354, 35.912371248997161 ], [ -75.895749482081243, 35.916826744555294 ], [ -75.901854762207279, 35.922098048043573 ], [ -75.90408222081048, 35.926820759907081 ], [ -75.904356578804183, 35.93098601952331 ], [ -75.90185354966404, 35.933488999157717 ], [ -75.898527839686238, 35.933488657494649 ], [ -75.888806858672567, 35.93071197409396 ], [ -75.876293936229587, 35.923213381789338 ], [ -75.871853539989132, 35.922930673741888 ], [ -75.858516332021409, 35.9237710012737 ], [ -75.837686726711908, 35.922100847468499 ], [ -75.833245585845759, 35.923214247696571 ], [ -75.827691538974534, 35.926548915406855 ], [ -75.825738415799691, 35.926823767128923 ], [ -75.824639614476126, 35.930714824550577 ], [ -75.825188948663552, 35.931545903027946 ], [ -75.83269705070802, 35.935985870022513 ], [ -75.836298022199486, 35.937374820673782 ], [ -75.851299028232901, 35.940433021395677 ], [ -75.85906632101748, 35.941264959775864 ], [ -75.862957293439536, 35.942927721350664 ], [ -75.855464854351226, 35.954043581445923 ], [ -75.853511127479123, 35.960712046800118 ], [ -75.854351407334406, 35.971263015489583 ], [ -75.853236434624762, 35.97515357386343 ], [ -75.847682179717722, 35.975710272324626 ], [ -75.829920020377273, 35.968486416579239 ], [ -75.818795282650399, 35.961826000101048 ], [ -75.812401994536089, 35.954327453824099 ], [ -75.811286847949802, 35.944042886111234 ], [ -75.809059644534543, 35.940152424172702 ], [ -75.805183172135145, 35.93654423236184 ], [ -75.791297405506143, 35.927381736998178 ], [ -75.782950371665848, 35.919882791348449 ], [ -75.767689893580936, 35.894325314270247 ], [ -75.758518874800231, 35.887382422790651 ], [ -75.750461767932265, 35.880158192114706 ], [ -75.747120241948352, 35.875992916428615 ], [ -75.745166239011425, 35.871270168199786 ], [ -75.744617418774368, 35.854882885980679 ], [ -75.741565195647567, 35.8451634203401 ], [ -75.738512699396892, 35.840998334689516 ], [ -75.737674129606532, 35.84099826976405 ], [ -75.732394574072103, 35.835436563777051 ], [ -75.723238685627209, 35.823222027072042 ], [ -75.719896178476318, 35.814609088906479 ], [ -75.719346555875902, 35.810443786761418 ], [ -75.722398767866764, 35.79822109023511 ], [ -75.72462632820617, 35.793780847774357 ], [ -75.734896615781423, 35.77904945611084 ], [ -75.739336947001277, 35.768223179636152 ], [ -75.738512741880569, 35.759609053345123 ], [ -75.732393618958739, 35.751278908824702 ], [ -75.724626489487264, 35.743222069071805 ], [ -75.721009172835309, 35.735441069705566 ], [ -75.720169402177959, 35.730161470814615 ], [ -75.720733888363355, 35.712110043012352 ], [ -75.720168717823896, 35.695165824437375 ], [ -75.720734429647038, 35.690442965861457 ], [ -75.722397717715623, 35.68794072404102 ], [ -75.728501468385076, 35.685720155524621 ], [ -75.731842566404524, 35.686277033810704 ], [ -75.737947119147393, 35.689054142157445 ], [ -75.742112353809674, 35.692662106138862 ], [ -75.746279100389899, 35.698498843553779 ], [ -75.759631210056924, 35.703495732929937 ], [ -75.768512646152104, 35.700443949594096 ], [ -75.771014941696635, 35.69738403570318 ], [ -75.774905830771843, 35.689052937586176 ], [ -75.774905319747333, 35.684048477625183 ], [ -75.772677181495951, 35.679333402261392 ], [ -75.769075871652348, 35.674335848977805 ], [ -75.759905082249944, 35.66766825431958 ], [ -75.756578444475196, 35.66349557283506 ], [ -75.755464885754165, 35.659604711896854 ], [ -75.747117816987654, 35.652387161328946 ], [ -75.744340362376192, 35.648222263578049 ], [ -75.740722661402756, 35.64517038037647 ], [ -75.735732863920717, 35.636557546910971 ], [ -75.73600774526976, 35.627386863522865 ], [ -75.739608654159241, 35.61905518270143 ], [ -75.742951369506258, 35.614058012431045 ], [ -75.751023284438631, 35.6079473794493 ], [ -75.760743747155018, 35.602393092042895 ], [ -75.772401273406629, 35.599050994697087 ], [ -75.776567227074409, 35.597112525139067 ], [ -75.781297305829781, 35.590444079962552 ], [ -75.781297302274709, 35.58489103475933 ], [ -75.783784479649896, 35.574888822560261 ], [ -75.787126701987347, 35.572111761172764 ], [ -75.792681632803351, 35.569616346086185 ], [ -75.816577391773293, 35.566273915797694 ], [ -75.837955853434636, 35.567113390962966 ], [ -75.840458399434311, 35.570447190586613 ], [ -75.837955621513927, 35.572666877365066 ], [ -75.833241529075238, 35.57378123069892 ], [ -75.819630172958981, 35.580166783954539 ], [ -75.819080290339301, 35.582112899638268 ], [ -75.818240484299977, 35.582112691678894 ], [ -75.818516394515427, 35.58710987318711 ], [ -75.825184649361148, 35.589886252346666 ], [ -75.831303574777749, 35.588215319754717 ], [ -75.841572600911874, 35.583225804891015 ], [ -75.847966699919056, 35.582668515564002 ], [ -75.853795696113622, 35.583225167172571 ], [ -75.859625498794387, 35.584888407023406 ], [ -75.86351611098614, 35.588497525945513 ], [ -75.879616279749811, 35.609606479347541 ], [ -75.879906082740092, 35.613780476337581 ], [ -75.876838634566781, 35.620997296187362 ], [ -75.876564872678159, 35.626550840701029 ], [ -75.880730430985224, 35.630159304461166 ], [ -75.883797793638252, 35.631547786153789 ], [ -75.888237984015717, 35.630991349855762 ], [ -75.891854355031029, 35.628214392206061 ], [ -75.899910065673552, 35.603220846066094 ], [ -75.89936172356515, 35.600168541546715 ], [ -75.892402973066467, 35.583499429719112 ], [ -75.893241333201672, 35.575724772759031 ], [ -75.897682810434148, 35.569613758070297 ], [ -75.915459160824355, 35.55516365323777 ], [ -75.918511098029811, 35.550998831937683 ], [ -75.919625005793861, 35.545445057950111 ], [ -75.92128801809983, 35.542393233945695 ], [ -75.926567989563083, 35.539889849167508 ], [ -75.942391278629074, 35.536830643522116 ], [ -75.954354369916516, 35.529605913005263 ], [ -75.962412331845059, 35.523494099753059 ], [ -75.968516106265866, 35.521830861441615 ], [ -75.975184655882785, 35.521831059486331 ], [ -75.978510372440198, 35.519054156320273 ], [ -75.981577699592876, 35.51322506662008 ], [ -75.980738609173343, 35.510448887315462 ], [ -75.978235484177702, 35.507115103105555 ], [ -75.973795580588884, 35.504612100971052 ], [ -75.968515155516357, 35.504337386916049 ], [ -75.966287593692925, 35.500446466483616 ], [ -75.96769159569169, 35.496273990887076 ], [ -75.969628567631162, 35.493222047573433 ], [ -75.97240549910768, 35.492390590634507 ], [ -75.981577298260987, 35.485996642052186 ], [ -75.992960687405358, 35.4826621259379 ], [ -76.006587800019844, 35.476268834353846 ], [ -76.008525417675358, 35.473216670858967 ], [ -76.004359230807893, 35.469608077324139 ], [ -76.001856445106768, 35.46627453794256 ], [ -76.000742521427171, 35.459056913277593 ], [ -76.004634234932126, 35.454883173694547 ], [ -76.01851979110684, 35.444880751403431 ], [ -76.020472022161357, 35.425166896609454 ], [ -76.025461579108708, 35.417110233524319 ], [ -76.031306902977917, 35.41543859188419 ], [ -76.036845093838707, 35.416552808752698 ], [ -76.039622848529888, 35.419329993180959 ], [ -76.040736952916888, 35.424335185216258 ], [ -76.039074281370105, 35.429049339739947 ], [ -76.040462537709061, 35.433497412740714 ], [ -76.04462817216853, 35.437105941091026 ], [ -76.051571784197748, 35.439326614592332 ], [ -76.061566097186954, 35.437938015869229 ], [ -76.066297189516277, 35.434603122813158 ], [ -76.070752021353869, 35.412378649576347 ], [ -76.075191903744539, 35.399049710452573 ], [ -76.075192003978501, 35.395716739683529 ], [ -76.073254396242177, 35.39100153802007 ], [ -76.069637308775384, 35.388216113328959 ], [ -76.064342830709634, 35.386279354228471 ], [ -76.066295676470801, 35.382663019416341 ], [ -76.069362900121149, 35.380991432228882 ], [ -76.084636525937896, 35.377108136516078 ], [ -76.089352501686264, 35.373773781655224 ], [ -76.100735526830007, 35.37071417469059 ], [ -76.123244086512855, 35.366273282381421 ], [ -76.127118922782955, 35.364327428987025 ], [ -76.131575719827907, 35.361550354183649 ], [ -76.134077702211911, 35.358498764451966 ], [ -76.136305494372607, 35.352105339119966 ], [ -76.136854901853908, 35.347382231678331 ], [ -76.140196009984933, 35.342385667394446 ], [ -76.143248402968496, 35.338769198828672 ], [ -76.148802068614287, 35.33710607100226 ], [ -76.154082148148063, 35.339600879658661 ], [ -76.156295448644357, 35.343491426630514 ], [ -76.161575273539739, 35.346824847509218 ], [ -76.1685178481561, 35.348771174487304 ], [ -76.188233776870945, 35.345711111779003 ], [ -76.211305474642941, 35.343490570221562 ], [ -76.22658085670632, 35.345993094197709 ], [ -76.238803148738668, 35.356268813138612 ], [ -76.246586562622099, 35.367103056837607 ], [ -76.253528485491614, 35.370437266019557 ], [ -76.259922338271906, 35.369605557875317 ], [ -76.262975271413566, 35.364883256244646 ], [ -76.264088966683047, 35.359328677093394 ], [ -76.262975333213333, 35.354331090628591 ], [ -76.266301242999901, 35.349326358280926 ], [ -76.272145494216957, 35.347655753239259 ], [ -76.279638299754012, 35.348494567369357 ], [ -76.286855027460035, 35.350715062500996 ], [ -76.301031804109272, 35.360717106528398 ], [ -76.317420317071182, 35.375159297895095 ], [ -76.319648271430538, 35.379324904712981 ], [ -76.334083823251703, 35.399603479512415 ], [ -76.347695811353248, 35.409598522719961 ], [ -76.354637918038321, 35.41237531305363 ], [ -76.359369000464184, 35.411825621695492 ], [ -76.362695732182615, 35.409048910236081 ], [ -76.364649245768589, 35.400435574096299 ], [ -76.361856736056822, 35.380712975876051 ], [ -76.352426016347394, 35.364050451713155 ], [ -76.350473226330379, 35.359602293305954 ], [ -76.34937322488959, 35.354330333514575 ], [ -76.349373777112973, 35.348768301842753 ], [ -76.35131239697526, 35.342932141709937 ], [ -76.354363781987345, 35.33849239128871 ], [ -76.359078589324085, 35.337378100085949 ], [ -76.368249892754079, 35.33849236588604 ], [ -76.37241582211729, 35.342100557651335 ], [ -76.374353271207482, 35.346822989985647 ], [ -76.374644078783319, 35.351827927968749 ], [ -76.377694837022318, 35.355993934956786 ], [ -76.384089510759182, 35.35738233138575 ], [ -76.39799097515845, 35.357381957719376 ], [ -76.406031673787567, 35.358213342778264 ], [ -76.412975514085872, 35.360441009236332 ], [ -76.417415452570296, 35.363217946688849 ], [ -76.420482832822245, 35.366827189005896 ], [ -76.419643234199086, 35.370153423505464 ], [ -76.416041823930343, 35.372098848675641 ], [ -76.382700988456847, 35.370436233902709 ], [ -76.377969901993879, 35.371542130089516 ], [ -76.376856383772108, 35.375433816953318 ], [ -76.379633299049658, 35.379598988770304 ], [ -76.393260470743925, 35.389883220635539 ], [ -76.393535046417099, 35.392104261455756 ], [ -76.391871119351606, 35.397383171901126 ], [ -76.386591909547903, 35.408209112133051 ], [ -76.385203055646897, 35.417937533941711 ], [ -76.386043026110855, 35.423773805583011 ], [ -76.388255101654153, 35.433218379898868 ], [ -76.396312002851658, 35.446264752010215 ], [ -76.400477605821692, 35.455435891781498 ], [ -76.402980894990336, 35.458769671629568 ], [ -76.407986028901576, 35.462379023589605 ], [ -76.415477570558977, 35.463491999550293 ], [ -76.419917901021975, 35.46210338152715 ], [ -76.423809163275322, 35.459326359180828 ], [ -76.426586472014847, 35.455717577437554 ], [ -76.426586518730446, 35.450163759302427 ], [ -76.422421206578846, 35.438207926004395 ], [ -76.423259610741027, 35.43321811931694 ], [ -76.428524192339154, 35.421827580953497 ], [ -76.437146781063362, 35.408209216471377 ], [ -76.443799017418513, 35.403769067710677 ], [ -76.449934339707042, 35.404325635767186 ], [ -76.458540495002509, 35.409048712962218 ], [ -76.464658451909884, 35.409596947854368 ], [ -76.471312283707377, 35.407934807656424 ], [ -76.475752583071994, 35.404600791603066 ], [ -76.477980662815369, 35.400991705128689 ], [ -76.478530340587838, 35.396268482658677 ], [ -76.47659123530039, 35.391546705408771 ], [ -76.468809835344487, 35.385160528491248 ], [ -76.458264696031151, 35.372381702050333 ], [ -76.459089592895026, 35.371824225626888 ], [ -76.464094774345028, 35.372930071433139 ], [ -76.46687236468486, 35.374875835195439 ], [ -76.479094303342706, 35.380155401684377 ], [ -76.492706325651653, 35.383497637379165 ], [ -76.498809832497614, 35.386274489541194 ], [ -76.507996190972037, 35.396550769667755 ], [ -76.52215603269353, 35.404325684929312 ], [ -76.524368605998703, 35.409048529363204 ], [ -76.520767307375351, 35.413771041344923 ], [ -76.506881692815469, 35.419607687383582 ], [ -76.502990864357926, 35.423490929793019 ], [ -76.502440607547683, 35.428495581129425 ], [ -76.506042751054267, 35.43127253236635 ], [ -76.512985127929468, 35.433492411173354 ], [ -76.51742641129411, 35.433492525576987 ], [ -76.518814038051204, 35.434599429535893 ], [ -76.525207925771142, 35.43376791510002 ], [ -76.531876842200617, 35.431547110659935 ], [ -76.536317312814049, 35.431829274585709 ], [ -76.549638540607489, 35.436544708632823 ], [ -76.554917708727217, 35.439596244391439 ], [ -76.557694789092849, 35.44376982295433 ], [ -76.558808508436542, 35.449041324270013 ], [ -76.555482276429458, 35.45404665455991 ], [ -76.552979797863543, 35.456266134604661 ], [ -76.549089071284911, 35.457663131166171 ], [ -76.547700538514022, 35.459325906571728 ], [ -76.545487454121755, 35.463774347749577 ], [ -76.544922900663877, 35.467932167892748 ], [ -76.547990770396495, 35.472097277976708 ], [ -76.555481941672255, 35.479040360790592 ], [ -76.573824611349565, 35.492658291490663 ], [ -76.57937841270207, 35.500165834287472 ], [ -76.579653130700109, 35.502386377936141 ], [ -76.578539468202393, 35.50626889019361 ], [ -76.57437308485018, 35.50821529370775 ], [ -76.571597063318237, 35.508497716785257 ], [ -76.560472590217685, 35.50821490934775 ], [ -76.553820010336878, 35.509603801760086 ], [ -76.540757225760998, 35.509885632390279 ], [ -76.525482857739888, 35.508214890122382 ], [ -76.497695478535775, 35.499045085442546 ], [ -76.492706125006407, 35.497939197338084 ], [ -76.489088928438676, 35.498770239666236 ], [ -76.483808823954718, 35.501272358533207 ], [ -76.468535414677021, 35.521826233264292 ], [ -76.467421672629953, 35.525991509142706 ], [ -76.463270939491522, 35.533499280139075 ], [ -76.463820224020765, 35.537664649974332 ], [ -76.468536318059037, 35.53877122823922 ], [ -76.47436460375387, 35.536550460822646 ], [ -76.478821040726515, 35.533773733910628 ], [ -76.489364131441178, 35.530989373374105 ], [ -76.507706376966169, 35.531270701935497 ], [ -76.515214726442565, 35.532102704015543 ], [ -76.53825650401987, 35.53682486597134 ], [ -76.55270650206819, 35.540997992266007 ], [ -76.579379466489371, 35.55071011701785 ], [ -76.587162924083287, 35.55154978644768 ], [ -76.592426133821292, 35.5512674847037 ], [ -76.604100251922816, 35.54099827640718 ], [ -76.609929158322529, 35.539326915884963 ], [ -76.619099358745999, 35.53265920544618 ], [ -76.622975103342071, 35.528492995854819 ], [ -76.631596322986994, 35.522657131555981 ], [ -76.64354509557495, 35.519322710534077 ], [ -76.639653075048898, 35.516553854506192 ], [ -76.625752442641314, 35.512379875021566 ], [ -76.619373341527037, 35.509603086864828 ], [ -76.615757018137245, 35.506826535441199 ], [ -76.611591327729556, 35.500997026662546 ], [ -76.609652540207904, 35.496267273583989 ], [ -76.607990012400265, 35.487103960697411 ], [ -76.609652991136571, 35.476820547906257 ], [ -76.614932597288018, 35.465162178509736 ], [ -76.615756088893164, 35.45905093784323 ], [ -76.612979607759655, 35.45487840421724 ], [ -76.599931881701878, 35.44820980440926 ], [ -76.594377812746231, 35.441267053535888 ], [ -76.594651934049836, 35.437933509097832 ], [ -76.601045900481196, 35.431547437030076 ], [ -76.603533157104124, 35.42571864814208 ], [ -76.602145083393694, 35.421827847770793 ], [ -76.587435035628459, 35.413214556514603 ], [ -76.58326919081891, 35.409598279360914 ], [ -76.580491795621271, 35.404875412258548 ], [ -76.579377110914649, 35.400435354147326 ], [ -76.581331486669427, 35.397382934798038 ], [ -76.581331158993862, 35.393217620761561 ], [ -76.591325434784792, 35.390158441165376 ], [ -76.605760228474253, 35.390997292372191 ], [ -76.628526828492582, 35.396269886336249 ], [ -76.644931204863184, 35.405158330032236 ], [ -76.648273102597159, 35.408209757454742 ], [ -76.65214869328446, 35.415159525378293 ], [ -76.651324538137388, 35.421270545103127 ], [ -76.647433438920999, 35.425436578589512 ], [ -76.642719089026002, 35.428770189445544 ], [ -76.642719029193685, 35.43432478360296 ], [ -76.646319748631129, 35.437101951136576 ], [ -76.649098044216103, 35.437101439768469 ], [ -76.653827960455246, 35.435713227573956 ], [ -76.671039678555346, 35.425161637136469 ], [ -76.676594694819926, 35.423773865585531 ], [ -76.684925920953631, 35.425161881466366 ], [ -76.698262362841334, 35.43015927910286 ], [ -76.704930287849777, 35.43127363624879 ], [ -76.711873549470468, 35.431273606175907 ], [ -76.723546406503687, 35.42738208894491 ], [ -76.743810982200799, 35.418219502863813 ], [ -76.756048134066006, 35.415710108504157 ], [ -76.762717347937993, 35.415709765029639 ], [ -76.768546276809118, 35.417380771119888 ], [ -76.77355163910255, 35.420714551122863 ], [ -76.787438606760205, 35.43459892366986 ], [ -76.800485825666911, 35.443487510454361 ], [ -76.811045855076131, 35.449323746074285 ], [ -76.824107259611893, 35.454602333696982 ], [ -76.839382449214725, 35.45626602584089 ], [ -76.854108614120491, 35.456547268423314 ], [ -76.868544791294354, 35.457935952091105 ], [ -76.882430227611025, 35.457935512002337 ], [ -76.905228627675626, 35.46043797563825 ], [ -76.919938830761765, 35.463214318374831 ], [ -76.93243726561775, 35.468486443922941 ], [ -76.940494020083449, 35.475711734550465 ], [ -76.943820955344506, 35.479876729226724 ], [ -76.952457571970868, 35.48571407398326 ], [ -76.959675254016872, 35.487933530982978 ], [ -76.979954861700563, 35.487101998921553 ], [ -76.987172916901798, 35.489321974767044 ], [ -76.998556510577686, 35.49487575245179 ], [ -77.001624335545543, 35.49904185414384 ], [ -77.003561566474829, 35.503772325788219 ], [ -77.016075317664829, 35.51460625795697 ], [ -77.027169137505226, 35.520434899426704 ], [ -77.038842605861205, 35.523211913610574 ], [ -77.049112961291272, 35.528765264095505 ], [ -77.050501277721594, 35.530436269781745 ], [ -77.048013926650171, 35.523768983527589 ], [ -77.039116174737543, 35.510715076722811 ], [ -77.033836720658584, 35.507663153967371 ], [ -77.031898586653028, 35.502940229794007 ], [ -77.029122188706779, 35.499598543275624 ], [ -77.026618775569318, 35.492099087813386 ], [ -77.018836405162673, 35.482096737251226 ], [ -77.011894002198474, 35.480151393077925 ], [ -77.004675622186767, 35.480151239359429 ], [ -76.998282215806313, 35.478762709073891 ], [ -76.992162665089907, 35.476260762325396 ], [ -76.98273210746332, 35.469317192082201 ], [ -76.979665628673047, 35.465159504675533 ], [ -76.977727096642198, 35.455157570501058 ], [ -76.978551175054434, 35.449038273529759 ], [ -76.981893203661045, 35.438487742027604 ], [ -76.976886944938258, 35.43737267250058 ], [ -76.972172655873749, 35.438487242853441 ], [ -76.962177656712086, 35.443484866136451 ], [ -76.951068904481502, 35.447650357716263 ], [ -76.932985780306268, 35.449595809180572 ], [ -76.922989767374148, 35.445705827078548 ], [ -76.912720763509242, 35.439319840136356 ], [ -76.901337000217723, 35.433490891884638 ], [ -76.888564693399402, 35.429600751801829 ], [ -76.880217573528412, 35.427937025939599 ], [ -76.867429959888696, 35.427380232962314 ], [ -76.859387466561643, 35.425991741068032 ], [ -76.842724306534336, 35.4204381638218 ], [ -76.837444121520107, 35.417379476737544 ], [ -76.833277330955625, 35.408765365704042 ], [ -76.832987182820887, 35.40376822955961 ], [ -76.834101432535533, 35.397108662964428 ], [ -76.832163383080001, 35.392385304251853 ], [ -76.724934306622075, 35.372383621639322 ], [ -76.714373843043887, 35.36655429689057 ], [ -76.700488642795065, 35.352661700318848 ], [ -76.694369261834183, 35.349884135423615 ], [ -76.672426279723496, 35.344878868502732 ], [ -76.649644465520495, 35.342384409813036 ], [ -76.62909149149489, 35.338767977818726 ], [ -76.594376921161654, 35.329886255955891 ], [ -76.561036456367646, 35.318769980009307 ], [ -76.555207675875778, 35.316267271155432 ], [ -76.544922094684566, 35.309881837407374 ], [ -76.534928027030347, 35.305715961764584 ], [ -76.527435587841509, 35.303487466106446 ], [ -76.520768015081046, 35.305158941985361 ], [ -76.518813897746355, 35.306821174717641 ], [ -76.503539881568088, 35.310711857549364 ], [ -76.494095147039019, 35.307378258893699 ], [ -76.492416523129179, 35.304875471704477 ], [ -76.488814335366513, 35.287938274377368 ], [ -76.480757788959622, 35.280155933218126 ], [ -76.47158748066083, 35.275990721365744 ], [ -76.468535092855802, 35.271825743384646 ], [ -76.470487748386489, 35.266552784732674 ], [ -76.476867050395171, 35.256825166766419 ], [ -76.479644352577779, 35.250996958328592 ], [ -76.481597338517275, 35.24432056989049 ], [ -76.482420468464824, 35.232655436092827 ], [ -76.484374180484181, 35.227375682488834 ], [ -76.48770036628207, 35.22237891704043 ], [ -76.494095058246728, 35.221539330512378 ], [ -76.501053189516426, 35.223767347019276 ], [ -76.513275463514589, 35.229878901805307 ], [ -76.52604765368271, 35.233769615053056 ], [ -76.550476319562989, 35.238767554313277 ], [ -76.557693364396201, 35.238210630738536 ], [ -76.56130991466658, 35.236822793432928 ], [ -76.563263542993326, 35.233770621128983 ], [ -76.562699485687773, 35.230711335397409 ], [ -76.5585325314062, 35.227102749852946 ], [ -76.542419648680237, 35.220151915010796 ], [ -76.527984349591364, 35.215993024082138 ], [ -76.522704829208706, 35.212659412803092 ], [ -76.521041781480378, 35.207378739689041 ], [ -76.522155460344308, 35.204044665094422 ], [ -76.526595751356254, 35.200993524481639 ], [ -76.527984089386948, 35.199040351223509 ], [ -76.540207392923207, 35.196546344727629 ], [ -76.54325855965638, 35.19737707005757 ], [ -76.551315926359607, 35.202383249354625 ], [ -76.571884007298053, 35.208769136485934 ], [ -76.57937703408399, 35.210158035797221 ], [ -76.594101951435761, 35.210440331460191 ], [ -76.598267874364296, 35.208495480231697 ], [ -76.600754041843345, 35.205992762005479 ], [ -76.605759324505271, 35.197935578209368 ], [ -76.619370869401564, 35.188208824059032 ], [ -76.625199890921934, 35.186545396627835 ], [ -76.64160290577658, 35.184043167328099 ], [ -76.648271495276035, 35.184043727056455 ], [ -76.660768614936373, 35.178214394435301 ], [ -76.665483453382691, 35.177108452134888 ], [ -76.668809418942317, 35.174330524452358 ], [ -76.671311757310107, 35.169050938518787 ], [ -76.666596781832581, 35.164603322317568 ], [ -76.66104254052442, 35.162932217718875 ], [ -76.653260505759235, 35.162657564946507 ], [ -76.647706303752116, 35.163771286027313 ], [ -76.640763704374109, 35.163771492631156 ], [ -76.633820562920576, 35.161543406747469 ], [ -76.621583562874577, 35.164045861483963 ], [ -76.615479712306666, 35.161267710911424 ], [ -76.60325694153812, 35.150433867148358 ], [ -76.596039485093712, 35.148213217689985 ], [ -76.58133029962967, 35.147382029922888 ], [ -76.575485136297758, 35.149884561280274 ], [ -76.572159914590983, 35.152653558692194 ], [ -76.575210877591431, 35.156819512899212 ], [ -76.584382236758259, 35.163487741012169 ], [ -76.585205323320352, 35.166547033663818 ], [ -76.5843818604544, 35.16905028497613 ], [ -76.580216075271679, 35.170995602691136 ], [ -76.573273162433452, 35.171826969179378 ], [ -76.567154120986018, 35.169049319438543 ], [ -76.562699354059291, 35.165989806496853 ], [ -76.558807622578698, 35.161824163100299 ], [ -76.55409315960955, 35.154598633282895 ], [ -76.551041369334712, 35.144047247178584 ], [ -76.552979101493563, 35.138767830404191 ], [ -76.554092292341679, 35.132099757604784 ], [ -76.560197057549686, 35.121265248842057 ], [ -76.563813323321128, 35.117931601908211 ], [ -76.570206661641492, 35.108768687153052 ], [ -76.577439497276814, 35.101826037651605 ], [ -76.586869563326871, 35.09737753512249 ], [ -76.605759754243721, 35.094874766459355 ], [ -76.610201193452426, 35.091541203978551 ], [ -76.608262119317359, 35.089045959201634 ], [ -76.600206200225102, 35.087375702354848 ], [ -76.595765947570797, 35.085155354527139 ], [ -76.595765897448103, 35.08154674503303 ], [ -76.599641105039808, 35.077380682423048 ], [ -76.607698059002985, 35.071269521778063 ], [ -76.633272044224341, 35.062373428967454 ], [ -76.637712541496242, 35.059047028445846 ], [ -76.649386407735037, 35.046824196562341 ], [ -76.653826999630411, 35.043490555917415 ], [ -76.66466167924348, 35.039324292918735 ], [ -76.684375493611938, 35.037103910803552 ], [ -76.690204592146273, 35.035990000639579 ], [ -76.695194713409634, 35.033494995962741 ], [ -76.701604562041737, 35.027101222870819 ], [ -76.71104918067104, 35.012933316520609 ], [ -76.71938120059616, 35.005433062550075 ], [ -76.734090582087958, 34.997933600472798 ], [ -76.756324245598421, 34.990432986680979 ], [ -76.761055361176744, 34.987930563947494 ], [ -76.777717843488844, 34.982094740176827 ], [ -76.789940905212319, 34.979592325399636 ], [ -76.809930745797061, 34.978760033160967 ], [ -76.818277830699643, 34.980431021411796 ], [ -76.850216645601748, 34.991821260650227 ], [ -76.866879808219181, 35.000160140629063 ], [ -76.896331260389928, 35.019317191574551 ], [ -76.904662964872969, 35.026542508141866 ], [ -76.908553792992052, 35.030983471695166 ], [ -76.932159533031893, 35.047652886540085 ], [ -76.935486395267219, 35.050987295090657 ], [ -76.93826411924438, 35.055709959940508 ], [ -76.939651994743784, 35.060150529250414 ], [ -76.942429221545027, 35.064316528906367 ], [ -76.945770567226376, 35.068489543775136 ], [ -76.950776420140372, 35.071541454286226 ], [ -76.957719016053218, 35.071541140427499 ], [ -76.963564559304402, 35.069877312876514 ], [ -76.976060995624906, 35.068214202093955 ], [ -76.983554305928848, 35.069045947207499 ], [ -76.992724838626188, 35.076545644954365 ], [ -76.995777763183369, 35.08071040852618 ], [ -76.999957701236255, 35.084319771138489 ], [ -77.002736056840959, 35.088484906248638 ], [ -77.010227449972277, 35.096259390165805 ], [ -77.025502336911828, 35.116820880906808 ], [ -77.047170794869572, 35.139877678188647 ], [ -77.058828445858197, 35.149879115984604 ], [ -77.063833347562195, 35.153205792247242 ], [ -77.069952378203268, 35.155708596340943 ], [ -77.076071658636579, 35.156257774027559 ], [ -77.077460146896456, 35.150985375505563 ], [ -77.074683062507617, 35.146820067180229 ], [ -77.070517981502547, 35.143211337494044 ], [ -77.065222242578969, 35.140151979790076 ], [ -77.044942749343619, 35.122092489279893 ], [ -77.038839004206636, 35.1137696009583 ], [ -77.034673688553312, 35.103767127445849 ], [ -77.034399163510159, 35.087653785547438 ], [ -77.03134718146822, 35.083488251371101 ], [ -77.022176362918543, 35.076819658681977 ], [ -77.005786975897905, 35.067931137300135 ], [ -76.993549547049781, 35.056258234034111 ], [ -76.987444758625813, 35.04820959002106 ], [ -76.982439912948436, 35.039321593042381 ], [ -76.964678696359613, 34.99793141769478 ], [ -76.944108403167206, 34.977645617111605 ], [ -76.938828431005618, 34.97459374767373 ], [ -76.934662189524445, 34.970984905878012 ], [ -76.923553104530669, 34.965156380593079 ], [ -76.889662872780605, 34.954040727900043 ], [ -76.858823113234081, 34.947372584091973 ], [ -76.830225912854502, 34.944313516622174 ], [ -76.81437206772155, 34.941818708209169 ], [ -76.793541847095568, 34.936264091021869 ], [ -76.778542468778582, 34.926819327001581 ], [ -76.758826304008707, 34.908204077056531 ], [ -76.752723513345046, 34.905426789038707 ], [ -76.747702908685383, 34.907929150816805 ], [ -76.740484827614637, 34.917100225734337 ], [ -76.736319637969203, 34.920433587824022 ], [ -76.729650462728259, 34.921822539911048 ], [ -76.717153935094572, 34.92292934207277 ], [ -76.711598350295304, 34.924599861772315 ], [ -76.706883306481174, 34.927933187354121 ], [ -76.699941421959522, 34.936814485743547 ], [ -76.699086406191853, 34.942375709793509 ], [ -76.696873766142531, 34.949036105582195 ], [ -76.691868515750713, 34.951546131845134 ], [ -76.676593665078741, 34.949875939330404 ], [ -76.670490392450475, 34.950707420849525 ], [ -76.666599432694184, 34.95487308855526 ], [ -76.665485955438186, 34.960984462377496 ], [ -76.6615940269634, 34.968484503574949 ], [ -76.647159095523122, 34.978203417658221 ], [ -76.636324767621801, 34.982369301938533 ], [ -76.62520138555594, 34.984879639777716 ], [ -76.610201258899593, 34.982652120451462 ], [ -76.604097415645413, 34.979875196797053 ], [ -76.599931478432225, 34.97625878198631 ], [ -76.59799395126349, 34.971818686462392 ], [ -76.598543295980988, 34.961266587499921 ], [ -76.595491408201212, 34.957101640670253 ], [ -76.55158979829433, 34.927933824085414 ], [ -76.54464691945735, 34.925714496496525 ], [ -76.541595488736405, 34.927102540121616 ], [ -76.539092900498019, 34.929597327102158 ], [ -76.536864619098125, 34.934038260865812 ], [ -76.538818197150206, 34.939317164133783 ], [ -76.541030657553776, 34.943208496498151 ], [ -76.561035749082379, 34.959878703148334 ], [ -76.570770196217467, 34.97043014212268 ], [ -76.571320014418532, 34.97625838121688 ], [ -76.569657062937722, 34.981538443037643 ], [ -76.557144673640806, 34.992097061324479 ], [ -76.542144476205266, 35.000436298408545 ], [ -76.537704486388009, 35.003770895833803 ], [ -76.532974481421476, 35.004877107489847 ], [ -76.528823490638146, 35.004601588620091 ], [ -76.522704173414922, 35.002099503025669 ], [ -76.512984580464874, 34.990991848850022 ], [ -76.496596087927614, 34.97625931785641 ], [ -76.491865511997105, 34.972650411356234 ], [ -76.485470551095247, 34.970705387750648 ], [ -76.481595520879694, 34.974595523454269 ], [ -76.480206650343945, 34.979875930217538 ], [ -76.479931743584913, 34.986268515641044 ], [ -76.482145135124441, 34.995706413172719 ], [ -76.487974447574842, 35.004876857265693 ], [ -76.489088126695876, 35.009324607678444 ], [ -76.486585757097444, 35.014879653158054 ], [ -76.47297429265376, 35.032655883795279 ], [ -76.46687036704563, 35.046823742491668 ], [ -76.466305195168317, 35.062930339704188 ], [ -76.46381827641008, 35.06793542060052 ], [ -76.460201745275768, 35.070711893377577 ], [ -76.454097400109461, 35.071544211887797 ], [ -76.448528462467593, 35.069049650154057 ], [ -76.442133822593789, 35.062099189473756 ], [ -76.432703889631725, 35.044878737365586 ], [ -76.431315745138221, 35.040995556148431 ], [ -76.431864686697978, 35.034045165002944 ], [ -76.43769352868847, 35.026819914645252 ], [ -76.439920816746337, 35.022379608193276 ], [ -76.440744565919402, 35.016268817735813 ], [ -76.439357155331436, 35.012377736797397 ], [ -76.428247314586287, 35.00099467583555 ], [ -76.422143565469241, 34.992655920056634 ], [ -76.42102900860138, 34.987658807175372 ], [ -76.421304597961495, 34.982096585367607 ], [ -76.422693229395477, 34.97681729015563 ], [ -76.42519499994097, 34.974321746127409 ], [ -76.431024887739866, 34.972651295791358 ], [ -76.456309075001968, 34.969599410998143 ], [ -76.460765638539414, 34.96626459585287 ], [ -76.464091825156444, 34.961267756099836 ], [ -76.466594724258286, 34.955431173590028 ], [ -76.467983763866798, 34.949319861274176 ], [ -76.464091398027222, 34.939592738095811 ], [ -76.457987690027039, 34.93403895727419 ], [ -76.450754697860901, 34.931826463588294 ], [ -76.445474518131249, 34.932100739987199 ], [ -76.434076093095015, 34.935427786369985 ], [ -76.423806936751504, 34.940989255594438 ], [ -76.410194514811892, 34.95015963937913 ], [ -76.402702795195196, 34.949321597122911 ], [ -76.395759474252273, 34.941539700060325 ], [ -76.387426723247501, 34.940707551600369 ], [ -76.383810964383713, 34.944042086437058 ], [ -76.378241559325758, 34.963489186221139 ], [ -76.375188895600829, 34.968211297282913 ], [ -76.363530727595347, 34.971537860093441 ], [ -76.349918994538513, 34.970989474255134 ], [ -76.333529943533676, 34.967655818453736 ], [ -76.327136970923803, 34.968212243662741 ], [ -76.322146195131253, 34.970707811693465 ], [ -76.321307787316186, 34.976818166937186 ], [ -76.322146408017133, 34.98209817159421 ], [ -76.328250944721162, 34.990437492735808 ], [ -76.332416541034306, 34.994045993221199 ], [ -76.338535901110575, 35.002384566054175 ], [ -76.352697080121956, 35.017932841081922 ], [ -76.352696385741666, 35.023487428342925 ], [ -76.349079779583704, 35.024044042908699 ], [ -76.326861741922698, 35.020154000396246 ], [ -76.311846868376378, 35.015164219575283 ], [ -76.305192716199343, 35.007938685765545 ], [ -76.304353368068703, 35.002941554253965 ], [ -76.299073824852201, 34.989880984713196 ], [ -76.287690453544343, 34.978489764558226 ], [ -76.275466440829192, 34.970151607195234 ], [ -76.270477009595496, 34.964322937234648 ], [ -76.272415375148597, 34.96127021352325 ], [ -76.281311067299043, 34.954601981539085 ], [ -76.286026101093526, 34.947934685236035 ], [ -76.292130539134206, 34.937100138635493 ], [ -76.295747538335732, 34.93376684696198 ], [ -76.298524232906061, 34.932934717375794 ], [ -76.3112964055166, 34.933491282302725 ], [ -76.323259873602041, 34.937931099670543 ], [ -76.329364548513723, 34.939319660928362 ], [ -76.334369794049209, 34.938205696273677 ], [ -76.338244665815878, 34.936268110224127 ], [ -76.342411577185359, 34.931271314468148 ], [ -76.344363753358039, 34.925434632804404 ], [ -76.344913599750882, 34.920711385683163 ], [ -76.343525716878986, 34.916263920264889 ], [ -76.340473319081013, 34.912654600227228 ], [ -76.335193970195036, 34.909595843872061 ], [ -76.331317407043116, 34.905987573025499 ], [ -76.329928998703991, 34.896549112476741 ], [ -76.33270533262575, 34.890713320955179 ], [ -76.335468066448215, 34.88710384473189 ], [ -76.339084306353655, 34.884326804773458 ], [ -76.348530502138161, 34.878490067943801 ], [ -76.369085329459296, 34.868762987689152 ], [ -76.379629758716533, 34.864604160726934 ], [ -76.39102802254294, 34.862102067789479 ], [ -76.392981706994206, 34.864604838918822 ], [ -76.396872611241719, 34.873767362675089 ], [ -76.406028960455913, 34.880434960712435 ], [ -76.409370432157374, 34.875712396486072 ], [ -76.409919527680884, 34.854044920722714 ], [ -76.411033907060073, 34.847933429963021 ], [ -76.416039129080843, 34.837657080051009 ], [ -76.42353144921988, 34.830714243288476 ], [ -76.432961310780954, 34.824877827282947 ], [ -76.446022964143012, 34.814317853871472 ], [ -76.453821610564532, 34.805987298829656 ], [ -76.456872514738919, 34.800990011139689 ], [ -76.461038576192522, 34.796266974452358 ], [ -76.476587256252259, 34.77987929434093 ], [ -76.481028681661712, 34.776544800313175 ], [ -76.494364886797612, 34.775713171350489 ], [ -76.499370876926619, 34.773210894668146 ], [ -76.501598645294038, 34.768762262545273 ], [ -76.501598793423284, 34.763215969747158 ], [ -76.49853125581636, 34.753488414610416 ], [ -76.496592918241518, 34.742380817944138 ], [ -76.49853045984257, 34.736544271739305 ], [ -76.502986497179748, 34.73320963451696 ], [ -76.515758912659464, 34.731538597980965 ], [ -76.562696284275049, 34.728487066373994 ], [ -76.569105359952204, 34.729035745701957 ], [ -76.577147949169955, 34.734323735128513 ], [ -76.579939959570794, 34.739045996874658 ], [ -76.585479812429483, 34.752099287349886 ], [ -76.587707148581813, 34.761826428337045 ], [ -76.586868632983439, 34.765161663354469 ], [ -76.582153099504694, 34.768487439860529 ], [ -76.577148538815564, 34.770707656963481 ], [ -76.573546320566606, 34.773767381105237 ], [ -76.571319151936478, 34.778764595394307 ], [ -76.574935847956169, 34.780984506849798 ], [ -76.581878384551374, 34.782930450599459 ], [ -76.586593503014171, 34.785432740486158 ], [ -76.591324528997816, 34.789322877079002 ], [ -76.594650699164532, 34.792657169578952 ], [ -76.602708217848857, 34.811264951655737 ], [ -76.605760137124207, 34.815431242235924 ], [ -76.609651327648919, 34.816827223959159 ], [ -76.615480345579442, 34.816544385644455 ], [ -76.617418110069465, 34.814042950031094 ], [ -76.618531306847672, 34.81015137566483 ], [ -76.618805923477737, 34.806817472457332 ], [ -76.614366415264016, 34.776261352344896 ], [ -76.61465497640495, 34.764321822788716 ], [ -76.615479833078084, 34.753487868497295 ], [ -76.619644541316589, 34.728761744661526 ], [ -76.6196444931022, 34.717653350161285 ], [ -76.621033757922987, 34.712930452929669 ], [ -76.62269747555996, 34.710710652359744 ], [ -76.628815278972667, 34.70987898653518 ], [ -76.645205174220692, 34.712930865480288 ], [ -76.652147940259596, 34.715158797462493 ], [ -76.65631318993205, 34.718758990670374 ], [ -76.659381087360558, 34.722924747806559 ], [ -76.659380620879389, 34.734323012230782 ], [ -76.657702337527127, 34.748490098591347 ], [ -76.657992446131772, 34.752938704325956 ], [ -76.660204438883483, 34.761826243614927 ], [ -76.662432477228563, 34.766549134033852 ], [ -76.671588889460153, 34.778763307699926 ], [ -76.674655361395509, 34.788491222095203 ], [ -76.677432721703909, 34.793487875745974 ], [ -76.679935646311975, 34.797379656693622 ], [ -76.684085763750531, 34.799599123894417 ], [ -76.690205141672493, 34.800156611947244 ], [ -76.696873387304777, 34.794602221314825 ], [ -76.69994071154747, 34.790993681618239 ], [ -76.707432552589168, 34.785988367739598 ], [ -76.712437796201868, 34.784325661326463 ], [ -76.736594008517017, 34.780708396695182 ], [ -76.747427986843888, 34.776817410423945 ], [ -76.761054662748904, 34.765991597466751 ], [ -76.764946354634986, 34.762100617697236 ], [ -76.767433322006198, 34.756821095367101 ], [ -76.766884104196464, 34.752655769937235 ], [ -76.759101100792364, 34.749596408614977 ], [ -76.759101629447215, 34.750161201473119 ], [ -76.752722622816961, 34.750991732872663 ], [ -76.748817399662371, 34.752380488222649 ], [ -76.734656400637775, 34.759323545841497 ], [ -76.729940117294731, 34.760437291711767 ], [ -76.725210817326499, 34.759598882751405 ], [ -76.717153780918267, 34.751549496479655 ], [ -76.715765400736046, 34.747650648793602 ], [ -76.712712680615169, 34.742928345734256 ], [ -76.699651026802002, 34.727097967600471 ], [ -76.699085102582941, 34.72320723422537 ], [ -76.704380316095111, 34.720147159530477 ], [ -76.713552136477674, 34.718484476502844 ], [ -76.71799198947781, 34.71875860339911 ], [ -76.730489436510865, 34.717095788119551 ], [ -76.744376118207654, 34.717095360725963 ], [ -76.758826932115241, 34.72014678887183 ], [ -76.764670515617254, 34.720429553016089 ], [ -76.786323737333745, 34.72625860988844 ], [ -76.825220376989463, 34.734040608025836 ], [ -76.848002819997618, 34.736542628080677 ], [ -76.875210804448656, 34.735710482260586 ], [ -76.899656392092993, 34.731537669191219 ], [ -76.920211149275204, 34.7209863970333 ], [ -76.936051080623571, 34.71654642882266 ], [ -76.96022178622944, 34.711541567041948 ], [ -76.972719240571877, 34.709877965509271 ], [ -76.99632580932753, 34.704042415617856 ], [ -77.018558337035444, 34.696542265635621 ], [ -77.034107936512711, 34.689874226451536 ], [ -77.040501655692793, 34.689043479334465 ], [ -77.05327335703015, 34.689592640856489 ], [ -77.059103149023329, 34.6879295045877 ], [ -77.063283869749128, 34.684595412406949 ], [ -77.074392954827431, 34.67959755449224 ], [ -77.085791511939334, 34.67626412239305 ], [ -77.091895513452954, 34.675432364124788 ], [ -77.095786208644952, 34.67682116050733 ], [ -77.102164264801758, 34.681825328219929 ], [ -77.102454044620529, 34.687372440260283 ], [ -77.096061246477007, 34.696542769047888 ], [ -77.087179480729887, 34.703210830258399 ], [ -77.084403089814245, 34.70681914967458 ], [ -77.085501498208785, 34.710710065608275 ], [ -77.097450187565528, 34.715158065683347 ], [ -77.105507054694385, 34.722924769582683 ], [ -77.112450336471554, 34.736268766137179 ], [ -77.112724420616729, 34.741265619837193 ], [ -77.11078641115256, 34.753487166689787 ], [ -77.112725206156838, 34.755990611690578 ], [ -77.125771627385518, 34.758766901322311 ], [ -77.131890208102789, 34.757660932973714 ], [ -77.135797316116921, 34.747933859035676 ], [ -77.135231808253664, 34.738763262085634 ], [ -77.132165265611505, 34.731263190864908 ], [ -77.128274253279301, 34.726815438460811 ], [ -77.119942972310355, 34.720429736314941 ], [ -77.117729584372924, 34.715707360995403 ], [ -77.116889733216311, 34.710710222489197 ], [ -77.117729360762127, 34.704599230555196 ], [ -77.119667642616292, 34.698487799586793 ], [ -77.122993972785821, 34.693483449832016 ], [ -77.130500945247945, 34.6851521344269 ], [ -77.133842627985942, 34.682375383412086 ], [ -77.136071338944191, 34.68154385758794 ], [ -77.137459172908777, 34.679597895011852 ], [ -77.141625660486085, 34.677652325951179 ], [ -77.148294274454983, 34.677652085743539 ], [ -77.162729978046244, 34.687372032715352 ], [ -77.172449231404357, 34.689318051452851 ], [ -77.17383822418897, 34.685427342297444 ], [ -77.173288874708319, 34.681268319257647 ], [ -77.1699475333685, 34.674875479306117 ], [ -77.168008809207322, 34.663210042948428 ], [ -77.171610639728414, 34.658205389778374 ], [ -77.175227049678711, 34.654871902473921 ], [ -77.185220851999858, 34.64988158790419 ], [ -77.202174620035592, 34.645434508414581 ], [ -77.207453630284661, 34.642382611448674 ], [ -77.214961006604611, 34.636821032392376 ], [ -77.239117183615107, 34.613490522992443 ], [ -77.247174242552418, 34.607379807669744 ], [ -77.252469480639718, 34.601550279075333 ], [ -77.264692483330165, 34.592098348992764 ], [ -77.27273402021153, 34.584599107559825 ], [ -77.286894307887977, 34.575436332321509 ], [ -77.304671673851374, 34.562099617969928 ], [ -77.313842792198173, 34.557659469840203 ], [ -77.326355969890955, 34.555989652025694 ], [ -77.333008241425446, 34.557102820916207 ], [ -77.339128026792906, 34.559879859614909 ], [ -77.343569165132507, 34.567105132428082 ], [ -77.353563750478244, 34.5718280034408 ], [ -77.362184644207815, 34.577656439984885 ], [ -77.37550669621271, 34.581830054219189 ], [ -77.393574786203629, 34.585156722648541 ], [ -77.398029707034823, 34.589597163273794 ], [ -77.397466128470356, 34.592381131540883 ], [ -77.394412864765954, 34.595990595936236 ], [ -77.384128114883779, 34.598766622760358 ], [ -77.377734440023886, 34.599598440550736 ], [ -77.372180539731801, 34.601269822707827 ], [ -77.368014937913827, 34.603490072141739 ], [ -77.364688258956818, 34.606266270021052 ], [ -77.357729336130262, 34.620991353596921 ], [ -77.353853228320204, 34.625156543467675 ], [ -77.344134022221297, 34.631542449151141 ], [ -77.333574487220844, 34.635158244460435 ], [ -77.329683000028894, 34.639881070668558 ], [ -77.329682980586156, 34.642658205119702 ], [ -77.330521169936489, 34.645709998624355 ], [ -77.346910321932825, 34.654597400232866 ], [ -77.353014204107168, 34.662654500262128 ], [ -77.355242523600182, 34.672931411556888 ], [ -77.359117978121006, 34.680155975562585 ], [ -77.373569057885476, 34.695430076176571 ], [ -77.378558936454183, 34.69876438717602 ], [ -77.390247547233358, 34.70876667693927 ], [ -77.389683334308899, 34.713489483839439 ], [ -77.378849182246086, 34.715434669032405 ], [ -77.372729560350848, 34.717928614140533 ], [ -77.369678406740022, 34.722094264991462 ], [ -77.371906042056622, 34.726817340894733 ], [ -77.390248335545664, 34.734598827198639 ], [ -77.395237546979033, 34.735713444783997 ], [ -77.397190478927442, 34.73459925221222 ], [ -77.398853603236489, 34.732097420572067 ], [ -77.403859945443088, 34.729594926751545 ], [ -77.406910689758533, 34.728206173960878 ], [ -77.411077358257288, 34.728205706929842 ], [ -77.421346856985622, 34.734324739284851 ], [ -77.428565150454858, 34.742099597807695 ], [ -77.431632461740563, 34.749881185709874 ], [ -77.434118861468093, 34.752299334399652 ], [ -77.435507930006992, 34.751269387419143 ], [ -77.436071823870336, 34.745708457039576 ], [ -77.424688639029185, 34.717654957649962 ], [ -77.424124352943224, 34.713214520163646 ], [ -77.42412462627739, 34.707660651198609 ], [ -77.427176300263156, 34.689319304352935 ], [ -77.42412367861138, 34.685153991285155 ], [ -77.420797693127327, 34.684597149360386 ], [ -77.414693114982896, 34.687656872414358 ], [ -77.409123688991457, 34.689319113567642 ], [ -77.398305103002144, 34.684322546437528 ], [ -77.390522112609872, 34.672931107955669 ], [ -77.381901121463187, 34.652378032120318 ], [ -77.37523290863345, 34.643215204912217 ], [ -77.373569338091315, 34.636821993166834 ], [ -77.373568807988775, 34.631825297564518 ], [ -77.381900011097457, 34.617932062786494 ], [ -77.390522500436418, 34.612102823014908 ], [ -77.402470351800588, 34.60960106833857 ], [ -77.409124287566854, 34.610714890762694 ], [ -77.428015629721259, 34.619320893506931 ], [ -77.435798201035936, 34.62015212833402 ], [ -77.440237561154419, 34.619045839971676 ], [ -77.444678995057771, 34.615712339099403 ], [ -77.44579256976256, 34.605992906108078 ], [ -77.440237701788902, 34.592930654962757 ], [ -77.432745545047112, 34.583218844798537 ], [ -77.424688034630847, 34.575993586308982 ], [ -77.419683702651099, 34.572934403862632 ], [ -77.413014468279485, 34.571545843996098 ], [ -77.39857943243409, 34.570714526275609 ], [ -77.395527332445866, 34.570156980859238 ], [ -77.390797097746542, 34.56793706643316 ], [ -77.371615282436835, 34.548772527053337 ], [ -77.371066563453283, 34.544324861782954 ], [ -77.373004698013403, 34.541272985947998 ], [ -77.381625562837428, 34.537382187214433 ], [ -77.38139700853047, 34.536648965676051 ], [ -77.385242651706847, 34.534604924221881 ], [ -77.38801987403437, 34.530988776472576 ], [ -77.387745089265692, 34.529325041433445 ], [ -77.377734193303468, 34.528210821540405 ], [ -77.373293699831763, 34.525990859376897 ], [ -77.370227562456094, 34.523770749065797 ], [ -77.371615656169055, 34.522657329605494 ], [ -77.372179470115668, 34.520712003485897 ], [ -77.379672661934137, 34.515996486054533 ], [ -77.382449477946238, 34.515165602974577 ], [ -77.39136170441698, 34.514608189611423 ], [ -77.411626155602363, 34.515996774284346 ], [ -77.430243103257865, 34.513220184881007 ], [ -77.447456022764925, 34.508214915060599 ], [ -77.462471052237859, 34.500166874039358 ], [ -77.476631454775514, 34.490713962550487 ], [ -77.483300312432206, 34.485159754458408 ], [ -77.486627358396902, 34.483771439231482 ], [ -77.494683510282016, 34.478209658796942 ], [ -77.50942486390835, 34.469878281373276 ], [ -77.533580734181186, 34.457938261357427 ], [ -77.538020505603711, 34.454604710702498 ], [ -77.55329666983269, 34.446265927513515 ], [ -77.573316689561423, 34.437102829892829 ], [ -77.577756405254789, 34.433494717363082 ], [ -77.588301997956378, 34.427383235782045 ], [ -77.593306906691367, 34.42543840824785 ], [ -77.596648529228204, 34.421829548875465 ], [ -77.606918654254358, 34.416832443153027 ], [ -77.621628717120203, 34.407935959940986 ], [ -77.632188298430506, 34.400161608292585 ], [ -77.636368843025352, 34.398216966853525 ], [ -77.664142143802408, 34.379600784125486 ], [ -77.681919485573431, 34.365715271524948 ], [ -77.693028576438266, 34.353775625974414 ], [ -77.697467928904274, 34.350442120105804 ], [ -77.704975576965026, 34.342103070055835 ], [ -77.709707107914255, 34.338212032182611 ], [ -77.712483811093023, 34.3337717755348 ], [ -77.717199667199097, 34.3304452973873 ], [ -77.731649440063379, 34.312936069075242 ], [ -77.746650288513678, 34.296274158373478 ], [ -77.750541411096094, 34.292939877357476 ], [ -77.753592776067833, 34.287942386155372 ], [ -77.754707851324994, 34.287385964382153 ], [ -77.75388407709427, 34.287110455929771 ], [ -77.759712986533629, 34.282106394653333 ], [ -77.763329433111849, 34.277940000469783 ], [ -77.764991693829202, 34.274605723975455 ], [ -77.768868044858053, 34.271272116184846 ], [ -77.780266807618816, 34.255166655507843 ], [ -77.785530944357305, 34.245714270387474 ], [ -77.801645629612452, 34.228494600936216 ], [ -77.807474137233157, 34.220713212824784 ], [ -77.811090582458718, 34.217104024894176 ], [ -77.822489611693143, 34.21293843341077 ], [ -77.824992190090882, 34.210718589046586 ], [ -77.830821917166077, 34.20266214176651 ], [ -77.831934884663283, 34.197939647800396 ], [ -77.834712757336519, 34.192103736146997 ], [ -77.844158112822782, 34.17933219612771 ], [ -77.848323887536324, 34.171831898098411 ], [ -77.858319025443819, 34.157664849296573 ], [ -77.862759723260595, 34.147944588265183 ], [ -77.865536611365499, 34.144329073793301 ], [ -77.865536794260564, 34.14155114046941 ], [ -77.869427650238549, 34.130993145458667 ], [ -77.871365268258884, 34.118770720475254 ], [ -77.872754274236243, 34.116276187856251 ], [ -77.876644408861353, 34.097386010356075 ], [ -77.883038464123288, 34.075443753986988 ], [ -77.88332910376451, 34.065166622800682 ], [ -77.881375412103225, 34.060444870605842 ], [ -77.881650323882639, 34.057111057167866 ], [ -77.879421588987228, 34.049610738755931 ], [ -77.883329041411329, 34.039059269734125 ], [ -77.883878250960436, 34.032941576746381 ], [ -77.8858317534946, 34.027661191000711 ], [ -77.891934855408934, 34.019887748311348 ], [ -77.895825342122777, 34.01294420704015 ], [ -77.898053800512571, 33.999333663511059 ], [ -77.91276359694821, 33.951834213633909 ], [ -77.921095379364488, 33.937109379245648 ], [ -77.924986614038531, 33.932386640603362 ], [ -77.93054053722912, 33.92794714855895 ], [ -77.934141876307237, 33.927115213281823 ], [ -77.937483295266873, 33.927664867503019 ], [ -77.939421459242141, 33.930167294851607 ], [ -77.938872371074183, 33.9351643834584 ], [ -77.931929804400298, 33.947660419040275 ], [ -77.929991623853908, 33.954336839607606 ], [ -77.93081555195522, 33.959333220707911 ], [ -77.93470616623776, 33.960996931613138 ], [ -77.93664506870374, 33.963499298262867 ], [ -77.926375017138824, 33.974607238256894 ], [ -77.922209400185949, 33.992109217751903 ], [ -77.922484424062702, 33.997663414493744 ], [ -77.920820314408004, 34.012112410291387 ], [ -77.922209863160148, 34.017384630675068 ], [ -77.920546268382594, 34.021832874194445 ], [ -77.919981412338345, 34.026829377239942 ], [ -77.920821228391333, 34.042393221816049 ], [ -77.921935502687489, 34.047390482957994 ], [ -77.921644880088195, 34.057110175304558 ], [ -77.92610023817312, 34.085438329343987 ], [ -77.926099972868442, 34.095165725242218 ], [ -77.924146895500328, 34.107387817285087 ], [ -77.924987220032463, 34.113223890090403 ], [ -77.929426726507742, 34.125163356132035 ], [ -77.933592742537883, 34.130992609987501 ], [ -77.93969641136421, 34.136828442101866 ], [ -77.941085346495029, 34.140719874415979 ], [ -77.944152634595781, 34.144885790853714 ], [ -77.948318693160999, 34.157665091612181 ], [ -77.948868195403179, 34.169611714563203 ], [ -77.952209166313125, 34.181552053202246 ], [ -77.956940028144587, 34.189326531462889 ], [ -77.963043936421585, 34.182940511617218 ], [ -77.964432025588465, 34.177661100807732 ], [ -77.964722385339627, 34.168498036412359 ], [ -77.963608767096545, 34.163219203872011 ], [ -77.961381003927528, 34.158770576729246 ], [ -77.95582571149798, 34.140162800431256 ], [ -77.950545879244629, 34.119610061006867 ], [ -77.949707707227972, 34.110996136526417 ], [ -77.950271523336554, 34.105998917278036 ], [ -77.94886810927089, 34.095997489697545 ], [ -77.94747961197956, 34.091549036953211 ], [ -77.946090627776854, 34.070164133645733 ], [ -77.944702077208561, 34.065167585670025 ], [ -77.944976356715927, 34.055997040600154 ], [ -77.946090484720628, 34.052662540459885 ], [ -77.945251793410137, 34.037113736168052 ], [ -77.946365455580306, 34.032666374665325 ], [ -77.946654380561554, 34.020718742963922 ], [ -77.948042880025952, 34.016003733030416 ], [ -77.948317840755323, 34.009060648087264 ], [ -77.952498842825563, 33.991003193264739 ], [ -77.954986073446349, 33.985166342670965 ], [ -77.967483100550865, 33.965719313054578 ], [ -77.969161728571933, 33.959890323791242 ], [ -77.971939061159802, 33.954054545865716 ], [ -77.973602537004439, 33.947385939443777 ], [ -77.976654276192875, 33.94322097617259 ], [ -77.978042716980312, 33.938497669311133 ], [ -77.987763778049867, 33.927664524530982 ], [ -78.000825242419012, 33.919058509101227 ], [ -78.004441865674679, 33.91488518730732 ], [ -78.009721280916196, 33.904608885617797 ], [ -78.01027115812775, 33.900443597173535 ], [ -78.013337936097429, 33.892111653523685 ], [ -78.018601887809524, 33.889609679770558 ], [ -78.032487768729752, 33.887946454932234 ], [ -78.038317899886309, 33.888503108481729 ], [ -78.069446244138973, 33.895170400891175 ], [ -78.101109168038931, 33.904883219291051 ], [ -78.131094729729426, 33.910444325235474 ], [ -78.14610956731967, 33.914052952311856 ], [ -78.161109542806969, 33.915715725347283 ], [ -78.181389299596916, 33.915998499758828 ], [ -78.181663548655095, 33.915441207829531 ], [ -78.215005391879387, 33.914052684934902 ], [ -78.223336886269649, 33.915716024687946 ], [ -78.234155200740133, 33.919888324952048 ], [ -78.240000353094317, 33.920163307477125 ], [ -78.274730452378336, 33.91154972911729 ], [ -78.281398635423614, 33.9115495788514 ], [ -78.288051995149544, 33.909887037586074 ], [ -78.31333623388231, 33.907666406071776 ], [ -78.325284717080621, 33.907940859219792 ], [ -78.342787377360153, 33.905720903761917 ], [ -78.356109024824548, 33.906826831359766 ], [ -78.359450673066846, 33.907384508595896 ], [ -78.362777259959657, 33.910718061647955 ], [ -78.360274975811521, 33.915997972111931 ], [ -78.359450692885162, 33.919888594659895 ], [ -78.359725215713539, 33.92433679441163 ], [ -78.362227607201561, 33.933224723760603 ], [ -78.365005440179687, 33.939327750048768 ], [ -78.36694355125546, 33.940999074409341 ], [ -78.368880897995055, 33.946270096610633 ], [ -78.371384276920338, 33.946827693718305 ], [ -78.371108684879701, 33.944606887827781 ], [ -78.379715716892406, 33.926556513828999 ], [ -78.380828743566411, 33.921834049214013 ], [ -78.387237617755005, 33.914608491880571 ], [ -78.390289499421939, 33.909054399429991 ], [ -78.392502049265644, 33.907384032144911 ], [ -78.399170401176917, 33.905163559157195 ], [ -78.413621992305963, 33.905720814526163 ], [ -78.4197253837972, 33.904881617712967 ], [ -78.436938118290655, 33.898220798000217 ], [ -78.465839988835413, 33.895443673662953 ], [ -78.465290762986939, 33.894611802589978 ], [ -78.489446115082615, 33.884335008024735 ], [ -78.506399114907978, 33.881275906793746 ], [ -78.517798305423355, 33.880162309354034 ], [ -78.531408999120984, 33.877109852740645 ], [ -78.53917623060758, 33.874333293221603 ], [ -78.541114227863346, 33.872661950144824 ], [ -78.547233807709361, 33.86378141264877 ], [ -78.549720916027283, 33.862538573792072 ], [ -78.554176300506143, 33.862385774499202 ], [ -78.557227845784254, 33.864330639563676 ], [ -78.557777695219542, 33.867939488673599 ], [ -78.557228179660328, 33.868625939950753 ], [ -78.555595520319784, 33.871442076352572 ], [ -78.546958132835243, 33.879887392198405 ], [ -78.54500563636914, 33.883778769433654 ], [ -78.545005071459386, 33.885998558430956 ], [ -78.556953655927742, 33.883221861712904 ], [ -78.571953199684998, 33.881839828332225 ], [ -78.576134038623877, 33.881275547973146 ], [ -78.587517746929933, 33.877658967053712 ], [ -78.60029031578037, 33.870998932261031 ], [ -78.59140951578712, 33.866559138177728 ], [ -78.58002624781939, 33.858220288229099 ], [ -78.571128730253776, 33.854336856940428 ], [ -78.56919089966263, 33.851277600397438 ], [ -78.573357196543526, 33.848500671198359 ], [ -78.577797618440684, 33.84794316314666 ], [ -78.600839199638799, 33.841832482028423 ], [ -78.607233406356883, 33.841000228451144 ], [ -78.646694335141177, 33.829609700931826 ], [ -78.673626423033852, 33.81850127959801 ], [ -78.707518515793183, 33.800443012993256 ], [ -78.712523309698582, 33.797116658194646 ], [ -78.717513495679597, 33.795171211251464 ], [ -78.736953211667995, 33.783504897864681 ], [ -78.747512644493511, 33.778500608345276 ], [ -78.756135110949046, 33.772389691859736 ], [ -78.766144932409659, 33.767109894140511 ], [ -78.779467716743312, 33.758503737354218 ], [ -78.789187272780367, 33.753499337059054 ], [ -78.793872817396903, 33.750172125150449 ], [ -78.797793457143371, 33.747388064829785 ], [ -78.827244809846178, 33.730442944331259 ], [ -78.854194598701682, 33.712383474333166 ], [ -78.858634688233749, 33.70821769859571 ], [ -78.867805986524758, 33.702388550003462 ], [ -78.88112820675218, 33.692104469369575 ], [ -78.900584048640837, 33.672664056534629 ], [ -78.917522234107224, 33.65766427575042 ], [ -78.937252974835275, 33.638216195015282 ], [ -78.948362352563336, 33.626269010268224 ], [ -78.954755881045401, 33.617106365932969 ], [ -78.959486240882285, 33.612940222456047 ], [ -78.960875280955648, 33.610445585567739 ], [ -78.966414461007787, 33.606553700080887 ], [ -78.980590557244597, 33.591829199637864 ], [ -78.983367581624634, 33.587380779086708 ], [ -78.993363730497222, 33.575997788924752 ], [ -78.996704531265905, 33.573221016420803 ], [ -79.009202713478174, 33.557381507806689 ], [ -79.016709864596322, 33.549607549813807 ], [ -79.029757894738452, 33.5315477488409 ], [ -79.034488401375683, 33.527656964493218 ], [ -79.050862152826809, 33.504052022690956 ], [ -79.066152218638521, 33.488769714027086 ], [ -79.097266648173814, 33.461548626544534 ], [ -79.1258627730206, 33.429886349565514 ], [ -79.128930171319681, 33.425437702023935 ], [ -79.133097247083739, 33.422104052827208 ], [ -79.141717873509378, 33.409599267429869 ], [ -79.147273416933999, 33.395438551893818 ], [ -79.147547396638842, 33.390442177402555 ], [ -79.149501131188273, 33.383774013729557 ], [ -79.150874797902006, 33.3723830001639 ], [ -79.150324622429466, 33.367377984541505 ], [ -79.150874670072511, 33.362380314900975 ], [ -79.15198829158922, 33.358497771227761 ], [ -79.153941197540391, 33.342101608049077 ], [ -79.157818181975259, 33.327941174698701 ], [ -79.158383039422134, 33.321829731554793 ], [ -79.160320716022269, 33.317382297574319 ], [ -79.163937174644758, 33.314605560627889 ], [ -79.166164874528533, 33.311545445883269 ], [ -79.16921642744002, 33.300711794316655 ], [ -79.168377107406371, 33.30016193887294 ], [ -79.1700408017212, 33.298216924631909 ], [ -79.1697663162429, 33.295439661690544 ], [ -79.171154947512761, 33.290159949731674 ], [ -79.174206390155902, 33.282103579312434 ], [ -79.179211741870503, 33.272658021311948 ], [ -79.183087765533699, 33.257941263650054 ], [ -79.184201555842947, 33.248496268389196 ], [ -79.181150399804935, 33.221267141776288 ], [ -79.182264677467188, 33.215163823285614 ], [ -79.183377941540144, 33.213217817288097 ], [ -79.184202670404034, 33.212661088131618 ], [ -79.188369102408686, 33.216269473973426 ], [ -79.190871423680179, 33.219603609880735 ], [ -79.195311788514346, 33.228766497514528 ], [ -79.198104005157447, 33.243215941945834 ], [ -79.200331890207792, 33.264051986146711 ], [ -79.199766877537982, 33.281272190205421 ], [ -79.200880781678165, 33.286551751341683 ], [ -79.205046018395393, 33.29571415230069 ], [ -79.206999220652946, 33.297942295987774 ], [ -79.212279240729416, 33.300993460657388 ], [ -79.225326525767798, 33.305716747787535 ], [ -79.25534214841143, 33.303489017872749 ], [ -79.262834124575505, 33.304045892919888 ], [ -79.267839983191379, 33.307104880846055 ], [ -79.269228242249369, 33.310988214960382 ], [ -79.269502513580932, 33.316550637530433 ], [ -79.268938340622483, 33.32266150367353 ], [ -79.267000955020976, 33.32932957121065 ], [ -79.259507831798174, 33.344878408161051 ], [ -79.247269043075519, 33.364882774384434 ], [ -79.243927938670652, 33.368491614712234 ], [ -79.239486754068366, 33.375434737353757 ], [ -79.232543641631082, 33.383216190932458 ], [ -79.22894314232741, 33.3859938660135 ], [ -79.210599782518585, 33.407104794735126 ], [ -79.202268876049658, 33.420158571881068 ], [ -79.191434046748185, 33.428772020813547 ], [ -79.187268538484787, 33.434883408380593 ], [ -79.18836641437882, 33.436546736076878 ], [ -79.193921787695302, 33.434883345332111 ], [ -79.208661682617915, 33.427109107861718 ], [ -79.22587501505086, 33.41348985705779 ], [ -79.236983761213509, 33.400161252342251 ], [ -79.242828164698281, 33.390716622473342 ], [ -79.253388224277245, 33.377104708979886 ], [ -79.258393845678228, 33.373771637642491 ], [ -79.263948191145957, 33.372656913847273 ], [ -79.269227933216285, 33.374602250896736 ], [ -79.271166347605856, 33.373489096775977 ], [ -79.272828913806805, 33.364050733839932 ], [ -79.2744926531674, 33.361548556544491 ], [ -79.279497337414952, 33.348495017774077 ], [ -79.285601572689444, 33.338492419577733 ], [ -79.288104331306045, 33.332663693744905 ], [ -79.290606801283033, 33.326552880724819 ], [ -79.291995686430212, 33.317939148714629 ], [ -79.294497645082657, 33.312102201559583 ], [ -79.296436533598396, 33.29849889647555 ], [ -79.295048226773673, 33.288215069172935 ], [ -79.293384872432924, 33.283774147586541 ], [ -79.293658907068803, 33.280440568342932 ], [ -79.282275158688648, 33.26655393229062 ], [ -79.272555505057468, 33.261832333400321 ], [ -79.268938940501556, 33.259055204464921 ], [ -79.257829503822464, 33.253492431714683 ], [ -79.213669183694549, 33.239050392792066 ], [ -79.210326695343753, 33.235159346711313 ], [ -79.21089156806589, 33.220991400262648 ], [ -79.211990570769728, 33.217101552190314 ], [ -79.21060229741768, 33.212104010270082 ], [ -79.211441522627894, 33.20016355853523 ], [ -79.210327635996791, 33.190993346109465 ], [ -79.208114665522814, 33.187659134726992 ], [ -79.204498349536038, 33.185713866226081 ], [ -79.194213549999589, 33.185988515931264 ], [ -79.186705167383579, 33.185156791590572 ], [ -79.183088896676054, 33.182380353181657 ], [ -79.184203224727511, 33.179046681854338 ], [ -79.186706013377233, 33.175437873783366 ], [ -79.205612157179786, 33.165710008294987 ], [ -79.217835600889174, 33.157378412140503 ], [ -79.23283629450259, 33.141272727153662 ], [ -79.239489358026461, 33.142387214059212 ], [ -79.241716689416137, 33.147109734061573 ], [ -79.242830969799954, 33.152098571693351 ], [ -79.242830363768405, 33.157935884517975 ], [ -79.246431861190857, 33.164046568882803 ], [ -79.251451709759507, 33.167105746792458 ], [ -79.25950898807865, 33.167937260176039 ], [ -79.264789256155112, 33.166831620019707 ], [ -79.268390608199695, 33.163215548486583 ], [ -79.270053145554627, 33.160155861747519 ], [ -79.268939663181087, 33.1520990245562 ], [ -79.266726799238398, 33.147659245313484 ], [ -79.254778528614167, 33.136276098666883 ], [ -79.253116297584683, 33.131828476377898 ], [ -79.255617911517916, 33.125991282486069 ], [ -79.258945102152254, 33.122382727445199 ], [ -79.261722222656388, 33.122100632923384 ], [ -79.264789994405632, 33.119323757889255 ], [ -79.269505318846626, 33.121543750266454 ], [ -79.274219137093425, 33.134887326930091 ], [ -79.278950423569825, 33.139328131694569 ], [ -79.296727848275708, 33.145996037365194 ], [ -79.310598138044412, 33.147109290663529 ], [ -79.320898880718275, 33.152656082171625 ], [ -79.335059972109221, 33.153213031652903 ], [ -79.338676528964015, 33.152381479548815 ], [ -79.341452964317185, 33.15071094357878 ], [ -79.342002553175149, 33.145995981915966 ], [ -79.336722304205196, 33.140716808674654 ], [ -79.329779323390042, 33.13821429160356 ], [ -79.313391097294385, 33.137107485300241 ], [ -79.301168161669295, 33.134331018156161 ], [ -79.2925461083193, 33.129882492549001 ], [ -79.289219814264683, 33.12654813921182 ], [ -79.287831125531213, 33.122100642282795 ], [ -79.287556589633738, 33.112938010409486 ], [ -79.296438001736007, 33.09988438100936 ], [ -79.298391255211328, 33.098212838635227 ], [ -79.311987273990354, 33.091545593016605 ], [ -79.328391429383316, 33.086822805547683 ], [ -79.334510820120073, 33.085990787430376 ], [ -79.345330430277059, 33.080162378689771 ], [ -79.344505858952317, 33.079331299466034 ], [ -79.353662286723704, 33.069886328197754 ], [ -79.358667423656044, 33.067383431407997 ], [ -79.361169994299019, 33.064880828487148 ], [ -79.369501584325135, 33.061547391642925 ], [ -79.371714752852441, 33.059052112344915 ], [ -79.379221919038827, 33.053490568254652 ], [ -79.379221869283128, 33.047112362209432 ], [ -79.373668011754319, 33.035722004677133 ], [ -79.373102592133066, 33.03266235190938 ], [ -79.373941688993, 33.028771892596801 ], [ -79.378108138523174, 33.025437696385417 ], [ -79.381450086262561, 33.020441046937165 ], [ -79.380061863118343, 33.018769761963931 ], [ -79.380336206140186, 33.017381524131324 ], [ -79.378657473804367, 33.014329913218283 ], [ -79.381725066106284, 33.009888907306753 ], [ -79.385905289427498, 33.008775616372603 ], [ -79.38729492006091, 33.007387481431309 ], [ -79.387844308161363, 33.008218895743738 ], [ -79.391460341077433, 33.007669688830767 ], [ -79.403958497617381, 33.008500864838304 ], [ -79.417279003816489, 33.008218393278007 ], [ -79.445052403073021, 33.004885034859257 ], [ -79.466445895803659, 33.000169962855033 ], [ -79.482850028016401, 32.994882702099957 ], [ -79.493394163288485, 32.990442408402757 ], [ -79.498674490814494, 32.992106053319311 ], [ -79.498673797144761, 32.996271413395768 ], [ -79.496446761192374, 32.997942043576835 ], [ -79.492845101868312, 33.004335920608753 ], [ -79.493394380929843, 33.009333251766172 ], [ -79.495332262843817, 33.011835891448897 ], [ -79.501740740010391, 33.016557825625128 ], [ -79.512849955851735, 33.031275217218756 ], [ -79.516451381398838, 33.033777517299683 ], [ -79.525897103623151, 33.035723314267535 ], [ -79.536731023719682, 33.03350296866833 ], [ -79.556737057516983, 33.024332376563549 ], [ -79.570637670881908, 33.01655848193375 ], [ -79.57480370545936, 33.012942007209134 ], [ -79.578680215483658, 33.010996811164084 ], [ -79.585623107119559, 33.003778795008095 ], [ -79.596747738129551, 32.994051989065447 ], [ -79.604514330800214, 32.98266175986079 ], [ -79.607841804588716, 32.979327535465856 ], [ -79.620064895244411, 32.955440421555743 ], [ -79.6283962085502, 32.943218933498997 ], [ -79.627007478215916, 32.935719284966545 ], [ -79.624795349596667, 32.934605011726063 ], [ -79.617287409557036, 32.934048544631025 ], [ -79.616188937973774, 32.929051142263056 ], [ -79.613961297981604, 32.92433672169124 ], [ -79.615075530245591, 32.923779748536909 ], [ -79.613686925691596, 32.922391210997787 ], [ -79.61341149742961, 32.920163547351727 ], [ -79.612008152983222, 32.918499933342808 ], [ -79.613121863849003, 32.918500070770044 ], [ -79.610909034792726, 32.916837230087147 ], [ -79.605354589616439, 32.91655408628656 ], [ -79.60201224163508, 32.917942750349212 ], [ -79.594795543534261, 32.924335840356619 ], [ -79.576468297956168, 32.936550363833135 ], [ -79.575354781906512, 32.931278259402262 ], [ -79.57590373852004, 32.925167569682486 ], [ -79.580359926477954, 32.914883118518624 ], [ -79.583121016227651, 32.91099298810186 ], [ -79.58730325336947, 32.907666445025974 ], [ -79.593131861925727, 32.905163507178337 ], [ -79.595070001063661, 32.903492661262433 ], [ -79.595908896871677, 32.903774876241123 ], [ -79.611458243316235, 32.898778108304185 ], [ -79.616189251338525, 32.896276302931163 ], [ -79.632852997674476, 32.890722319254046 ], [ -79.6364688125079, 32.89016511170918 ], [ -79.644800371324465, 32.886555843099472 ], [ -79.649241006921898, 32.885999507166524 ], [ -79.656459695479825, 32.880445434741823 ], [ -79.662013510887704, 32.869611785924 ], [ -79.664807016615271, 32.867383861896997 ], [ -79.670070970957269, 32.864615100605214 ], [ -79.675899689490521, 32.863783467692308 ], [ -79.68147042965029, 32.861837491417027 ], [ -79.692289491883642, 32.856001699869893 ], [ -79.698682109960984, 32.849608686301181 ], [ -79.70036194999652, 32.843779711017476 ], [ -79.703413396655208, 32.838500163398919 ], [ -79.708418576563886, 32.832389562719179 ], [ -79.725356876510858, 32.821555376821998 ], [ -79.728134644872767, 32.808219898131135 ], [ -79.736740846954746, 32.800445923219975 ], [ -79.748689208862729, 32.797119064799119 ], [ -79.756471151035157, 32.792397341206737 ], [ -79.761751132780816, 32.791008947360766 ], [ -79.794528844071891, 32.775445043076104 ], [ -79.815632797405058, 32.767388405956403 ], [ -79.849248996614818, 32.757951190048715 ], [ -79.855642632104022, 32.758507901685647 ], [ -79.860358105929777, 32.759897138132871 ], [ -79.862311351544108, 32.761842258766997 ], [ -79.862860875680255, 32.763230557123855 ], [ -79.86008277087322, 32.766839008625922 ], [ -79.860082808931423, 32.769616277027588 ], [ -79.869254204151773, 32.777665593153039 ], [ -79.87396912532509, 32.784059159125476 ], [ -79.878133933777633, 32.787675066381951 ], [ -79.881750756252288, 32.790451945628945 ], [ -79.888144723671488, 32.790726812436674 ], [ -79.893698476654038, 32.789612739513018 ], [ -79.90009318599158, 32.790727069618057 ], [ -79.901481810588024, 32.794617298308474 ], [ -79.90036701212864, 32.802109214937573 ], [ -79.900915873179969, 32.809890797633365 ], [ -79.900091685590198, 32.812668256580615 ], [ -79.892035792618131, 32.821556171161809 ], [ -79.880911476576401, 32.829338111641853 ], [ -79.877584040774309, 32.832946780404036 ], [ -79.877020092063361, 32.837669768545226 ], [ -79.877858417578196, 32.84072099439787 ], [ -79.880361672793498, 32.844611301952661 ], [ -79.887594006906156, 32.849334716624767 ], [ -79.893697732777412, 32.851836945174512 ], [ -79.899801609620354, 32.853781874683328 ], [ -79.902593835623634, 32.852668464854204 ], [ -79.902029362815028, 32.848503046378049 ], [ -79.900366150503743, 32.844611628229423 ], [ -79.898428379149138, 32.842391571983477 ], [ -79.897863442867262, 32.837944075956273 ], [ -79.899542859317734, 32.834892040986226 ], [ -79.903982491633329, 32.831283539709979 ], [ -79.908148850633467, 32.830169451410008 ], [ -79.915092171218944, 32.832672248129931 ], [ -79.917869045051248, 32.835167323386877 ], [ -79.923697866193947, 32.848777375339566 ], [ -79.927863651670719, 32.852393844502359 ], [ -79.941474150178095, 32.854057089226004 ], [ -79.943413265982159, 32.853225984802364 ], [ -79.942572788718763, 32.852950723634052 ], [ -79.943687211545722, 32.852393254195391 ], [ -79.944252648181831, 32.847663983784024 ], [ -79.940911081488437, 32.833229700329291 ], [ -79.935921497750186, 32.820450310559735 ], [ -79.935920808274801, 32.817390538669571 ], [ -79.932304404392042, 32.809059160869189 ], [ -79.930367796105912, 32.799897223232442 ], [ -79.926202094307229, 32.792672479628685 ], [ -79.92481336299079, 32.784897587640089 ], [ -79.926201461198787, 32.77961104645923 ], [ -79.928139359952027, 32.778505091842185 ], [ -79.932306192285566, 32.778504461824944 ], [ -79.947854965713816, 32.78044962989091 ], [ -79.953988877351023, 32.782944583042529 ], [ -79.95704052076762, 32.787118175526714 ], [ -79.963983877376791, 32.793229372055087 ], [ -79.96787449976398, 32.794617852087342 ], [ -79.97008760537426, 32.792114886794508 ], [ -79.967875102971263, 32.784059215806629 ], [ -79.962031534727203, 32.774057078826615 ], [ -79.956766995311128, 32.771554321812673 ], [ -79.949243523986567, 32.761842736805534 ], [ -79.94425389735953, 32.759065740215597 ], [ -79.93619745882917, 32.757395087048522 ], [ -79.913429950760602, 32.754891602960754 ], [ -79.898979436389993, 32.752114409832338 ], [ -79.893150576965155, 32.749894702863742 ], [ -79.891197031307698, 32.746560956438898 ], [ -79.892036961357817, 32.737673025075544 ], [ -79.887031900774886, 32.731280178278674 ], [ -79.883979438007728, 32.729333909970649 ], [ -79.885093857083532, 32.728777096943993 ], [ -79.880637388394248, 32.726557129669729 ], [ -79.878975063408063, 32.726274952294503 ], [ -79.875907830045364, 32.727946042764017 ], [ -79.875906918274623, 32.72905207223868 ], [ -79.871192664652497, 32.736833271126933 ], [ -79.867026234185985, 32.736833684557702 ], [ -79.863974920481724, 32.732667851677057 ], [ -79.865637243896629, 32.715449043451557 ], [ -79.870078945701323, 32.705172026792582 ], [ -79.873130674228889, 32.700175735413019 ], [ -79.883980026129052, 32.687388986999295 ], [ -79.90009346857903, 32.674060521137541 ], [ -79.91703128911908, 32.662670480792109 ], [ -79.927590854665169, 32.658222522432453 ], [ -79.942026799099423, 32.65017384650465 ], [ -79.950373712174184, 32.643506445371258 ], [ -79.955927434340964, 32.641560765394189 ], [ -79.958430869128534, 32.640728484107775 ], [ -79.961756957129367, 32.641842568452709 ], [ -79.963435821312018, 32.644337278706793 ], [ -79.969539044446307, 32.64684033085517 ], [ -79.990368636771223, 32.641561096607553 ], [ -79.995358483141459, 32.641011233298194 ], [ -80.00092857433927, 32.642675073312581 ], [ -80.003705111042493, 32.650723424785596 ], [ -80.007595981146849, 32.654888801256 ], [ -80.012037270562146, 32.65378277951443 ], [ -80.022871532695106, 32.643231096598214 ], [ -80.024259084844417, 32.639065361565947 ], [ -80.000653577399689, 32.630170173456392 ], [ -79.993145423686641, 32.626004633894276 ], [ -79.988980247066934, 32.62239606816248 ], [ -79.987591819005829, 32.61850494284942 ], [ -79.989254326255335, 32.611844383458774 ], [ -79.995923679682974, 32.606282728784258 ], [ -80.002041582875634, 32.605177157204047 ], [ -80.006772775824913, 32.606009085051816 ], [ -80.013440474094111, 32.605733677594664 ], [ -80.026762654436851, 32.606840652644756 ], [ -80.046767141227832, 32.606283904912473 ], [ -80.064818244353773, 32.603788556447903 ], [ -80.082885772533132, 32.599341168520304 ], [ -80.093704823213685, 32.596281759568548 ], [ -80.103698564596499, 32.591841992279711 ], [ -80.12591645953998, 32.584617372862901 ], [ -80.145097604315296, 32.57406595580332 ], [ -80.153992401288463, 32.567955832773976 ], [ -80.162324205779143, 32.56100548532271 ], [ -80.167313920081156, 32.558511071810479 ], [ -80.173707410142342, 32.559616925148106 ], [ -80.1831383998001, 32.571846614998194 ], [ -80.19148461275482, 32.577957053486436 ], [ -80.208437412473657, 32.583786547199033 ], [ -80.217043814409138, 32.589615128349692 ], [ -80.225100734142217, 32.600181714300092 ], [ -80.228427027628769, 32.607680930273808 ], [ -80.235645006634826, 32.615179662986336 ], [ -80.250660354023168, 32.622114608521642 ], [ -80.256488895400281, 32.622397157812472 ], [ -80.260379437442296, 32.619620024895703 ], [ -80.26176884053686, 32.617117984908901 ], [ -80.260105074743294, 32.611007379749267 ], [ -80.256778628418118, 32.607680887677333 ], [ -80.248981169383782, 32.604896581407971 ], [ -80.244814928860961, 32.604347382467843 ], [ -80.235095515301751, 32.593505432289085 ], [ -80.230655164236566, 32.585731887118044 ], [ -80.226489997290386, 32.582122810570048 ], [ -80.221209134205736, 32.579063839783238 ], [ -80.205385606246665, 32.572952721202327 ], [ -80.196474722887899, 32.568513030561135 ], [ -80.192583826977611, 32.563790659958308 ], [ -80.195925598400422, 32.557953954117067 ], [ -80.208437499881398, 32.551842896639698 ], [ -80.213443148513846, 32.547128252892215 ], [ -80.222598733350324, 32.541017351024095 ], [ -80.237872942878965, 32.533793396842192 ], [ -80.242313489103168, 32.532679501540613 ], [ -80.256213949648739, 32.526568863997348 ], [ -80.270938901283898, 32.518786790157762 ], [ -80.289266170057047, 32.507404357294021 ], [ -80.310369613926326, 32.49017860515815 ], [ -80.313710285520699, 32.486569974711927 ], [ -80.320944115583004, 32.482121724268296 ], [ -80.326223798883447, 32.480458461434658 ], [ -80.331503175012813, 32.479901769091605 ], [ -80.339819837334545, 32.485455768720762 ], [ -80.342047052536032, 32.490178626541486 ], [ -80.34454897890501, 32.500462149682811 ], [ -80.347051525546249, 32.507129762475238 ], [ -80.348714785902345, 32.516574411939672 ], [ -80.350928426382524, 32.521564065026624 ], [ -80.352606138317952, 32.524066734117127 ], [ -80.355657792472783, 32.525455032930019 ], [ -80.361212926304617, 32.527125646249232 ], [ -80.366218208349991, 32.526568618530256 ], [ -80.367880920578799, 32.523235523718405 ], [ -80.366766301737272, 32.518237889574891 ], [ -80.363714646469205, 32.510739105187952 ], [ -80.36315062335342, 32.506290567945477 ], [ -80.363714384373523, 32.5001876997474 ], [ -80.366766600105578, 32.495183263067361 ], [ -80.377876195829401, 32.486570217013657 ], [ -80.383994771004041, 32.478788614019621 ], [ -80.38899918250209, 32.476011730143995 ], [ -80.398170094110043, 32.472120410591465 ], [ -80.408989325885443, 32.471845526150766 ], [ -80.414268710034236, 32.474897192841212 ], [ -80.416771142172209, 32.478231463618599 ], [ -80.416222280279442, 32.48990363971815 ], [ -80.419547881809365, 32.494069913166683 ], [ -80.422875573575212, 32.496571824140304 ], [ -80.432595353214552, 32.500462578731366 ], [ -80.440652285142946, 32.50185104742372 ], [ -80.46677496473427, 32.500188681197351 ], [ -80.479547464055855, 32.500187892178317 ], [ -80.484827019295921, 32.501851837919602 ], [ -80.490655589237264, 32.504903367479997 ], [ -80.494821440672652, 32.508519229410538 ], [ -80.500391733296581, 32.516575963328776 ], [ -80.50455716865109, 32.519901520575942 ], [ -80.518991709260533, 32.528233143666128 ], [ -80.527323684909021, 32.535183315925821 ], [ -80.53011550598363, 32.538234475824865 ], [ -80.533717024720403, 32.546847865375575 ], [ -80.540110164253804, 32.554896218854509 ], [ -80.543436460168678, 32.557398951673356 ], [ -80.546489100290984, 32.556010160913218 ], [ -80.54787670041209, 32.550456981352738 ], [ -80.545939034851813, 32.541018927076934 ], [ -80.53843231531053, 32.52795825903798 ], [ -80.535105604977474, 32.524066946854319 ], [ -80.530939445675187, 32.521015262851705 ], [ -80.531214801281521, 32.519070990181064 ], [ -80.536768377606492, 32.515186886656622 ], [ -80.541208986957869, 32.513798435852792 ], [ -80.563441425592231, 32.510739138684301 ], [ -80.575388597225952, 32.51212804815767 ], [ -80.587611346025426, 32.51712552181943 ], [ -80.587962072719463, 32.516301307168973 ], [ -80.61121630725907, 32.520458851617192 ], [ -80.622600296593802, 32.521015787448782 ], [ -80.647334605196448, 32.515462481338432 ], [ -80.653712120093772, 32.516576184170923 ], [ -80.657878169505764, 32.520176939080542 ], [ -80.660106175008394, 32.521015810608461 ], [ -80.662043619908275, 32.523510509949951 ], [ -80.666773950588578, 32.524349826508541 ], [ -80.671489229485303, 32.52184701679532 ], [ -80.670375240608792, 32.515187974935309 ], [ -80.674831049550448, 32.508237743929563 ], [ -80.677882820399986, 32.506849179167993 ], [ -80.680111028245577, 32.50435463218605 ], [ -80.682048618150361, 32.499906894125793 ], [ -80.678600132108372, 32.498586325034921 ], [ -80.664271718556861, 32.501020645052513 ], [ -80.657328855677903, 32.501295233376808 ], [ -80.642055275551272, 32.499349168491086 ], [ -80.625651486473785, 32.498518398633934 ], [ -80.619823105443572, 32.49740415108505 ], [ -80.615656992019908, 32.49545857016755 ], [ -80.611491305681099, 32.491850059544284 ], [ -80.591502008543969, 32.489072594309093 ], [ -80.576778072986485, 32.487959223163493 ], [ -80.572061985273166, 32.486296381789984 ], [ -80.553157226937842, 32.484625042988938 ], [ -80.549814909220558, 32.485182196344844 ], [ -80.54427594164008, 32.4876840311791 ], [ -80.540110150316593, 32.49073578316024 ], [ -80.535655492631093, 32.4918494982265 ], [ -80.526499774738113, 32.492406737123076 ], [ -80.519281953089845, 32.490461843952701 ], [ -80.489817010405019, 32.478231558091792 ], [ -80.484552518752409, 32.476843457833439 ], [ -80.479273612739931, 32.473792125515196 ], [ -80.478998074932449, 32.467955401936379 ], [ -80.483714078737336, 32.466849368503119 ], [ -80.502894153746723, 32.466018383412049 ], [ -80.508997885273416, 32.464347328580885 ], [ -80.532893505209742, 32.463515201992593 ], [ -80.54066079048107, 32.464904758726462 ], [ -80.54343677907876, 32.466849857907626 ], [ -80.547328775287497, 32.467398915855298 ], [ -80.573161169850081, 32.458518722874459 ], [ -80.579281116805419, 32.457686963332826 ], [ -80.585949065409054, 32.453796103359004 ], [ -80.584560374507149, 32.452964864952584 ], [ -80.571498873708734, 32.452125650362646 ], [ -80.558162095324647, 32.454627704238121 ], [ -80.540659912436311, 32.455185050128627 ], [ -80.536220499843196, 32.452965325745822 ], [ -80.522883642703519, 32.449905850393243 ], [ -80.511774890894628, 32.450187555755356 ], [ -80.496485463710869, 32.448791380387824 ], [ -80.482890222011719, 32.449348435659793 ], [ -80.475931450640914, 32.447402797084045 ], [ -80.476222160073505, 32.446571556354854 ], [ -80.47399449333254, 32.445458049681299 ], [ -80.470667370158907, 32.442123483076337 ], [ -80.455393673605073, 32.422684975646639 ], [ -80.453715345665586, 32.416856539324499 ], [ -80.454004362887574, 32.408517786883557 ], [ -80.455667662182037, 32.405458671475508 ], [ -80.460947557102415, 32.399911975157778 ], [ -80.465938325904901, 32.397410027376814 ], [ -80.470667994352837, 32.396021654132269 ], [ -80.488720536337269, 32.395189263814444 ], [ -80.49482368926158, 32.394076147269473 ], [ -80.500667477677581, 32.392130422736223 ], [ -80.505107869880035, 32.38962821315927 ], [ -80.508724292623327, 32.38657693582541 ], [ -80.510662688576858, 32.378520712288903 ], [ -80.511776331482679, 32.376849705442268 ], [ -80.520673113507527, 32.371852370822864 ], [ -80.53704581209125, 32.365742403694014 ], [ -80.545666439440993, 32.361020061800829 ], [ -80.549267400156694, 32.356854437894761 ], [ -80.551221629055107, 32.351025768219579 ], [ -80.550930808807507, 32.34657843524402 ], [ -80.547879024623313, 32.344632051991859 ], [ -80.542324785759561, 32.343800663280589 ], [ -80.535382142720749, 32.344632977583693 ], [ -80.523999299756696, 32.351025392878114 ], [ -80.519559535180534, 32.351582953531576 ], [ -80.509839585775069, 32.354908561121896 ], [ -80.502895909299767, 32.356296818354231 ], [ -80.496212451171019, 32.362132834487269 ], [ -80.493710602755797, 32.366024157158293 ], [ -80.48843009072732, 32.367687061306192 ], [ -80.473155438257734, 32.367961128489242 ], [ -80.469280505569017, 32.370181381055119 ], [ -80.4681660338059, 32.371851990472415 ], [ -80.4662286385811, 32.376574393726472 ], [ -80.467052709864703, 32.379351984835949 ], [ -80.464550094848917, 32.382402995063345 ], [ -80.448435434050808, 32.390741583391531 ], [ -80.438424879652885, 32.400186234386261 ], [ -80.432596094818749, 32.406846819728308 ], [ -80.430108492609889, 32.408517556981465 ], [ -80.428156049953898, 32.406014937286699 ], [ -80.427881234954313, 32.403238256151539 ], [ -80.430658416334396, 32.391855703270629 ], [ -80.437602316570079, 32.374354490610216 ], [ -80.43981423176659, 32.364910138279143 ], [ -80.440379326456082, 32.358798648564324 ], [ -80.442317576822376, 32.352130999946276 ], [ -80.445659346559921, 32.349071736803744 ], [ -80.449260739415237, 32.347133658166669 ], [ -80.454555047830567, 32.34657680731658 ], [ -80.461772406926002, 32.347683943604679 ], [ -80.467891661638944, 32.349629400032761 ], [ -80.474545213433075, 32.345738336014662 ], [ -80.47066945330927, 32.341573260975352 ], [ -80.466777706374444, 32.339627368342924 ], [ -80.457882508540706, 32.332410415883508 ], [ -80.458446208807985, 32.331021460419059 ], [ -80.458172344241675, 32.32546734484356 ], [ -80.462613305997507, 32.319356514397235 ], [ -80.467053470976253, 32.316022845615088 ], [ -80.483991230518768, 32.31130040170094 ], [ -80.499555264458166, 32.304907257223263 ], [ -80.533155595560828, 32.286308170895275 ], [ -80.574278788992231, 32.26825061933814 ], [ -80.581511083421006, 32.273805055675766 ], [ -80.580396965435156, 32.277687740190601 ], [ -80.580945834919461, 32.278526850554769 ], [ -80.583997399709958, 32.279076317655559 ], [ -80.588438299022812, 32.277688626144183 ], [ -80.590666074635081, 32.273247810698599 ], [ -80.599272434318905, 32.268526226640269 ], [ -80.602888344809372, 32.267137126455822 ], [ -80.608717672661129, 32.266588371195382 ], [ -80.631207931827774, 32.256587207359026 ], [ -80.641218587549957, 32.25686165233396 ], [ -80.643995447734085, 32.261026979100883 ], [ -80.643995208375557, 32.267970037116243 ], [ -80.642897182947934, 32.27269248340626 ], [ -80.64344581412665, 32.277689457725529 ], [ -80.640118446554666, 32.317412916112737 ], [ -80.640119348322415, 32.338240211331176 ], [ -80.64094313959346, 32.345464524494481 ], [ -80.63065810962577, 32.363248536289923 ], [ -80.629544556315636, 32.367962579187051 ], [ -80.628155818710994, 32.369907972422617 ], [ -80.628155831674405, 32.372685467009056 ], [ -80.630657938495631, 32.37713253334082 ], [ -80.638439757497736, 32.375187897945537 ], [ -80.650113310997213, 32.365193176509706 ], [ -80.654278097440226, 32.358244061595371 ], [ -80.657604798889707, 32.355466172793889 ], [ -80.663999255245912, 32.356580277067259 ], [ -80.668164401073426, 32.363523339384507 ], [ -80.662335353669434, 32.379353028757556 ], [ -80.662609840172792, 32.384914423560815 ], [ -80.664272581559018, 32.388523196000847 ], [ -80.664272319162649, 32.392131851083249 ], [ -80.661221228546538, 32.397967904170955 ], [ -80.662044885757069, 32.41462985401121 ], [ -80.66094562617333, 32.418794713152138 ], [ -80.653438412269324, 32.422960761959537 ], [ -80.648723316199366, 32.428521319581108 ], [ -80.64594641191097, 32.442681424537177 ], [ -80.64761001955705, 32.453514974676573 ], [ -80.650111749661164, 32.456573659228297 ], [ -80.655101703013131, 32.459625734138335 ], [ -80.682049094207144, 32.458794355317451 ], [ -80.68455072871582, 32.454902618700231 ], [ -80.683437457787988, 32.453240327645887 ], [ -80.679546532753093, 32.451851126802893 ], [ -80.674267378436141, 32.450463179613642 ], [ -80.671489474361678, 32.450737194954257 ], [ -80.667888294842072, 32.449349600962407 ], [ -80.665111951409557, 32.446015332152257 ], [ -80.667323994477954, 32.437959142110905 ], [ -80.672878255220255, 32.431299520807215 ], [ -80.675929672667493, 32.426294861871106 ], [ -80.677883985754136, 32.418246415358098 ], [ -80.677608530061931, 32.412684266149448 ], [ -80.675380988434313, 32.407961886356055 ], [ -80.674268101832027, 32.402964503392091 ], [ -80.674541998958404, 32.397411290625271 ], [ -80.675381104077005, 32.387691638829544 ], [ -80.680386613876962, 32.368245127806667 ], [ -80.678433168143854, 32.358243684065826 ], [ -80.672604062856678, 32.351027085898721 ], [ -80.668438484178722, 32.347410025962439 ], [ -80.663998291051044, 32.339629330255313 ], [ -80.663999176180724, 32.336303299560271 ], [ -80.662335142297906, 32.331862325331201 ], [ -80.663450358127065, 32.314636177864486 ], [ -80.663159921292802, 32.305466121098988 ], [ -80.66483803911818, 32.301583234204557 ], [ -80.667325559204187, 32.298531307933025 ], [ -80.673443887792516, 32.297417554105081 ], [ -80.678159549810985, 32.298249754529948 ], [ -80.683439390913463, 32.301301365557201 ], [ -80.690930584992145, 32.308801048667263 ], [ -80.71095027600569, 32.319916361819025 ], [ -80.718442751852265, 32.327415823561225 ], [ -80.721494084660605, 32.332137740707509 ], [ -80.722608234733698, 32.336578576095654 ], [ -80.730115450870045, 32.344077551910594 ], [ -80.73843158550072, 32.351301890984431 ], [ -80.754559001421441, 32.359632389140117 ], [ -80.758724949338657, 32.362966132425662 ], [ -80.761777332479767, 32.367131998114822 ], [ -80.768445183842019, 32.380742312616256 ], [ -80.775662444599035, 32.405741657290783 ], [ -80.780118065401524, 32.414904803129822 ], [ -80.78121585733804, 32.41990939669904 ], [ -80.785946626484204, 32.42852209765671 ], [ -80.793438997392343, 32.452125789929191 ], [ -80.796490811562563, 32.456847990045588 ], [ -80.799268055894444, 32.466292797725607 ], [ -80.797330259803061, 32.47073266271795 ], [ -80.786221603411917, 32.474624138147213 ], [ -80.78205510879522, 32.477958199623345 ], [ -80.77871415619957, 32.482397476380449 ], [ -80.776226412829672, 32.488234174473853 ], [ -80.778438247176155, 32.496290029336919 ], [ -80.782055346936716, 32.499067609157699 ], [ -80.789273280321623, 32.500188529700601 ], [ -80.801220574325313, 32.498791927766796 ], [ -80.806774597463061, 32.500463379510691 ], [ -80.810940235085951, 32.503796526646227 ], [ -80.813992212661461, 32.507962292312889 ], [ -80.816219367326411, 32.512402561331811 ], [ -80.817607823574662, 32.519626895984651 ], [ -80.824002591895592, 32.520732902127492 ], [ -80.827618024199509, 32.523510606154993 ], [ -80.829281358495038, 32.530735242451769 ], [ -80.829281627340706, 32.534351186588246 ], [ -80.831508890512467, 32.537402313477678 ], [ -80.837338398717094, 32.539073659383234 ], [ -80.843716815745665, 32.538791056027463 ], [ -80.855389280379526, 32.536013837102871 ], [ -80.856487752681247, 32.531291536292322 ], [ -80.843166993110088, 32.524623775040716 ], [ -80.836773310853573, 32.51685032243244 ], [ -80.834561259705765, 32.512127735463984 ], [ -80.83344675413808, 32.507130722122689 ], [ -80.82484161692345, 32.490179137203 ], [ -80.823453190247264, 32.482397103581121 ], [ -80.821774850229488, 32.478514503202135 ], [ -80.821774803437464, 32.475180936123742 ], [ -80.823452795475347, 32.473235475498626 ], [ -80.827328074417792, 32.462683836125493 ], [ -80.822064329294491, 32.447129297754657 ], [ -80.820385747131255, 32.437127203592979 ], [ -80.817060154453799, 32.426851146964836 ], [ -80.816785593487694, 32.421854092918004 ], [ -80.815380925720305, 32.41685749735931 ], [ -80.806210690672302, 32.392963636055164 ], [ -80.802319262442339, 32.38879729480724 ], [ -80.793164614934994, 32.382961650362098 ], [ -80.787045927449597, 32.375744480022014 ], [ -80.787045630796243, 32.369908222225064 ], [ -80.785657133059303, 32.36491150981994 ], [ -80.78677063110797, 32.354077996806993 ], [ -80.788723793573098, 32.349355899522124 ], [ -80.792050422166014, 32.345190192310099 ], [ -80.799818158438683, 32.341025429908079 ], [ -80.800107345133043, 32.33602091114625 ], [ -80.7987186171638, 32.325195478055562 ], [ -80.797330337068772, 32.320190604508262 ], [ -80.794279137326612, 32.316300391624992 ], [ -80.78815954231824, 32.313805419750196 ], [ -80.783155734665712, 32.310745918380171 ], [ -80.777463365824715, 32.305505022006678 ], [ -80.766233196197135, 32.284922327818848 ], [ -80.747327963649099, 32.25992213791335 ], [ -80.743986254568583, 32.256588544562348 ], [ -80.736768161845802, 32.261585120666403 ], [ -80.732603228706651, 32.262973765432598 ], [ -80.720670631842879, 32.263813213743461 ], [ -80.713163017897642, 32.261028168445712 ], [ -80.703443487298571, 32.255757008497802 ], [ -80.688993799209683, 32.243527167789466 ], [ -80.683989089060475, 32.241306785108549 ], [ -80.676770890235915, 32.236026967688986 ], [ -80.671217080618248, 32.228528187994982 ], [ -80.66871468312074, 32.221860382844461 ], [ -80.66982912956955, 32.217969253734609 ], [ -80.669828891322538, 32.214360625304572 ], [ -80.672605582550688, 32.20936429680166 ], [ -80.676496523497974, 32.20714397583059 ], [ -80.697325185143626, 32.189918090687037 ], [ -80.704282981007765, 32.182144419360881 ], [ -80.715665705463067, 32.162415267158337 ], [ -80.718442859429558, 32.158532700368141 ], [ -80.722608911792975, 32.155198829077499 ], [ -80.737608891973863, 32.147425144697607 ], [ -80.742887282436214, 32.1460365056206 ], [ -80.755949237937685, 32.139925443808913 ], [ -80.766783411656874, 32.136317011591053 ], [ -80.791503210515685, 32.122973809513127 ], [ -80.819564356907307, 32.102146093822498 ], [ -80.821227894461998, 32.103817112973267 ], [ -80.818725481936184, 32.116596207976556 ], [ -80.813155970346898, 32.126864827497023 ], [ -80.806487151241882, 32.136865724012317 ], [ -80.80093243104993, 32.152695787868971 ], [ -80.797881488743712, 32.157700379737669 ], [ -80.793716013355251, 32.16186612487914 ], [ -80.78483435684609, 32.174370139760349 ], [ -80.777616501938979, 32.189918391479452 ], [ -80.771498411693443, 32.215201489671692 ], [ -80.77206176452232, 32.219641500346597 ], [ -80.778440807426435, 32.237973126147416 ], [ -80.778165694327598, 32.242970272397393 ], [ -80.779004533915199, 32.242420854806916 ], [ -80.780119283642321, 32.238247761189122 ], [ -80.786497918362201, 32.232412149739183 ], [ -80.789274375808233, 32.227415040914529 ], [ -80.789823137653784, 32.221304272268803 ], [ -80.787611839860602, 32.216589537994182 ], [ -80.787047321596987, 32.201865355303738 ], [ -80.79260181112906, 32.186858916376522 ], [ -80.795103538255759, 32.182418363347274 ], [ -80.805388588339611, 32.171035909746095 ], [ -80.821502371828885, 32.160477570749478 ], [ -80.825392498925353, 32.15686098283107 ], [ -80.827895500897611, 32.153809384771719 ], [ -80.829832709756772, 32.149370056286948 ], [ -80.832610058791502, 32.138536245362381 ], [ -80.833449812488098, 32.121310457388113 ], [ -80.83566211197828, 32.111316430071447 ], [ -80.840118764052221, 32.110484703299832 ], [ -80.844558957641908, 32.102145616179634 ], [ -80.859268291717214, 32.089367219595509 ], [ -80.870102421249911, 32.085759227802043 ], [ -80.878998429751434, 32.079647825188033 ], [ -80.88427724786024, 32.068539891775053 ], [ -80.89456267200849, 32.055761462311892 ], [ -80.897065332552941, 32.042982435284706 ], [ -80.896790834109865, 32.037154565463993 ], [ -80.895677095899302, 32.032150456164786 ], [ -80.892792651199628, 32.028067925397103 ], [ -80.889283266609596, 32.024093847795541 ], [ -80.884003227849107, 32.02104224668885 ], [ -80.870377929547757, 32.019371041507938 ], [ -80.850387643305183, 32.020202628508265 ], [ -80.842606345744372, 32.018814966789925 ], [ -80.837616285484117, 32.015762730675284 ], [ -80.833999668817697, 32.012429740203935 ], [ -80.831787439110826, 32.00798970726543 ], [ -80.832611180892457, 32.00187804874033 ], [ -80.835388101813038, 31.996598671177871 ], [ -80.843719677113299, 31.989653167286811 ], [ -80.848449119498952, 31.987154435764911 ], [ -80.851500798792472, 31.981879067860582 ], [ -80.852614800466043, 31.976599735293583 ], [ -80.85455223911994, 31.972154832680221 ], [ -80.858718201140434, 31.968542962655814 ], [ -80.862883727734058, 31.96576611663523 ], [ -80.873992691502707, 31.963545364256728 ], [ -80.879546617082127, 31.961600476131999 ], [ -80.893447366154703, 31.952155506985143 ], [ -80.904555584886296, 31.949935366420778 ], [ -80.910949058868766, 31.951045661573687 ], [ -80.917052847824351, 31.953543547506975 ], [ -80.920944108983974, 31.956878301809542 ], [ -80.92315616296429, 31.961600571632761 ], [ -80.923996005171233, 31.972986436637154 ], [ -80.92761333543379, 31.974931606593554 ], [ -80.933716425789584, 31.976598658640565 ], [ -80.939820407089016, 31.975488670877716 ], [ -80.942047033803107, 31.973264527019968 ], [ -80.94898930167642, 31.960489649040003 ], [ -80.960662991081421, 31.949934926316008 ], [ -80.963728778763524, 31.94465586462799 ], [ -80.966490818825164, 31.929378132053348 ], [ -80.965940336289364, 31.924935186617866 ], [ -80.964552700747021, 31.919933935906357 ], [ -80.96233902339192, 31.916047226804658 ], [ -80.958998084476022, 31.912712860125723 ], [ -80.954007376256541, 31.909657978293193 ], [ -80.948437599401132, 31.907990456134069 ], [ -80.941205254131859, 31.907437803091806 ], [ -80.93510213481332, 31.909104199819556 ], [ -80.928433534188926, 31.908825748476783 ], [ -80.925381648223819, 31.904661013870598 ], [ -80.930386068915141, 31.897992215015471 ], [ -80.938427129726477, 31.891602861953924 ], [ -80.948162177778173, 31.886328129496619 ], [ -80.957058191461059, 31.879381540607501 ], [ -80.968165845371388, 31.867995332534758 ], [ -80.976771289306441, 31.861884381689553 ], [ -80.9826011124605, 31.859381661691231 ], [ -80.986766941266723, 31.858828270130537 ], [ -80.992320389186858, 31.859660425531874 ], [ -80.999828595617004, 31.866606138484922 ], [ -81.004833831504456, 31.869383929844506 ], [ -81.011776390494063, 31.871328864100143 ], [ -81.040386042361632, 31.872716350348426 ], [ -81.055385674550337, 31.876046002631963 ], [ -81.060650025990597, 31.878269411508029 ], [ -81.063717735099885, 31.881603670142539 ], [ -81.073163741174099, 31.887992422731816 ], [ -81.082609244159968, 31.900213685041152 ], [ -81.087888896459745, 31.908823072618752 ], [ -81.093717840949537, 31.915486661182779 ], [ -81.098448900361774, 31.916043748209809 ], [ -81.103712167442907, 31.914933646257523 ], [ -81.107602962305521, 31.909932267388296 ], [ -81.113156721025319, 31.900487233214818 ], [ -81.116223279862197, 31.889932990727161 ], [ -81.110378909156523, 31.886877366176645 ], [ -81.10400061226774, 31.885767646050418 ], [ -81.09817212458664, 31.886878149036459 ], [ -81.091214343967991, 31.884937028315129 ], [ -81.087047653391153, 31.877990541330622 ], [ -81.08788678661476, 31.866882688425733 ], [ -81.091777561258894, 31.864101556102593 ], [ -81.099560037513683, 31.862713102861719 ], [ -81.105938448760014, 31.863826795963636 ], [ -81.117320717996733, 31.86910159115714 ], [ -81.122600939961629, 31.869933570712533 ], [ -81.129543160333796, 31.869101175713411 ], [ -81.133999313668681, 31.86715531647641 ], [ -81.140392494417426, 31.861323318556895 ], [ -81.142604690280493, 31.85604712674812 ], [ -81.139827619704064, 31.852714159711372 ], [ -81.135952027307368, 31.849936659853032 ], [ -81.123149237240895, 31.847160600388481 ], [ -81.118160028869127, 31.847713542000911 ], [ -81.097880933258992, 31.846325147436364 ], [ -81.085383151053762, 31.842713864862606 ], [ -81.077326535387769, 31.836603145053267 ], [ -81.072336595386886, 31.828828933054496 ], [ -81.067331714903574, 31.825773318116646 ], [ -81.060937470972533, 31.824660441144083 ], [ -81.048715958926053, 31.827994372540562 ], [ -81.043710980281688, 31.82716352297609 ], [ -81.041498748978981, 31.822719092372768 ], [ -81.045098993711377, 31.8113293494328 ], [ -81.055381964808674, 31.792442393903105 ], [ -81.059257648467295, 31.78744221476223 ], [ -81.064827340502745, 31.777718172644509 ], [ -81.07871130032845, 31.760776979842607 ], [ -81.082892041135835, 31.757164692777724 ], [ -81.093711314296826, 31.753274545293504 ], [ -81.098441171183495, 31.750775055850077 ], [ -81.121755945800473, 31.72882895044653 ], [ -81.126760361165339, 31.727715101260745 ], [ -81.133444583768295, 31.727993672923073 ], [ -81.147879160620889, 31.734104143364767 ], [ -81.157049681594088, 31.735770922607646 ], [ -81.176763806523226, 31.736327340612174 ], [ -81.197867552480204, 31.741048600839907 ], [ -81.210654255782487, 31.745492340915053 ], [ -81.227882138436783, 31.753826471466976 ], [ -81.254280852834484, 31.767436937157608 ], [ -81.257607542213847, 31.770213102891635 ], [ -81.262887221262318, 31.771879926878245 ], [ -81.268167497380688, 31.771326870086085 ], [ -81.272057589901493, 31.769102710095666 ], [ -81.273446369172319, 31.765769460631148 ], [ -81.273995316866063, 31.761047124741559 ], [ -81.272332672281877, 31.757160210641587 ], [ -81.268990440946652, 31.753269070825848 ], [ -81.265663531829659, 31.743546147307676 ], [ -81.260383034162999, 31.741878984849571 ], [ -81.23177328929971, 31.740769722235623 ], [ -81.222053088959754, 31.73687881056513 ], [ -81.205389862896837, 31.722990306565496 ], [ -81.189259845721452, 31.704104799939579 ], [ -81.187871774133498, 31.696882891483167 ], [ -81.1903747181087, 31.69327096667681 ], [ -81.193150962730925, 31.690772599172337 ], [ -81.206487711239475, 31.683271958078407 ], [ -81.21094310712968, 31.681884040489958 ], [ -81.223150055671752, 31.671603204661739 ], [ -81.228703713821787, 31.669660687721962 ], [ -81.233434433002245, 31.666883680206602 ], [ -81.235371797549661, 31.662435649350638 ], [ -81.228428897247767, 31.66049406695063 ], [ -81.224828157642364, 31.66132570951515 ], [ -81.221760374084937, 31.660773615507498 ], [ -81.208988947988303, 31.662162463244101 ], [ -81.20454919624639, 31.663551157845614 ], [ -81.188145031454312, 31.664104172514243 ], [ -81.17259644536675, 31.662995015318234 ], [ -81.158161886237764, 31.664662085751896 ], [ -81.156208594033401, 31.665771811277782 ], [ -81.154820420599208, 31.669105955187369 ], [ -81.170094373680797, 31.679938916202932 ], [ -81.172322107921346, 31.684662145591055 ], [ -81.171483636799948, 31.689384386096027 ], [ -81.168431241979647, 31.691604572082216 ], [ -81.15204326105804, 31.697163236375047 ], [ -81.140111544701369, 31.699383333689589 ], [ -81.128987809032182, 31.698827213731015 ], [ -81.125646412825859, 31.695496134697542 ], [ -81.12620977629301, 31.688550623717433 ], [ -81.130101012954725, 31.676049691550155 ], [ -81.131764073507085, 31.655217791008283 ], [ -81.135943636528737, 31.637720009965776 ], [ -81.135944416800157, 31.634385538943995 ], [ -81.134554668434816, 31.629942138901423 ], [ -81.135653359737532, 31.61827692305647 ], [ -81.137880697962899, 31.608831100107597 ], [ -81.14566245981942, 31.6004964468925 ], [ -81.159821296765529, 31.568551812762141 ], [ -81.164536231385213, 31.56522202463497 ], [ -81.169267378717521, 31.563276367438789 ], [ -81.172319058039619, 31.564386472483541 ], [ -81.175371180895084, 31.567720868907699 ], [ -81.1762101506406, 31.579106691463171 ], [ -81.175371499280715, 31.585218566744498 ], [ -81.177034591502391, 31.596051391032407 ], [ -81.180650896368675, 31.604386216578252 ], [ -81.19037147380655, 31.616329249324057 ], [ -81.197588793920517, 31.623829117687755 ], [ -81.202609376470562, 31.626884384746113 ], [ -81.206485255442885, 31.630497215945812 ], [ -81.216769881431858, 31.636328538864554 ], [ -81.235370967262469, 31.640772971408715 ], [ -81.240100680252766, 31.639384247881075 ], [ -81.242588637004431, 31.635771607174885 ], [ -81.240100502322576, 31.628271992561622 ], [ -81.236210288759409, 31.624106319944783 ], [ -81.23314255701905, 31.622161134277025 ], [ -81.227603551115521, 31.614940552068344 ], [ -81.216219514511025, 31.604664270750398 ], [ -81.202044821977694, 31.602161889010567 ], [ -81.200106231803773, 31.599106707478121 ], [ -81.199541657856898, 31.59410932765168 ], [ -81.202043720370071, 31.588272698164086 ], [ -81.21371630203582, 31.576328246746751 ], [ -81.216478626178088, 31.571885244827758 ], [ -81.220658970726561, 31.567718476047162 ], [ -81.224535488562736, 31.564942008229202 ], [ -81.228990785007682, 31.563552835332221 ], [ -81.234819951697474, 31.56327476362603 ], [ -81.245652665443714, 31.559383801915502 ], [ -81.251496957225612, 31.558272771244717 ], [ -81.258990115536179, 31.558830643617988 ], [ -81.272875539717887, 31.562717127616196 ], [ -81.284823809459112, 31.568274509205828 ], [ -81.297322119238757, 31.569663420516438 ], [ -81.307316469807517, 31.566329813050363 ], [ -81.31760094060779, 31.561328127006036 ], [ -81.327046187694847, 31.556605586133941 ], [ -81.335378229997332, 31.551051778320666 ], [ -81.331501895055297, 31.546886207340631 ], [ -81.314259004831541, 31.540496685851885 ], [ -81.302600177461073, 31.529941837093386 ], [ -81.299807243990813, 31.52827458390141 ], [ -81.295931496210045, 31.527443365286128 ], [ -81.291491123882309, 31.528274803894831 ], [ -81.283144672370739, 31.532997547117144 ], [ -81.278704410313239, 31.534385983998565 ], [ -81.270372689481377, 31.53438605817912 ], [ -81.26593163869012, 31.532162123126106 ], [ -81.264543569201024, 31.528553478698615 ], [ -81.267320069930307, 31.522720811884835 ], [ -81.276491204797793, 31.512440243589388 ], [ -81.28482240780437, 31.505497532135379 ], [ -81.291200149300565, 31.496048937615786 ], [ -81.290650730879648, 31.491051506487356 ], [ -81.28842347815214, 31.489937742258455 ], [ -81.28314374533376, 31.490494746445901 ], [ -81.27343806108793, 31.493828598623185 ], [ -81.260941606122984, 31.501885499470564 ], [ -81.249542953004067, 31.511330734389851 ], [ -81.240647612431744, 31.521054239920932 ], [ -81.232041298449673, 31.527165504909902 ], [ -81.225648274765334, 31.528832516004289 ], [ -81.218704778540868, 31.528275984407998 ], [ -81.210648665386913, 31.529942824328977 ], [ -81.205093663681097, 31.532441620961706 ], [ -81.201217729292864, 31.535219247732844 ], [ -81.190369852349974, 31.538832256662701 ], [ -81.183975889526465, 31.53911082802129 ], [ -81.172867542770859, 31.537444084769021 ], [ -81.168701732743784, 31.533830822297396 ], [ -81.168975334332416, 31.529108646518271 ], [ -81.184539741203309, 31.515497948411635 ], [ -81.18814106352184, 31.511332080214295 ], [ -81.192870173696321, 31.503832124657393 ], [ -81.194534436693303, 31.500498121613678 ], [ -81.198698791493499, 31.482996871118601 ], [ -81.204543841813106, 31.474940684876746 ], [ -81.218703463304792, 31.464942228823432 ], [ -81.234252335001329, 31.450774294684681 ], [ -81.244537030787214, 31.438552298506096 ], [ -81.250381279680838, 31.428275662858248 ], [ -81.25260894351473, 31.422443472381772 ], [ -81.260940833763769, 31.392445897096611 ], [ -81.263992560012028, 31.386609318647835 ], [ -81.267043601968055, 31.384389313710432 ], [ -81.272873407862406, 31.383278937864958 ], [ -81.280105874750859, 31.38522058995629 ], [ -81.283981925143351, 31.388554417696682 ], [ -81.287034138589604, 31.392720389682601 ], [ -81.295930877262322, 31.411609749732214 ], [ -81.300096080355885, 31.425498544950727 ], [ -81.303697823276096, 31.433829400163592 ], [ -81.305650585341496, 31.436332076466588 ], [ -81.307863858893754, 31.437442214587804 ], [ -81.316774979900813, 31.435496568833095 ], [ -81.329546752318777, 31.436884725472989 ], [ -81.335102106750639, 31.433554553414154 ], [ -81.335376292571041, 31.42883199333232 ], [ -81.33398768293381, 31.423831329809126 ], [ -81.32788395410283, 31.412166751202509 ], [ -81.323717124606176, 31.408553782285747 ], [ -81.317324066085888, 31.400776261240082 ], [ -81.31202836115196, 31.392166651624407 ], [ -81.305649900272996, 31.384110201264647 ], [ -81.300645403279489, 31.374665655811075 ], [ -81.288986660452181, 31.364946329586353 ], [ -81.28509511487789, 31.363836233841567 ], [ -81.277313192827023, 31.357446950010956 ], [ -81.27426136649494, 31.349947527744238 ], [ -81.273711348068744, 31.345778190475659 ], [ -81.274261834705896, 31.343001289591456 ], [ -81.273712371831792, 31.342169867846589 ], [ -81.27760288526521, 31.33244646398251 ], [ -81.283142575519761, 31.325782258153072 ], [ -81.289536126871042, 31.323279864476945 ], [ -81.29370098625985, 31.323279920110018 ], [ -81.306199673015669, 31.325503405009272 ], [ -81.325105928475296, 31.332724250210713 ], [ -81.332048661098611, 31.334112600671656 ], [ -81.359821005520146, 31.335779566078568 ], [ -81.382313400516452, 31.340501759496988 ], [ -81.405385281794793, 31.343556960883912 ], [ -81.41927092033977, 31.343835092159754 ], [ -81.440374875345867, 31.34800043087596 ], [ -81.447867809811612, 31.354390054399886 ], [ -81.453712869182255, 31.361610868473718 ], [ -81.458992052555544, 31.366611701717293 ], [ -81.463447423412489, 31.368831578790591 ], [ -81.470375598716331, 31.37049896949852 ], [ -81.476494928439195, 31.369667002601066 ], [ -81.483148349837961, 31.364387928114883 ], [ -81.489266492575069, 31.363277879803753 ], [ -81.488716808110823, 31.361889261587859 ], [ -81.486764229245168, 31.357166473209311 ], [ -81.482598317739857, 31.353833050490618 ], [ -81.448982192936086, 31.342721544320515 ], [ -81.444541277404653, 31.33966555295688 ], [ -81.439535663186987, 31.337445438536967 ], [ -81.430380059466827, 31.331056363056888 ], [ -81.424261255143165, 31.328558116048672 ], [ -81.412037880361879, 31.328557956698781 ], [ -81.400105724911754, 31.330778445505434 ], [ -81.392888292190548, 31.330225471330014 ], [ -81.387882891284036, 31.327448053554932 ], [ -81.381489155290453, 31.319392099498785 ], [ -81.376483309437816, 31.316336547342623 ], [ -81.369266429874287, 31.315779639803619 ], [ -81.355654415768811, 31.317168387625831 ], [ -81.341494452529531, 31.314113004120717 ], [ -81.335649606857643, 31.311614329250034 ], [ -81.325654178488037, 31.304946649449363 ], [ -81.314820425643106, 31.299671150894319 ], [ -81.309815460714034, 31.296059006588578 ], [ -81.285644402428275, 31.287171402075618 ], [ -81.275649309854415, 31.281060286644951 ], [ -81.271483890480894, 31.27772657116406 ], [ -81.268980737401634, 31.274396400474689 ], [ -81.267042447519358, 31.26634017798192 ], [ -81.266768015277691, 31.259950780807412 ], [ -81.275099498326838, 31.234949759954777 ], [ -81.282042869218472, 31.22217065315909 ], [ -81.289535165782979, 31.214392663493101 ], [ -81.295089040215032, 31.214671059528179 ], [ -81.303146447490363, 31.224394612717173 ], [ -81.308701013529259, 31.221060311089445 ], [ -81.311751977736151, 31.217447483606307 ], [ -81.319549539054933, 31.202169896388437 ], [ -81.339539208131043, 31.18244851272528 ], [ -81.343430882627487, 31.180228101469392 ], [ -81.363709247710446, 31.162726361582781 ], [ -81.380921886072272, 31.142725911628268 ], [ -81.384827847267289, 31.139117151129632 ], [ -81.387880834388412, 31.137450719471001 ], [ -81.390932323318623, 31.137450498988208 ], [ -81.395371930679062, 31.136061834526394 ], [ -81.403429331923093, 31.137171729560009 ], [ -81.416216899816675, 31.141615912890938 ], [ -81.421206758858304, 31.144671016493014 ], [ -81.424258377281191, 31.14856201180605 ], [ -81.424533861408648, 31.154115911891854 ], [ -81.423144430304703, 31.161058797607925 ], [ -81.418154974737718, 31.171892305533479 ], [ -81.414538510465079, 31.176336165792115 ], [ -81.409259147934222, 31.185781319639489 ], [ -81.407596346030928, 31.193281211957547 ], [ -81.407046668167141, 31.202169083657406 ], [ -81.407871448452781, 31.205781591998221 ], [ -81.409259038911955, 31.206612954393826 ], [ -81.430927425805635, 31.211892273425512 ], [ -81.435093551904075, 31.211892510963342 ], [ -81.440374067774513, 31.21133517098168 ], [ -81.444539358527607, 31.209115194985355 ], [ -81.450108461040628, 31.203835345972045 ], [ -81.452320845557054, 31.197171279997399 ], [ -81.458989709810666, 31.186612325525267 ], [ -81.459828419599901, 31.182446850780455 ], [ -81.457325419402551, 31.172170263393909 ], [ -81.456486143449126, 31.171613465757208 ], [ -81.456486410355666, 31.169393048531727 ], [ -81.44592692258739, 31.157728354200628 ], [ -81.440097691490749, 31.144949300364654 ], [ -81.440646738431056, 31.126894858652431 ], [ -81.443423831453501, 31.123003509067811 ], [ -81.448428719575489, 31.117728200870943 ], [ -81.453159835049846, 31.116339512355072 ], [ -81.45982818746343, 31.116061054511547 ], [ -81.470662260737726, 31.121615264324245 ], [ -81.47314875482482, 31.124670384838346 ], [ -81.486761186728202, 31.133283580742418 ], [ -81.491200821968164, 31.131895310248762 ], [ -81.496206424890076, 31.128004340784919 ], [ -81.49677092753474, 31.125784136752419 ], [ -81.49370309383211, 31.117727809796943 ], [ -81.487874539822428, 31.110506468274497 ], [ -81.482884034014035, 31.106894127204988 ], [ -81.470936731652841, 31.101893464075875 ], [ -81.461765645995371, 31.096896227612696 ], [ -81.443148419065039, 31.081340510603813 ], [ -81.438708456003354, 31.075507860904498 ], [ -81.434542898849969, 31.072730994283766 ], [ -81.431490961862465, 31.072174227067144 ], [ -81.428697716527211, 31.07328403612582 ], [ -81.426760614106769, 31.081340436403195 ], [ -81.431491449478145, 31.093841133633724 ], [ -81.429812340860437, 31.100505376754271 ], [ -81.404543651577043, 31.114394923179468 ], [ -81.40204007548634, 31.114673169650178 ], [ -81.400652319356979, 31.109672422665049 ], [ -81.399812414450054, 31.086341637408758 ], [ -81.40121644197589, 31.079673929561938 ], [ -81.403153894499809, 31.0752296081087 ], [ -81.411485280986511, 31.060509089094307 ], [ -81.416765003437305, 31.043843091106378 ], [ -81.417314207166669, 31.034119510428571 ], [ -81.421204655760263, 31.024399498898621 ], [ -81.427308405089789, 31.023286066465314 ], [ -81.432313168161144, 31.026898145091359 ], [ -81.441194274946426, 31.040508765396179 ], [ -81.447039378027512, 31.046898248396737 ], [ -81.455386386190852, 31.053283621869003 ], [ -81.468158285589269, 31.069396573181294 ], [ -81.484547833165038, 31.083285372796308 ], [ -81.48926219579198, 31.086340876489327 ], [ -81.506780780385668, 31.092726516727559 ], [ -81.509832501552324, 31.089670948050166 ], [ -81.511495931793931, 31.086340824646125 ], [ -81.50566619864432, 31.079951473454773 ], [ -81.490650158157166, 31.066897850973049 ], [ -81.469271814666342, 31.039672973625805 ], [ -81.459826972179968, 31.034397385457382 ], [ -81.455660952876215, 31.031063580112743 ], [ -81.452318927315687, 31.02689782220725 ], [ -81.44870178924306, 31.018009878162541 ], [ -81.448153233022708, 31.014397545830469 ], [ -81.451220063631581, 31.004399572231868 ], [ -81.453996272195837, 30.999394624195684 ], [ -81.461489344289831, 30.992173555558299 ], [ -81.471483834789481, 30.987451026062143 ], [ -81.48092908071763, 30.984394832123886 ], [ -81.494815865169471, 30.985226387211775 ], [ -81.500658955632503, 30.984673230279764 ], [ -81.511768014123291, 30.981896201143748 ], [ -81.516773734048101, 30.979115596417838 ], [ -81.516223830237308, 30.976894946257399 ], [ -81.511768036019546, 30.974671028557086 ], [ -81.507327014211853, 30.969117082147285 ], [ -81.50648789066949, 30.966896891172023 ], [ -81.49397540214953, 30.960507816004739 ], [ -81.487597047769583, 30.95939355755652 ], [ -81.481767589919187, 30.960507785182976 ], [ -81.472871948890727, 30.963284903433724 ], [ -81.468980637805615, 30.965505038485691 ], [ -81.463151684341568, 30.966619001219748 ], [ -81.454545143644751, 30.965783564419954 ], [ -81.452882369805693, 30.961339436395058 ], [ -81.453995529107587, 30.950231534045486 ], [ -81.456208023275138, 30.948007309624533 ], [ -81.464829753733412, 30.934675039868289 ], [ -81.468156426809571, 30.931062759610761 ], [ -81.478700583654927, 30.923841392401901 ], [ -81.498704495208955, 30.904676497068508 ], [ -81.503709618704804, 30.897176552852191 ], [ -81.507051124363201, 30.889398570605319 ], [ -81.50844060032783, 30.88328787449278 ], [ -81.508439818450512, 30.879953715953512 ], [ -81.50705155086834, 30.874674047715789 ], [ -81.500931960075235, 30.866899674675476 ], [ -81.493149711955269, 30.861341980139112 ], [ -81.488709208379873, 30.85495235928186 ], [ -81.487870315649715, 30.851896874933921 ], [ -81.489533365541504, 30.848841238034225 ], [ -81.493149156809096, 30.846621272016183 ], [ -81.499818357363338, 30.846899609374315 ], [ -81.520372881510951, 30.852732126393999 ], [ -81.528154548937621, 30.853842284156599 ], [ -81.531497233899231, 30.85301057041055 ], [ -81.533709884220471, 30.850786710644609 ], [ -81.533434663697633, 30.848566403640525 ], [ -81.531497045253559, 30.846064114556576 ], [ -81.512880560534953, 30.834677497897502 ], [ -81.511765999836555, 30.830233177378659 ], [ -81.513718603054798, 30.821345181275369 ], [ -81.51510700172733, 30.818289363565789 ], [ -81.515381658665021, 30.809954680907573 ], [ -81.513994011012059, 30.806067418704121 ], [ -81.505936121763469, 30.794955591403419 ], [ -81.495650923704773, 30.783568909388595 ], [ -81.489806151680057, 30.772735175280943 ], [ -81.486754689502135, 30.764400643130962 ], [ -81.486204727936652, 30.753844989747527 ], [ -81.48675388450809, 30.748287470452766 ], [ -81.488708114901897, 30.742454851296458 ], [ -81.495086408783934, 30.73245241591481 ], [ -81.502608893762556, 30.724399836149246 ], [ -81.507156356215148, 30.713699577590543 ], [ -81.50593427158725, 30.71051066475394 ], [ -81.503157934704774, 30.707176598837776 ], [ -81.491483751911971, 30.702454024219136 ], [ -81.483701706364471, 30.694122854360938 ], [ -81.476758416105099, 30.690788595175491 ], [ -81.47259260879521, 30.692177668926348 ], [ -81.465101295708607, 30.696621900030987 ], [ -81.455090532137575, 30.701065577763085 ], [ -81.449246450061551, 30.702176063384588 ], [ -81.442303631971598, 30.700234366088946 ], [ -81.438411643194598, 30.696900315005156 ], [ -81.435360897632378, 30.692177792588069 ], [ -81.432873188461329, 30.687733622967237 ], [ -81.43175904180498, 30.683010907020112 ], [ -81.429531097646475, 30.678566889766302 ], [ -81.427302737030502, 30.666901606918334 ], [ -81.427302506327891, 30.656621476176763 ], [ -81.429531144903777, 30.649957125145569 ], [ -81.435085444690728, 30.639676477670573 ], [ -81.440089795038659, 30.622457079755456 ], [ -81.441188041437982, 30.609956310933146 ], [ -81.440638505279765, 30.604402381407258 ], [ -81.443964652847953, 30.573289475569126 ], [ -81.442301012752395, 30.55079093391474 ], [ -81.440363837814758, 30.542734334237728 ], [ -81.435358303084044, 30.529402048957749 ], [ -81.436197135064958, 30.5252364125977 ], [ -81.43924885828676, 30.523012185384665 ], [ -81.440637146412683, 30.523290905630869 ], [ -81.447031268075833, 30.527734815347564 ], [ -81.460642461715437, 30.54551505701852 ], [ -81.465373447023367, 30.553289217789025 ], [ -81.4670370111089, 30.557180250369164 ], [ -81.466212915228226, 30.568013790568397 ], [ -81.463985068640298, 30.577459228549699 ], [ -81.464824409579649, 30.587457436990125 ], [ -81.470928877025685, 30.607457564997244 ], [ -81.473430632563307, 30.610513198766032 ], [ -81.475095047509427, 30.614400133582404 ], [ -81.478985799798977, 30.61773419488971 ], [ -81.48508879965965, 30.620232705351153 ], [ -81.490918199111107, 30.619122443156442 ], [ -81.495084361937685, 30.615510202548087 ], [ -81.497860881669453, 30.610513064384705 ], [ -81.500653442154729, 30.591343938319582 ], [ -81.500928228562046, 30.586621407808053 ], [ -81.49953935908853, 30.578011634447194 ], [ -81.50037867442461, 30.567735002508726 ], [ -81.500928234256904, 30.564122617367534 ], [ -81.50426995904553, 30.557737226221956 ], [ -81.503154906280898, 30.551347079226272 ], [ -81.500102881646313, 30.547181717222916 ], [ -81.48508855268166, 30.538568145508432 ], [ -81.478694506507509, 30.531625875473143 ], [ -81.475093689671738, 30.52912319560696 ], [ -81.472590451374856, 30.525793332815415 ], [ -81.470652434338859, 30.521348768382484 ], [ -81.467875650515666, 30.518014797425224 ], [ -81.46564751971097, 30.509958360041079 ], [ -81.452875309349878, 30.508569881145188 ], [ -81.441751169810857, 30.497454110005915 ], [ -81.431756066557398, 30.484678935828857 ], [ -81.428688674028365, 30.480513284419249 ], [ -81.428139381396775, 30.476343870027126 ], [ -81.422310736917254, 30.473845643950767 ], [ -81.417304938132432, 30.473009963672062 ], [ -81.413428908107107, 30.469679692011866 ], [ -81.411201777925442, 30.464957525207598 ], [ -81.410362314874419, 30.453845034320349 ], [ -81.40341885994205, 30.43495904489879 ], [ -81.402869469843694, 30.423846785224477 ], [ -81.403143575245736, 30.41884590035178 ], [ -81.405646244806107, 30.414958771059929 ], [ -81.409248049588498, 30.406070372928934 ], [ -81.405371833978137, 30.402458122251041 ], [ -81.396475682268914, 30.398292796890061 ], [ -81.394537632797594, 30.39578995970923 ], [ -81.390920793352464, 30.387459005783995 ], [ -81.390096104926073, 30.383015045320111 ], [ -81.392583779279335, 30.358292175051339 ], [ -81.39203339303468, 30.328850583196104 ], [ -81.392873255078456, 30.325516839038311 ], [ -81.39203382342933, 30.325238111039788 ], [ -81.392873233433463, 30.319127220598876 ], [ -81.392033443154034, 30.314961303116316 ], [ -81.392032794208291, 30.291626931923528 ], [ -81.389256521413955, 30.275239233182674 ], [ -81.385929652416579, 30.261350424588315 ], [ -81.381473559492235, 30.252183801472047 ], [ -81.380908084114225, 30.248013957381062 ], [ -81.377856367979874, 30.243291641656278 ], [ -81.368685685902307, 30.219125937187794 ], [ -81.366197824465772, 30.209681109243647 ], [ -81.363969379964161, 30.205236990601104 ], [ -81.360917864431954, 30.190515964564074 ], [ -81.356461298410551, 30.181349380392319 ], [ -81.351196997992432, 30.166350292860507 ], [ -81.347855197329125, 30.161906252132823 ], [ -81.337584422495624, 30.141627567538176 ], [ -81.334242898210277, 30.137740526845903 ], [ -81.331480960701981, 30.128852583331284 ], [ -81.330092368077118, 30.123573214947797 ], [ -81.329252327791878, 30.113853392559506 ], [ -81.329527180759385, 30.099128742921739 ], [ -81.330366321737642, 30.098575233118673 ], [ -81.3300919238944, 30.092185788593234 ], [ -81.330914581423912, 30.088851874687261 ], [ -81.329525998841547, 30.083575925693125 ], [ -81.329525669865149, 30.074684336084459 ], [ -81.325909406305172, 30.061351893681167 ], [ -81.324810728519381, 30.0527423166556 ], [ -81.321743647685608, 30.043854588704367 ], [ -81.316187930003252, 30.019131267874567 ], [ -81.31396021012371, 30.014409130148056 ], [ -81.312296416989327, 30.00496371230231 ], [ -81.303964143324819, 29.974130368342667 ], [ -81.303399429142686, 29.969407912823318 ], [ -81.298135624543562, 29.954408707619717 ], [ -81.292854373455796, 29.932462702020324 ], [ -81.287010753058127, 29.913854993544643 ], [ -81.287010290073525, 29.904131524028585 ], [ -81.289787607997582, 29.898852448006604 ], [ -81.289512508340877, 29.892741105715675 ], [ -81.287848790826388, 29.890242561719067 ], [ -81.285346474052886, 29.889963861105485 ], [ -81.281745312924983, 29.887743786195173 ], [ -81.277289747894599, 29.886355715073048 ], [ -81.274512138952574, 29.882185946524334 ], [ -81.278677363290981, 29.873855008521367 ], [ -81.277289116693154, 29.86885379850801 ], [ -81.266454612365322, 29.864131232890919 ], [ -81.262852781819902, 29.861354111456698 ], [ -81.261465134853552, 29.856910182222904 ], [ -81.261738936788902, 29.85274470976514 ], [ -81.260350214983291, 29.848300505401273 ], [ -81.260625323500847, 29.844135128151123 ], [ -81.258962340038167, 29.839687109907228 ], [ -81.260075745719348, 29.835799993967161 ], [ -81.255069693509896, 29.796913798308797 ], [ -81.24783664365971, 29.776913814990451 ], [ -81.240892859371598, 29.764969921524273 ], [ -81.232850927941271, 29.746911390163739 ], [ -81.232286887036693, 29.743298907895582 ], [ -81.227281774161796, 29.729688053174716 ], [ -81.222291000507013, 29.705801191184964 ], [ -81.218674638819195, 29.697465848655153 ], [ -81.202851156011221, 29.671633059361778 ], [ -81.199509241022383, 29.661913426973481 ], [ -81.19505274597536, 29.652746945270291 ], [ -81.188674560492771, 29.635523686999512 ], [ -81.185058043521664, 29.619967708429051 ], [ -81.181731391749452, 29.609690937193417 ], [ -81.180341364302649, 29.598857364985005 ], [ -81.173398853999487, 29.579414152641974 ], [ -81.16811878123093, 29.57080460137125 ], [ -81.158948268339373, 29.558582351549543 ], [ -81.13978178012286, 29.523861742205508 ], [ -81.119776240374804, 29.478303396004808 ], [ -81.102563507572839, 29.444971267997126 ], [ -81.100336204795852, 29.436914738026505 ], [ -81.093942569932864, 29.423025812961708 ], [ -81.082283306875908, 29.400805699811805 ], [ -81.078118160648245, 29.395251615046707 ], [ -81.078956596458369, 29.394694664024389 ], [ -81.07450198085543, 29.382472583541361 ], [ -81.069236957830412, 29.373306132362508 ], [ -81.068123246504825, 29.368862190080051 ], [ -81.062828046917119, 29.360252675121238 ], [ -81.060050923883722, 29.351917704932621 ], [ -81.05533600357046, 29.344143447118995 ], [ -81.054771150895846, 29.339695820557299 ], [ -81.050056349055353, 29.325532113022607 ], [ -81.047828004454317, 29.321088075734945 ], [ -81.04672911426033, 29.315808404442784 ], [ -81.033667035925006, 29.288308693909634 ], [ -81.026449949852392, 29.275812444500012 ], [ -81.013677812809732, 29.243308074820522 ], [ -81.004232219021759, 29.226085055389028 ], [ -80.978657776270566, 29.192199661671715 ], [ -80.971441307895631, 29.174145478497241 ], [ -80.968938527673984, 29.163868689731064 ], [ -80.966725871825574, 29.159146228769181 ], [ -80.965886873266797, 29.153309931851219 ], [ -80.962835493580386, 29.148591281323238 ], [ -80.960897465607601, 29.143312034435642 ], [ -80.941715894719096, 29.116090988323499 ], [ -80.937825488560634, 29.112478277694226 ], [ -80.931996668162725, 29.10386869684525 ], [ -80.928379941165048, 29.100535106652924 ], [ -80.920613648184954, 29.089979780143789 ], [ -80.918385862291132, 29.085257255480716 ], [ -80.917270766439003, 29.080260343448789 ], [ -80.918934350803525, 29.076369312981914 ], [ -80.923390004745727, 29.071372108774312 ], [ -80.922826201440031, 29.066928338175284 ], [ -80.921162062830419, 29.063315585942721 ], [ -80.918111037787455, 29.059981814179963 ], [ -80.91367027499561, 29.058314461314176 ], [ -80.903659674526864, 29.057204843326694 ], [ -80.898396001513987, 29.054980529011452 ], [ -80.89284121040879, 29.047759471094235 ], [ -80.890064192091202, 29.039428287924601 ], [ -80.887836636795925, 29.034705857818526 ], [ -80.885898196261124, 29.032481940379981 ], [ -80.88672253968997, 29.032482329303168 ], [ -80.884220382506314, 29.029426342441209 ], [ -80.883105861294567, 29.024704221828213 ], [ -80.876987509135887, 29.010262261319557 ], [ -80.859500122238146, 28.985535805492031 ], [ -80.857822632839998, 28.981648378937741 ], [ -80.846729050384013, 28.964982352645869 ], [ -80.844501718525777, 28.960259854209419 ], [ -80.83755824698288, 28.951925335494963 ], [ -80.829501925542559, 28.939981749714246 ], [ -80.81978093135416, 28.929147785665116 ], [ -80.803942157606542, 28.908594932476564 ], [ -80.790056481849561, 28.892760369209228 ], [ -80.783098727711391, 28.87970669726316 ], [ -80.77810931250508, 28.873038650769253 ], [ -80.773393466677291, 28.861651915271167 ], [ -80.765336940314441, 28.848320100783532 ], [ -80.758394088270975, 28.834430855634263 ], [ -80.741715428192578, 28.809708317735165 ], [ -80.741016608611588, 28.808512615134035 ], [ -80.812565487221875, 28.771579963999397 ], [ -80.812823965141874, 28.771932737031939 ], [ -80.826999886665149, 28.779432223018329 ], [ -80.843938048360627, 28.7908227540985 ], [ -80.842838613754211, 28.771654569447954 ], [ -80.840885210098463, 28.767210494686246 ], [ -80.838575138457557, 28.758133443266136 ], [ -80.847123063824355, 28.753711909692178 ], [ -80.884137276310696, 28.720586423763844 ], [ -80.927638218540864, 28.697727883907305 ], [ -80.937861344837273, 28.641123644761286 ], [ -80.950110947046738, 28.573186534936191 ], [ -80.979451430089028, 28.519271975730433 ], [ -81.055433424294392, 28.460310360141342 ], [ -81.143055105828466, 28.408739401170259 ], [ -81.236329039960211, 28.398537743943447 ], [ -81.324616806751976, 28.416594212272638 ], [ -81.44189213834369, 28.455962010232472 ], [ -81.626619203521145, 28.521729552413596 ], [ -81.763966623598819, 28.598195304753609 ], [ -81.927181295141509, 28.677854912184944 ], [ -82.068630024486652, 28.771750118878099 ], [ -82.179228736389604, 28.855620316830407 ], [ -82.261651877264072, 28.912561629124806 ], [ -82.345116983253121, 28.963762328080922 ], [ -82.436968674739447, 29.004368834476068 ], [ -82.544540084983339, 29.029500613926576 ], [ -82.596044829896371, 29.035953012858521 ], [ -82.615361128987345, 29.038366289543294 ], [ -82.632855257223454, 29.052117129660036 ], [ -82.679837514866321, 29.086879065884652 ], [ -82.698260261183009, 29.094947654353291 ], [ -82.782946809708861, 29.099628265212779 ], [ -82.793741746727477, 29.100957150203261 ], [ -82.794950375558628, 29.100862150653423 ], [ -82.79455650591693, 29.103023259461647 ], [ -82.791214318581552, 29.106631979990876 ], [ -82.777892900490926, 29.113578317075721 ], [ -82.77539140903076, 29.117465667776127 ], [ -82.779556591949287, 29.120799605958023 ], [ -82.796495539071344, 29.1269102649999 ], [ -82.798722870974203, 29.131632385630191 ], [ -82.802889411539297, 29.149687304438853 ], [ -82.802614564569552, 29.155241112689698 ], [ -82.799822981465397, 29.160520364707519 ], [ -82.797884279712875, 29.16635276998035 ], [ -82.80011256397421, 29.17107552486344 ], [ -82.801775555580974, 29.169961345830753 ], [ -82.803438807259695, 29.170239737707433 ], [ -82.809267906895471, 29.168298124785647 ], [ -82.82095619172776, 29.163018907220202 ], [ -82.826786050577468, 29.161351725492853 ], [ -82.831791435787167, 29.164128848099516 ], [ -82.838169257574236, 29.171628483328664 ], [ -82.842335298785088, 29.174962440976167 ], [ -82.84734016577849, 29.177185875791785 ], [ -82.863164819977627, 29.166352885799071 ], [ -82.868169246978312, 29.164407143731317 ], [ -82.873997954395023, 29.163296867982957 ], [ -82.881780341182662, 29.164406969361469 ], [ -82.888449602353944, 29.166352584488692 ], [ -82.906227198089596, 29.173294729877156 ], [ -82.919837569148328, 29.176906981195213 ], [ -82.923454831284047, 29.178295742465114 ], [ -82.926780775568943, 29.180793958758453 ], [ -82.932899956494396, 29.183017609501107 ], [ -82.944283872279556, 29.180794144855533 ], [ -82.948724896746043, 29.182182360660157 ], [ -82.954018962126298, 29.185237590872582 ], [ -82.959283528283933, 29.186626156110844 ], [ -82.96567808098645, 29.186351461319585 ], [ -82.97594717504272, 29.182460651304666 ], [ -82.981791246673154, 29.181071939655585 ], [ -82.98539312682513, 29.178852049320938 ], [ -82.997065715852983, 29.168850411508828 ], [ -83.005122422901621, 29.164684813771334 ], [ -83.010967014148591, 29.166908435486768 ], [ -83.01485794978349, 29.170238754908837 ], [ -83.040127771090411, 29.17634924967907 ], [ -83.045118045460129, 29.179405240323263 ], [ -83.049008892568452, 29.183295574836951 ], [ -83.048734679866996, 29.188849915424157 ], [ -83.042905501148738, 29.197184504840553 ], [ -83.04318032263437, 29.200514737403015 ], [ -83.046232367681668, 29.204684219899917 ], [ -83.051512007597665, 29.204958583502631 ], [ -83.057066553271582, 29.202738783173114 ], [ -83.063734074601513, 29.203848262221076 ], [ -83.06791565822023, 29.2066254222939 ], [ -83.072630786198985, 29.215791998704919 ], [ -83.073745027141058, 29.221624311382129 ], [ -83.071516889158886, 29.224680004855355 ], [ -83.066237563372496, 29.226625564185188 ], [ -83.063459895319539, 29.231904920473216 ], [ -83.065124214574055, 29.236901822894854 ], [ -83.070402951651772, 29.245515282225973 ], [ -83.073745471423109, 29.255795277177047 ], [ -83.076248024802524, 29.259682269908403 ], [ -83.089569341043969, 29.269406009431385 ], [ -83.100128808169913, 29.274681478927082 ], [ -83.117905407079618, 29.281627668101663 ], [ -83.131517912876845, 29.285236210650879 ], [ -83.148470594788947, 29.292182313362215 ], [ -83.152636037214648, 29.295516463503947 ], [ -83.154025238876315, 29.301348703580388 ], [ -83.154025002167458, 29.303569014137459 ], [ -83.157625686177354, 29.306071395506315 ], [ -83.16012872243823, 29.309401446006945 ], [ -83.160129030233861, 29.314123825112873 ], [ -83.157351951839175, 29.319403085333786 ], [ -83.154025369624122, 29.323568653619724 ], [ -83.154574739204421, 29.328013118324332 ], [ -83.166506728081046, 29.343846820177514 ], [ -83.176243270690591, 29.346067227522806 ], [ -83.178730210164844, 29.350511211676107 ], [ -83.176242307628428, 29.359399064705855 ], [ -83.178180903079991, 29.363847066158261 ], [ -83.186512437486272, 29.370789538301132 ], [ -83.20013958276391, 29.379120452303454 ], [ -83.201801848912893, 29.389953826866982 ], [ -83.205129396055753, 29.393287884623881 ], [ -83.210133580605188, 29.396064849164009 ], [ -83.212071564996677, 29.406898259663194 ], [ -83.214025031550364, 29.411899130440933 ], [ -83.222357306789121, 29.423006997320797 ], [ -83.236791638554749, 29.430231350050367 ], [ -83.240683615644215, 29.433008414947206 ], [ -83.24680248016189, 29.435228526105217 ], [ -83.254584837445208, 29.436617051187213 ], [ -83.271521912001148, 29.431619524528671 ], [ -83.276802204475175, 29.433565373257146 ], [ -83.284858576875124, 29.441339452652951 ], [ -83.293190130990126, 29.447449947537628 ], [ -83.300408601238217, 29.454949512299248 ], [ -83.311516762550355, 29.46994828310083 ], [ -83.315133627587912, 29.47245060378048 ], [ -83.321801834364692, 29.474117487694564 ], [ -83.327645785405053, 29.476616256874163 ], [ -83.331812124583891, 29.479949871891325 ], [ -83.341531565622446, 29.494670344941557 ], [ -83.344859120413261, 29.498836111856928 ], [ -83.352076220525561, 29.505507506079031 ], [ -83.357630194130024, 29.505507496017945 ], [ -83.361521187281411, 29.503283447222401 ], [ -83.367351240268306, 29.50217353286892 ], [ -83.370692249284389, 29.504950087634381 ], [ -83.374293295293938, 29.514394881691935 ], [ -83.377636062907527, 29.518560952494909 ], [ -83.389309045995432, 29.519674424680051 ], [ -83.39458810493673, 29.521062964209754 ], [ -83.39791478807993, 29.524949872780148 ], [ -83.399593198464885, 29.528283779894654 ], [ -83.398479559731996, 29.532727720701281 ], [ -83.396526724781666, 29.53522626564348 ], [ -83.395413248083202, 29.540784432672158 ], [ -83.402355660047206, 29.553006042900176 ], [ -83.400692258926171, 29.566059412451107 ], [ -83.402920681713425, 29.570503441133681 ], [ -83.407360815663353, 29.576057505600723 ], [ -83.405133454176521, 29.579113284350992 ], [ -83.403744932816025, 29.583282496622939 ], [ -83.392087122937212, 29.593280508333606 ], [ -83.39097337696812, 29.598559861444901 ], [ -83.39681703155135, 29.609389651769408 ], [ -83.397915591856545, 29.614390286141948 ], [ -83.398480890634445, 29.620222711512973 ], [ -83.395138542482783, 29.632723225415713 ], [ -83.394314736116996, 29.645223889378407 ], [ -83.395703843373383, 29.650499037476344 ], [ -83.397915915671859, 29.654942999767517 ], [ -83.400968425553259, 29.658834136395722 ], [ -83.405134475945076, 29.662167765420865 ], [ -83.41013840908191, 29.665776586828745 ], [ -83.415144355911139, 29.668000185776897 ], [ -83.421521906696711, 29.669110317379992 ], [ -83.427916613246595, 29.668553192980802 ], [ -83.466811467099049, 29.680774817478948 ], [ -83.476257582750193, 29.687164171750702 ], [ -83.486801902579685, 29.698554390236623 ], [ -83.494019322667583, 29.706053609520119 ], [ -83.498749795258334, 29.708830916055199 ], [ -83.509309511737399, 29.713274954893738 ], [ -83.523760034858228, 29.716051712027259 ], [ -83.534028826402505, 29.721052418115683 ], [ -83.539034526811051, 29.724660779354753 ], [ -83.553194865522016, 29.737996354701384 ], [ -83.568484930623782, 29.757164680437729 ], [ -83.572651082608459, 29.756885754833739 ], [ -83.576266986660727, 29.758274316412521 ], [ -83.578479173933047, 29.762718320023765 ], [ -83.579319330118551, 29.767162502848297 ], [ -83.57848015028506, 29.778831211029818 ], [ -83.579593874004743, 29.794383240947099 ], [ -83.582096119345479, 29.804384978259339 ], [ -83.585422800314348, 29.811884156790388 ], [ -83.598211333516517, 29.827715209784827 ], [ -83.612371031207644, 29.836881275445741 ], [ -83.614874104985248, 29.841603653395797 ], [ -83.619025340851223, 29.856880937789146 ], [ -83.625967463552456, 29.869659434252135 ], [ -83.629309572466752, 29.873546972072337 ], [ -83.635992714725646, 29.880214624302351 ], [ -83.640983758600228, 29.88299160153262 ], [ -83.669319481022626, 29.90632127526569 ], [ -83.675697894831245, 29.914098875290499 ], [ -83.677926882489189, 29.918542950505479 ], [ -83.681253049191611, 29.922712470543811 ], [ -83.686258290329349, 29.925489394809119 ], [ -83.692926305891362, 29.92715628123533 ], [ -83.710993387429482, 29.934098434181582 ], [ -83.730983483951817, 29.946041913052476 ], [ -83.737650824554834, 29.952709675156381 ], [ -83.742641117112072, 29.956318367987876 ], [ -83.747920671333475, 29.957710151519606 ], [ -83.753764795350818, 29.956596285577305 ], [ -83.763775076168585, 29.9621542575196 ], [ -83.767940826347427, 29.965762483613826 ], [ -83.774594819057029, 29.973540551555772 ], [ -83.775708101178409, 29.978541368930571 ], [ -83.781263304814303, 29.987150956331639 ], [ -83.78709216160405, 29.98715113681687 ], [ -83.790707917344577, 29.976596177800722 ], [ -83.793485230062501, 29.973540630631067 ], [ -83.816542066140769, 29.983263726297885 ], [ -83.824324303829542, 29.9846522168333 ], [ -83.844604078039495, 29.996038339674072 ], [ -83.851272927133209, 30.003820351879529 ], [ -83.855438918709169, 30.007154022553188 ], [ -83.870148635934513, 30.00882097757626 ], [ -83.882096213789481, 30.013264482242032 ], [ -83.896272593643573, 30.022431352066626 ], [ -83.908769752494621, 30.032707870884064 ], [ -83.937382052919205, 30.050761938985929 ], [ -83.95460971417566, 30.063819175918077 ], [ -83.95988979116899, 30.066596377857593 ], [ -83.966542093093025, 30.068263461056318 ], [ -83.967381876667432, 30.069094755632808 ], [ -83.973774862543067, 30.069373147607322 ], [ -83.979879391050815, 30.071593101620277 ], [ -83.989873556811119, 30.077429379694408 ], [ -83.995718501984328, 30.079649771443805 ], [ -83.999319276403639, 30.082148322044315 ], [ -84.000998487354423, 30.086592148147815 ], [ -84.001562412575652, 30.091593119909017 ], [ -84.004889483666489, 30.095484219345998 ], [ -84.016837524116312, 30.100206289938523 ], [ -84.031562738431518, 30.101594726558936 ], [ -84.051278442516605, 30.101037744981536 ], [ -84.057107448844206, 30.099649160576885 ], [ -84.073221216860588, 30.094369386714263 ], [ -84.081568078591374, 30.089372370104428 ], [ -84.085717986111334, 30.087983208905268 ], [ -84.092112718492629, 30.087426603911368 ], [ -84.100168552002444, 30.087983490741617 ], [ -84.112101835758168, 30.09187023645255 ], [ -84.119884209577975, 30.092980337173763 ], [ -84.126552609845646, 30.092701815298881 ], [ -84.13238176863095, 30.091313393221633 ], [ -84.137950975170412, 30.088536044342835 ], [ -84.14156752888897, 30.085758829901707 ], [ -84.148785831673337, 30.077702515273046 ], [ -84.154065323778369, 30.075760663468447 ], [ -84.171552672205536, 30.071869715854895 ], [ -84.178496011694008, 30.07242676901101 ], [ -84.18295142531349, 30.074371875989094 ], [ -84.183211103892887, 30.086037131810695 ], [ -84.184615211343441, 30.091312602005647 ], [ -84.203505881033465, 30.106036613455728 ], [ -84.207397294329098, 30.10575846753013 ], [ -84.212112507374414, 30.102981134372904 ], [ -84.216293501393764, 30.098537160717672 ], [ -84.221832471970657, 30.089645085103712 ], [ -84.230728290625208, 30.084090957125238 ], [ -84.238221416431188, 30.084369186535344 ], [ -84.242951734861506, 30.087146445089274 ], [ -84.242951690284627, 30.093535814627487 ], [ -84.246003138205523, 30.097423216621031 ], [ -84.252397016606707, 30.098258182738686 ], [ -84.25879076012545, 30.097979467976057 ], [ -84.269625287688129, 30.095202752831302 ], [ -84.274339804850896, 30.09186852290761 ], [ -84.276568172673706, 30.088534592463372 ], [ -84.27711671469369, 30.08103495365491 ], [ -84.279894561565172, 30.067424178753811 ], [ -84.282121949923109, 30.063815866494437 ], [ -84.292666128449213, 30.059093151122003 ], [ -84.29878571946692, 30.057704256137612 ], [ -84.304889360221765, 30.05853597307518 ], [ -84.315173292164303, 30.064368091663052 ], [ -84.317402255112228, 30.067423712522988 ], [ -84.321842108663446, 30.070200960196342 ], [ -84.329074903276251, 30.07103641374103 ], [ -84.332676751315446, 30.068259351209182 ], [ -84.339618644523597, 30.060759620264783 ], [ -84.34988864194446, 30.056868272942598 ], [ -84.359899087236428, 30.051867402391441 ], [ -84.363789443125285, 30.048258327567606 ], [ -84.366292071550134, 30.043257760816783 ], [ -84.367116476096342, 30.039091899330035 ], [ -84.367390841653787, 30.034369642227944 ], [ -84.366551252964555, 30.029925576235605 ], [ -84.368505083550275, 30.023257543902876 ], [ -84.371555883526, 30.020201953891981 ], [ -84.374333761481481, 30.021315597733235 ], [ -84.38017766908095, 30.028536619272 ], [ -84.386022222259342, 30.027147852960848 ], [ -84.389623321321309, 30.022978794256368 ], [ -84.384343440688383, 30.011592137922911 ], [ -84.38657186167552, 30.000205167536038 ], [ -84.384068737312006, 29.992144870913773 ], [ -84.380452966920302, 29.99019968068518 ], [ -84.375446736656087, 29.992145065884674 ], [ -84.370442814399695, 29.999923354513765 ], [ -84.366002454153502, 29.997978171287766 ], [ -84.366001908966211, 29.994365667264038 ], [ -84.364612668170139, 29.989368217511608 ], [ -84.35767046186028, 29.983536336801649 ], [ -84.352680549069007, 29.98048064630223 ], [ -84.343235055517695, 29.980480851990965 ], [ -84.340182701035872, 29.978256789660318 ], [ -84.339617620228282, 29.974644248281791 ], [ -84.340731568976295, 29.971314265975582 ], [ -84.344058112995882, 29.96687056485224 ], [ -84.349064124402787, 29.966313565987761 ], [ -84.361012006345547, 29.970757462683309 ], [ -84.372669807597688, 29.96825861234937 ], [ -84.379338320100203, 29.967701348959473 ], [ -84.389347694928759, 29.97325546592873 ], [ -84.392400549484691, 29.977424513479292 ], [ -84.397680348064725, 29.980201608239987 ], [ -84.404073742844318, 29.981033204322529 ], [ -84.416295669514682, 29.979366099521698 ], [ -84.422948881514088, 29.981032823578829 ], [ -84.427115343292499, 29.984366882347498 ], [ -84.432670132041963, 29.992975975695426 ], [ -84.44655650878147, 30.00797882074632 ], [ -84.452125224680572, 30.009645217453766 ], [ -84.453513829272282, 30.006311497561576 ], [ -84.45990836148917, 29.998808067785003 ], [ -84.461570459933696, 29.993532735269774 ], [ -84.46212034626015, 29.987143130999787 ], [ -84.45851947680822, 29.984087871797261 ], [ -84.452965046067661, 29.983809272225567 ], [ -84.447669422021661, 29.986586128031774 ], [ -84.442954127895817, 29.985197692088523 ], [ -84.444617464772506, 29.968810554438175 ], [ -84.443778305726653, 29.964644984729834 ], [ -84.441565310314502, 29.959922628618475 ], [ -84.433218009297832, 29.956588893756432 ], [ -84.419897299925438, 29.955479225569185 ], [ -84.404622982363719, 29.956036404956613 ], [ -84.386021879950405, 29.958256746150642 ], [ -84.381276209405968, 29.956868273653011 ], [ -84.37599572479678, 29.954091079487132 ], [ -84.369892425607361, 29.952424218595432 ], [ -84.343234169310961, 29.946591983630167 ], [ -84.337115523443686, 29.944368129301743 ], [ -84.333788715252467, 29.94048126849821 ], [ -84.332400370558204, 29.935202210448754 ], [ -84.332674185897659, 29.929647866421636 ], [ -84.337114554945359, 29.910761713870972 ], [ -84.340730800141728, 29.900206856551847 ], [ -84.343782593834547, 29.896594354677859 ], [ -84.352114138072579, 29.890761776837401 ], [ -84.373217599589324, 29.88603942585048 ], [ -84.379061798882901, 29.888259258590544 ], [ -84.377383265803772, 29.892982053729984 ], [ -84.367954105782516, 29.896594334575152 ], [ -84.364062982793442, 29.900206685729209 ], [ -84.364337782229782, 29.902148278001462 ], [ -84.366290042583529, 29.904650758281562 ], [ -84.37044086556395, 29.907980873463359 ], [ -84.375720391016912, 29.910761703489509 ], [ -84.389347169520477, 29.914091484542961 ], [ -84.40962758704373, 29.917146868073544 ], [ -84.424337473292695, 29.918535257644418 ], [ -84.431005858586687, 29.918260133335423 ], [ -84.445730969180119, 29.921036997467947 ], [ -84.452688340680268, 29.921315596320103 ], [ -84.459632300508574, 29.920201417541662 ], [ -84.474342244023433, 29.913815845520698 ], [ -84.48322290730566, 29.908257801186227 ], [ -84.489066787532948, 29.906869322173119 ], [ -84.494621578984734, 29.907704551849285 ], [ -84.500739741339203, 29.909924674133165 ], [ -84.509071686110047, 29.915478431810548 ], [ -84.515739712680613, 29.914925291053397 ], [ -84.528786049324708, 29.905758988211836 ], [ -84.533791120018279, 29.903535286941839 ], [ -84.545174688950581, 29.901868313221151 ], [ -84.550729070265703, 29.899648413798278 ], [ -84.569359985796865, 29.889093118292074 ], [ -84.574624054037614, 29.887147992308929 ], [ -84.582971344437468, 29.880758231507677 ], [ -84.594629079099505, 29.869924861442165 ], [ -84.603783757983408, 29.864092717500935 ], [ -84.618508817192335, 29.857150105982466 ], [ -84.635736513150206, 29.851317448444938 ], [ -84.645182621678714, 29.847151935090999 ], [ -84.651849915509985, 29.846038298108667 ], [ -84.666559779339977, 29.839648713577386 ], [ -84.675730781609531, 29.834094725011518 ], [ -84.684062402165011, 29.827705267994286 ], [ -84.688502692809308, 29.826038653677113 ], [ -84.7065688482204, 29.814651589013522 ], [ -84.722682257203601, 29.801041698477643 ], [ -84.747401553380783, 29.783543795455287 ], [ -84.756862064487336, 29.779374793171577 ], [ -84.77462425853814, 29.775487198112334 ], [ -84.784909104960747, 29.771596355856214 ], [ -84.789348966061098, 29.768541318288751 ], [ -84.797131097446652, 29.76131988378139 ], [ -84.802121065450891, 29.75937432403671 ], [ -84.820462190296354, 29.75631913730053 ], [ -84.829907410826877, 29.751322137792208 ], [ -84.840192444486007, 29.747152382670151 ], [ -84.857129772796029, 29.74270488191258 ], [ -84.865461769089336, 29.737707598492676 ], [ -84.872405022168081, 29.729372632244793 ], [ -84.877119859827374, 29.726038903811311 ], [ -84.883528618463586, 29.726038634892507 ], [ -84.887694984497742, 29.728819712342741 ], [ -84.891860565680716, 29.732149770231867 ], [ -84.892684811914577, 29.736593636459688 ], [ -84.891295988670052, 29.739927461432728 ], [ -84.885191600088405, 29.747427198567735 ], [ -84.862120696830033, 29.780762425958645 ], [ -84.859633252579329, 29.786042022716384 ], [ -84.857680446793935, 29.792153116815477 ], [ -84.857406338938475, 29.797706733152623 ], [ -84.859907778230209, 29.801597833259834 ], [ -84.865737244650859, 29.803817637174568 ], [ -84.872405744838332, 29.803260802930247 ], [ -84.877685781681578, 29.801040921647999 ], [ -84.880187872590369, 29.799373823130903 ], [ -84.886307083240652, 29.791874079224211 ], [ -84.89102149167725, 29.789097019590351 ], [ -84.90212996851821, 29.785763268189925 ], [ -84.914917492957727, 29.779930520097381 ], [ -84.931015686195309, 29.766320327150382 ], [ -84.935730785330136, 29.759099158339257 ], [ -84.936844078062876, 29.752431528505802 ], [ -84.939347444666367, 29.747151987401129 ], [ -84.944061624911015, 29.744371061895993 ], [ -84.948518217037901, 29.744928218417463 ], [ -84.951310101103545, 29.746873712456114 ], [ -84.95463693997506, 29.750764553212292 ], [ -84.961854600020757, 29.75104263773714 ], [ -84.967682757659162, 29.749650588332152 ], [ -84.97213924124604, 29.747426721611067 ], [ -84.975465376281747, 29.742429272270577 ], [ -84.977692869318489, 29.733816113654704 ], [ -84.983231866142987, 29.725485162634833 ], [ -84.987123609351201, 29.721872909137595 ], [ -84.99240250835733, 29.719652320084943 ], [ -85.001313842526088, 29.714094882756783 ], [ -85.004916151777095, 29.710486174276276 ], [ -85.01408587171521, 29.704653831853605 ], [ -85.020754621796343, 29.704096698804062 ], [ -85.039629887760157, 29.708819033587307 ], [ -85.059909289912071, 29.720205393720327 ], [ -85.075474814820765, 29.72215098772757 ], [ -85.089634412648749, 29.722707702698997 ], [ -85.102132038488548, 29.721040924888271 ], [ -85.107411089623142, 29.719095350315065 ], [ -85.113805080439448, 29.718538374423623 ], [ -85.125463691392653, 29.71603999070911 ], [ -85.177695640119651, 29.704375074189983 ], [ -85.182975346180072, 29.702150990201567 ], [ -85.208809134228602, 29.699652046778123 ], [ -85.226310970911072, 29.695761205503562 ], [ -85.236855547918168, 29.691595618336656 ], [ -85.241021049975828, 29.688540200962667 ], [ -85.252144604370898, 29.685206652686848 ], [ -85.267144878865864, 29.686595100037152 ], [ -85.281594726477962, 29.689375698237832 ], [ -85.28881285443444, 29.689650288457429 ], [ -85.295190998493453, 29.689097329072581 ], [ -85.306863914181918, 29.6865948388512 ], [ -85.313242562714237, 29.687430529595581 ], [ -85.341593706465446, 29.676597004656799 ], [ -85.354091166889475, 29.676875613798469 ], [ -85.359919653430779, 29.679095800921729 ], [ -85.369365281531302, 29.685763427332351 ], [ -85.379085082874411, 29.696875418705762 ], [ -85.383540969634836, 29.703818243948351 ], [ -85.384929790624525, 29.708818896951559 ], [ -85.389644934484835, 29.718538686832233 ], [ -85.396313527407784, 29.743260812506168 ], [ -85.400479168738499, 29.751874068985988 ], [ -85.41131283923842, 29.785484544407051 ], [ -85.412976248490835, 29.802429011073201 ], [ -85.413250636127998, 29.81409396417471 ], [ -85.411038470005508, 29.827704228223322 ], [ -85.411587446341358, 29.847425795078987 ], [ -85.407147377972223, 29.862703064695353 ], [ -85.404644852962676, 29.867982603006411 ], [ -85.400753720122623, 29.871591011324853 ], [ -85.39631344996171, 29.873257980925814 ], [ -85.391307914214906, 29.870202903208636 ], [ -85.390484244366803, 29.866037407401869 ], [ -85.390758795744446, 29.859926198942944 ], [ -85.396313375674168, 29.838259669376573 ], [ -85.396587974205246, 29.832148682136047 ], [ -85.39965501203487, 29.819373225105803 ], [ -85.399914231243045, 29.81381953155514 ], [ -85.396587768163528, 29.791873986226683 ], [ -85.390484022201804, 29.771595601987144 ], [ -85.389919405155112, 29.762429236986371 ], [ -85.387707261736111, 29.752431375616894 ], [ -85.387707054467313, 29.747426456422389 ], [ -85.383541444133527, 29.735204706346966 ], [ -85.372142529716342, 29.7140947279259 ], [ -85.369640172117386, 29.71020754183025 ], [ -85.362971583593961, 29.703261065346791 ], [ -85.361583155871415, 29.697985469965243 ], [ -85.359080686590616, 29.693541411713451 ], [ -85.355754356214419, 29.689650470008754 ], [ -85.350749177055278, 29.686873511962741 ], [ -85.345469589080977, 29.685484988315885 ], [ -85.341303866828341, 29.685485207880667 ], [ -85.314081629535607, 29.695208235290547 ], [ -85.30547556679295, 29.700209502386056 ], [ -85.30324798930728, 29.702707817098361 ], [ -85.303522145896025, 29.713262715713224 ], [ -85.305475837823764, 29.716318333177838 ], [ -85.306299913479236, 29.720483651834407 ], [ -85.306025042524311, 29.726037902023098 ], [ -85.30324784732214, 29.732705494309396 ], [ -85.303522704304157, 29.736039568119317 ], [ -85.302408726932029, 29.738816499895133 ], [ -85.302134176763673, 29.744370568679237 ], [ -85.303522681926609, 29.754097964750322 ], [ -85.308802212090427, 29.765209797349733 ], [ -85.310465518166211, 29.77381922831232 ], [ -85.308252726677892, 29.786041395984114 ], [ -85.304636740965847, 29.797427622163188 ], [ -85.304361513054971, 29.802985445814659 ], [ -85.305475513575715, 29.814093475988866 ], [ -85.309351401283905, 29.82381720734492 ], [ -85.315745212429334, 29.832426655839715 ], [ -85.336039781423892, 29.8490925401182 ], [ -85.342692885896341, 29.856870479383005 ], [ -85.349651079131846, 29.870202437146737 ], [ -85.35657843929306, 29.889923896609986 ], [ -85.359081255036102, 29.894367764627031 ], [ -85.366572916152421, 29.901867753274168 ], [ -85.396038442744711, 29.925201378960839 ], [ -85.399365120711764, 29.92908850515127 ], [ -85.412137320218108, 29.938533346203826 ], [ -85.427411468416835, 29.946868543352217 ], [ -85.433240727677457, 29.949088856489478 ], [ -85.446302384378995, 29.953532372355131 ], [ -85.467985880301683, 29.957144947773099 ], [ -85.482695203207058, 29.958255405051187 ], [ -85.499923065066909, 29.965476168809936 ], [ -85.531311248048354, 29.988531855385421 ], [ -85.546310932658002, 30.002146390261156 ], [ -85.549363132189967, 30.006312076700286 ], [ -85.553803494321087, 30.009645715437589 ], [ -85.560471696078608, 30.017423982000022 ], [ -85.562134974702872, 30.021036165971395 ], [ -85.563538926034241, 30.02603371257241 ], [ -85.563538814591396, 30.031034446693148 ], [ -85.545197359762653, 30.018812297742048 ], [ -85.542419940811499, 30.01575695125873 ], [ -85.533813995728579, 30.009092867133688 ], [ -85.528259302331705, 30.000478898256649 ], [ -85.520767202603238, 29.993254547656889 ], [ -85.501036968470828, 29.981589439323386 ], [ -85.492415811489565, 29.977698050382404 ], [ -85.485198270964261, 29.976031397974715 ], [ -85.482420563428676, 29.978533301094245 ], [ -85.488250093277017, 29.986864838990844 ], [ -85.510482243426495, 29.996866769788134 ], [ -85.519088691419341, 30.00353490503797 ], [ -85.522979862418921, 30.007425704778431 ], [ -85.531311559881274, 30.019647413782188 ], [ -85.546311260093532, 30.034090018134368 ], [ -85.554642774163369, 30.040757839868494 ], [ -85.565476600269491, 30.046590630850634 ], [ -85.571046364695178, 30.048535908782117 ], [ -85.581880227335446, 30.054368470699938 ], [ -85.609362156861934, 30.066869251281751 ], [ -85.617694065819762, 30.073533292009174 ], [ -85.620196403026043, 30.076589169950196 ], [ -85.619921664191182, 30.077977564998385 ], [ -85.620196638129187, 30.077424204698055 ], [ -85.621035698473307, 30.077424157583149 ], [ -85.624362441284504, 30.08492364245096 ], [ -85.633258432646812, 30.090199616463845 ], [ -85.640491254921159, 30.098256163239377 ], [ -85.652423724240421, 30.107975451144231 ], [ -85.66853760587172, 30.115754033245551 ], [ -85.672703632528268, 30.119644688745989 ], [ -85.675480938480646, 30.123531797642475 ], [ -85.676030069036457, 30.129085697463687 ], [ -85.673817577387439, 30.132977139439454 ], [ -85.665760390175706, 30.138252570143344 ], [ -85.657703859893857, 30.13797745432322 ], [ -85.656879706671091, 30.132976835857718 ], [ -85.653812336514292, 30.128254100212352 ], [ -85.651035114736018, 30.126030532349084 ], [ -85.645770808230679, 30.12436682768217 ], [ -85.633258124647625, 30.126308841144517 ], [ -85.626025745806317, 30.126587025250615 ], [ -85.620196579013751, 30.126586929321707 ], [ -85.614367269183987, 30.124641365754101 ], [ -85.611589950313203, 30.122143067335603 ], [ -85.613543283339425, 30.116031760167111 ], [ -85.617419450423142, 30.112419516119957 ], [ -85.616579757659693, 30.106865413625844 ], [ -85.613543663846258, 30.102978347796451 ], [ -85.609087748788951, 30.099366081635747 ], [ -85.60380790213712, 30.097977249095319 ], [ -85.593264005367956, 30.098808782937585 ], [ -85.574937314063291, 30.098534100028555 ], [ -85.56492741901755, 30.096310078950673 ], [ -85.559357997911235, 30.096309855098987 ], [ -85.552414646631448, 30.094089633886696 ], [ -85.545761928493604, 30.086311943794435 ], [ -85.539642587611866, 30.084645029842324 ], [ -85.534088795421553, 30.084644944689295 ], [ -85.5288087246646, 30.083256186419032 ], [ -85.525757169082226, 30.076588404597018 ], [ -85.527420380812728, 30.072144238665754 ], [ -85.527145535620463, 30.066311694030851 ], [ -85.523544637109069, 30.062420827124981 ], [ -85.519378912652726, 30.059090805602182 ], [ -85.506591517257235, 30.055199865225806 ], [ -85.502425337971772, 30.051865601223657 ], [ -85.497420400631327, 30.042977415157399 ], [ -85.494079137543693, 30.039090329139743 ], [ -85.481596917600498, 30.029088584188472 ], [ -85.472151640399957, 30.022977721360238 ], [ -85.461043033278742, 30.017980016178051 ], [ -85.45187195069002, 30.015477779484939 ], [ -85.446576789598353, 30.015203171852516 ], [ -85.436307884480527, 30.016870064642706 ], [ -85.432416566149271, 30.018258640351576 ], [ -85.427136979670266, 30.020478635317335 ], [ -85.426312964411764, 30.027978153864044 ], [ -85.424085168953638, 30.033257707999404 ], [ -85.418530932798859, 30.036034361536558 ], [ -85.412976228271276, 30.036587621030321 ], [ -85.397976541229468, 30.035199021595648 ], [ -85.393536274505209, 30.037979683698783 ], [ -85.391598148022283, 30.044090995422973 ], [ -85.392147461064411, 30.04964522661707 ], [ -85.403530890573606, 30.053253936007263 ], [ -85.417691144292291, 30.05603436809567 ], [ -85.422696585793858, 30.057976283708275 ], [ -85.423535345083351, 30.062420231382969 ], [ -85.42324591175786, 30.068531118529229 ], [ -85.4277013515036, 30.071033554974242 ], [ -85.433530110847954, 30.069920036574814 ], [ -85.437971008890912, 30.067699502576588 ], [ -85.44102255289117, 30.063255709288757 ], [ -85.442411447894045, 30.059364826515495 ], [ -85.442411310998466, 30.054367648032596 ], [ -85.444364194805686, 30.048535001696045 ], [ -85.451597193315095, 30.039643347924187 ], [ -85.455198474868112, 30.036587846299323 ], [ -85.459654158998461, 30.035199206223279 ], [ -85.46520833023807, 30.035199446908109 ], [ -85.476317071897824, 30.040200269746414 ], [ -85.482146518675009, 30.048535190366952 ], [ -85.484923605777055, 30.058812229299637 ], [ -85.486861504319563, 30.075756635373313 ], [ -85.4824209702345, 30.086864699159118 ], [ -85.478529524607552, 30.091033958046477 ], [ -85.477705643569493, 30.095199227985802 ], [ -85.479369218579961, 30.100200332807734 ], [ -85.483534889933438, 30.103530382690362 ], [ -85.489363703319285, 30.101588937007897 ], [ -85.496871499806687, 30.094921195873617 ], [ -85.503539460645797, 30.093811070711521 ], [ -85.50909383214595, 30.09603128873626 ], [ -85.512145527657708, 30.099922168949341 ], [ -85.513259833192095, 30.102699333160597 ], [ -85.512710537835815, 30.11519959264362 ], [ -85.511047043107979, 30.119918566901973 ], [ -85.507156246134016, 30.123530592621467 ], [ -85.499083670756306, 30.128531603700292 ], [ -85.496031683079195, 30.132418817185361 ], [ -85.49464344321342, 30.136309686810002 ], [ -85.498808832018199, 30.139639762035532 ], [ -85.511047255728158, 30.13797691797285 ], [ -85.516326964062472, 30.135752973842745 ], [ -85.520767368260636, 30.132975782292224 ], [ -85.523819312839464, 30.128531699256289 ], [ -85.527710413049164, 30.12547606214876 ], [ -85.539368125182108, 30.122142323146626 ], [ -85.550751403913495, 30.127143542264221 ], [ -85.554917186180631, 30.130477654823444 ], [ -85.560197357541298, 30.131865821555586 ], [ -85.561311376929268, 30.126586375498469 ], [ -85.560471482655174, 30.120754078372819 ], [ -85.562425258320644, 30.114921492322001 ], [ -85.565202187577952, 30.112976019718893 ], [ -85.570481846549185, 30.114643060567936 ], [ -85.591036039872009, 30.12547695027256 ], [ -85.613818077925686, 30.135474801032128 ], [ -85.626864666550063, 30.144920058714479 ], [ -85.632144545175976, 30.146308450302488 ], [ -85.641315615342336, 30.140476023996804 ], [ -85.646045695426736, 30.143253083192491 ], [ -85.647159738338999, 30.147697258026216 ], [ -85.64966198462038, 30.152141535894859 ], [ -85.661594762292921, 30.156585573683934 ], [ -85.675206084192496, 30.16575216834411 ], [ -85.680760792957955, 30.166030676415467 ], [ -85.691594372361038, 30.163810675358985 ], [ -85.696584095453787, 30.166587539250806 ], [ -85.701604900307515, 30.175475402965613 ], [ -85.711874141558312, 30.18102997490573 ], [ -85.717702952406171, 30.183253755028904 ], [ -85.721045234970958, 30.187140957023299 ], [ -85.71965642969279, 30.19047487039138 ], [ -85.71382773191759, 30.192420330454823 ], [ -85.70715945920702, 30.192973197487898 ], [ -85.696874686824785, 30.197142611352984 ], [ -85.693807219172484, 30.20158646357525 ], [ -85.689366870535736, 30.212694991541294 ], [ -85.685475886872695, 30.216585770891825 ], [ -85.676320058964393, 30.222418324833271 ], [ -85.673252839938655, 30.226583532758585 ], [ -85.669651722729427, 30.238805418019219 ], [ -85.663548453517208, 30.246305232886591 ], [ -85.658817565479211, 30.249082250127454 ], [ -85.649662472422861, 30.252698133153082 ], [ -85.620196350980365, 30.249638852530978 ], [ -85.614932286522787, 30.249638571293563 ], [ -85.602984483598377, 30.252697857654532 ], [ -85.598543437542432, 30.254917878878022 ], [ -85.590761814142994, 30.262974245059777 ], [ -85.588259009651068, 30.267696656840023 ], [ -85.58188070126333, 30.284919563272954 ], [ -85.579103785116047, 30.289085539384843 ], [ -85.573549624715923, 30.291305637291334 ], [ -85.567430748317022, 30.290473850111873 ], [ -85.56324933783111, 30.287139578701769 ], [ -85.557969998734819, 30.284362858542661 ], [ -85.556031695844879, 30.286861442267092 ], [ -85.559358218066819, 30.290752072216804 ], [ -85.563539461789446, 30.300472128542225 ], [ -85.573549423939639, 30.31130541025577 ], [ -85.574938488872476, 30.316584738256996 ], [ -85.573549888550417, 30.32324885705826 ], [ -85.579104319637068, 30.325194375775006 ], [ -85.5835449698953, 30.32324907437367 ], [ -85.591601437100508, 30.316584940654309 ], [ -85.59797989884629, 30.307696920958662 ], [ -85.604372994458842, 30.290473794064393 ], [ -85.609362853677055, 30.280197623555672 ], [ -85.617983949860587, 30.273529668776764 ], [ -85.635211790835115, 30.269642886522728 ], [ -85.638828480815491, 30.272141160929642 ], [ -85.636325876192473, 30.27742039650974 ], [ -85.637988968297748, 30.28241804518208 ], [ -85.642994148416435, 30.285194745723718 ], [ -85.654652222765833, 30.281864679430324 ], [ -85.663822801597419, 30.276863690369634 ], [ -85.666875203071456, 30.272420136511521 ], [ -85.671315029022921, 30.269364498434459 ], [ -85.676594893340365, 30.267419054337868 ], [ -85.688528063662588, 30.264920715450465 ], [ -85.693532914731449, 30.262143423753521 ], [ -85.700490850026, 30.254644132391668 ], [ -85.706320077468831, 30.244917079296034 ], [ -85.708548131689653, 30.239637731400542 ], [ -85.714101876361539, 30.237696010098485 ], [ -85.716040113767079, 30.248250971617832 ], [ -85.714651822425779, 30.255197535413313 ], [ -85.715491062660803, 30.260755053458258 ], [ -85.724371520896639, 30.266030812549882 ], [ -85.723547862100006, 30.270196457501047 ], [ -85.721045549330711, 30.273808613018851 ], [ -85.722708755557434, 30.279084236931613 ], [ -85.729651631582001, 30.280476673444586 ], [ -85.736868952533911, 30.280751302630019 ], [ -85.742148792603246, 30.282140348101748 ], [ -85.745475347640593, 30.286030792701393 ], [ -85.746314478463177, 30.291863742668131 ], [ -85.746039863074571, 30.296586238528697 ], [ -85.746879010130939, 30.29741781451164 ], [ -85.746314747029729, 30.304364052520363 ], [ -85.746879089519183, 30.309360883998636 ], [ -85.751884205801403, 30.31408391129337 ], [ -85.755211075233646, 30.312973778169532 ], [ -85.759101652778867, 30.309361418769591 ], [ -85.767158801435556, 30.291032094801949 ], [ -85.770485180250404, 30.286584154403833 ], [ -85.776878694117059, 30.286031217500422 ], [ -85.783821870999603, 30.286863023893421 ], [ -85.793267225765874, 30.292421023779681 ], [ -85.799371079602423, 30.294640843904194 ], [ -85.804650841668334, 30.292421139612578 ], [ -85.808541373110799, 30.28880829310798 ], [ -85.813546712354764, 30.286584714319304 ], [ -85.820779371378947, 30.286863099081287 ], [ -85.825769566953227, 30.289640195827001 ], [ -85.833002184429347, 30.291306923673478 ], [ -85.838831296129015, 30.289918462411531 ], [ -85.841318322753153, 30.28464299640876 ], [ -85.84215782360954, 30.27436644348851 ], [ -85.846598329380512, 30.263254895753906 ], [ -85.847986449770275, 30.250201014933069 ], [ -85.844934589123639, 30.240195420623678 ], [ -85.842432033094852, 30.235472891025434 ], [ -85.836603402184878, 30.228530348268237 ], [ -85.833551293151359, 30.226863481502885 ], [ -85.826608502401371, 30.226584637300011 ], [ -85.8218779418427, 30.229361983272973 ], [ -85.814370450957853, 30.236861134288695 ], [ -85.806878457303952, 30.242693863564234 ], [ -85.796318776770903, 30.243528875352037 ], [ -85.789376017205228, 30.241861805668808 ], [ -85.774940945758061, 30.242140384996034 ], [ -85.762153551280704, 30.241030142344787 ], [ -85.759376340111828, 30.239363115401741 ], [ -85.757163770948395, 30.232138333470633 ], [ -85.752723242050024, 30.223250506116628 ], [ -85.743811712753896, 30.217139293303457 ], [ -85.740760203905978, 30.213252232228793 ], [ -85.736594157622079, 30.209917805646313 ], [ -85.734930935959568, 30.204917305571087 ], [ -85.747428506062334, 30.187140868297472 ], [ -85.749366512617172, 30.176307415235126 ], [ -85.747702996691402, 30.172699233723613 ], [ -85.743537361585581, 30.169365212609918 ], [ -85.722433440683986, 30.165752577224591 ], [ -85.71715358444257, 30.162975135032092 ], [ -85.712988178280384, 30.159641440763927 ], [ -85.709936149522079, 30.155197068462499 ], [ -85.708273015387746, 30.150753164115383 ], [ -85.709371492374572, 30.144642138940245 ], [ -85.712987796299728, 30.141033675181113 ], [ -85.718817227451524, 30.14242198453751 ], [ -85.726874269775536, 30.149086557095888 ], [ -85.733542010701797, 30.148533299988067 ], [ -85.736868485043345, 30.144089324783099 ], [ -85.733542242908101, 30.139366596864736 ], [ -85.724097020794545, 30.134087268515771 ], [ -85.722433459816344, 30.13047874587863 ], [ -85.725485317916863, 30.126030621548249 ], [ -85.730765170515625, 30.127423338653749 ], [ -85.736044495986263, 30.130200464275827 ], [ -85.739096715525804, 30.134087610859272 ], [ -85.753821485717751, 30.147145107580769 ], [ -85.751884204272599, 30.144089253062148 ], [ -85.752723154949365, 30.144089256357816 ], [ -85.761878891743962, 30.151589103773389 ], [ -85.779930225386437, 30.162975638531989 ], [ -85.790215372594716, 30.168529829295675 ], [ -85.830224947586672, 30.195751130808755 ], [ -85.841607996776744, 30.200752118228014 ], [ -85.872157319626893, 30.217140271185325 ], [ -85.878260706107127, 30.219363717615721 ], [ -85.902431404024426, 30.232417734931499 ], [ -85.908550468557749, 30.23436329510535 ], [ -85.929928410152925, 30.24491853462634 ], [ -85.990492491307506, 30.266589630085438 ], [ -86.007445326032965, 30.274367880688711 ], [ -86.024947526426487, 30.280753286000134 ], [ -86.026046445548644, 30.282141596118162 ], [ -86.030776300475324, 30.284087040800177 ], [ -86.037444886496004, 30.285754254996444 ], [ -86.049377556117037, 30.2907554811332 ], [ -86.085770881400052, 30.303808772838153 ], [ -86.123826676569266, 30.314921213528049 ], [ -86.152727901595767, 30.325476170280837 ], [ -86.152819535217262, 30.32477427349481 ], [ -86.159670560196716, 30.326864565251594 ], [ -86.164660273245076, 30.329641685404663 ], [ -86.205783699109574, 30.339639975721902 ], [ -86.246327408064474, 30.356031647231376 ], [ -86.264668989412328, 30.361028689043415 ], [ -86.306326539906138, 30.370473652674274 ], [ -86.312445398178653, 30.372697530033175 ], [ -86.334113493087273, 30.37658505847368 ], [ -86.373558326105012, 30.381585841154148 ], [ -86.380501199075127, 30.38325296834773 ], [ -86.401894525366885, 30.38519459732284 ], [ -86.415780828362713, 30.384641764460973 ], [ -86.432443629646684, 30.38547315487714 ], [ -86.463847050408987, 30.38936426852867 ], [ -86.470789818052154, 30.391031101620907 ], [ -86.488276866012654, 30.391584454141974 ], [ -86.496058932007429, 30.393251725710513 ], [ -86.499675549465309, 30.39519727796791 ], [ -86.506908699782556, 30.396864175672395 ], [ -86.51023494426974, 30.399362710803096 ], [ -86.511073959502752, 30.404916455737283 ], [ -86.504680566729235, 30.409085977481173 ], [ -86.505519637213581, 30.408250360996703 ], [ -86.49439599662216, 30.40769756049891 ], [ -86.482722890978906, 30.413808301823302 ], [ -86.476344479922972, 30.415196774792861 ], [ -86.468561832297453, 30.413529978537515 ], [ -86.464396251081055, 30.410195973524988 ], [ -86.454950684014918, 30.407697527557243 ], [ -86.448557005679703, 30.40825056984654 ], [ -86.436609184445658, 30.411584144614039 ], [ -86.430505671724404, 30.411584021636283 ], [ -86.414392173245361, 30.40269599735198 ], [ -86.401055778803965, 30.39880502678233 ], [ -86.359947485224453, 30.395196136625458 ], [ -86.340507295387539, 30.392694014885095 ], [ -86.336341080742244, 30.392972324259219 ], [ -86.333564221933031, 30.394639458758942 ], [ -86.329123793379352, 30.40713953123268 ], [ -86.324118729127918, 30.417694554776318 ], [ -86.317725384719623, 30.427417985633216 ], [ -86.31355911614466, 30.429637907681375 ], [ -86.309378569000231, 30.429638057753152 ], [ -86.306692761598811, 30.428703364720999 ], [ -86.303549265010972, 30.424915837652463 ], [ -86.302999867935739, 30.419361387632591 ], [ -86.301336902271203, 30.414082290210906 ], [ -86.298833943466036, 30.410473826887422 ], [ -86.291326699127822, 30.403805603561032 ], [ -86.287786343154281, 30.401707432778277 ], [ -86.285223354363808, 30.401859972375895 ], [ -86.272176518186527, 30.397972825181764 ], [ -86.254948772167708, 30.395748989290865 ], [ -86.241322532883373, 30.394917248441182 ], [ -86.236332822013267, 30.395474346808626 ], [ -86.231327678060154, 30.39714146757958 ], [ -86.227436322920084, 30.399917997613652 ], [ -86.224949185327205, 30.405193839023383 ], [ -86.228550534066784, 30.409084914792793 ], [ -86.231327659976856, 30.411026570487159 ], [ -86.249944023412581, 30.415195896253891 ], [ -86.254949057888524, 30.417415784658175 ], [ -86.259389137123009, 30.420749942646641 ], [ -86.261891528704041, 30.42519364059369 ], [ -86.262456176199564, 30.427417573373255 ], [ -86.260228483280201, 30.430473437571059 ], [ -86.255788257900107, 30.43269357223285 ], [ -86.249104414367025, 30.433250240969908 ], [ -86.244664198574597, 30.4326931559015 ], [ -86.233829804305486, 30.429916232453181 ], [ -86.233006272209124, 30.429080959279315 ], [ -86.222172362672566, 30.427692137371967 ], [ -86.21800599714301, 30.424362172463244 ], [ -86.209949255204279, 30.414360337366542 ], [ -86.200504390853894, 30.408527834125795 ], [ -86.190768404225679, 30.403805394603939 ], [ -86.183825775186989, 30.398529274636765 ], [ -86.179110763766033, 30.396584090355756 ], [ -86.162447818933387, 30.391029868490666 ], [ -86.155504763475463, 30.389637768888967 ], [ -86.137163009236559, 30.389362895359451 ], [ -86.129930572166217, 30.387695843997907 ], [ -86.123826777759774, 30.385471960083677 ], [ -86.115769734103765, 30.381027929910452 ], [ -86.112718317114158, 30.377140644562868 ], [ -86.107987536881524, 30.375195165850027 ], [ -86.104661561881443, 30.376305512471436 ], [ -86.101884150364384, 30.379360769374657 ], [ -86.102159038317893, 30.386307088068001 ], [ -86.116883906561455, 30.41297155797611 ], [ -86.120210552706283, 30.421859419273019 ], [ -86.125215020506701, 30.430747513375092 ], [ -86.131043910333048, 30.433528199451608 ], [ -86.140505030624183, 30.434916943778187 ], [ -86.148836256308471, 30.438525626845482 ], [ -86.153002343272817, 30.441859400598023 ], [ -86.155504423122196, 30.446303477651213 ], [ -86.156328478061766, 30.452136147120552 ], [ -86.15382601173269, 30.457415186592669 ], [ -86.149111200972158, 30.460192125634858 ], [ -86.144106179355248, 30.461024014816108 ], [ -86.136339243572991, 30.459913805585337 ], [ -86.134385806933452, 30.466024702467223 ], [ -86.13467605993165, 30.478525094771108 ], [ -86.139390871400977, 30.483800981308239 ], [ -86.142717148073316, 30.482969521336361 ], [ -86.160219596468735, 30.467135018320882 ], [ -86.168826089872553, 30.461302703091544 ], [ -86.172442169346496, 30.460470919670193 ], [ -86.179659633899874, 30.460471012373876 ], [ -86.186328080868151, 30.462137745888942 ], [ -86.194934181731696, 30.469359295658382 ], [ -86.197436621235099, 30.473245892983314 ], [ -86.199099914902007, 30.477690402096112 ], [ -86.199939324710371, 30.48324796218396 ], [ -86.198550861020493, 30.485189662633978 ], [ -86.200228911522956, 30.496301627450652 ], [ -86.203555436726091, 30.498800360129493 ], [ -86.206897244847511, 30.497968378900183 ], [ -86.212726434081958, 30.491857560752262 ], [ -86.228550258437153, 30.48463646226973 ], [ -86.234943952960634, 30.484915185059691 ], [ -86.241886692526649, 30.487135377156186 ], [ -86.252171344043035, 30.491857611681066 ], [ -86.25661203671541, 30.495191626077204 ], [ -86.263280319364895, 30.496858837948324 ], [ -86.277166106783994, 30.496302045021629 ], [ -86.307989360039102, 30.485190199780302 ], [ -86.314658083948487, 30.484358581842468 ], [ -86.341621020216209, 30.485190423498075 ], [ -86.348289045599685, 30.484637242206873 ], [ -86.364951956647189, 30.481025174398994 ], [ -86.367714036731158, 30.479357757594297 ], [ -86.383842759864891, 30.473803852680227 ], [ -86.392723668229991, 30.46797159664629 ], [ -86.39661514051285, 30.464080852934288 ], [ -86.406334961541461, 30.458526799120452 ], [ -86.410500715198779, 30.457695313896398 ], [ -86.413842574419959, 30.457969709587722 ], [ -86.419107187020629, 30.459358537564313 ], [ -86.424386502395208, 30.462138975868545 ], [ -86.427164142049051, 30.465194663514659 ], [ -86.429666604094891, 30.469638876721426 ], [ -86.431055115091041, 30.474635632769083 ], [ -86.437998127941455, 30.487414825499162 ], [ -86.438547104232072, 30.491580394162021 ], [ -86.437998214073758, 30.496302877323579 ], [ -86.434381568562387, 30.499358082182237 ], [ -86.421060236718489, 30.500471861492091 ], [ -86.412163974569509, 30.504915945934332 ], [ -86.412164238113988, 30.512415634506624 ], [ -86.41716931101044, 30.515196170701429 ], [ -86.422723779263734, 30.515196557658353 ], [ -86.453821541679616, 30.51103454839846 ], [ -86.456613871534614, 30.498801413488245 ], [ -86.459391275468008, 30.49352618316075 ], [ -86.465784728156194, 30.492969199320168 ], [ -86.476054045164204, 30.504363235622211 ], [ -86.47994538718234, 30.514082513431884 ], [ -86.486064693206927, 30.521029386828697 ], [ -86.488551537387195, 30.515749601508066 ], [ -86.488841560315052, 30.509638931464526 ], [ -86.482448213086954, 30.489360701473213 ], [ -86.482722918478004, 30.483249385602541 ], [ -86.484675621649828, 30.477138673410845 ], [ -86.488551807027335, 30.472694708972409 ], [ -86.4971728412103, 30.467693357195706 ], [ -86.508571432829953, 30.463528037727219 ], [ -86.519405963919894, 30.460750826125928 ], [ -86.532452007509846, 30.459636911765131 ], [ -86.53745694983192, 30.457417023794644 ], [ -86.543835318585948, 30.448528654769966 ], [ -86.55134305111099, 30.44102918552667 ], [ -86.56384032031788, 30.439083673688831 ], [ -86.577176837951313, 30.44158203226829 ], [ -86.586347800674531, 30.448250092906225 ], [ -86.592451445247562, 30.446026500618441 ], [ -86.596342209621426, 30.441860745743949 ], [ -86.596617245199553, 30.435471101283486 ], [ -86.58939962341222, 30.421307514723729 ], [ -86.591062866635113, 30.41602845745868 ], [ -86.604948678820691, 30.414361072503223 ], [ -86.618285338973763, 30.415196359559992 ], [ -86.629943314518741, 30.417416757097076 ], [ -86.664398244545552, 30.417416236187993 ], [ -86.708573358924113, 30.419361481165129 ], [ -86.727738876799393, 30.418251218396268 ], [ -86.748842588992019, 30.411026505601406 ], [ -86.754961369003283, 30.410473680115892 ], [ -86.761080180346099, 30.411305132580154 ], [ -86.773012818285011, 30.415470777815525 ], [ -86.780246251084378, 30.416862947269816 ], [ -86.797183663658174, 30.41214051246553 ], [ -86.811344556857208, 30.412414825673434 ], [ -86.835514965719241, 30.407696302179541 ], [ -86.854955251471878, 30.406029257222023 ], [ -86.873846230810869, 30.403248650467354 ], [ -86.88690794941374, 30.402138091152406 ], [ -86.894125786488658, 30.40241684369607 ], [ -86.926628050595355, 30.399361019083543 ], [ -86.945503465078843, 30.396584068939912 ], [ -86.95468994472219, 30.394359971105551 ], [ -86.97080335046266, 30.393528513421472 ], [ -86.988854996272309, 30.390751701990286 ], [ -87.031077517190667, 30.383251960271185 ], [ -87.063579539232023, 30.380196129705485 ], [ -87.06858497552885, 30.378808023606592 ], [ -87.080807431315634, 30.377419487175704 ], [ -87.098309633601545, 30.373249976574854 ], [ -87.126066001140671, 30.364083271286354 ], [ -87.13245997331245, 30.364083255641962 ], [ -87.154692631552805, 30.360474571983403 ], [ -87.168028838817008, 30.359360884417789 ], [ -87.19024633520668, 30.354363761652845 ], [ -87.195510471508086, 30.356861936976156 ], [ -87.195511105026625, 30.361862824431533 ], [ -87.194412243624313, 30.36380872450459 ], [ -87.177749519402894, 30.378528969181446 ], [ -87.171081100307134, 30.379082151246813 ], [ -87.157469921379004, 30.374638186204646 ], [ -87.150801136997771, 30.375195186510016 ], [ -87.148314302296157, 30.375751906668693 ], [ -87.134977671294379, 30.384639974596944 ], [ -87.131345667858184, 30.388249105965276 ], [ -87.121625580791388, 30.393249989067378 ], [ -87.109967758873736, 30.396026721331548 ], [ -87.094128870562542, 30.399639174266774 ], [ -87.075527622939148, 30.402416639837551 ], [ -87.015254103929777, 30.406303606292266 ], [ -87.003580608972712, 30.409084543768309 ], [ -86.993296184539133, 30.41352876137509 ], [ -86.979135622848972, 30.421306681076793 ], [ -86.936348295558659, 30.450194955053156 ], [ -86.93079394633827, 30.452414918365527 ], [ -86.930519377915886, 30.453803613923579 ], [ -86.928291685915156, 30.452693169901384 ], [ -86.924964773606874, 30.453803057078019 ], [ -86.912742218832051, 30.43991413454177 ], [ -86.909400778534462, 30.437416013826475 ], [ -86.90329682074892, 30.435191945448608 ], [ -86.898307148739718, 30.434638702705978 ], [ -86.892462742669281, 30.436027243817378 ], [ -86.890799321535866, 30.437972802364666 ], [ -86.890250191276849, 30.441303009214856 ], [ -86.895239872395834, 30.450194684905643 ], [ -86.902182634059344, 30.457415778948313 ], [ -86.911628581343763, 30.462691603401964 ], [ -86.934395225845449, 30.466025484534008 ], [ -86.939674778796714, 30.467970854946781 ], [ -86.953575963085427, 30.471026045242493 ], [ -86.965799016058654, 30.476023487626282 ], [ -86.97606859072998, 30.48130259225271 ], [ -86.980524352049812, 30.484636790452161 ], [ -86.983576304247819, 30.489080804471339 ], [ -86.987742002094521, 30.497968777129262 ], [ -86.991343394417783, 30.501306817318056 ], [ -87.004145947325782, 30.50130683628689 ], [ -87.010249148075715, 30.504083757489113 ], [ -87.013026392887966, 30.507970605677905 ], [ -87.013301147581643, 30.513528309870633 ], [ -87.012477504172878, 30.520192444504101 ], [ -86.996912633749972, 30.541302511560534 ], [ -86.995508639969458, 30.546025168663839 ], [ -86.991633234772877, 30.549080654918015 ], [ -86.985788641465305, 30.550469233913173 ], [ -86.979410198328438, 30.550194204299729 ], [ -86.967737137507569, 30.552971134267899 ], [ -86.962747281986339, 30.555191606610961 ], [ -86.958856266836762, 30.558804165510811 ], [ -86.959695522861026, 30.56324799892797 ], [ -86.964136088929209, 30.5665818256096 ], [ -86.974679732947351, 30.564357810960463 ], [ -86.979959586748706, 30.562138006236186 ], [ -86.991633198703838, 30.559356983374514 ], [ -86.998850472830256, 30.561023829479019 ], [ -87.003306145922053, 30.566303234604518 ], [ -86.999689844487705, 30.56991183223127 ], [ -86.994959500011902, 30.579078376281959 ], [ -86.996622767540245, 30.584914569607641 ], [ -87.00275683044292, 30.591857089457058 ], [ -87.018306616915382, 30.604636073216309 ], [ -87.022746594107957, 30.606577518540817 ], [ -87.026073080402711, 30.605745978165235 ], [ -87.028575984546094, 30.601023916783742 ], [ -87.026912856395668, 30.596022564472403 ], [ -87.024135335533614, 30.592135930875674 ], [ -87.019969699985111, 30.588244927329345 ], [ -87.014979580580004, 30.580745377735042 ], [ -87.015254523662406, 30.572414454985143 ], [ -87.018580703862739, 30.567413202981122 ], [ -87.033580997597667, 30.553246054772746 ], [ -87.039959167978481, 30.544357898703534 ], [ -87.053020865368822, 30.502138249262703 ], [ -87.057461199233771, 30.491026393547536 ], [ -87.06051355228081, 30.485746860315338 ], [ -87.068585352391452, 30.455469893303704 ], [ -87.07163731984248, 30.451026210936753 ], [ -87.076077493404057, 30.448248870323319 ], [ -87.081646764226775, 30.446860664014391 ], [ -87.093854223641102, 30.447413520329185 ], [ -87.098859752769698, 30.451026002486756 ], [ -87.099698768835964, 30.455748446060493 ], [ -87.09580776820836, 30.466303786410311 ], [ -87.092740459152282, 30.484079845590717 ], [ -87.095808048413787, 30.506582070878999 ], [ -87.099699326033445, 30.521580840785525 ], [ -87.10191186414572, 30.526860613104869 ], [ -87.110792372636951, 30.532692611780593 ], [ -87.129408639180113, 30.537415149951407 ], [ -87.130797690922961, 30.539082120028802 ], [ -87.129958438779028, 30.544636233185592 ], [ -87.126066890082939, 30.546860239099136 ], [ -87.124129311299029, 30.549358803492495 ], [ -87.122740570471066, 30.55408139606628 ], [ -87.123854505623385, 30.55546966795648 ], [ -87.127745449808614, 30.557968457420746 ], [ -87.141356693437018, 30.557693888677679 ], [ -87.146636450146644, 30.560470470906925 ], [ -87.149138948147609, 30.564636289753867 ], [ -87.15107707090192, 30.571857100164866 ], [ -87.15385427724074, 30.576301251732691 ], [ -87.158019863046007, 30.579635449052727 ], [ -87.162475901522058, 30.581580419046361 ], [ -87.170242941888617, 30.582411952591411 ], [ -87.176361689237353, 30.581023881678178 ], [ -87.18135147244287, 30.578803800372217 ], [ -87.18302980175983, 30.574359514212805 ], [ -87.1824653250073, 30.568523043974622 ], [ -87.177185545848801, 30.559081875837009 ], [ -87.176361415725779, 30.554081368515508 ], [ -87.180802309502212, 30.536026749517525 ], [ -87.179138720286957, 30.532414093716092 ], [ -87.176361651117745, 30.529080387451792 ], [ -87.17108183698555, 30.526581810057504 ], [ -87.16247541126107, 30.519914138662898 ], [ -87.159134040566798, 30.516027060913672 ], [ -87.15357981049425, 30.50158485465813 ], [ -87.152755419795596, 30.496023395060067 ], [ -87.153029736457214, 30.483526590111424 ], [ -87.155806931329593, 30.472136266506876 ], [ -87.158858713745673, 30.466860536072499 ], [ -87.168853399367066, 30.454359642894904 ], [ -87.17968732751936, 30.431861157196188 ], [ -87.181915356509961, 30.432971445495912 ], [ -87.184127998155759, 30.440749254385363 ], [ -87.188568282835419, 30.442137549987123 ], [ -87.190521723219319, 30.438803684147548 ], [ -87.194687283166232, 30.427416995521423 ], [ -87.198013497498181, 30.422969573842259 ], [ -87.200531664093248, 30.417693785530364 ], [ -87.208588396472109, 30.411025601505074 ], [ -87.213028941640374, 30.408248729858144 ], [ -87.224686516784217, 30.405471447410012 ], [ -87.25026126503289, 30.402137518921631 ], [ -87.2544269325237, 30.399917538562089 ], [ -87.258028551616746, 30.396861880516784 ], [ -87.261095628073562, 30.392417992452415 ], [ -87.262483980820178, 30.38408281482306 ], [ -87.262758271155761, 30.373249580004334 ], [ -87.261918827828154, 30.366863835717339 ], [ -87.263033188872441, 30.355751815937342 ], [ -87.266084663925582, 30.351307994373446 ], [ -87.270525024420081, 30.348531120689849 ], [ -87.276369679509187, 30.347142515866292 ], [ -87.297198651781059, 30.3479741748801 ], [ -87.302188412475971, 30.345750038280752 ], [ -87.306918958146539, 30.341584747259464 ], [ -87.306079361613314, 30.340752958284806 ], [ -87.306628730496797, 30.338250487428187 ], [ -87.304416183561358, 30.331029699857897 ], [ -87.303576639889471, 30.325197218187 ], [ -87.306628608242619, 30.321584795917342 ], [ -87.334141517252036, 30.314920731238718 ], [ -87.347203216084225, 30.313810685823789 ], [ -87.359700782598892, 30.311586490115591 ], [ -87.373296595801477, 30.311308423433399 ], [ -87.391363869526359, 30.308531080094568 ], [ -87.453041995431661, 30.290755485585869 ], [ -87.471368540196224, 30.28714305918724 ], [ -87.48441573736379, 30.286032966839443 ], [ -87.486918295398766, 30.284923129371929 ], [ -87.509379531374208, 30.279605399723589 ], [ -87.525539518676581, 30.277423441815767 ], [ -87.528591415473542, 30.279086922088187 ], [ -87.526653275564499, 30.2818677012501 ], [ -87.523036529998535, 30.284087416127765 ], [ -87.51018877165545, 30.29008028275485 ], [ -87.508342261237459, 30.294112194262961 ], [ -87.506938626393875, 30.301032104531977 ], [ -87.503321685339884, 30.303252301316814 ], [ -87.491923370351756, 30.304918901059033 ], [ -87.471002740292107, 30.305197821541555 ], [ -87.459710665423643, 30.306033037410145 ], [ -87.45803239715066, 30.30714323776969 ], [ -87.452203197750649, 30.308531611534018 ], [ -87.449135810845533, 30.312418239007428 ], [ -87.453042538110665, 30.317698127776467 ], [ -87.468317101116099, 30.318529743950489 ], [ -87.480539564439454, 30.321585256183532 ], [ -87.481653818913372, 30.324366144746964 ], [ -87.478861048389376, 30.326029126756413 ], [ -87.472482563258097, 30.32686450682333 ], [ -87.434410414513366, 30.328810037265388 ], [ -87.425255409956875, 30.331586714333355 ], [ -87.421913372894878, 30.334085236377671 ], [ -87.414146126544765, 30.342973182702117 ], [ -87.412192981225843, 30.348805672666224 ], [ -87.412193062358398, 30.353806668109861 ], [ -87.413307473169837, 30.357972087506973 ], [ -87.41663378351771, 30.361863026598598 ], [ -87.423592224796778, 30.363530107921768 ], [ -87.424690494720664, 30.366307354646295 ], [ -87.424416258453675, 30.367695734660042 ], [ -87.419700798144831, 30.37324991549929 ], [ -87.417473333265335, 30.37714065720446 ], [ -87.415810276833227, 30.388248691913855 ], [ -87.410530147195288, 30.395195077770669 ], [ -87.401923985372591, 30.400470912306933 ], [ -87.391654188717041, 30.404083271778752 ], [ -87.387199051614573, 30.406860063032745 ], [ -87.376913933641532, 30.411304461435687 ], [ -87.361090341416471, 30.415748406843722 ], [ -87.347753443100373, 30.423247526888346 ], [ -87.341359996154239, 30.429358832313792 ], [ -87.340261045177385, 30.440192334150581 ], [ -87.346090545113483, 30.449915749222921 ], [ -87.353033240115963, 30.456301234371811 ], [ -87.360525987915977, 30.459913519257579 ], [ -87.38191945120316, 30.461859085621402 ], [ -87.399971459582773, 30.465746125727783 ], [ -87.408593049213891, 30.470468564665296 ], [ -87.416924543949548, 30.479634989021495 ], [ -87.420373060867519, 30.481142065009291 ], [ -87.421365127309571, 30.481580508556743 ], [ -87.422479050386997, 30.478803884402751 ], [ -87.422479029950168, 30.474634166716875 ], [ -87.415261305432225, 30.45852547868903 ], [ -87.408867684026944, 30.45297090440841 ], [ -87.402473944324839, 30.452414095252688 ], [ -87.398033319900193, 30.450468657304373 ], [ -87.395255708983385, 30.447970271170245 ], [ -87.394981547708355, 30.445193396152707 ], [ -87.394141830004074, 30.444357527663009 ], [ -87.397483535139827, 30.435191464448945 ], [ -87.404152297673662, 30.42769199593263 ], [ -87.412758118188904, 30.42380481140799 ], [ -87.422752961069463, 30.420749278901791 ], [ -87.433587100439766, 30.413806813400679 ], [ -87.441079365966019, 30.406303330729518 ], [ -87.452768052976978, 30.376305198038956 ], [ -87.46137447815633, 30.362142071799735 ], [ -87.465265038011992, 30.357697924828354 ], [ -87.468866381834104, 30.355473812872606 ], [ -87.473871610262378, 30.35380681549038 ], [ -87.491649054897394, 30.353249832610228 ], [ -87.514995653113616, 30.346864372287214 ], [ -87.517208366415076, 30.344361803552363 ], [ -87.517482824304707, 30.341584973793676 ], [ -87.513316599962806, 30.336862647992113 ], [ -87.513316814416399, 30.330751654131529 ], [ -87.517207827820727, 30.327143144872679 ], [ -87.526379032450066, 30.32464056120989 ], [ -87.535259541193085, 30.319365247961748 ], [ -87.540539247405746, 30.317141317792281 ], [ -87.56109358428651, 30.318254766906421 ], [ -87.57276684140075, 30.315474298543919 ], [ -87.579984271471503, 30.31492083849615 ], [ -87.584425092504418, 30.317419689197894 ], [ -87.585539192948403, 30.320196437393495 ], [ -87.582212171359942, 30.336584243214187 ], [ -87.584150573070943, 30.340196504981115 ], [ -87.595533858121428, 30.345475841363438 ], [ -87.598036389674775, 30.347974425953851 ], [ -87.602476537467084, 30.356030950406655 ], [ -87.606093102207254, 30.358529217559632 ], [ -87.607756225815052, 30.358250816591273 ], [ -87.610534014128163, 30.355752006103671 ], [ -87.611922458438485, 30.351029932028439 ], [ -87.611097953438446, 30.341863330490167 ], [ -87.608595782404791, 30.337419219663165 ], [ -87.599714622266319, 30.326864679729649 ], [ -87.598036318213246, 30.322420502744158 ], [ -87.598326263032916, 30.315474306453634 ], [ -87.603315606276482, 30.309919826252841 ], [ -87.6044294594886, 30.306586132383874 ], [ -87.599714530654651, 30.302420498552507 ], [ -87.596372821572317, 30.302142304232383 ], [ -87.573606076291156, 30.305754483217751 ], [ -87.566937614186699, 30.306307898315229 ], [ -87.562192448959209, 30.306033131587601 ], [ -87.561368192714539, 30.305197808295386 ], [ -87.561367940236494, 30.301588745172683 ], [ -87.56637320810492, 30.289088752586867 ], [ -87.568600842167228, 30.279643632530885 ], [ -87.581662972644381, 30.278255428522481 ], [ -87.607756359188713, 30.268257213092792 ], [ -87.61137264317118, 30.2657545509364 ], [ -87.619704041114204, 30.264087808727517 ], [ -87.650267977109252, 30.253532973225273 ], [ -87.661651472667501, 30.250755999556326 ], [ -87.67469827423119, 30.249363295345113 ], [ -87.73359907529543, 30.235195864529981 ], [ -87.738878813154187, 30.235753060321283 ], [ -87.751101317028443, 30.235196228537134 ], [ -87.756945397108865, 30.233807798427229 ], [ -87.777210294450811, 30.231865966955869 ], [ -87.797490105973651, 30.231309291987476 ], [ -87.825002308524091, 30.233807895131537 ], [ -87.86971242388212, 30.22964224668403 ], [ -87.892220267362561, 30.231587842596355 ], [ -87.91082108901638, 30.231587674986205 ], [ -87.917215146913392, 30.230752446841137 ], [ -87.931665269322849, 30.231031024032788 ], [ -87.936930043858041, 30.232419889515537 ], [ -87.944437407458366, 30.232419836316854 ], [ -87.950556663215536, 30.23186641899013 ], [ -87.968333799019163, 30.227422699098678 ], [ -87.985271644599351, 30.224641810671994 ], [ -88.008618474935531, 30.218809502960934 ], [ -88.020551100638855, 30.218809101423894 ], [ -88.023618149523813, 30.21964437262606 ], [ -88.02528147747563, 30.223531901843113 ], [ -88.025281623109166, 30.229642689756059 ], [ -88.021665025227406, 30.232141183574022 ], [ -88.021115475363544, 30.23186670895803 ], [ -88.021115560248305, 30.232698275117396 ], [ -87.991665651888951, 30.236310562465508 ], [ -87.973613513261441, 30.239919282970501 ], [ -87.966945341867827, 30.240476120466734 ], [ -87.962779101589248, 30.242143237005337 ], [ -87.952494343235855, 30.248532820471429 ], [ -87.9494275873041, 30.25186651696837 ], [ -87.944712598377293, 30.26103311926467 ], [ -87.941370659683912, 30.262700151225594 ], [ -87.937494699152168, 30.262146663621031 ], [ -87.929987212543026, 30.259365898661784 ], [ -87.926935499709771, 30.256867246533307 ], [ -87.918329148788729, 30.246865431273026 ], [ -87.915277183711126, 30.245198448602597 ], [ -87.891945309079787, 30.241307690185995 ], [ -87.881935271686558, 30.237977462126622 ], [ -87.874702239929562, 30.237142200023829 ], [ -87.869147720451778, 30.237977451186712 ], [ -87.862204643666544, 30.239918900986904 ], [ -87.853873430906958, 30.244641517260536 ], [ -87.838324111942867, 30.251312979974823 ], [ -87.819997608889764, 30.255478274504974 ], [ -87.79498758565785, 30.257976916607959 ], [ -87.783313903743533, 30.261032618129406 ], [ -87.773044468922222, 30.26520166732918 ], [ -87.760547187716085, 30.274368016988838 ], [ -87.75722064558019, 30.28020048741455 ], [ -87.756381402346875, 30.285475873001698 ], [ -87.756655935426195, 30.290476786150116 ], [ -87.758044853837063, 30.296030932787041 ], [ -87.760547033646915, 30.300474912096401 ], [ -87.767490435967588, 30.308252833645621 ], [ -87.793324420978465, 30.327696068008695 ], [ -87.80304470774287, 30.333807137821683 ], [ -87.807210158480174, 30.337697544380788 ], [ -87.811375839466052, 30.340196442444977 ], [ -87.823613880371013, 30.350472728288338 ], [ -87.829717678850017, 30.357419410304185 ], [ -87.831671279648575, 30.361027974890984 ], [ -87.832495115945306, 30.366028865375291 ], [ -87.831671240873447, 30.371582585788421 ], [ -87.829717979143382, 30.377418736146875 ], [ -87.823324414551706, 30.384361545411934 ], [ -87.819722815414579, 30.386860226976125 ], [ -87.817495155880252, 30.390750712672848 ], [ -87.815816823358446, 30.396026352474138 ], [ -87.821660880502165, 30.407138387381394 ], [ -87.82500296678991, 30.410750636492061 ], [ -87.83110673438739, 30.412971027972649 ], [ -87.836111221060762, 30.410750896356291 ], [ -87.841666000611923, 30.405749770082995 ], [ -87.84499253156325, 30.401305787346573 ], [ -87.845831945241216, 30.395747874766268 ], [ -87.841101459087881, 30.383529761982732 ], [ -87.841665665383829, 30.379638884153223 ], [ -87.843878362780544, 30.376861772259819 ], [ -87.849432719621802, 30.376862127104527 ], [ -87.866096138063853, 30.382137394998267 ], [ -87.877479071781636, 30.386859998160578 ], [ -87.898613421232739, 30.400470243535569 ], [ -87.90999663772989, 30.410472219407097 ], [ -87.912499017354719, 30.414359021997473 ], [ -87.918053486191923, 30.427416798972004 ], [ -87.921929344837494, 30.454080379532197 ], [ -87.924431562231391, 30.459081074038874 ], [ -87.924706684007816, 30.472966242226271 ], [ -87.928871869574508, 30.476299920830357 ], [ -87.938317481570081, 30.480190788600684 ], [ -87.942483281633585, 30.484078355259943 ], [ -87.940819874195455, 30.488800442476421 ], [ -87.934151509236059, 30.495468098934058 ], [ -87.932213533901233, 30.499355658350702 ], [ -87.927208975748044, 30.521857752723065 ], [ -87.919991358363475, 30.532134269083723 ], [ -87.915551168107413, 30.535746650776506 ], [ -87.908333906245304, 30.546580139697763 ], [ -87.908333554225081, 30.560469359355434 ], [ -87.911110783101094, 30.569910403240392 ], [ -87.910546637846892, 30.578802447417555 ], [ -87.913048875876115, 30.59407983639754 ], [ -87.920831765826463, 30.607411635519274 ], [ -87.924997700710421, 30.616856515121984 ], [ -87.928324284141652, 30.636574493134766 ], [ -87.932764713477567, 30.646019247542963 ], [ -87.936930269134777, 30.650741597737969 ], [ -87.944712990458598, 30.667408030572311 ], [ -87.946940491168235, 30.669906409491865 ], [ -87.952220109568245, 30.672408631897312 ], [ -87.955836933781683, 30.670184721263581 ], [ -87.960551758768005, 30.669353068937841 ], [ -87.967494890053544, 30.676852907901281 ], [ -87.973888099227395, 30.677684358239539 ], [ -87.979717241470539, 30.676852873517419 ], [ -87.983074182746705, 30.67722633238564 ], [ -87.988598561989576, 30.676296027431011 ], [ -87.999157725436248, 30.680465110693966 ], [ -88.003064356441399, 30.682963792508229 ], [ -88.006390559999616, 30.691573555100153 ], [ -88.007230129196358, 30.712961936238809 ], [ -88.008054263982402, 30.718516057828186 ], [ -88.011396100777276, 30.727407615796224 ], [ -88.015012911339298, 30.731851656389097 ], [ -88.020276962125664, 30.7343504285416 ], [ -88.021390854510301, 30.736017266580745 ], [ -88.025282191279459, 30.732404908376957 ], [ -88.023054428847686, 30.721571470954441 ], [ -88.021115905439956, 30.716574087512022 ], [ -88.020276471806142, 30.701296497694649 ], [ -88.022504398192027, 30.696852612787286 ], [ -88.028333851208586, 30.695185580261153 ], [ -88.035001602947176, 30.694628507355091 ], [ -88.037779330712453, 30.691573411416716 ], [ -88.039442399432346, 30.686019496467413 ], [ -88.035276696266195, 30.676574205315603 ], [ -88.034162568222314, 30.671851721854654 ], [ -88.035825417020078, 30.665740583167754 ], [ -88.05444188382971, 30.65463299605636 ], [ -88.056944042766261, 30.649353503822159 ], [ -88.057767998736665, 30.637688105712364 ], [ -88.055265365543647, 30.627133190279217 ], [ -88.055555474727498, 30.620743976133539 ], [ -88.05444177931868, 30.616578300609415 ], [ -88.055265308137876, 30.606297795373663 ], [ -88.057493452509064, 30.601022367587841 ], [ -88.060544999691302, 30.596578410334871 ], [ -88.069456438936115, 30.590467592803481 ], [ -88.080839813443035, 30.578524138015453 ], [ -88.084166193346206, 30.571302871727905 ], [ -88.085005146097387, 30.566580436896967 ], [ -88.0827777364957, 30.548525975890168 ], [ -88.082777535270068, 30.543525049630897 ], [ -88.084440347849267, 30.537692549458828 ], [ -88.089720273606375, 30.527690393989172 ], [ -88.100554402247639, 30.515194338297615 ], [ -88.101393789301255, 30.510471360792337 ], [ -88.100554319062937, 30.487412573950373 ], [ -88.102217659716871, 30.470468029914993 ], [ -88.107497286972375, 30.461858630391568 ], [ -88.109435229654295, 30.453802219494204 ], [ -88.1066581113393, 30.444635740990716 ], [ -88.105833766380343, 30.433528136591409 ], [ -88.10777189096639, 30.421306022113157 ], [ -88.106948087751377, 30.41546999843068 ], [ -88.107222607069744, 30.397693562177853 ], [ -88.110000055854016, 30.372418333499695 ], [ -88.112212594281161, 30.362142314741874 ], [ -88.114714821780723, 30.356862567822976 ], [ -88.117766636362589, 30.353250280833151 ], [ -88.119445366051835, 30.347143183488651 ], [ -88.121932878052348, 30.341863802768703 ], [ -88.124999624584646, 30.329641848561558 ], [ -88.129989635290542, 30.318530086771492 ], [ -88.13276650933858, 30.314642794906387 ], [ -88.138061814972161, 30.313811733896806 ], [ -88.142776618272777, 30.317141682543635 ], [ -88.145279087998674, 30.328532101415409 ], [ -88.144455338123322, 30.333807518373167 ], [ -88.1483464647917, 30.339918519707975 ], [ -88.159165002030846, 30.337698207251687 ], [ -88.173325589504216, 30.328810632769137 ], [ -88.181946792213736, 30.324919611462256 ], [ -88.188889965295658, 30.324919615875942 ], [ -88.193605230360575, 30.32686474439873 ], [ -88.197221386941877, 30.334085964026034 ], [ -88.196382321318822, 30.341032439209467 ], [ -88.194719036463965, 30.345476228710933 ], [ -88.190827827550976, 30.350751865039872 ], [ -88.188600154628929, 30.356031146888746 ], [ -88.187776274312242, 30.36130695529101 ], [ -88.194154427664145, 30.366864821771266 ], [ -88.218340593390025, 30.3715835026875 ], [ -88.236666926583837, 30.377694211658003 ], [ -88.241946267822243, 30.380475024626502 ], [ -88.253345162322219, 30.382416616418059 ], [ -88.278065645808212, 30.384919349594483 ], [ -88.28416901869312, 30.386861033981706 ], [ -88.289448839491712, 30.389637695856798 ], [ -88.295552643578148, 30.396584284586048 ], [ -88.301671672455257, 30.397141069488889 ], [ -88.305563161612156, 30.394917298985977 ], [ -88.304174374740057, 30.385750541937181 ], [ -88.30805047133758, 30.380475114029764 ], [ -88.313894405730196, 30.380475110759388 ], [ -88.317511147477433, 30.382973634677697 ], [ -88.321951655930448, 30.391030284856445 ], [ -88.328070977437818, 30.397972564805631 ], [ -88.338340090705387, 30.403805556645001 ], [ -88.350288297918752, 30.405194045562791 ], [ -88.362511178419027, 30.404362487223121 ], [ -88.372780689805182, 30.399918075565335 ], [ -88.391961638065283, 30.388806296000915 ], [ -88.39779075242987, 30.387974847215467 ], [ -88.398157433481927, 30.387101483798421 ], [ -88.402201205082463, 30.387864079508589 ], [ -88.405847896839092, 30.386029270213847 ], [ -88.40751134502959, 30.380196843968587 ], [ -88.404184581561282, 30.363252355191907 ], [ -88.405282841172266, 30.357141198043376 ], [ -88.40723622805973, 30.352975398295388 ], [ -88.411951032570769, 30.350198566574171 ], [ -88.417505754794647, 30.349920264609906 ], [ -88.426402231808922, 30.352418601557467 ], [ -88.432505392944691, 30.350198558252778 ], [ -88.437785684549951, 30.342420239141401 ], [ -88.442500491979402, 30.331865514979047 ], [ -88.449168389961486, 30.322973251645173 ], [ -88.452800522899452, 30.319918027428827 ], [ -88.463069997030786, 30.315473811288712 ], [ -88.470287408016034, 30.316308811423344 ], [ -88.486950725147167, 30.323530278591768 ], [ -88.490292792847043, 30.326585394665148 ], [ -88.495847438092284, 30.33825062964285 ], [ -88.499173707221814, 30.342694739479331 ], [ -88.5044690837898, 30.345475684828795 ], [ -88.512236399952442, 30.346307430988631 ], [ -88.525847713794889, 30.346307240542473 ], [ -88.531402057133533, 30.345475606134404 ], [ -88.55223110087951, 30.346307512895077 ], [ -88.562516150859508, 30.347974335912316 ], [ -88.567521415217925, 30.350751576979214 ], [ -88.569749223585404, 30.352975311341385 ], [ -88.571412428665028, 30.35936123232765 ], [ -88.570024176529643, 30.361306803038488 ], [ -88.569474978953522, 30.366586043523906 ], [ -88.570573306390699, 30.369641455228795 ], [ -88.573915260150955, 30.373528822918349 ], [ -88.584749577511715, 30.377419385943355 ], [ -88.58835107465886, 30.379639907896092 ], [ -88.591128374714302, 30.382695398481193 ], [ -88.591967415568803, 30.388528114953608 ], [ -88.593905630996872, 30.392693556304074 ], [ -88.594470278630297, 30.392693817871418 ], [ -88.600573838545159, 30.378808195376944 ], [ -88.605853017623332, 30.37047335018767 ], [ -88.609454762124841, 30.366586214410816 ], [ -88.614459402813068, 30.363808842524463 ], [ -88.651967423267081, 30.360196540199503 ], [ -88.663641044014852, 30.357140757982492 ], [ -88.6839052072106, 30.348252954431789 ], [ -88.689734366947249, 30.346585619993206 ], [ -88.702522270058253, 30.345196914696917 ], [ -88.722527329975364, 30.34658569700472 ], [ -88.744744978447457, 30.354363623700021 ], [ -88.758921239766437, 30.362141555611611 ], [ -88.766977750358564, 30.367695850926829 ], [ -88.783351336994414, 30.374916682877316 ], [ -88.793086754864404, 30.380749480394613 ], [ -88.797527622705886, 30.388805934501825 ], [ -88.79864116443278, 30.393249897586795 ], [ -88.803082092143626, 30.39630573581876 ], [ -88.823926296978243, 30.406860790053898 ], [ -88.832532417750798, 30.413250334685717 ], [ -88.835859069123515, 30.41713701652478 ], [ -88.839749943617321, 30.426303770050637 ], [ -88.842527718776211, 30.428806231259575 ], [ -88.848921080597975, 30.428527819474233 ], [ -88.864470301828021, 30.4260253416669 ], [ -88.875853694643808, 30.425750476077102 ], [ -88.890594483434015, 30.4279707906603 ], [ -88.916138922299339, 30.435469964352606 ], [ -88.923921177914295, 30.436305312241679 ], [ -88.951143745627874, 30.42935911206208 ], [ -88.976428159486531, 30.42630325923821 ], [ -88.98141794205624, 30.424083007011014 ], [ -88.98280686697592, 30.42074906001946 ], [ -88.980868772432032, 30.418525182555733 ], [ -88.975314358472559, 30.41713654087636 ], [ -88.961702691600948, 30.416583730526153 ], [ -88.955309378795846, 30.417415376739214 ], [ -88.940309292130777, 30.416583555091378 ], [ -88.930024819928931, 30.414638014790039 ], [ -88.908081449728655, 30.412414648790669 ], [ -88.903091722869775, 30.41269284981075 ], [ -88.897812088390523, 30.410751372446601 ], [ -88.893646159579447, 30.41102596372119 ], [ -88.887542737864365, 30.409084283663326 ], [ -88.881133617186165, 30.408527531574258 ], [ -88.877516819811888, 30.407417313949473 ], [ -88.86169333060262, 30.406582144546828 ], [ -88.856977601710824, 30.40464024564336 ], [ -88.856138293295714, 30.39908244915803 ], [ -88.85891598968125, 30.395748473820284 ], [ -88.863920624366031, 30.393528073678386 ], [ -88.890868970481705, 30.390750924138604 ], [ -88.920304317368561, 30.39241800587136 ], [ -88.939744295720246, 30.390193824285539 ], [ -88.9525315560563, 30.390194006180121 ], [ -88.965594074086127, 30.388805268572067 ], [ -88.985034539452457, 30.386581136321759 ], [ -88.997257113926153, 30.383529691837921 ], [ -89.016987131177885, 30.375194329852391 ], [ -89.036427834564478, 30.37352720775807 ], [ -89.056417408653573, 30.372970268430088 ], [ -89.061422391920317, 30.370749671799633 ], [ -89.070318676130526, 30.364638982749959 ], [ -89.073935392928462, 30.360751394985364 ], [ -89.08254169083169, 30.356303515326474 ], [ -89.096992044861409, 30.356303340015245 ], [ -89.113930056475041, 30.354640394453533 ], [ -89.148095532644675, 30.344637906074531 ], [ -89.171152495784838, 30.338805272318961 ], [ -89.186426928495749, 30.331862199361872 ], [ -89.196696306033473, 30.32880669992586 ], [ -89.208095307002225, 30.325751337582048 ], [ -89.220882224268408, 30.324362718624688 ], [ -89.250882284176441, 30.317694332448603 ], [ -89.26366941928066, 30.316862282410661 ], [ -89.269209018741876, 30.317972351926382 ], [ -89.274214017322777, 30.321306296817443 ], [ -89.275327900046094, 30.324915079122057 ], [ -89.273665065238916, 30.331026405960284 ], [ -89.271711854579237, 30.333528621368146 ], [ -89.263105685106368, 30.338247437745903 ], [ -89.247266328378686, 30.34269132451838 ], [ -89.24699170393545, 30.346304016631585 ], [ -89.270887963951097, 30.353246159888339 ], [ -89.274214902154725, 30.358525995436398 ], [ -89.274214465070656, 30.364636614368251 ], [ -89.288939884795468, 30.36686043368989 ], [ -89.303925257253553, 30.375191522339822 ], [ -89.311707023669754, 30.37602331531318 ], [ -89.33143790829854, 30.373803146665797 ], [ -89.336168298124505, 30.371579243935642 ], [ -89.342820940354059, 30.363804816712598 ], [ -89.351716995667431, 30.358525071429185 ], [ -89.354494077844393, 30.354638021668062 ], [ -89.355318269461819, 30.348527268854721 ], [ -89.353380129721415, 30.346303366043049 ], [ -89.347825947218595, 30.344357980361977 ], [ -89.332550951178206, 30.345471488438463 ], [ -89.320603179456157, 30.345193240338705 ], [ -89.320328291615951, 30.340192504031016 ], [ -89.318665127715164, 30.335191290459534 ], [ -89.308654654857918, 30.326024829401735 ], [ -89.308654479484133, 30.319913815236905 ], [ -89.310317585494985, 30.312971457688544 ], [ -89.313369563945045, 30.308527410205087 ], [ -89.325607605461528, 30.299917505136865 ], [ -89.324767892346316, 30.29991776807082 ], [ -89.332550355084578, 30.295747863203147 ], [ -89.343659195682491, 30.292139266649617 ], [ -89.356156495255973, 30.285749594565967 ], [ -89.360596720848505, 30.282693909585184 ], [ -89.366441194272525, 30.281305673596972 ], [ -89.410326881426059, 30.258527870716431 ], [ -89.414492792169654, 30.255472731000467 ], [ -89.416445456300266, 30.252417172650283 ], [ -89.414492243095282, 30.244356769730153 ], [ -89.415880877972953, 30.232134492151264 ], [ -89.418108942626915, 30.227416024039201 ], [ -89.430606235986474, 30.217692579012077 ], [ -89.438937623133313, 30.208247096382141 ], [ -89.439212123278082, 30.205470236991982 ], [ -89.436160718813866, 30.198802453860523 ], [ -89.435870396003395, 30.194083741676867 ], [ -89.438937639671337, 30.189361267450799 ], [ -89.446704371293336, 30.184081336159196 ], [ -89.450885381535784, 30.182414368512841 ], [ -89.456714523977539, 30.182136324299854 ], [ -89.458103629784858, 30.183803348162961 ], [ -89.457004598809874, 30.184360155332737 ], [ -89.456165459148679, 30.192691267784134 ], [ -89.457279717244063, 30.195472146154483 ], [ -89.464497274174875, 30.196860542560568 ], [ -89.472828490618426, 30.192137950734764 ], [ -89.488377843617499, 30.183803025515935 ], [ -89.498662907829655, 30.184081540056255 ], [ -89.509497070331065, 30.186579952926472 ], [ -89.520056573971374, 30.190470587919247 ], [ -89.521170216841526, 30.189913476851135 ], [ -89.522116214965038, 30.187052607206279 ], [ -89.524497197181901, 30.182414376639105 ], [ -89.540046468559467, 30.17796995314978 ], [ -89.544211695288297, 30.176024357385238 ], [ -89.549216798030471, 30.175192897115309 ], [ -89.553382676416007, 30.172137594956698 ], [ -89.55866261240854, 30.169913407741099 ], [ -89.57172422527492, 30.156028155634662 ], [ -89.575890199572086, 30.152972544663708 ], [ -89.580056195952267, 30.151305547488999 ], [ -89.583946976136374, 30.151027405233389 ], [ -89.59421645433946, 30.152694056306046 ], [ -89.598291284486237, 30.154292317957207 ], [ -89.602838128441618, 30.154914102547384 ], [ -89.611169854385452, 30.157694917198427 ], [ -89.611169703571392, 30.158526673202086 ], [ -89.611994093645734, 30.158526798926175 ], [ -89.611719242603584, 30.160472234784663 ], [ -89.610605257402156, 30.162413853154742 ], [ -89.606439276987544, 30.162692130589047 ], [ -89.604776163942972, 30.164080795910483 ], [ -89.600884881077363, 30.164359107169723 ], [ -89.59339286841201, 30.167136425452874 ], [ -89.586999055561492, 30.172694013072071 ], [ -89.586724465480813, 30.175471125848173 ], [ -89.588388103858506, 30.180472067340393 ], [ -89.590341071350039, 30.182692209658558 ], [ -89.594216967646219, 30.183801991617866 ], [ -89.602273653565419, 30.184359119402661 ], [ -89.6072791493485, 30.18352731010549 ], [ -89.615885197908071, 30.178805239460793 ], [ -89.618387769719448, 30.175749421555054 ], [ -89.622828356666631, 30.17269409523335 ], [ -89.628657002455213, 30.171026748885026 ], [ -89.634226705604277, 30.171026694818263 ], [ -89.653941825961667, 30.173525462415192 ], [ -89.671444779701673, 30.179357840797525 ], [ -89.684216935000208, 30.180471270264007 ], [ -89.68894711699788, 30.17963627917463 ], [ -89.698667562014506, 30.176302064938206 ], [ -89.705335885211653, 30.175470647579637 ], [ -89.710065875632438, 30.176580220082752 ], [ -89.715345848973669, 30.179357382821411 ], [ -89.718947294371674, 30.182412674896625 ], [ -89.731169638193748, 30.186303890756516 ], [ -89.736724077844571, 30.186025188793177 ], [ -89.745895261222557, 30.182691047491417 ], [ -89.748947157392465, 30.186025328560032 ], [ -89.748107913901009, 30.197411991726685 ], [ -89.744781548874855, 30.212411029294671 ], [ -89.743393152703803, 30.215191560847099 ], [ -89.746444687714714, 30.224358432459258 ], [ -89.751740147897252, 30.232410687089587 ], [ -89.757843526527495, 30.23435610200962 ], [ -89.768128555746486, 30.234078229389684 ], [ -89.771180744909444, 30.236301782662149 ], [ -89.773682959505209, 30.239910515182267 ], [ -89.777849179019015, 30.240467504982426 ], [ -89.782838505464838, 30.237968907465564 ], [ -89.785615969710506, 30.234913711916633 ], [ -89.797014677953413, 30.226857141525848 ], [ -89.806170345328169, 30.222966261365887 ], [ -89.811724498261043, 30.222691637510668 ], [ -89.819797217748189, 30.223523455537649 ], [ -89.832019889218302, 30.22741455494068 ], [ -89.847020168466386, 30.235745674475343 ], [ -89.858403424088962, 30.246579468540524 ], [ -89.864507466675391, 30.254640125226373 ], [ -89.868124432988608, 30.257138246306532 ], [ -89.873953199855308, 30.256859940308917 ], [ -89.880896201490543, 30.258248848545719 ], [ -89.88451283768957, 30.260750865546541 ], [ -89.89090633480896, 30.261304106846548 ], [ -89.902290006544845, 30.258248805493228 ], [ -89.915351940085657, 30.256582260405544 ], [ -89.927285187297841, 30.256860825106468 ], [ -89.93866898509512, 30.260194716362239 ], [ -89.947015875464558, 30.264360354730961 ], [ -89.953409210425946, 30.265470546975244 ], [ -89.970622124842961, 30.26241539691069 ], [ -89.977015706691773, 30.26297204746249 ], [ -89.982295843989363, 30.270193657994824 ], [ -89.986186851018928, 30.29630448097263 ], [ -89.989788088713468, 30.306302460436534 ], [ -89.995068331942662, 30.31435889505001 ], [ -90.000072978091197, 30.31826724787005 ], [ -90.003964184060791, 30.321305773961789 ], [ -90.006741582329468, 30.324361148386032 ], [ -90.013134841673676, 30.326302529440596 ], [ -90.01814036995107, 30.328805145192504 ], [ -90.036741416866732, 30.334637943711144 ], [ -90.041181443336981, 30.33769345410154 ], [ -90.050627665703288, 30.350468094482132 ], [ -90.057844798774255, 30.357136483478364 ], [ -90.070083029909469, 30.361023220027064 ], [ -90.082580125478017, 30.363525770965794 ], [ -90.08952363828034, 30.365745655934827 ], [ -90.10368370295528, 30.367691262148689 ], [ -90.110077351093835, 30.369636686919439 ], [ -90.117844453442387, 30.370189853276408 ], [ -90.158419172553664, 30.379356264158353 ], [ -90.182574723267351, 30.387134466919381 ], [ -90.192844363905905, 30.388801282985199 ], [ -90.206470943100257, 30.389358156849021 ], [ -90.221195478394264, 30.384914553572205 ], [ -90.230641086728568, 30.381023550497574 ], [ -90.24202449844482, 30.372414081740093 ], [ -90.263707947977366, 30.350193731280857 ], [ -90.270360746983698, 30.341858864560628 ], [ -90.289788261236453, 30.320797103495948 ], [ -90.297773739347477, 30.322838460949825 ], [ -90.31104309390247, 30.340778359735783 ], [ -90.334423119522228, 30.371362992695623 ], [ -90.432752272545187, 30.383732181687417 ], [ -90.484734731952159, 30.369219543196053 ], [ -90.53751094376571, 30.342483466818972 ], [ -90.589931169681932, 30.320600310661515 ], [ -90.644349077160612, 30.311029169913482 ], [ -90.70063110143758, 30.31620772248333 ], [ -90.800534534890403, 30.347905152907941 ], [ -90.856086801230504, 30.365203616520272 ], [ -90.9894180694439, 30.40806651738416 ], [ -91.038216187258072, 30.444531837877296 ], [ -91.092568405576088, 30.483664875977947 ], [ -91.10464794783924, 30.509499312684543 ], [ -91.110883350624164, 30.515459412334099 ], [ -91.158012467371108, 30.554478558964323 ], [ -91.201729709149618, 30.596164882013127 ], [ -91.270846053846995, 30.655962860092696 ], [ -91.323748054445659, 30.712180311233926 ], [ -91.366669052780026, 30.770784179264822 ], [ -91.40023024086257, 30.820455368189155 ], [ -91.442946157421204, 30.884681203713662 ], [ -91.495959017606225, 30.94362134020113 ], [ -91.559184865291044, 31.059693400463718 ], [ -91.592675324352243, 31.114940808946027 ], [ -91.605864704998581, 31.177880414461626 ], [ -91.602795282044099, 31.234494952804333 ], [ -91.571240856242738, 31.264445402155498 ], [ -91.506940439169426, 31.284559662801488 ], [ -91.499358690993361, 31.301272097937957 ], [ -91.52040430441825, 31.341828644795822 ], [ -91.515671336822223, 31.367162987090673 ], [ -91.488303480922653, 31.380238583123386 ], [ -91.464567298946747, 31.387783604919836 ], [ -91.459337475436385, 31.421601592489317 ], [ -91.4702569724314, 31.464580575236806 ], [ -91.465024555634344, 31.498393881571563 ], [ -91.433795333697361, 31.519804678689002 ], [ -91.412216137171541, 31.547273764962842 ], [ -91.416947112629103, 31.581489137629191 ], [ -91.421842615961197, 31.612874012108787 ], [ -91.397547211005673, 31.628886368089908 ], [ -91.369908641711717, 31.644755025424548 ], [ -91.354780489029139, 31.675310028909777 ], [ -91.34013225742811, 31.697378049693288 ], [ -91.305951094813935, 31.710123625522098 ], [ -91.29729618989434, 31.743773916363487 ], [ -91.301824744259946, 31.780808437572873 ], [ -91.302851514816084, 31.820527407614541 ], [ -91.271121698422888, 31.847533504861186 ], [ -91.243717757992073, 31.857711067205251 ], [ -91.212459140836259, 31.876218946072793 ], [ -91.182833427826367, 31.92312445386117 ], [ -91.147505976784871, 31.952773171030636 ], [ -91.101074694460365, 31.998927451330619 ], [ -91.061115138469845, 32.048178182703538 ], [ -91.052320770270541, 32.081788495950534 ], [ -91.054421805129635, 32.082854906460646 ], [ -91.061735961348958, 32.101764863215976 ], [ -91.079383384259813, 32.118265640329412 ], [ -91.107543245336146, 32.129500447265642 ], [ -91.126725379935493, 32.148918379959568 ], [ -91.128374119258581, 32.177583624746632 ], [ -91.104960034004577, 32.199444242115064 ], [ -91.08054096332873, 32.209819114866264 ], [ -91.036844963354923, 32.202186760721567 ], [ -90.979337874590243, 32.198212282923095 ], [ -90.94740545662421, 32.219662141853767 ], [ -90.90973559510924, 32.250852026715734 ], [ -90.848942062563978, 32.270969063027408 ], [ -90.786534817568779, 32.315283264402836 ], [ -90.755731731805213, 32.343879075267033 ], [ -90.717641955181463, 32.405003739173608 ], [ -90.697436467657326, 32.452657943185464 ], [ -90.6787162560409, 32.503234196768169 ], [ -90.673025908998454, 32.537267654162108 ], [ -90.667617632981077, 32.567025085601927 ], [ -90.658194256285853, 32.586350303590478 ], [ -90.654571037176666, 32.598049370902501 ], [ -90.631739570737381, 32.642075004342075 ], [ -90.580013352000933, 32.734565175013643 ], [ -90.538957430778154, 32.794310548380203 ], [ -90.50149740265428, 32.842346042821866 ], [ -90.469336864107319, 32.895371094663815 ], [ -90.421432469822975, 32.968971672128298 ], [ -90.360744670250028, 33.020562805217772 ], [ -90.296449550011971, 33.081432347612648 ], [ -90.246459679982365, 33.140613609895588 ], [ -90.203374356651565, 33.221473004040483 ], [ -90.178765879731174, 33.32222821303835 ], [ -90.152470029302393, 33.406278565221299 ], [ -90.122878960397642, 33.456944645505125 ], [ -90.066623245484337, 33.51808508152839 ], [ -90.032112029762928, 33.556613414289139 ], [ -89.979122600104844, 33.610764927818039 ], [ -89.956606763684903, 33.7162890643175 ], [ -89.948988701584895, 33.777534624700934 ], [ -89.954854651060586, 33.813404634212716 ], [ -89.992313373435991, 33.850921285105613 ], [ -90.030169218134517, 33.883701655395477 ], [ -90.058175137736541, 33.93255230533947 ], [ -90.05510838156043, 34.010608830013986 ], [ -90.050418534546964, 34.071985975773771 ], [ -90.044806084118179, 34.183072606429072 ], [ -90.024212558812621, 34.262573841380572 ], [ -90.014068525114425, 34.318912879388478 ], [ -90.007165984558824, 34.370677215097224 ], [ -90.006222737075745, 34.420376497773276 ], [ -90.02392232256139, 34.454450206183708 ], [ -90.053581778614117, 34.484393161180236 ], [ -90.079826168848371, 34.521258121872307 ], [ -90.088345874429791, 34.561953941107447 ], [ -90.095417884806764, 34.583627230938745 ], [ -90.092091636864197, 34.600519607256558 ], [ -90.105511882030001, 34.616052029207069 ], [ -90.117584401565651, 34.649337952442366 ], [ -90.124899119021762, 34.697233670272361 ], [ -90.113323418879048, 34.753086955366605 ], [ -90.088984555780797, 34.879571379863265 ], [ -90.087404362819029, 34.947795996563933 ], [ -90.122585741624292, 34.967382731212155 ], [ -90.177701870508201, 35.014673072263328 ], [ -90.14573778598745, 35.048714085775835 ], [ -90.070280396208744, 35.074619871590428 ], [ -90.025184996653039, 35.134689857357792 ], [ -90.017597265875892, 35.184780132389513 ], [ -90.02169483715366, 35.226555237958031 ], [ -90.048271464501354, 35.263528988793531 ], [ -90.090713079217977, 35.333945638525542 ], [ -90.086823414163163, 35.384214990262997 ], [ -90.025254583016334, 35.416734019508247 ], [ -89.990773720480902, 35.432794011647395 ], [ -89.976943133134071, 35.46771055367924 ], [ -89.96309988829961, 35.50262446231558 ], [ -89.920262662078301, 35.530111745272073 ], [ -89.870980582955951, 35.545376784930056 ], [ -89.84970772887425, 35.579893105330797 ], [ -89.834349320368148, 35.632523942976917 ], [ -89.8720405797403, 35.670099548427466 ], [ -89.880488755652564, 35.703185125277273 ], [ -89.837029030341398, 35.7365491617864 ], [ -89.732013224421053, 35.796341788513693 ], [ -89.710852184226894, 35.827870819925494 ], [ -89.704460357653915, 35.860180431725084 ], [ -89.687952487502287, 35.880080007295518 ], [ -89.667983957620976, 35.896825058443341 ], [ -89.652930592842452, 35.943509344180015 ], [ -89.674888973802325, 35.992165399526066 ], [ -89.68279388683942, 36.031165979564726 ], [ -89.653638092287139, 36.068194662149907 ], [ -89.609370019020872, 36.107374431783136 ], [ -89.600452310130891, 36.124701758139473 ], [ -89.599908698259497, 36.175121859727263 ], [ -89.64567905839445, 36.207244124117786 ], [ -89.654088082083064, 36.240332451067808 ], [ -89.603788530403804, 36.26138632957403 ], [ -89.566628295230913, 36.259389444548965 ], [ -89.528202725135742, 36.272149896363977 ], [ -89.525920596445729, 36.298733472438443 ], [ -89.552631782262864, 36.335786716693626 ], [ -89.557798416354188, 36.36277083994549 ], [ -89.512384652989823, 36.369217004402444 ], [ -89.465425584860213, 36.393366125748543 ], [ -89.47107720584107, 36.414446543504852 ], [ -89.499996354599133, 36.469431830813093 ], [ -89.496165385843412, 36.513731091628223 ], [ -89.502755269934823, 36.567495609989841 ], [ -89.532519981074444, 36.613608615117322 ], [ -89.574540514053595, 36.648500672205103 ], [ -89.630294184799965, 36.698937379057234 ], [ -89.705569889589611, 36.74146795983939 ], [ -89.753947377788379, 36.746957771950079 ], [ -89.807537969996403, 36.734900425879921 ], [ -89.866784437251738, 36.699380293383307 ], [ -89.932578933255925, 36.628572327438796 ], [ -89.979353969262277, 36.559744191970964 ], [ -90.042362366175269, 36.473911596930357 ], [ -90.071717038113647, 36.433843652811568 ], [ -90.138740631902238, 36.389688178433119 ], [ -90.272327212749161, 36.304216312167476 ], [ -90.324023974244042, 36.262194986622568 ], [ -90.412607988651871, 36.174431736991743 ], [ -90.471741598892521, 36.079311910351933 ], [ -90.491530136773974, 36.012009451419324 ], [ -90.495183821312764, 35.961753440542623 ], [ -90.48660750989329, 35.875331992692651 ], [ -90.488707347364155, 35.795333099125727 ], [ -90.494442109751063, 35.66506126824396 ], [ -90.502404043584136, 35.606091198220213 ], [ -90.520272274668031, 35.511971023588636 ], [ -90.537038654828223, 35.432628797637229 ], [ -90.572562295493427, 35.348209830208084 ], [ -90.597623797823331, 35.254394512896823 ], [ -90.615916935856959, 35.151354135915085 ], [ -90.613577713784437, 35.080010050616885 ], [ -90.606753540844267, 35.020328786955623 ], [ -90.618011468234982, 34.964442986884386 ], [ -90.660283551689588, 34.936688941431967 ], [ -90.718759847851203, 34.939337280469999 ], [ -90.761611299108125, 34.956101665146946 ], [ -90.77767823391919, 34.989469893217638 ], [ -90.792755947842949, 35.037631305040605 ], [ -90.816839471493509, 35.115864300894295 ], [ -90.828172487116774, 35.220232653702602 ], [ -90.801541888361839, 35.287311651702979 ], [ -90.790819240745122, 35.390691847933979 ], [ -90.775980718047791, 35.499814468245205 ], [ -90.770708090549817, 35.576717407510721 ], [ -90.759111560729821, 35.745294083626128 ], [ -90.770630983569362, 35.793261770600211 ], [ -90.790373563073828, 35.829722976036329 ], [ -90.794322327800089, 35.880317471526396 ], [ -90.781837106820973, 35.953915576823476 ], [ -90.728548707005942, 36.079090968866367 ], [ -90.676577161106408, 36.130160636992642 ], [ -90.638135316865146, 36.199610913068156 ], [ -90.618428767964659, 36.266929123748994 ], [ -90.607189190506929, 36.319798508289935 ], [ -90.582100294389292, 36.357212735987929 ], [ -90.565289500957036, 36.383137463172964 ], [ -90.517586102068066, 36.422474683802392 ], [ -90.500738377706298, 36.448389288095449 ], [ -90.481928780573014, 36.500898342455841 ], [ -90.470993048879905, 36.547837411182059 ], [ -90.46138198722474, 36.627451966193696 ], [ -90.458547045056648, 36.66586628776836 ], [ -90.443851084391866, 36.76302997643986 ], [ -90.428235605676491, 36.872005951552907 ], [ -90.416328554762231, 36.930748899164854 ], [ -90.376788683527337, 37.005992691649155 ], [ -90.354217431972998, 37.055338213341273 ], [ -90.317702113539781, 37.089201292553724 ], [ -90.263845467145075, 37.12737621515933 ], [ -90.19670721937122, 37.179240305141775 ], [ -90.079656846651119, 37.327768657692957 ], [ -90.024020268046982, 37.40764630902148 ], [ -89.942431095947683, 37.458672162995995 ], [ -89.862091473096143, 37.493187207659297 ], [ -89.808846384224893, 37.54005203038335 ], [ -89.768203794772276, 37.604066821764228 ], [ -89.810529124639871, 37.688841476583185 ], [ -89.813438561786882, 37.738555902377286 ], [ -89.849753851045719, 37.811987279272245 ], [ -89.901159112117469, 37.87514418522521 ], [ -89.969915340622492, 37.900586404682869 ], [ -89.97955262312712, 37.956126516947094 ], [ -90.012639073516112, 37.985283599141056 ], [ -90.073585530656061, 38.021289636854327 ], [ -90.113372122471404, 38.056246288815956 ], [ -90.131529466433463, 38.09565926160024 ], [ -90.100582747970691, 38.127207442106759 ], [ -90.06252688893926, 38.158404636898183 ], [ -90.032415412273934, 38.178966164533627 ], [ -90.035937647633588, 38.223186306285108 ], [ -90.044331544994321, 38.295172792368945 ], [ -90.046530629387632, 38.355845648096818 ], [ -90.039393827679291, 38.443596202435451 ], [ -90.007362495150829, 38.486089073480755 ], [ -89.933042362466878, 38.520993035603347 ], [ -89.854298248291585, 38.522594826815464 ], [ -89.784066064318665, 38.508055816400741 ], [ -89.760285184484999, 38.451782057716215 ], [ -89.759721505643896, 38.374654230878001 ], [ -89.727029403615532, 38.339946734188921 ], [ -89.70052101727471, 38.316561211500989 ], [ -89.698138008114356, 38.261365442869575 ], [ -89.738272586154395, 38.208347837160957 ], [ -89.727848477719036, 38.163757335448985 ], [ -89.678276133127753, 38.078598705038623 ], [ -89.650485281240535, 37.989038223572166 ], [ -89.509397681839189, 37.899004387616444 ], [ -89.448340835685897, 37.868199980946606 ], [ -89.357660581757557, 37.85227972913502 ], [ -89.230272300806973, 37.850786668675433 ], [ -89.159277387228727, 37.852335934277498 ], [ -89.080202594797115, 37.864406418336038 ], [ -88.967419688406309, 37.857957147763088 ], [ -88.905042290251018, 37.843323219548914 ], [ -88.873516159900063, 37.802907581955409 ], [ -88.857691814118908, 37.746869434110195 ], [ -88.823455753235578, 37.6621859788225 ], [ -88.745564151903167, 37.591423669275216 ], [ -88.691556202173885, 37.566138989362976 ], [ -88.628387524330108, 37.562322068329635 ], [ -88.54196566368708, 37.579097641684278 ], [ -88.452712259712968, 37.62320457903224 ], [ -88.392587820584652, 37.658050753978543 ], [ -88.377657026194015, 37.734303284085975 ], [ -88.369734871766298, 37.810994392086783 ], [ -88.361796068914657, 37.887683826464517 ], [ -88.356115413759781, 37.942460951197582 ], [ -88.302167849914113, 37.983179337824517 ], [ -88.263433111018301, 38.01381410962361 ], [ -88.242963323799401, 38.073167579517964 ], [ -88.23544337466096, 38.144368979916969 ], [ -88.311131763436023, 38.237359291974336 ], [ -88.347903961649365, 38.294791493119504 ], [ -88.390687598307167, 38.363607364797048 ], [ -88.395203926744927, 38.457605797510872 ], [ -88.364174204563355, 38.549403513153251 ], [ -88.292084490179079, 38.622097343111555 ], [ -88.174753556919754, 38.71395193539793 ], [ -88.071396397764886, 38.806610851359963 ], [ -87.977941314756322, 38.872269217476742 ], [ -87.931910454019544, 38.963030178097604 ], [ -87.885152467226789, 39.059250962139544 ], [ -87.858542516260485, 39.167818758640038 ], [ -87.883953329456986, 39.263248604288911 ], [ -87.913722813866329, 39.320345420539162 ], [ -87.97949020666303, 39.37975744847396 ], [ -88.040585937294196, 39.416769838963873 ], [ -88.117338969194847, 39.443710136998895 ], [ -88.193556270135019, 39.476080561252694 ], [ -88.196016387534712, 39.520351027561993 ], [ -88.183464741939758, 39.569197993323137 ], [ -88.122188004024991, 39.59843637201655 ], [ -88.07167283973186, 39.661424687729713 ], [ -87.944383074672984, 39.82428998327515 ], [ -87.858995252524707, 39.934626921825107 ], [ -87.772084489644186, 40.055864837937982 ], [ -87.639988226453795, 40.185112350786653 ], [ -87.592506872053548, 40.215064273618658 ], [ -87.513282878859371, 40.264945264273791 ], [ -87.39688557822123, 40.317773952961765 ], [ -87.235932223677921, 40.372941292302009 ], [ -87.096603252383133, 40.429449011307568 ], [ -86.978938441722377, 40.487370050342385 ], [ -86.804313315123551, 40.585267650048834 ], [ -86.698616563608255, 40.660419754003122 ], [ -86.590515363621293, 40.751905658483871 ], [ -86.496055750345334, 40.849876540880892 ], [ -86.441731297270252, 40.923188837106196 ], [ -86.353436018100325, 41.027092052835059 ], [ -86.328086664077262, 41.157880385583468 ], [ -86.365254284260416, 41.321076050642986 ], [ -86.44851523061233, 41.421351735216291 ], [ -86.502437775437187, 41.464083645621827 ], [ -86.600080349450479, 41.515538444528389 ], [ -86.673348753363896, 41.526428017245387 ], [ -86.750253224941247, 41.509889577998344 ], [ -86.851460434274827, 41.478460579104123 ], [ -86.967366671065193, 41.44799846657677 ], [ -87.066993576399611, 41.4273576444009 ], [ -87.171199735608724, 41.429066536049149 ], [ -87.310353108130542, 41.449647323147218 ], [ -87.352714228912262, 41.46909480575281 ], [ -87.405876446166317, 41.522408019010619 ], [ -87.434875462529078, 41.590661647075542 ], [ -87.428539871421492, 41.642468943924932 ], [ -87.401324030662863, 41.627781817331467 ], [ -87.321974189876698, 41.614959637232424 ], [ -87.211637193523018, 41.60744380462063 ], [ -87.093897556211076, 41.631725027880982 ], [ -86.998537026410375, 41.664958904413687 ], [ -86.94181818596509, 41.685902810590292 ], [ -86.846958073943739, 41.714085342557532 ], [ -86.796199447241989, 41.740384953570249 ], [ -86.750466639181255, 41.779500669159312 ], [ -86.613293133409044, 41.894289410028229 ], [ -86.576424790196086, 41.941496072640021 ], [ -86.518340867201943, 42.019582543831341 ], [ -86.467195044876391, 42.095672563541598 ], [ -86.438215689060939, 42.133463158186949 ], [ -86.392661126361389, 42.192484424180918 ], [ -86.359887453042475, 42.232482119389836 ], [ -86.314201677116102, 42.291485312330622 ], [ -86.283672662461512, 42.339134601563458 ], [ -86.260551342631913, 42.382346012600308 ], [ -86.232627554640004, 42.435187849430946 ], [ -86.223209186257563, 42.501916236650715 ], [ -86.194740365665254, 42.582202028384415 ], [ -86.185494355339188, 42.671444325716962 ], [ -86.188291222863597, 42.724126048980501 ], [ -86.185690567865691, 42.838882056896502 ], [ -86.191190867109853, 42.896780932274872 ], [ -86.200105498654125, 42.954938302183457 ], [ -86.214090622224077, 43.025979784944759 ], [ -86.224802133070398, 43.071779610121354 ], [ -86.239166370183383, 43.093257932809777 ], [ -86.053161767337258, 43.08512738764135 ], [ -85.929649060743913, 43.075661500989725 ], [ -85.713583022018497, 43.0588160923608 ], [ -85.452219010409962, 43.032289850854646 ], [ -85.252695157290432, 43.010337492443142 ], [ -84.988112078711538, 43.005252971153453 ], [ -84.815970232249711, 43.007596392518792 ], [ -84.648744451602269, 43.027147688053361 ], [ -84.518065508542335, 43.061057924220485 ], [ -84.429728218594093, 43.121297599821844 ], [ -84.323900545656784, 43.191278885533897 ], [ -84.246831307633187, 43.27514084318053 ], [ -84.205332721106075, 43.333824547531272 ], [ -84.125077784534, 43.388996638372326 ], [ -84.0495872481318, 43.41618590001152 ], [ -83.965310313321993, 43.448208554965163 ], [ -83.695821034989237, 43.502679174040686 ], [ -83.47753170964323, 43.533133015698411 ], [ -83.335013867342795, 43.536485920359404 ], [ -83.140389723248504, 43.523212503893767 ], [ -83.026416021761605, 43.500601053442935 ], [ -82.899196261972023, 43.465187854113793 ], [ -82.785398868318609, 43.442371178436595 ], [ -82.619799472053359, 43.402785218634612 ], [ -82.532568818529299, 43.380326198217375 ], [ -82.532138658188941, 43.374751356928684 ], [ -82.523771590384996, 43.3395958815765 ], [ -82.514343396148234, 43.309863717900747 ], [ -82.482888206674644, 43.244666185229732 ], [ -82.475423458024835, 43.197439814466037 ], [ -82.461569714202312, 43.136280091526949 ], [ -82.448141122425668, 43.103917623287018 ], [ -82.421330617067767, 43.031454722571404 ], [ -82.413468939596257, 43.009624077750544 ], [ -82.379385689838472, 42.989471442293514 ], [ -82.333092043183541, 43.000095827044227 ], [ -82.310037900238825, 43.008730865586948 ], [ -82.288277732893036, 43.010861571587036 ], [ -82.285973292120531, 43.010193407193171 ], [ -82.28463965119829, 43.009835650567773 ], [ -82.283296816944059, 43.009492739690522 ], [ -82.281945870815349, 43.009167049900725 ], [ -82.280586811914574, 43.00885858092149 ], [ -82.279221165015926, 43.00856749346044 ], [ -82.277847403495116, 43.008293626287355 ], [ -82.276468577750677, 43.008037301158822 ], [ -82.275085130513446, 43.007796303229377 ], [ -82.273694647719552, 43.007574900604915 ], [ -82.272299097706039, 43.007371039452927 ], [ -82.27089847945247, 43.007184719594903 ], [ -82.269494317557417, 43.007016101951102 ], [ -82.268086167019206, 43.006867401031933 ], [ -82.26667338900981, 43.006734026299092 ], [ -82.265260115402867, 43.00661867566248 ], [ -82.263841768284166, 43.0065208656059 ], [ -82.262422479260266, 43.006443294114511 ], [ -82.261001609831766, 43.006381370729507 ], [ -82.259580240408127, 43.006337471215829 ], [ -82.258156400029407, 43.006313648926302 ], [ -82.256732501649211, 43.006305635829854 ], [ -82.25530962551332, 43.006315807780105 ], [ -82.25388732609747, 43.006346379399638 ], [ -82.252464965455459, 43.006392760247472 ], [ -82.251043623689142, 43.006457326216974 ], [ -82.249624823611128, 43.006540238132757 ], [ -82.248209003732811, 43.006639279869148 ], [ -82.246793754836474, 43.006758721490279 ], [ -82.24538301617838, 43.006894456669201 ], [ -82.243976342061472, 43.007048700118609 ], [ -82.242572205803441, 43.007221290568395 ], [ -82.241172576697224, 43.007410174998654 ], [ -82.239778534505149, 43.007617729559612 ], [ -82.238388552564317, 43.007843792984666 ], [ -82.237006125916835, 43.00808647384634 ], [ -82.23562820247146, 43.008345449411493 ], [ -82.234255861845057, 43.008623095882847 ], [ -82.23289259926662, 43.00891752199103 ], [ -82.231534917528492, 43.009230619477222 ], [ -82.230184786386886, 43.009560335584112 ], [ -82.2288441758066, 43.009904617631754 ], [ -82.227512194534739, 43.010267894958908 ], [ -82.226187761310413, 43.010647791747061 ], [ -82.22487240092137, 43.011044469876794 ], [ -82.223567638190403, 43.011458091289995 ], [ -82.222273917798276, 43.01188644183739 ], [ -82.22098882249054, 43.012333789201172 ], [ -82.219714768099763, 43.012795866370602 ], [ -82.218453279686059, 43.013272835397011 ], [ -82.217202385403766, 43.013766749453715 ], [ -82.215964055899164, 43.01427555612409 ], [ -82.171559358974065, 43.022835705954243 ], [ -82.13794486175685, 43.045808841652352 ], [ -82.118626030026945, 43.065875275449677 ], [ -82.096134528976492, 43.078963923357172 ], [ -82.061687464977993, 43.090767753718254 ], [ -82.035747674066855, 43.105692174655651 ], [ -82.022136794090031, 43.127472140598826 ], [ -82.014497544805721, 43.149891524974613 ], [ -81.992508864969224, 43.175196236381836 ], [ -81.963309098194912, 43.190869594469561 ], [ -81.940812559869812, 43.196979118997113 ], [ -81.909967215810894, 43.211316031302353 ], [ -81.855570933907401, 43.238240776218682 ], [ -81.801133486946611, 43.265144290684411 ], [ -81.74851969868611, 43.299804762630842 ], [ -81.717382585327059, 43.331756298168365 ], [ -81.704649486497885, 43.375820731014215 ], [ -81.690862042191483, 43.42482694756626 ], [ -81.676238194654303, 43.477959892158168 ], [ -81.645281212254531, 43.489946405877717 ], [ -81.586287579510952, 43.516459227130056 ], [ -81.54961877993982, 43.545419276296101 ], [ -81.476771122483996, 43.564862398222466 ], [ -81.436026366406338, 43.576841190100311 ], [ -81.356303138412997, 43.556938523985131 ], [ -81.331120368739207, 43.532104648791403 ], [ -81.330624941472465, 43.499031634657868 ], [ -81.34220592942323, 43.445307172661586 ], [ -81.369799420436934, 43.387882121532748 ], [ -81.419643475546025, 43.33295061705482 ], [ -81.512251540240683, 43.255278119297678 ], [ -81.617224416006167, 43.18993425820257 ], [ -81.719753330286395, 43.135259013183827 ], [ -81.817663778167258, 43.102002087232457 ], [ -81.875460377800536, 43.042358932792212 ], [ -81.8972606310071, 42.973311651137131 ], [ -81.924203541245078, 42.915815208999163 ], [ -81.937427463087104, 42.851344943348082 ], [ -81.939947519984642, 42.802194903292801 ], [ -81.926285582547962, 42.79522123667671 ], [ -81.859865621370844, 42.787992255363548 ], [ -81.726631326131113, 42.811836185788636 ], [ -81.631337972703321, 42.834271840210683 ], [ -81.521217868438384, 42.854990764748585 ], [ -81.416131675043204, 42.887184741036634 ], [ -81.304712455199024, 42.913091691128933 ], [ -81.155112577549076, 42.940051490352623 ], [ -81.015133586259893, 42.956964253196354 ], [ -80.899616026912739, 42.965580240402765 ], [ -80.743344322782193, 42.95280283979168 ], [ -80.646175638595608, 42.946841891530802 ], [ -80.533053620325305, 42.944410290933007 ], [ -80.466722493815254, 42.969516474642631 ], [ -80.394226006393282, 43.021389286822838 ], [ -80.331470643452732, 43.063398670196193 ], [ -80.29204776139467, 43.135757458170538 ], [ -80.269808334962022, 43.232242248105514 ], [ -80.251227761462943, 43.312654943563054 ], [ -80.190555711798424, 43.376959114606173 ], [ -80.138449058393533, 43.436784613062649 ], [ -80.059036600010955, 43.48224558536252 ], [ -79.993275771914696, 43.501772104688897 ], [ -79.952314492510013, 43.513289998238783 ], [ -79.843165787207255, 43.521892059967335 ], [ -79.74655628898509, 43.509897399313608 ], [ -79.719407709908239, 43.495477337813391 ], [ -79.681281591526371, 43.463122732406248 ], [ -79.658501770724499, 43.408388892506601 ], [ -79.662149459657641, 43.40411607639269 ], [ -79.688330818167543, 43.376382076936537 ], [ -79.756948670150678, 43.334211841852394 ], [ -79.79051221672853, 43.324300481997184 ], [ -79.832939974496625, 43.309846578954229 ], [ -79.857718383891921, 43.287557950462769 ], [ -79.853393272732561, 43.272930530408061 ], [ -79.797932950913804, 43.260397631608832 ], [ -79.721759389702754, 43.236793955583828 ], [ -79.636105580185273, 43.220404690534323 ], [ -79.557390761839059, 43.207653218426913 ], [ -79.489376875015964, 43.19902965247492 ], [ -79.428934091038897, 43.19133475959331 ], [ -79.394274150565465, 43.189727730057349 ], [ -79.360952731785474, 43.182644922470445 ], [ -79.320086531763621, 43.174581789304312 ], [ -79.247427991254284, 43.184974071476717 ], [ -79.17514711645498, 43.209485027367386 ], [ -79.089444568950171, 43.240684132269607 ], [ -79.022191299090167, 43.260137596979227 ], [ -78.834665787173066, 43.291968382380979 ], [ -78.757338623135738, 43.304325802132603 ], [ -78.709219097562681, 43.309230380350769 ], [ -78.606799808035873, 43.312515588090911 ], [ -78.528004171395153, 43.33020084307352 ], [ -78.458843963364046, 43.340666763618131 ], [ -78.394857385884762, 43.346147780235505 ], [ -78.322594575509868, 43.35329928946804 ], [ -78.235204412169026, 43.358349190101812 ], [ -78.141682530249867, 43.356843341706785 ], [ -78.008077037818126, 43.344072740830384 ], [ -77.894981382852208, 43.342505697918959 ], [ -77.839956972831629, 43.343311296355061 ], [ -77.773501497119327, 43.328344051098043 ], [ -77.740914506072883, 43.30395777895481 ], [ -77.696308634774851, 43.280695098713757 ], [ -77.666890410507619, 43.273713612125029 ], [ -77.64640642702291, 43.248176204067462 ], [ -77.583111625000313, 43.23637247375742 ], [ -77.553659586708093, 43.21520437873388 ], [ -77.512195783139646, 43.195144047255347 ], [ -77.481399038815482, 43.207730491044806 ], [ -77.45663049695797, 43.226838099405981 ], [ -77.434083644646208, 43.237767326651436 ], [ -77.415339938474389, 43.236935105291572 ], [ -77.417606886369882, 43.237260039084475 ], [ -77.387251986852405, 43.244842734528177 ], [ -77.326973491276988, 43.258347056223819 ], [ -77.256691403932976, 43.265263095061961 ], [ -77.158730775797437, 43.269833226925201 ], [ -77.068474010910379, 43.27204267607906 ], [ -77.024058296408157, 43.262136376077741 ], [ -76.993740630124378, 43.244038406977474 ], [ -76.962518548203803, 43.229215938983835 ], [ -76.952575297670677, 43.222632546997517 ], [ -76.93622421224299, 43.230469005732218 ], [ -76.928470456471885, 43.241276534327696 ], [ -76.90803515514277, 43.255309263617306 ], [ -76.900566536429622, 43.245270577749075 ], [ -76.878740923484258, 43.229359227601755 ], [ -76.841752912906017, 43.215431965934791 ], [ -76.804205520113157, 43.203525071283082 ], [ -76.764945097725942, 43.19769833567814 ], [ -76.721734521669859, 43.195502442853034 ], [ -76.665088594477027, 43.189169673776462 ], [ -76.603330420105806, 43.190510524115375 ], [ -76.56060662623662, 43.196799800562808 ], [ -76.517874955475236, 43.203075307370277 ], [ -76.480741478453027, 43.210182323898515 ], [ -76.462424382226288, 43.211948185729653 ], [ -76.404272524331958, 43.231641669537147 ], [ -76.357983903823339, 43.240453026882086 ], [ -76.297566905756028, 43.237602565000969 ], [ -76.240230304142429, 43.25419202552284 ], [ -76.192133303097094, 43.269008527701061 ], [ -76.127886703403306, 43.294002287256831 ], [ -76.087230004834879, 43.313098105911685 ], [ -76.066893190550758, 43.322641531480926 ] ], [ [ -81.177201017408095, 42.629863268596949 ], [ -81.304853908665706, 42.608384945499132 ], [ -81.374852199446082, 42.594118612610139 ], [ -81.464022376730568, 42.575314238758118 ], [ -81.567059546955846, 42.533590440586352 ], [ -81.630930778234855, 42.489666517636017 ], [ -81.679700341891873, 42.459579166938745 ], [ -81.733089467406316, 42.39227334129049 ], [ -81.772128631707275, 42.349996905495559 ], [ -81.807555706129477, 42.325066748289188 ], [ -81.821785012986908, 42.300016273459619 ], [ -81.825497966370378, 42.267153040097938 ], [ -81.839707559631449, 42.242102303798369 ], [ -81.862193982171306, 42.23570439902025 ], [ -81.928613419973217, 42.236330056642785 ], [ -82.053117245486504, 42.218843563051557 ], [ -82.139885607733007, 42.208267658136968 ], [ -82.207646167562459, 42.186735175081829 ], [ -82.273269756306547, 42.160510282100695 ], [ -82.386632282142415, 42.106088894909888 ], [ -82.421735206937086, 42.065493347799496 ], [ -82.444989395631822, 42.023644044059466 ], [ -82.463585169462334, 41.97465752429261 ], [ -82.485517843325169, 41.93931793977562 ], [ -82.513323589697691, 41.935599475163556 ], [ -82.541136631450215, 41.96288546045664 ], [ -82.568131909170816, 41.994505127672937 ], [ -82.633517721656006, 42.014619530758615 ], [ -82.679061755510872, 42.012708367964223 ], [ -82.781482562112089, 41.996725111877659 ], [ -82.861136133097162, 41.989404189207441 ], [ -82.929872273510838, 41.991993527061673 ], [ -82.974272698546656, 42.0120001428253 ], [ -82.99413939955582, 42.018439794382445 ], [ -83.055378043099296, 42.029051347675278 ], [ -83.098222345757904, 42.057704796921101 ], [ -83.107223713255877, 42.074100653234787 ], [ -83.1121930492872, 42.112223835804919 ], [ -83.111113808241626, 42.134248432865064 ], [ -83.09589414747748, 42.183630777137047 ], [ -83.084704078652109, 42.211286539632717 ], [ -83.063802341760578, 42.242393197351888 ], [ -83.038986516543829, 42.262037767733617 ], [ -82.987057623300899, 42.281158970778115 ], [ -82.938885686713959, 42.29621503895526 ], [ -82.905437236798946, 42.297249955666658 ], [ -82.869436087385893, 42.295802024802398 ], [ -82.828745171952363, 42.287221481503323 ], [ -82.785099899148108, 42.278324297532521 ], [ -82.726277120588151, 42.285568564146708 ], [ -82.672081481611002, 42.284403882407837 ], [ -82.637798465894534, 42.289713175252452 ], [ -82.594195120639185, 42.296262150761848 ], [ -82.545922734587634, 42.295661531492293 ], [ -82.500191111673573, 42.297524648782591 ], [ -82.459108607069084, 42.30650993034758 ], [ -82.42520474553227, 42.325103311268201 ], [ -82.401436961301684, 42.35362396547837 ], [ -82.395024817825615, 42.386193724931402 ], [ -82.401765600165319, 42.413500975841607 ], [ -82.41445077231451, 42.441434081282694 ], [ -82.441591266884558, 42.457587067922262 ], [ -82.476815288694169, 42.463497205191544 ], [ -82.511622271827122, 42.471569650096136 ], [ -82.521811952374975, 42.481499734342748 ], [ -82.568099422861593, 42.492968853682711 ], [ -82.611850616438872, 42.50194151679537 ], [ -82.6390885718193, 42.533569598067373 ], [ -82.639988549702323, 42.560254446723818 ], [ -82.62389379371497, 42.596266233578085 ], [ -82.619698865168502, 42.63350798778503 ], [ -82.634201015826264, 42.652737409365123 ], [ -82.672099806978181, 42.6610759956435 ], [ -82.718485837525662, 42.65697794627463 ], [ -82.75676224184312, 42.647601204083998 ], [ -82.777981616740973, 42.632044725835279 ], [ -82.788942616787068, 42.606572945291056 ], [ -82.790130613111913, 42.584537510047511 ], [ -82.784532051878401, 42.56624030141937 ], [ -82.787447067140562, 42.551030714886892 ], [ -82.799703075640863, 42.534558005372851 ], [ -82.824270000861389, 42.517125368404827 ], [ -82.846263329636329, 42.497212868347567 ], [ -82.859660114824422, 42.458703232436143 ], [ -82.865860951201896, 42.426110235887364 ], [ -82.880141719163731, 42.398767438680132 ], [ -82.896555867259337, 42.376073041187908 ], [ -82.927390622271304, 42.357054753393015 ], [ -82.963324606286164, 42.342975113962211 ], [ -83.002619821020829, 42.32701204127676 ], [ -83.036370056638916, 42.308267916605075 ], [ -83.058238569438174, 42.288325057274513 ], [ -83.084679936718544, 42.259984427338438 ], [ -83.110563604877498, 42.218303722498668 ], [ -83.126589548457488, 42.164569973060104 ], [ -83.134253563617904, 42.123284150690331 ], [ -83.139491998210602, 42.095037714545207 ], [ -83.153857560768174, 42.05000068212621 ], [ -83.166343110788233, 42.031331882138417 ], [ -83.186335170311054, 42.004559650693281 ], [ -83.218925551421577, 41.974618316545964 ], [ -83.243589057169274, 41.954945948557878 ], [ -83.268238921706399, 41.935269418214361 ], [ -83.326348366047, 41.896778593109175 ], [ -83.360988246014614, 41.871439752240065 ], [ -83.381252880084034, 41.842471381061308 ], [ -83.394032902308211, 41.821612013249229 ], [ -83.41053800021912, 41.79669609154616 ], [ -83.42703137612186, 41.771778772742501 ], [ -83.451956007440927, 41.749896628246844 ], [ -83.474311590133595, 41.725551995706567 ], [ -83.493708121838907, 41.700916449675049 ], [ -83.497991442064276, 41.677014486704351 ], [ -83.497774647171028, 41.66151610340043 ], [ -83.470912229312418, 41.661098062950643 ], [ -83.432879531986885, 41.672844820007093 ], [ -83.368750037799543, 41.679796317612748 ], [ -83.330115816277484, 41.678186394190163 ], [ -83.274628916253789, 41.670466171260394 ], [ -83.224081629881667, 41.65215514914788 ], [ -83.206686600951102, 41.632721330971421 ], [ -83.188904296149374, 41.615457274667236 ], [ -83.121596096713048, 41.590998098607727 ], [ -83.067527775304185, 41.592171377487112 ], [ -83.040981599588477, 41.57399518105386 ], [ -83.02446467940338, 41.550196212466211 ], [ -82.994203494145097, 41.536056780338811 ], [ -82.951410656361176, 41.525050194285861 ], [ -82.911650384369196, 41.529829408031873 ], [ -82.825838260565618, 41.540913598604106 ], [ -82.774327715845502, 41.544436392683053 ], [ -82.744117896985699, 41.53023779027874 ], [ -82.761196487926426, 41.503241276753897 ], [ -82.788754309202787, 41.483970487187065 ], [ -82.849013905836429, 41.481349325845763 ], [ -82.903813772128785, 41.475925357703595 ], [ -82.923836501740936, 41.464707508305899 ], [ -82.955980400700653, 41.452513859865576 ], [ -82.967603557902422, 41.43821704868661 ], [ -82.959524803802779, 41.417481629684509 ], [ -82.93104613704233, 41.410140099065835 ], [ -82.901355054350304, 41.40930309352381 ], [ -82.829106068587436, 41.428403695946869 ], [ -82.78148497272592, 41.443387030371547 ], [ -82.71667670265235, 41.454351727649325 ], [ -82.661845550117391, 41.44419856142779 ], [ -82.625845236484096, 41.42935764248044 ], [ -82.59988926959916, 41.408925787551098 ], [ -82.554298352446992, 41.381987005752819 ], [ -82.482835190057955, 41.365563113670376 ], [ -82.426407219174081, 41.37948041914607 ], [ -82.374116556629176, 41.402672902369716 ], [ -82.309236690472886, 41.428925326945034 ], [ -82.223025610418858, 41.441772405941826 ], [ -82.179908491183625, 41.448174016826961 ], [ -82.135494519020227, 41.461066914591648 ], [ -82.072968168906698, 41.489689146802732 ], [ -82.030241948909378, 41.493873115956617 ], [ -81.968756761564705, 41.487119635033537 ], [ -81.84450329397275, 41.480028680271353 ], [ -81.794752078528774, 41.47449226395068 ], [ -81.73766079059925, 41.490277080048088 ], [ -81.669795924554506, 41.529209783301852 ], [ -81.635612041864619, 41.549746269643833 ], [ -81.52504708698423, 41.605974056198733 ], [ -81.453567483659171, 41.646629578017908 ], [ -81.390803669970609, 41.688256111871418 ], [ -81.311730093993205, 41.721331439677293 ], [ -81.23707410489061, 41.761534855137874 ], [ -81.199255159793637, 41.783788316816391 ], [ -81.13992624818944, 41.80797664956517 ], [ -80.960851960030496, 41.842534630961929 ], [ -80.848135861918692, 41.875856513523672 ], [ -80.584586344147795, 41.922113802209743 ], [ -80.473048672279845, 41.96195678551075 ], [ -80.39127093270055, 41.989793605819322 ], [ -80.294719386976794, 42.029113899770351 ], [ -80.247125431168641, 42.065512355282401 ], [ -80.191595473690455, 42.12315917202276 ], [ -80.169935930954736, 42.151622246258505 ], [ -80.137957132169248, 42.172135714282348 ], [ -80.106494930540364, 42.177137760741751 ], [ -80.088352535015161, 42.163768840259912 ], [ -80.089887422462155, 42.143941083978298 ], [ -80.119967274797645, 42.127761262318657 ], [ -80.137703687209381, 42.118071831787063 ], [ -80.145925645773389, 42.108689051894899 ], [ -80.137422639295011, 42.098722117255029 ], [ -80.117754768731132, 42.09628653591421 ], [ -80.100333958868134, 42.098531098044987 ], [ -80.041807976357319, 42.129070424408532 ], [ -80.003408696603643, 42.150978592956371 ], [ -79.902965522396073, 42.191807908966055 ], [ -79.836443324711212, 42.216825409676588 ], [ -79.749234985912324, 42.239196211601381 ], [ -79.689928901352772, 42.271743020819251 ], [ -79.606832756968231, 42.314596959116173 ], [ -79.552410925618048, 42.338814562275907 ], [ -79.499348979809795, 42.369872590028571 ], [ -79.486234630325768, 42.376165671191316 ], [ -79.435606432811625, 42.409369768599561 ], [ -79.36854630796374, 42.446111084006915 ], [ -79.319145723790541, 42.473769805288015 ], [ -79.280583973963843, 42.48863256239121 ], [ -79.253303518499649, 42.504954431449612 ], [ -79.218476839028142, 42.520289579195797 ], [ -79.175427975886123, 42.537381469979415 ], [ -79.125499087689491, 42.550723118301093 ], [ -79.101924379240089, 42.567508145490521 ], [ -79.085876983966031, 42.5852791182906 ], [ -79.06778376686816, 42.611298607008891 ], [ -79.047946681246785, 42.628570625730603 ], [ -79.026738029293739, 42.651340817532933 ], [ -78.994195322207645, 42.672616212297925 ], [ -78.966773543030101, 42.688881856563974 ], [ -78.934194536964867, 42.710143263737514 ], [ -78.898508764146513, 42.728146016483137 ], [ -78.870354736747302, 42.747141676782263 ], [ -78.854538385166933, 42.779141000117008 ], [ -78.860360689321524, 42.802648241772914 ], [ -78.873061198017126, 42.829905560492953 ], [ -78.904682389303431, 42.859667207457107 ], [ -78.940450874587214, 42.872917338477819 ], [ -78.991009828338207, 42.873895099765029 ], [ -79.029165477748123, 42.861862400430674 ], [ -79.047030077825056, 42.852840504331155 ], [ -79.076236098357498, 42.8453043784382 ], [ -79.148122070947437, 42.854693870214788 ], [ -79.219352003686581, 42.866797318945011 ], [ -79.255442732674396, 42.862954307067234 ], [ -79.294218547091205, 42.848091104179097 ], [ -79.332067880386333, 42.852974908530264 ], [ -79.376824605293351, 42.861575161758516 ], [ -79.413571074043034, 42.854936711502916 ], [ -79.445404330606834, 42.836303526225606 ], [ -79.477016587736003, 42.834669444250302 ], [ -79.506636488100753, 42.841289707801103 ], [ -79.542510690708198, 42.85437248562468 ], [ -79.562105724248013, 42.854026891157034 ], [ -79.585005931433528, 42.839905031915507 ], [ -79.601643171724348, 42.819313567553117 ], [ -79.63834555920937, 42.812612463296524 ], [ -79.678015754651099, 42.826136341969338 ], [ -79.700734268738884, 42.829001251780461 ], [ -79.733644464430711, 42.821795911738491 ], [ -79.789268185297217, 42.817432007144603 ], [ -79.849320036475049, 42.81076080926568 ], [ -79.911302975823844, 42.795796933249498 ], [ -80.175345571478999, 42.748989742946939 ], [ -80.256139511287117, 42.719176385594501 ], [ -80.294619313184427, 42.687018429293715 ], [ -80.308489457104557, 42.660366570467431 ], [ -80.315416971944501, 42.630040312079281 ], [ -80.341238374450541, 42.619007467085304 ], [ -80.387847171038956, 42.618985862225728 ], [ -80.414279509220691, 42.605182940061731 ], [ -80.414877848551512, 42.585425668456608 ], [ -80.387159689938713, 42.570744691480705 ], [ -80.351913306082196, 42.572140614027916 ], [ -80.316036318394012, 42.576284683073609 ], [ -80.292747286532204, 42.576283721844433 ], [ -80.262534853894806, 42.572602156146459 ], [ -80.216589297608422, 42.569823402616443 ], [ -80.174421534730257, 42.567489114334471 ], [ -80.114020554049631, 42.560063303187079 ], [ -80.073140052262758, 42.552187561065537 ], [ -80.037387153008922, 42.522256387797661 ], [ -80.078301204141496, 42.513145746972896 ], [ -80.124204034377456, 42.515973384011502 ], [ -80.173248932009272, 42.522004881634174 ], [ -80.222302315559929, 42.52801792324609 ], [ -80.28646212565917, 42.535852729362993 ], [ -80.341193266167707, 42.534012301602893 ], [ -80.406620005675421, 42.536274096187775 ], [ -80.444999152010723, 42.538074714442416 ], [ -80.521143589976376, 42.544402762323799 ], [ -80.596065475962774, 42.556199158618739 ], [ -80.653435106625082, 42.577191705085696 ], [ -80.695717941214397, 42.596368373232345 ], [ -80.731075608027069, 42.611878349996978 ], [ -80.768893143906226, 42.616343154312936 ], [ -80.88298197364972, 42.626911220494279 ], [ -80.982569233962366, 42.632862390010843 ], [ -81.058863918123976, 42.638876067426402 ], [ -81.177201017408095, 42.629863268596949 ] ], [ [ -74.651856659210679, 39.965401624978931 ], [ -74.846542042030819, 39.803366616267773 ], [ -74.888820174119417, 39.787006160858873 ], [ -74.974796869827045, 39.707307437418834 ], [ -75.041506656191174, 39.629024705797555 ], [ -75.077891307302536, 39.526712113378991 ], [ -75.084661211476273, 39.41937059933958 ], [ -75.024803228422883, 39.359627345063842 ], [ -74.882117566677053, 39.318632574160809 ], [ -74.828051702895067, 39.323467736133367 ], [ -74.738096757537932, 39.355107887227895 ], [ -74.649496265858531, 39.412903167181817 ], [ -74.551710968955135, 39.490311334389595 ], [ -74.48005745048664, 39.562809479177275 ], [ -74.40984866039355, 39.640271990123168 ], [ -74.366110060954639, 39.722375339853286 ], [ -74.316827013510945, 39.791692021131361 ], [ -74.260268138099434, 39.904633387968033 ], [ -74.205413664987816, 40.001338673956631 ], [ -74.173300542294911, 40.094968469045661 ], [ -74.161864716363439, 40.152059979924132 ], [ -74.175925858800809, 40.187638854404305 ], [ -74.203104504022392, 40.21133538580942 ], [ -74.26445140982635, 40.236287910924027 ], [ -74.32610548022636, 40.239985285637175 ], [ -74.379986104628799, 40.228117621867128 ], [ -74.430188791214931, 40.187235641197503 ], [ -74.494060731416951, 40.132180320026656 ], [ -74.551203969211912, 40.078307364490392 ], [ -74.604358973637119, 40.016650223480433 ], [ -74.651856659210679, 39.965401624978931 ] ] ] ] } },
{ "type": "Feature", "properties": { "fid": 5, "AREA": 0.03668, "PERIMETER": 0.71472, "LIRITULI_": 6, "LIRITULI_I": 4, "CODE": 1 }, "geometry": { "type": "MultiPolygon", "coordinates": [ [ [ [ -75.333307887170676, 42.250086257345906 ], [ -75.33790831688728, 42.263504100576284 ], [ -75.324675058935583, 42.29304487955747 ], [ -75.29540263155566, 42.332663368123562 ], [ -75.250954321119337, 42.350804035890889 ], [ -75.179434392093057, 42.358185567476355 ], [ -75.142304098155932, 42.352128590072425 ], [ -75.106586016402531, 42.327269515352732 ], [ -75.070462726424481, 42.289649591985032 ], [ -75.060934418072193, 42.250042925458182 ], [ -75.077034920437882, 42.21147405739017 ], [ -75.132426270134701, 42.185686758719818 ], [ -75.212005132592694, 42.179675415274517 ], [ -75.266894896230085, 42.198120016319287 ], [ -75.315437651799144, 42.237685816631021 ], [ -75.333307887170676, 42.250086257345906 ] ] ] ] } },
{ "type": "Feature", "properties": { "fid": 6, "AREA": 0.3461, "PERIMETER": 3.08067, "LIRITULI_": 7, "LIRITULI_I": 7, "CODE": 1 }, "geometry": { "type": "MultiPolygon", "coordinates": [ [ [ [ -79.157641423450826, 42.031529579642701 ], [ -79.113069604184403, 42.045790887149792 ], [ -79.041498677567574, 42.08063336232798 ], [ -78.994470316654144, 42.10460829517713 ], [ -78.964080557958312, 42.138843992833451 ], [ -78.92882740095358, 42.170415280345651 ], [ -78.881946102, 42.182294742515374 ], [ -78.818640840532396, 42.171806031234709 ], [ -78.777361144753769, 42.15014008363827 ], [ -78.755938400359838, 42.115011439903498 ], [ -78.769036846416995, 42.084531476033163 ], [ -78.794192635827187, 42.049630275819496 ], [ -78.818838719687506, 42.016675318213466 ], [ -78.82804270288014, 41.979631470457797 ], [ -78.805935542659583, 41.93636402659692 ], [ -78.792244529618245, 41.914372852848601 ], [ -78.751708489932852, 41.846444746167364 ], [ -78.736379314721475, 41.820194106195665 ], [ -78.740151920756972, 41.815175903015167 ], [ -78.745215828386463, 41.794840452080834 ], [ -78.751653643547471, 41.781698388666094 ], [ -78.783716079908501, 41.767350519611696 ], [ -78.809377969977305, 41.74045708200233 ], [ -78.831134496324509, 41.703695466894402 ], [ -78.82339723418545, 41.658287300315806 ], [ -78.79815067339932, 41.619851742023208 ], [ -78.753537926689674, 41.557767364044317 ], [ -78.715666900157615, 41.494243851382549 ], [ -78.697516269136855, 41.440400247057106 ], [ -78.718678411848913, 41.405927238233055 ], [ -78.76611468255264, 41.379699051396265 ], [ -78.837853331929722, 41.382428463501292 ], [ -78.895191502414306, 41.392510897205938 ], [ -78.970018983023763, 41.421251010475252 ], [ -79.014145457009661, 41.459836345091993 ], [ -79.056421692295189, 41.519156376135754 ], [ -79.077373815292859, 41.575619645022883 ], [ -79.097500165387856, 41.622634191854146 ], [ -79.160186667407686, 41.663613659918262 ], [ -79.218016504255672, 41.659583791653318 ], [ -79.276317805672278, 41.587939537521123 ], [ -79.279171621761563, 41.497343194837228 ], [ -79.312325667545295, 41.424736609743199 ], [ -79.368163470972718, 41.401749587048826 ], [ -79.454127469816513, 41.410654143341347 ], [ -79.478747614341799, 41.439507524907476 ], [ -79.466778419894368, 41.503235803265696 ], [ -79.454050415858148, 41.543551601410662 ], [ -79.43215018251783, 41.622320608374849 ], [ -79.397945909694812, 41.699496172974946 ], [ -79.355551463244481, 41.770944408317995 ], [ -79.28667798284927, 41.859930471022203 ], [ -79.228161169180751, 41.931600739605315 ], [ -79.163465382448749, 42.028131146328555 ], [ -79.157641423450826, 42.031529579642701 ] ] ] ] } },
{ "type": "Feature", "properties": { "fid": 7, "AREA": 0.02888, "PERIMETER": 0.61841, "LIRITULI_": 8, "LIRITULI_I": 9, "CODE": 1 }, "geometry": { "type": "MultiPolygon", "coordinates": [ [ [ [ -79.585911291549877, 41.973371478187033 ], [ -79.571993551506338, 41.978581651900463 ], [ -79.506690155863197, 41.986505514450222 ], [ -79.441175785081228, 41.968707963877506 ], [ -79.412226802667348, 41.943958034852216 ], [ -79.407158423197316, 41.898973434590907 ], [ -79.425753981580073, 41.847733481867571 ], [ -79.458955084942417, 41.814719072806838 ], [ -79.50515311371457, 41.806705040982095 ], [ -79.551039549104743, 41.826620647272556 ], [ -79.598417106365886, 41.853704484694497 ], [ -79.612428229876755, 41.888150970511276 ], [ -79.61762739579477, 41.933126727039323 ], [ -79.585911291549877, 41.973371478187033 ] ] ] ] } },
{ "type": "Feature", "properties": { "fid": 8, "AREA": 0.0341, "PERIMETER": 0.67621, "LIRITULI_": 9, "LIRITULI_I": 8, "CODE": 1 }, "geometry": { "type": "MultiPolygon", "coordinates": [ [ [ [ -78.030949032410376, 41.724636769111406 ], [ -78.041106540787681, 41.738174659581041 ], [ -78.041568267703127, 41.778586512120675 ], [ -78.009338877908419, 41.81842212257795 ], [ -77.972191502445369, 41.845454175284722 ], [ -77.919478770213843, 41.848074655746487 ], [ -77.859682577988991, 41.82544679135421 ], [ -77.821459266459641, 41.79375829868242 ], [ -77.800624560973276, 41.758487812564965 ], [ -77.801404178312822, 41.724288631972911 ], [ -77.808043389883849, 41.69900202020515 ], [ -77.810471572716267, 41.691238281442146 ], [ -77.833554363453175, 41.67398146406439 ], [ -77.873357532440295, 41.663676102448491 ], [ -77.91325858956229, 41.664792829991406 ], [ -77.959813828386871, 41.675975377668159 ], [ -77.987345176018493, 41.689012736061073 ], [ -78.024535150902281, 41.7125415182783 ], [ -78.030949032410376, 41.724636769111406 ] ] ] ] } },
{ "type": "Feature", "properties": { "fid": 9, "AREA": 0.03125, "PERIMETER": 0.64863, "LIRITULI_": 10, "LIRITULI_I": 10, "CODE": 1 }, "geometry": { "type": "MultiPolygon", "coordinates": [ [ [ [ -78.268605278586534, 41.537598154085607 ], [ -78.227191607193191, 41.549301864469328 ], [ -78.168355565069973, 41.550180480774713 ], [ -78.109235325455984, 41.528166985806514 ], [ -78.069004646622915, 41.492814567111296 ], [ -78.062387838015411, 41.434814619685952 ], [ -78.093396090192073, 41.398117003604924 ], [ -78.156622295464572, 41.379653089300575 ], [ -78.223104043408483, 41.384436368561019 ], [ -78.266717057547453, 41.406518988841711 ], [ -78.291006851529545, 41.444137273958482 ], [ -78.287591262619131, 41.493854723340398 ], [ -78.268605278586534, 41.537598154085607 ] ] ] ] } },
{ "type": "Feature", "properties": { "fid": 10, "AREA": 0.00163, "PERIMETER": 0.23112, "LIRITULI_": 11, "LIRITULI_I": 3, "CODE": 1 }, "geometry": { "type": "MultiPolygon", "coordinates": [ [ [ [ -72.030906079527284, 41.257872868956404 ], [ -72.037024746259576, 41.260925481734006 ], [ -72.038688645271989, 41.266204250830128 ], [ -72.037023819886414, 41.271759481576574 ], [ -72.033683790725618, 41.277312550216244 ], [ -72.028693132082054, 41.281203018662396 ], [ -72.022574392086653, 41.282310664374045 ], [ -72.00868962129924, 41.28314883286702 ], [ -71.994513194353928, 41.286208432004706 ], [ -71.98313013072223, 41.290374246853403 ], [ -71.968404294330128, 41.288985134165422 ], [ -71.961186445619617, 41.290091547495464 ], [ -71.937016013722797, 41.296203188874763 ], [ -71.940341970803843, 41.290650527337007 ], [ -71.946171466547256, 41.288429773602921 ], [ -71.953404473942001, 41.283707916876537 ], [ -71.965626403062359, 41.280372201425358 ], [ -71.971746176299732, 41.27758815658003 ], [ -71.976736091932452, 41.274536488071114 ], [ -71.990621872148225, 41.262871279791355 ], [ -71.996465807695643, 41.260926258394697 ], [ -72.005361745270747, 41.262870749863538 ], [ -72.012305141331609, 41.262595589430546 ], [ -72.023961763925882, 41.258148760048407 ], [ -72.030906079527284, 41.257872868956404 ] ] ] ] } },
{ "type": "Feature", "properties": { "fid": 11, "AREA": 0.00061, "PERIMETER": 0.10189, "LIRITULI_": 12, "LIRITULI_I": 3, "CODE": 1 }, "geometry": { "type": "MultiPolygon", "coordinates": [ [ [ [ -72.206477533708167, 41.166762392860633 ], [ -72.213420460950061, 41.1750936228987 ], [ -72.21035361829864, 41.181478268182452 ], [ -72.205913501196349, 41.185363871917609 ], [ -72.200633796588477, 41.188421360223785 ], [ -72.182018131585266, 41.193143895578416 ], [ -72.174525450990942, 41.192586950530981 ], [ -72.176188491440371, 41.186476893316964 ], [ -72.180353231263354, 41.181762784509502 ], [ -72.185343686566711, 41.177314131817504 ], [ -72.193126574249916, 41.168424906097499 ], [ -72.198406022383921, 41.165639932062213 ], [ -72.206477533708167, 41.166762392860633 ] ] ] ] } },
{ "type": "Feature", "properties": { "fid": 12, "AREA": 0.21774, "PERIMETER": 4.8617, "LIRITULI_": 13, "LIRITULI_I": 6, "CODE": 1 }, "geometry": { "type": "MultiPolygon", "coordinates": [ [ [ [ -72.620754154056556, 40.914171760651477 ], [ -72.62167799701497, 40.913947524056773 ], [ -72.639958300380172, 40.905781251027371 ], [ -72.685094553002926, 40.885598374070298 ], [ -72.719681456516838, 40.868206293770591 ], [ -72.785066285055308, 40.854159629610571 ], [ -72.862451563311609, 40.842311467854067 ], [ -72.951807865318315, 40.823099739736165 ], [ -73.023118338259891, 40.810042425284905 ], [ -73.10795979919088, 40.804199406878162 ], [ -73.19726645221067, 40.794355087963048 ], [ -73.322643642111686, 40.791015791680202 ], [ -73.381820698415012, 40.775570461215636 ], [ -73.501032904542953, 40.761426040838259 ], [ -73.562430678112776, 40.748688918583639 ], [ -73.602027655370676, 40.734392001099565 ], [ -73.658808873196534, 40.716029151948455 ], [ -73.716997315006751, 40.693141042803575 ], [ -73.758682528066814, 40.672045633531106 ], [ -73.79748173141094, 40.659938555182578 ], [ -73.803025654036375, 40.653249718582494 ], [ -73.812353206026827, 40.656759205891881 ], [ -73.828467183100472, 40.65925970359514 ], [ -73.843466726518102, 40.659816310613373 ], [ -73.850135360624364, 40.659260301021924 ], [ -73.868461916667982, 40.654537021278465 ], [ -73.878180804536626, 40.647320571292347 ], [ -73.88207335731552, 40.642597822584868 ], [ -73.899315861755355, 40.635931015296919 ], [ -73.895134145883404, 40.632039901021869 ], [ -73.887642387348208, 40.629536195593104 ], [ -73.884589932087479, 40.625370151904896 ], [ -73.8873678976896, 40.61898628250119 ], [ -73.883202404026562, 40.615101992897912 ], [ -73.874580706289592, 40.613155810018874 ], [ -73.871512888349585, 40.608708944627814 ], [ -73.875129392755312, 40.6031555781056 ], [ -73.87985989740821, 40.600103107400017 ], [ -73.887642181167493, 40.598149788471567 ], [ -73.900688304336626, 40.598433007299633 ], [ -73.908745379681307, 40.599821006108108 ], [ -73.915977477115973, 40.602881032418452 ], [ -73.922906160341171, 40.602322508271421 ], [ -73.934854090172763, 40.589536166420523 ], [ -73.939569823590674, 40.585653846592315 ], [ -73.946237316656038, 40.58509628279544 ], [ -73.95431003467138, 40.586211341620853 ], [ -73.968745211721426, 40.586210889538314 ], [ -74.000698195410266, 40.580656729400125 ], [ -74.007364857382882, 40.580382583154339 ], [ -74.004039212665873, 40.585927053596798 ], [ -73.999583597599639, 40.589818127053086 ], [ -73.997921066493717, 40.595929249975029 ], [ -73.998469920939812, 40.600935849366302 ], [ -74.00153731540459, 40.605375891319881 ], [ -74.019314471244485, 40.615101400094602 ], [ -74.032085597538554, 40.625927058888543 ], [ -74.034588186584656, 40.635929997880886 ], [ -74.032650558728832, 40.647594857262092 ], [ -74.029582955892195, 40.653981622043297 ], [ -74.025692247862594, 40.658703049726206 ], [ -74.021252035179046, 40.662593802231612 ], [ -74.010982110200317, 40.668706036587629 ], [ -74.007090857631539, 40.673709274112213 ], [ -74.004588440458761, 40.680094920603288 ], [ -74.003475418880882, 40.69120444161598 ], [ -74.000697826887333, 40.697871968693761 ], [ -73.983744861176021, 40.704540702423714 ], [ -73.978465500840485, 40.70759944430133 ], [ -73.966242811364765, 40.720927121880258 ], [ -73.962916441400736, 40.733149258013626 ], [ -73.954309917501462, 40.751765020530641 ], [ -73.942636058184618, 40.767596140379929 ], [ -73.939569804611878, 40.773148948232787 ], [ -73.922082423929723, 40.78981971725657 ], [ -73.910973872686213, 40.795099621496149 ], [ -73.896812455929648, 40.795374324721713 ], [ -73.88791617881752, 40.793154739255918 ], [ -73.86347096460284, 40.78092444080243 ], [ -73.856803319709115, 40.781481099174613 ], [ -73.857352345296391, 40.786761251583094 ], [ -73.855689546056666, 40.792596720897897 ], [ -73.851797902656145, 40.797594144879483 ], [ -73.841528098499552, 40.803706226554141 ], [ -73.835135731665275, 40.805093416045338 ], [ -73.812902977358405, 40.803979096394649 ], [ -73.789296148559544, 40.800645221805226 ], [ -73.78068974361851, 40.79843249542165 ], [ -73.774297033895408, 40.795649368378591 ], [ -73.769032367446869, 40.792040927384761 ], [ -73.760411278560142, 40.790094722518262 ], [ -73.756535189941886, 40.794817772389756 ], [ -73.754581144706563, 40.801485108126961 ], [ -73.760411374270774, 40.815095022374386 ], [ -73.758746898900426, 40.821205969323366 ], [ -73.755969777262862, 40.827591585556924 ], [ -73.746235278338006, 40.834534928979053 ], [ -73.738742134099198, 40.8342600130104 ], [ -73.731250015258851, 40.831765476918967 ], [ -73.727068254469458, 40.82787552945419 ], [ -73.724292202989872, 40.823708238541634 ], [ -73.717639471404425, 40.809815508606505 ], [ -73.709307373083718, 40.809260116523937 ], [ -73.704575973463619, 40.813150340646423 ], [ -73.693177531782581, 40.827043784667026 ], [ -73.691514679700944, 40.832870659880037 ], [ -73.693178796920989, 40.837593262403765 ], [ -73.699862193459396, 40.8406458638378 ], [ -73.714587170363828, 40.841203510517182 ], [ -73.722354585786533, 40.843704458912036 ], [ -73.727358231616506, 40.847314123462958 ], [ -73.731250361681688, 40.851762786123899 ], [ -73.729571434880597, 40.862594951835391 ], [ -73.725679434799844, 40.867593250837928 ], [ -73.720415977819584, 40.870643995611445 ], [ -73.70819390413331, 40.872588933099152 ], [ -73.699860993360033, 40.872031779183445 ], [ -73.684297852612971, 40.867591506416332 ], [ -73.675965679571689, 40.860093583512075 ], [ -73.670120829043, 40.851487725017954 ], [ -73.665406107236208, 40.842592247716986 ], [ -73.661790230044929, 40.833153840167654 ], [ -73.658737190899728, 40.828705345863362 ], [ -73.657075582434743, 40.823982319363971 ], [ -73.65290853375555, 40.820091768409576 ], [ -73.64569207167655, 40.819816935747568 ], [ -73.641526188915591, 40.824539144180783 ], [ -73.640685613630041, 40.830926534451585 ], [ -73.645689963457002, 40.839257874589997 ], [ -73.647628140210045, 40.843980168450578 ], [ -73.647917709710057, 40.849816908522122 ], [ -73.643736968507113, 40.861481264792999 ], [ -73.644577508744263, 40.866760163403477 ], [ -73.647353422512154, 40.871758579575946 ], [ -73.648468011279164, 40.882033586634194 ], [ -73.645964510658487, 40.88787136357854 ], [ -73.642638417560747, 40.893424308437822 ], [ -73.638182922372437, 40.897315139498808 ], [ -73.622618083873249, 40.906479312068996 ], [ -73.611784168430134, 40.911757766499164 ], [ -73.589016737000037, 40.920646261087185 ], [ -73.567074428781638, 40.92203341991592 ], [ -73.559001470873952, 40.920646541566505 ], [ -73.522074671678681, 40.91815015486457 ], [ -73.508736660483493, 40.912864163432523 ], [ -73.512629167826063, 40.908140163983354 ], [ -73.512354134321541, 40.903144000690574 ], [ -73.503458852258035, 40.900922981412265 ], [ -73.496515344169765, 40.901480240807963 ], [ -73.488457879226814, 40.900366641089455 ], [ -73.485680761949411, 40.895927575923722 ], [ -73.479012364371854, 40.892867883691984 ], [ -73.470406153717619, 40.890928244348451 ], [ -73.46596603442427, 40.894812927285926 ], [ -73.466515750684366, 40.90009126596869 ], [ -73.469566166543586, 40.904258679218998 ], [ -73.477624560841832, 40.912031805863812 ], [ -73.487618030547779, 40.924261440118592 ], [ -73.489555835331558, 40.928976394259131 ], [ -73.490120667919854, 40.934257126362219 ], [ -73.484001502342707, 40.946196109870364 ], [ -73.480126190267498, 40.951201122629627 ], [ -73.473731776358434, 40.952314055012593 ], [ -73.466224326683104, 40.949813002995846 ], [ -73.449286613181002, 40.946479239647068 ], [ -73.427892914019779, 40.938695379506292 ], [ -73.425955992639672, 40.93397431656301 ], [ -73.42955731548534, 40.928144623145478 ], [ -73.435385904894602, 40.925925973917593 ], [ -73.435950418206673, 40.920370389211868 ], [ -73.432623986100396, 40.916197984715424 ], [ -73.429281465377116, 40.906753198664298 ], [ -73.421225300527837, 40.905646977313594 ], [ -73.415395975777614, 40.907591233421016 ], [ -73.410116342321771, 40.910643089329589 ], [ -73.403738082338535, 40.912032882155025 ], [ -73.389288007786291, 40.912862712177585 ], [ -73.373448250596113, 40.909811848400068 ], [ -73.361500610753041, 40.903418290410713 ], [ -73.354832310261699, 40.903974297447853 ], [ -73.353168956125657, 40.909811605045654 ], [ -73.355121428718192, 40.91453521319842 ], [ -73.353733245706451, 40.925924940751131 ], [ -73.35678607399602, 40.930089693838603 ], [ -73.362065600042129, 40.933423888225306 ], [ -73.370671426292319, 40.935643833205525 ], [ -73.379001728387237, 40.936751865764229 ], [ -73.384572649930362, 40.934529829566181 ], [ -73.386235537741413, 40.928701470305796 ], [ -73.392629435857771, 40.927312729600061 ], [ -73.40012172037919, 40.929816240731334 ], [ -73.403737663745872, 40.934255745099719 ], [ -73.404562509499854, 40.939527605123281 ], [ -73.404287227486265, 40.94425145765041 ], [ -73.40373734327116, 40.950094996368776 ], [ -73.402058683693468, 40.955922958871085 ], [ -73.396520004705621, 40.958142643998102 ], [ -73.389012516806972, 40.957869645355863 ], [ -73.38011582266931, 40.95564942139535 ], [ -73.367618153749149, 40.949812984268206 ], [ -73.350666034364806, 40.940084701932257 ], [ -73.335391610566674, 40.93508741651619 ], [ -73.311770563529819, 40.932035662127788 ], [ -73.289842843236116, 40.931761699438127 ], [ -73.27595665572747, 40.926482258657671 ], [ -73.256791539577904, 40.917310185838303 ], [ -73.249283948894245, 40.914808099439298 ], [ -73.233718841494962, 40.913420638653378 ], [ -73.226226464376538, 40.910644004978856 ], [ -73.207335719081513, 40.914808575935147 ], [ -73.189543677785736, 40.920371162556705 ], [ -73.155118144319914, 40.935088285081321 ], [ -73.145946256356794, 40.942863519594923 ], [ -73.143718725076425, 40.948699592021498 ], [ -73.144009545014654, 40.953977909646085 ], [ -73.145671560803635, 40.959258692976746 ], [ -73.151775771826522, 40.96703184558082 ], [ -73.14594663013456, 40.969253570650189 ], [ -73.13288456212554, 40.971198256533405 ], [ -73.115380795006033, 40.977584223393336 ], [ -73.108164051848874, 40.97869765908505 ], [ -73.101220662416793, 40.977867486977814 ], [ -73.095667583584486, 40.974256806385362 ], [ -73.095391135378975, 40.968421592401945 ], [ -73.102045515335462, 40.95786956996114 ], [ -73.101495720803484, 40.952871876644629 ], [ -73.092889758977861, 40.950644069718123 ], [ -73.079278543922328, 40.95259026562622 ], [ -73.074273119059413, 40.955649724413661 ], [ -73.075661933198063, 40.960921354611507 ], [ -73.079551835744354, 40.969810719513255 ], [ -73.075662002420813, 40.974532764568877 ], [ -73.068718309920555, 40.974806575212739 ], [ -73.052604174163037, 40.970366282506951 ], [ -73.044546961541926, 40.968978747778145 ], [ -73.036765928524247, 40.968696840248398 ], [ -73.01538664148373, 40.96980988519806 ], [ -72.986211114122526, 40.968421418456344 ], [ -72.957890234411735, 40.969536270390797 ], [ -72.944539196899967, 40.971197541729424 ], [ -72.935932581140591, 40.97064200927845 ], [ -72.914829827119249, 40.971198177235053 ], [ -72.893162645817839, 40.970084623929445 ], [ -72.878421581066476, 40.970923195345655 ], [ -72.864261442777348, 40.97008482343815 ], [ -72.829547028093842, 40.972587248326882 ], [ -72.807040793500462, 40.971197429399403 ], [ -72.780932850969677, 40.965643529246677 ], [ -72.765108134255414, 40.963706555639092 ], [ -72.750659331428608, 40.963979545171988 ], [ -72.738435715712498, 40.96592666039178 ], [ -72.726488267653522, 40.969252057718705 ], [ -72.710098005281623, 40.977584750728283 ], [ -72.698699843187384, 40.981758577640349 ], [ -72.692305621958411, 40.983145906754409 ], [ -72.669263669474404, 40.980918951801378 ], [ -72.646771221485039, 40.979812288429279 ], [ -72.627589964820132, 40.983703964861967 ], [ -72.615641989267544, 40.988700956658036 ], [ -72.610651011109013, 40.991760729657514 ], [ -72.577034650511649, 41.015647599856784 ], [ -72.550634662417096, 41.031480784722291 ], [ -72.545645039324725, 41.033708235780203 ], [ -72.535925300237679, 41.040649889600232 ], [ -72.524816429208599, 41.045930330116185 ], [ -72.518697388300851, 41.047044645718969 ], [ -72.500644322477072, 41.052591741238864 ], [ -72.488971766227053, 41.057038322234341 ], [ -72.475361053476192, 41.068703167540448 ], [ -72.471195086882574, 41.073425758389035 ], [ -72.466189900842295, 41.076486469688959 ], [ -72.462040321089063, 41.081207472608142 ], [ -72.452594710012988, 41.088982560761643 ], [ -72.447573818315306, 41.092033074798223 ], [ -72.441745497473221, 41.093980130644589 ], [ -72.420366676436032, 41.094536749880653 ], [ -72.401476332368389, 41.098427374649866 ], [ -72.395647137434167, 41.100646634870408 ], [ -72.389528266054342, 41.103423771338662 ], [ -72.375626739038893, 41.114258885305027 ], [ -72.367584778239404, 41.123703238952984 ], [ -72.364244201514083, 41.12925778070155 ], [ -72.355363058477636, 41.137870821012335 ], [ -72.350358419529698, 41.140929073169183 ], [ -72.34368966963207, 41.142868503865884 ], [ -72.330642936904383, 41.143981387435801 ], [ -72.312301820752594, 41.148703661218534 ], [ -72.300628469286906, 41.15286884936247 ], [ -72.284803219182848, 41.162032645128114 ], [ -72.277860615390949, 41.162306709132338 ], [ -72.271466315881597, 41.159255363754049 ], [ -72.257031566984224, 41.159254841373283 ], [ -72.245632419318341, 41.163703161282044 ], [ -72.239240206291115, 41.160643550973901 ], [ -72.238415981538026, 41.155363810309545 ], [ -72.241466788715499, 41.148978587254575 ], [ -72.252591581079841, 41.133147613354325 ], [ -72.261747272084889, 41.125365892287462 ], [ -72.278135393586524, 41.11730847365299 ], [ -72.284529354054314, 41.115928842398688 ], [ -72.288420786777465, 41.119812055722051 ], [ -72.288969548591396, 41.125091472517489 ], [ -72.287306318360649, 41.130919367490449 ], [ -72.291197910394644, 41.134818520764782 ], [ -72.299254875060143, 41.136207065157599 ], [ -72.307020858341772, 41.136482313725828 ], [ -72.319534956406841, 41.133978616765411 ], [ -72.325087908374257, 41.130919221080795 ], [ -72.335083196539784, 41.123419462472846 ], [ -72.343415409419649, 41.11564628561851 ], [ -72.348969437649274, 41.111764090210691 ], [ -72.368408736145994, 41.09870195418879 ], [ -72.378694587431909, 41.092865888093378 ], [ -72.387864456748218, 41.085090909631091 ], [ -72.391481141716298, 41.079535864011952 ], [ -72.400927253315459, 41.070930567255708 ], [ -72.41064752973999, 41.064811499982781 ], [ -72.412309642139562, 41.058701019794945 ], [ -72.40703066728608, 41.055366704477123 ], [ -72.391481091014626, 41.053704175416627 ], [ -72.387590555668254, 41.049820265848176 ], [ -72.38565160179219, 41.045097936614688 ], [ -72.38925244416464, 41.039261779163034 ], [ -72.395082778623376, 41.0373158656718 ], [ -72.424242491967789, 41.038147498695309 ], [ -72.430361578477033, 41.035370216063725 ], [ -72.434801636813404, 41.032036559088581 ], [ -72.438967595199301, 41.027315319481517 ], [ -72.440630002555153, 41.021203042017717 ], [ -72.435351354623592, 41.007042694119598 ], [ -72.434252401861357, 40.996759121513271 ], [ -72.434801523811089, 40.991203921041453 ], [ -72.440356025028336, 40.988983827863052 ], [ -72.446473992546316, 40.992592948212106 ], [ -72.450091279325662, 40.996483260790292 ], [ -72.454256535198567, 41.005930243117191 ], [ -72.456759376355137, 41.015374538315669 ], [ -72.467868193561785, 41.010095773968501 ], [ -72.47230764425737, 40.997591217623807 ], [ -72.476474284380245, 40.992867504934033 ], [ -72.483142160989203, 40.992594111871213 ], [ -72.492022488618346, 40.994539919105783 ], [ -72.499820183803777, 40.99453814126209 ], [ -72.505924021076609, 40.993708232850487 ], [ -72.511478893981831, 40.991478433433272 ], [ -72.517308497053378, 40.987312941244845 ], [ -72.524816182653154, 40.978975019090406 ], [ -72.529531081741069, 40.97509026682598 ], [ -72.53758868117103, 40.965646758144928 ], [ -72.551200563244279, 40.953981662810428 ], [ -72.561744755331247, 40.948142805948883 ], [ -72.573433377466415, 40.943146686515888 ], [ -72.589533422814668, 40.934814966546234 ], [ -72.607034835332769, 40.928429654495623 ], [ -72.617305553844602, 40.923148976631659 ], [ -72.621196935978418, 40.918427062979447 ], [ -72.620754154056556, 40.914171760651477 ] ] ] ] } },
{ "type": "Feature", "properties": { "fid": 13, "AREA": 0.01341, "PERIMETER": 0.52043, "LIRITULI_": 14, "LIRITULI_I": 11, "CODE": 1 }, "geometry": { "type": "MultiPolygon", "coordinates": [ [ [ [ -74.232087162917182, 40.508994536284682 ], [ -74.23513927233175, 40.513433283506046 ], [ -74.235978317715833, 40.518431493862359 ], [ -74.233750546537607, 40.530096435711755 ], [ -74.233476099606207, 40.535658617044504 ], [ -74.230698601592977, 40.542325635665328 ], [ -74.227372728113309, 40.54787929114859 ], [ -74.219040987169805, 40.556485852571406 ], [ -74.202378528503957, 40.5639853839143 ], [ -74.198196564332321, 40.568158314809075 ], [ -74.194580212520265, 40.573713739050547 ], [ -74.188477210269511, 40.59787407356847 ], [ -74.185974322654502, 40.625927013481274 ], [ -74.18458658988402, 40.631762963031612 ], [ -74.181258791044954, 40.637600999667022 ], [ -74.176528643836249, 40.642040640921138 ], [ -74.170426276729927, 40.64287266674193 ], [ -74.153197346938811, 40.638706501629848 ], [ -74.130690906215619, 40.637875939635904 ], [ -74.118193870131449, 40.640653268005522 ], [ -74.095426405211427, 40.649539795756787 ], [ -74.08236480212112, 40.651485932566196 ], [ -74.073483381494071, 40.6492662893071 ], [ -74.068478225544482, 40.645932590907044 ], [ -74.062359342860574, 40.639538846418141 ], [ -74.060972134505022, 40.634266455244479 ], [ -74.056530154464127, 40.624540022984775 ], [ -74.053464563927108, 40.615376700918191 ], [ -74.053189103894539, 40.60454253528988 ], [ -74.05708082152799, 40.599821461964972 ], [ -74.073208718776513, 40.591481417304792 ], [ -74.083204236141825, 40.583707359322261 ], [ -74.086529914472138, 40.579542095768161 ], [ -74.099867139491067, 40.568434974404077 ], [ -74.108198481873188, 40.559819582621884 ], [ -74.122907479862477, 40.549825987823297 ], [ -74.144590582207641, 40.538992844508471 ], [ -74.179870291045134, 40.527320708576546 ], [ -74.219589770194929, 40.511770023563273 ], [ -74.232087162917182, 40.508994536284682 ] ] ] ] } },
{ "type": "Feature", "properties": { "fid": 14, "AREA": 5.0000000000000002e-05, "PERIMETER": 0.02958, "LIRITULI_": 15, "LIRITULI_I": 3, "CODE": 1 }, "geometry": { "type": "MultiPolygon", "coordinates": [ [ [ [ -73.817050973402999, 40.647541410534124 ], [ -73.828050970416172, 40.644118319497608 ], [ -73.829031540299624, 40.646489505205722 ], [ -73.825140221020334, 40.651204645174836 ], [ -73.81735841615739, 40.64870930561878 ], [ -73.817050973402999, 40.647541410534124 ] ] ] ] } },
{ "type": "Feature", "properties": { "fid": 16, "AREA": 0.00358, "PERIMETER": 0.57593, "LIRITULI_": 17, "LIRITULI_I": 3, "CODE": 1 }, "geometry": { "type": "MultiPolygon", "coordinates": [ [ [ [ -74.252652855899953, 39.522051834476372 ], [ -74.256543305101076, 39.523723200322443 ], [ -74.257093163376226, 39.524554645827173 ], [ -74.255705102617583, 39.526218113178921 ], [ -74.256254069615522, 39.527057420521253 ], [ -74.25515476960183, 39.527606116618863 ], [ -74.253766613463185, 39.531497132966514 ], [ -74.249585668257851, 39.537616119632894 ], [ -74.250699435283806, 39.537891170310367 ], [ -74.249875561727421, 39.539836625608174 ], [ -74.248745948085514, 39.539554190666543 ], [ -74.242642649586728, 39.554553785172907 ], [ -74.232358115923773, 39.570110867908546 ], [ -74.214596087578869, 39.587612104491043 ], [ -74.209026794573575, 39.594829753947494 ], [ -74.186243827840528, 39.631497120936679 ], [ -74.179864778728515, 39.639279025691735 ], [ -74.178186140970411, 39.643445411154822 ], [ -74.158471612253649, 39.664555250885648 ], [ -74.151253271909781, 39.674283221953864 ], [ -74.139306056484585, 39.686498352765668 ], [ -74.134866146199542, 39.693440742603897 ], [ -74.1315237391549, 39.697057402032556 ], [ -74.12845692138508, 39.702612256432239 ], [ -74.127632758456386, 39.707616916283563 ], [ -74.128181531007684, 39.711224840618101 ], [ -74.125404008990955, 39.716779631589844 ], [ -74.117912058402794, 39.726499086646207 ], [ -74.105689651742807, 39.749280564045684 ], [ -74.099570354796981, 39.750951849039339 ], [ -74.095969276864707, 39.748166632256478 ], [ -74.095420339881429, 39.74511511456123 ], [ -74.097357210727893, 39.739835927493381 ], [ -74.096244361113833, 39.739553234846966 ], [ -74.102637553475162, 39.730390538724784 ], [ -74.116798631841618, 39.704557421359929 ], [ -74.119575748018818, 39.702054948949964 ], [ -74.125679233508166, 39.692884363605664 ], [ -74.132072978601798, 39.67816641971811 ], [ -74.134865159163667, 39.665944445565898 ], [ -74.137916978754816, 39.659550880756875 ], [ -74.145135049535497, 39.650388421653652 ], [ -74.148751548504265, 39.647611125994764 ], [ -74.150979276113532, 39.64455849290372 ], [ -74.164026757250355, 39.634556692196554 ], [ -74.179865607047873, 39.618999955720945 ], [ -74.202373695331588, 39.584835049385973 ], [ -74.205424737799703, 39.582057679734348 ], [ -74.209590843363259, 39.573726794830137 ], [ -74.228466854908987, 39.552334025338865 ], [ -74.233471768267364, 39.543445149720604 ], [ -74.235699906761553, 39.537616104468668 ], [ -74.2404138693134, 39.531497842747569 ], [ -74.246533131037211, 39.525668505959182 ], [ -74.252652855899953, 39.522051834476372 ] ] ] ] } },
{ "type": "Feature", "properties": { "fid": 17, "AREA": 0.0046, "PERIMETER": 0.42907, "LIRITULI_": 18, "LIRITULI_I": 3, "CODE": 1 }, "geometry": { "type": "MultiPolygon", "coordinates": [ [ [ [ -74.411258824897132, 39.381220706596586 ], [ -74.415425944938789, 39.382883778617973 ], [ -74.416539472068962, 39.384554223354101 ], [ -74.416814143089894, 39.383723378955686 ], [ -74.417927602933347, 39.383997175767675 ], [ -74.418476957585824, 39.387056504830866 ], [ -74.420431068189586, 39.390108855972237 ], [ -74.419590746342635, 39.389276433596358 ], [ -74.419317183482747, 39.390108623259593 ], [ -74.420705565394101, 39.390948182221891 ], [ -74.420430911631229, 39.391779036886369 ], [ -74.423483068679772, 39.393725187412464 ], [ -74.424596072425032, 39.395388543097653 ], [ -74.440145361973762, 39.402048905553372 ], [ -74.443747630216734, 39.407053566303176 ], [ -74.443746565408844, 39.409274104283433 ], [ -74.446249023359798, 39.414828276185254 ], [ -74.444037253230448, 39.416216298788875 ], [ -74.441809319968641, 39.420107233450949 ], [ -74.434027220689913, 39.423442272273803 ], [ -74.430425104682868, 39.422609953071252 ], [ -74.428472318481042, 39.420946771480878 ], [ -74.425985073233051, 39.415385549008981 ], [ -74.424809969903933, 39.414599667389048 ], [ -74.419866407398843, 39.413996966476844 ], [ -74.415425416633951, 39.410936476941771 ], [ -74.410984742404224, 39.40011069232348 ], [ -74.399876218644195, 39.397334200985561 ], [ -74.394870990495562, 39.398165337917177 ], [ -74.388493037584752, 39.400385853811564 ], [ -74.385150900625419, 39.402605303856276 ], [ -74.38096921497123, 39.406497093702093 ], [ -74.37875704779762, 39.409830362997383 ], [ -74.376253883562072, 39.416216143943011 ], [ -74.374301939862988, 39.427057760829136 ], [ -74.360415089152369, 39.444552018946574 ], [ -74.360704392891876, 39.448992753815162 ], [ -74.363481617076602, 39.460108571380943 ], [ -74.362917654708824, 39.463442857744631 ], [ -74.358202400853912, 39.470942397807868 ], [ -74.354586298030455, 39.473720351909229 ], [ -74.347643410322888, 39.4745513536865 ], [ -74.339586441139161, 39.473994636159304 ], [ -74.314590618561937, 39.466776460533993 ], [ -74.307358425642605, 39.46538869062973 ], [ -74.300979912483811, 39.462611184108269 ], [ -74.300139871922966, 39.460108312202884 ], [ -74.300978605487671, 39.455386412838713 ], [ -74.303191790573294, 39.453723351661537 ], [ -74.313477436263028, 39.453722822267387 ], [ -74.315689109705403, 39.452891801153676 ], [ -74.321258867846979, 39.448443573302086 ], [ -74.32264751711773, 39.444552932123493 ], [ -74.322922299983404, 39.440944180080052 ], [ -74.321823799309158, 39.433718369192484 ], [ -74.323761287988162, 39.428446505711783 ], [ -74.329041085389633, 39.421778470961144 ], [ -74.350985490705767, 39.404550950981381 ], [ -74.354310580962277, 39.403162730049836 ], [ -74.365420451669664, 39.394831095547076 ], [ -74.375491906238267, 39.388491120854006 ], [ -74.376254667695548, 39.388163081155739 ], [ -74.375689548385793, 39.387331855036948 ], [ -74.380695375403107, 39.386225774173724 ], [ -74.386265368511062, 39.383722626847756 ], [ -74.394046651370147, 39.38260836217647 ], [ -74.396823558722303, 39.383166267179 ], [ -74.407643699337669, 39.381220736614608 ], [ -74.410985526526758, 39.382051789325466 ], [ -74.411258824897132, 39.381220706596586 ] ] ] ] } },
{ "type": "Feature", "properties": { "fid": 18, "AREA": 0.10784, "PERIMETER": 1.20183, "LIRITULI_": 19, "LIRITULI_I": 15, "CODE": 1 }, "geometry": { "type": "MultiPolygon", "coordinates": [ [ [ [ -89.137461744440145, 38.848353118131215 ], [ -89.131772338315557, 38.908643323813507 ], [ -89.120992328833367, 38.946612369423725 ], [ -89.102002167857506, 38.995144506104999 ], [ -89.063067580100636, 39.0260309078052 ], [ -89.011353288595018, 39.039656793957555 ], [ -88.939726247415265, 39.035598339660119 ], [ -88.898897626204928, 39.011223183722613 ], [ -88.859174358174371, 38.975875328066621 ], [ -88.827724159151316, 38.929970146215666 ], [ -88.817753596711682, 38.885304159115464 ], [ -88.82586139699194, 38.803110762423877 ], [ -88.833951507787958, 38.720917217690101 ], [ -88.877104169046831, 38.646265693350998 ], [ -88.923568647265881, 38.610367707684901 ], [ -88.959171849502937, 38.612406822065154 ], [ -89.040970478215769, 38.655621963596339 ], [ -89.100438699964897, 38.708550180366608 ], [ -89.133513981028301, 38.737942351532169 ], [ -89.13548610166751, 38.793147652421837 ], [ -89.137461744440145, 38.848353118131215 ] ] ] ] } },
{ "type": "Feature", "properties": { "fid": 19, "AREA": 0.00933, "PERIMETER": 1.14022, "LIRITULI_": 20, "LIRITULI_I": 13, "CODE": 1 }, "geometry": { "type": "MultiPolygon", "coordinates": [ [ [ [ -75.374916586448265, 37.86400942037686 ], [ -75.379922635328697, 37.865123342962704 ], [ -75.382973580916811, 37.867061196543759 ], [ -75.384088554949599, 37.86872434373835 ], [ -75.383812771824566, 37.87233961691544 ], [ -75.376306153890269, 37.875673960775842 ], [ -75.369087819815789, 37.876223885986334 ], [ -75.361306002634862, 37.874560442932591 ], [ -75.355475845218592, 37.8756743142429 ], [ -75.351035606540222, 37.878168596962063 ], [ -75.343528620473492, 37.887064607798671 ], [ -75.344092815857266, 37.890116175149672 ], [ -75.346595016463525, 37.891229760622906 ], [ -75.35602609585537, 37.892618306758081 ], [ -75.358802075627082, 37.892344075032028 ], [ -75.364647426999724, 37.894281810921846 ], [ -75.365745791532007, 37.898172759385758 ], [ -75.364922378107011, 37.906503582007062 ], [ -75.355751141171851, 37.91150046440638 ], [ -75.344916498553772, 37.912057542069917 ], [ -75.335195943423443, 37.914278327827347 ], [ -75.330480556188235, 37.916787951380108 ], [ -75.329092857260875, 37.918725532401993 ], [ -75.325750139363549, 37.920113813045944 ], [ -75.326864956106618, 37.920396624148729 ], [ -75.324086818548821, 37.922616251214478 ], [ -75.320196222436266, 37.928728130956088 ], [ -75.320486258622751, 37.930948120017511 ], [ -75.319371940843538, 37.930673355583018 ], [ -75.316595126315391, 37.936501372046266 ], [ -75.315190528369456, 37.944000855661812 ], [ -75.312139161429442, 37.949555588065806 ], [ -75.307133649078125, 37.9620597330807 ], [ -75.302128787109453, 37.970947725493303 ], [ -75.301029114515174, 37.974830876518716 ], [ -75.297687710003899, 37.978447658131984 ], [ -75.289081062242943, 37.993446854366127 ], [ -75.280749222884864, 38.001510440480452 ], [ -75.271304489352161, 38.00817037658517 ], [ -75.267137953496018, 38.012061856290202 ], [ -75.24713328663735, 38.033454266150684 ], [ -75.244249050370271, 38.037543268807319 ], [ -75.241013674774749, 38.055945312996641 ], [ -75.225738482846282, 38.064001147397136 ], [ -75.222961440395508, 38.066221205579531 ], [ -75.215194945032891, 38.078726139454901 ], [ -75.214920742758608, 38.082334738304553 ], [ -75.21130321986638, 38.092610468487266 ], [ -75.201858831055134, 38.099278362937198 ], [ -75.197676933955066, 38.103169714833349 ], [ -75.193511515633872, 38.107335755548483 ], [ -75.190460094923139, 38.113171099444685 ], [ -75.190185126905462, 38.116505522831609 ], [ -75.188232259437328, 38.122333802698272 ], [ -75.187956501717778, 38.128719766842913 ], [ -75.184356070823412, 38.139278547849429 ], [ -75.181853412540818, 38.152050090599218 ], [ -75.182128237202477, 38.155666734210762 ], [ -75.179915759881084, 38.165660626743254 ], [ -75.17657285099942, 38.174831289756064 ], [ -75.173247003497195, 38.179835775406026 ], [ -75.167967187805132, 38.18371949128521 ], [ -75.16102350181292, 38.191493331284939 ], [ -75.149624762323072, 38.213724679854231 ], [ -75.131572571048011, 38.237329439834376 ], [ -75.123791731898336, 38.253999038009681 ], [ -75.121563744378847, 38.257058381729188 ], [ -75.12073870189549, 38.263169876372579 ], [ -75.114345029749174, 38.278718385029165 ], [ -75.104900104929584, 38.290390621406978 ], [ -75.09907093524636, 38.293999060389737 ], [ -75.096019056192304, 38.297608471063263 ], [ -75.092691329163387, 38.298996640883594 ], [ -75.091303785617498, 38.297332928336061 ], [ -75.091302805701318, 38.295113498421202 ], [ -75.093790361403279, 38.290664991739874 ], [ -75.093790885781473, 38.28788816469023 ], [ -75.102123049386549, 38.27427813492811 ], [ -75.104075181336697, 38.2689977629243 ], [ -75.109065902061715, 38.260110339046854 ], [ -75.111843409387774, 38.256501564130062 ], [ -75.129620039194478, 38.220941372727694 ], [ -75.132962697087777, 38.217325056656001 ], [ -75.134641072554402, 38.21205358997652 ], [ -75.1396297866265, 38.203165936882328 ], [ -75.141857734685146, 38.196497117125354 ], [ -75.147137370668347, 38.186495382619782 ], [ -75.15519446664274, 38.166217753464913 ], [ -75.156018497322918, 38.157886481013044 ], [ -75.160458879986592, 38.14261211437622 ], [ -75.171018232581673, 38.125111367279914 ], [ -75.172682105004696, 38.119831945894042 ], [ -75.188796628244674, 38.089551749842279 ], [ -75.213805520420649, 38.053725129072021 ], [ -75.216293794760361, 38.051504663096452 ], [ -75.225387462085934, 38.039595546430071 ], [ -75.230743406396215, 38.03066950708341 ], [ -75.237962679867806, 38.020949416939629 ], [ -75.24740713790942, 38.00372997661205 ], [ -75.250474799111075, 38.000121668742942 ], [ -75.252702473249514, 37.995666152407836 ], [ -75.256593403288306, 37.993171673511561 ], [ -75.26075978630017, 37.989006438467207 ], [ -75.272966621783937, 37.976776482958094 ], [ -75.276584055276231, 37.97177978042366 ], [ -75.281589095049782, 37.959556824655948 ], [ -75.283527619246655, 37.956505648868678 ], [ -75.28575482922885, 37.949837383150118 ], [ -75.292972482835069, 37.936502091340756 ], [ -75.310751010589229, 37.914278304108933 ], [ -75.316305050901221, 37.905390280325662 ], [ -75.320485788404042, 37.896509547897551 ], [ -75.327703925213882, 37.885393408585259 ], [ -75.3407511560915, 37.874003569158738 ], [ -75.345481511611169, 37.870669716618742 ], [ -75.353813767567488, 37.866786674592767 ], [ -75.368797802564259, 37.863452512410092 ], [ -75.374916586448265, 37.86400942037686 ] ] ] ] } },
{ "type": "Feature", "properties": { "fid": 20, "AREA": 0.00135, "PERIMETER": 0.19673, "LIRITULI_": 21, "LIRITULI_I": 3, "CODE": 1 }, "geometry": { "type": "MultiPolygon", "coordinates": [ [ [ [ -76.132428941601418, 38.237893536460284 ], [ -76.141050342910404, 38.23955659104022 ], [ -76.16606019778439, 38.250954333847488 ], [ -76.16993679540532, 38.253732343294146 ], [ -76.182723757127874, 38.278169147776609 ], [ -76.188263057067502, 38.291787436024954 ], [ -76.186325618263538, 38.297066441268512 ], [ -76.182433588335996, 38.297615466961894 ], [ -76.175765321471403, 38.296227139907892 ], [ -76.172164704892666, 38.293450424043996 ], [ -76.168273273009802, 38.28289135239919 ], [ -76.169386695840259, 38.282616497542051 ], [ -76.165220842647983, 38.281502442972027 ], [ -76.16882294473973, 38.278725881144759 ], [ -76.167724236307265, 38.277337651685706 ], [ -76.156889446515606, 38.270950865142666 ], [ -76.154935938687473, 38.268448867841293 ], [ -76.14161507363977, 38.257340213352826 ], [ -76.1310406903537, 38.253175067004989 ], [ -76.125761031477481, 38.249841522325198 ], [ -76.124097283793176, 38.246224573317107 ], [ -76.123822536687129, 38.241784463452326 ], [ -76.125760204317515, 38.238724520157838 ], [ -76.132428941601418, 38.237893536460284 ] ] ] ] } },
{ "type": "Feature", "properties": { "fid": 21, "AREA": 0.00241, "PERIMETER": 0.20164, "LIRITULI_": 22, "LIRITULI_I": 3, "CODE": 1 }, "geometry": { "type": "MultiPolygon", "coordinates": [ [ [ [ -76.026879571720713, 38.157335190655594 ], [ -76.034386696945234, 38.159554597541479 ], [ -76.042718583687702, 38.166787789202282 ], [ -76.04799793891398, 38.169839171311757 ], [ -76.055215827963821, 38.169839341057603 ], [ -76.067163583159669, 38.166787573087184 ], [ -76.073832572587676, 38.165948242189337 ], [ -76.079112169504597, 38.169007242302804 ], [ -76.08216462656182, 38.173173449546184 ], [ -76.080225652812004, 38.187616262633483 ], [ -76.076884246814203, 38.192613089938661 ], [ -76.07132959558966, 38.195665005049619 ], [ -76.059931936350907, 38.199555453528959 ], [ -76.050210837073038, 38.204003148489683 ], [ -76.04410804538459, 38.209283125490948 ], [ -76.033547560533677, 38.210671087877699 ], [ -76.029381537094238, 38.209008579418239 ], [ -76.027154166102633, 38.207894004643741 ], [ -76.022714121691067, 38.202057934676979 ], [ -76.021324735137839, 38.198166841874283 ], [ -76.018822644279709, 38.191498749345662 ], [ -76.010780906037809, 38.18067303439269 ], [ -76.008827183673347, 38.176225344868783 ], [ -76.011056297410505, 38.171784826882309 ], [ -76.015221448474122, 38.170396616443909 ], [ -76.026879571720713, 38.157335190655594 ] ] ] ] } },
{ "type": "Feature", "properties": { "fid": 22, "AREA": 0.0014, "PERIMETER": 0.15918, "LIRITULI_": 23, "LIRITULI_I": 3, "CODE": 1 }, "geometry": { "type": "MultiPolygon", "coordinates": [ [ [ [ -76.000770997742293, 38.077065450014111 ], [ -76.007714224810641, 38.078454515665918 ], [ -76.017159066804865, 38.085115065562384 ], [ -76.031045969516782, 38.101227995048269 ], [ -76.037164485234243, 38.109559982694144 ], [ -76.041040302505579, 38.117890495576766 ], [ -76.039101953507327, 38.122613937830025 ], [ -76.036874735652731, 38.12428379794207 ], [ -76.03049604301475, 38.125116075561479 ], [ -76.022989038722599, 38.124833295442265 ], [ -76.017159407150231, 38.125947254675886 ], [ -76.009942019892719, 38.129280981260877 ], [ -76.006615282646464, 38.128724982449896 ], [ -76.00438716196102, 38.124002306278086 ], [ -76.006615158519025, 38.114007005181413 ], [ -76.005226577645473, 38.11011654680788 ], [ -75.999382699606386, 38.10067145314477 ], [ -75.995490572575378, 38.090668667075121 ], [ -75.993537779519798, 38.085946590531414 ], [ -75.995490632905515, 38.077340468721125 ], [ -76.000770997742293, 38.077065450014111 ] ] ] ] } },
{ "type": "Feature", "properties": { "fid": 23, "AREA": 0.0027, "PERIMETER": 0.31463, "LIRITULI_": 24, "LIRITULI_I": 3, "CODE": 1 }, "geometry": { "type": "MultiPolygon", "coordinates": [ [ [ [ -76.008827896990582, 37.96400679616638 ], [ -76.010780482159973, 37.968721029966424 ], [ -76.018548328053498, 37.975114981500056 ], [ -76.024941723866533, 37.977892583876951 ], [ -76.044930408862726, 37.983171772159949 ], [ -76.049097611814901, 37.986780258221259 ], [ -76.05104982687439, 37.995119353312731 ], [ -76.049096920432547, 38.000123856925228 ], [ -76.045205308232724, 38.000955824465152 ], [ -76.037438850863452, 38.000123733027628 ], [ -76.012718990683553, 37.987894144326994 ], [ -76.00966685458404, 37.988168391751501 ], [ -76.00716451828788, 37.990395974573495 ], [ -76.004112763136973, 37.999558524901005 ], [ -76.006324553678155, 38.004289470067967 ], [ -76.010215675978799, 38.008729504435735 ], [ -76.0157702987552, 38.011232496585308 ], [ -76.026604142432433, 38.014009298507744 ], [ -76.032723859349119, 38.014565954529111 ], [ -76.042718222014813, 38.020112328856577 ], [ -76.044931506517585, 38.023446555307046 ], [ -76.046045048196376, 38.028451893045926 ], [ -76.045496033333819, 38.035394550548261 ], [ -76.046045144370723, 38.036782993796976 ], [ -76.043817623822548, 38.040673815143784 ], [ -76.035775367612914, 38.045953379655614 ], [ -76.0263292572495, 38.044282521593566 ], [ -76.021049951920261, 38.040955962691179 ], [ -76.00801866323215, 38.034936989501695 ], [ -76.006050478290632, 38.032334712331568 ], [ -76.002723508553146, 38.030946457173201 ], [ -75.992713920263299, 38.023446208979045 ], [ -75.987434012806403, 38.016786338226161 ], [ -75.986594755060352, 38.01373440434039 ], [ -75.985770603215016, 38.000123089693936 ], [ -75.988822486857032, 37.990952629641285 ], [ -75.996604987596967, 37.982057065394798 ], [ -75.997154833909946, 37.979280068889771 ], [ -76.005501324283699, 37.973169260053993 ], [ -76.008827896990582, 37.96400679616638 ] ] ] ] } },
{ "type": "Feature", "properties": { "fid": 24, "AREA": 0.0027, "PERIMETER": 0.34115, "LIRITULI_": 25, "LIRITULI_I": 14, "CODE": 1 }, "geometry": { "type": "MultiPolygon", "coordinates": [ [ [ [ -75.417979144449873, 37.901781060390597 ], [ -75.416864633651173, 37.902338474087365 ], [ -75.417704996831276, 37.903169612083055 ], [ -75.417139726057712, 37.90455863482434 ], [ -75.39548664239453, 37.918176218948204 ], [ -75.392709425459415, 37.920671276527429 ], [ -75.391595662216389, 37.924562194990386 ], [ -75.392144514975882, 37.927338706821246 ], [ -75.39437200597267, 37.928727140702605 ], [ -75.398538574163666, 37.930116090414856 ], [ -75.409646725138501, 37.931787501812771 ], [ -75.414362050771913, 37.936227299025212 ], [ -75.415476232452818, 37.939279449611398 ], [ -75.41408763107124, 37.942612982048161 ], [ -75.409921992323945, 37.946504163811589 ], [ -75.401864611343285, 37.949281046716024 ], [ -75.401315187572308, 37.948449372948041 ], [ -75.394096986614485, 37.948167175191792 ], [ -75.391869728307029, 37.947060955405554 ], [ -75.389092121853551, 37.941499162002074 ], [ -75.389366716749493, 37.935944580438139 ], [ -75.383262682476598, 37.937615499105085 ], [ -75.379357184561997, 37.94178109681053 ], [ -75.370475987394641, 37.948448734977134 ], [ -75.359916537579437, 37.958169045034481 ], [ -75.351584006391008, 37.964004827247187 ], [ -75.344916271109341, 37.970390665865494 ], [ -75.331594109706572, 37.979835861981115 ], [ -75.323262889575858, 37.983726735082094 ], [ -75.319646511005331, 37.982887959694494 ], [ -75.318532667384588, 37.981224499189011 ], [ -75.318256877198294, 37.977058410032981 ], [ -75.322972576984426, 37.96872004555027 ], [ -75.321873728623544, 37.968445775890522 ], [ -75.324087052029469, 37.964837163805662 ], [ -75.325200402040792, 37.964280120361586 ], [ -75.324360862980868, 37.96400467983991 ], [ -75.326040315200601, 37.961784698801104 ], [ -75.325476063243542, 37.960945442173454 ], [ -75.327703243086233, 37.959839423323999 ], [ -75.327977892171759, 37.958450846904562 ], [ -75.335760458195622, 37.951783128844241 ], [ -75.338812022732682, 37.945947165087915 ], [ -75.34241361673773, 37.935388016717972 ], [ -75.348532182781085, 37.927613428253984 ], [ -75.359642420927898, 37.924287625140096 ], [ -75.366859457122729, 37.924287702762825 ], [ -75.371863944373715, 37.923173974665573 ], [ -75.375740830401156, 37.92039710206555 ], [ -75.381860102385701, 37.912057595119634 ], [ -75.396600959563486, 37.903726477899511 ], [ -75.399377097295499, 37.903726527492651 ], [ -75.403818456688029, 37.901781144966876 ], [ -75.417979144449873, 37.901781060390597 ] ] ] ] } },
{ "type": "Feature", "properties": { "fid": 25, "AREA": 0.00035, "PERIMETER": 0.08678, "LIRITULI_": 26, "LIRITULI_I": 3, "CODE": 1 }, "geometry": { "type": "MultiPolygon", "coordinates": [ [ [ [ -76.284104128538203, 37.618183137240898 ], [ -76.28883418954095, 37.620677543298633 ], [ -76.291886276301369, 37.626788600976383 ], [ -76.294663531777815, 37.630122368861642 ], [ -76.297441002896278, 37.632068979280071 ], [ -76.301880778897441, 37.637904631864991 ], [ -76.304933295638875, 37.645679135992935 ], [ -76.303193602208182, 37.647388362216425 ], [ -76.299104220815991, 37.649295706155996 ], [ -76.29493771526316, 37.64790664279225 ], [ -76.291046987817452, 37.643459074647801 ], [ -76.292435849648356, 37.642352340185873 ], [ -76.292726257451662, 37.641795922441531 ], [ -76.28494260656845, 37.634570852292505 ], [ -76.279113616767233, 37.627071137316065 ], [ -76.278549788606327, 37.624293134677174 ], [ -76.281052055881489, 37.619845179270627 ], [ -76.284104128538203, 37.618183137240898 ] ] ] ] } },
{ "type": "Feature", "properties": { "fid": 26, "AREA": 0.00097, "PERIMETER": 0.17817, "LIRITULI_": 27, "LIRITULI_I": 3, "CODE": 1 }, "geometry": { "type": "MultiPolygon", "coordinates": [ [ [ [ -75.710476520190099, 37.390412086696735 ], [ -75.711591101982677, 37.392632717976177 ], [ -75.711317129701243, 37.398186675640716 ], [ -75.710203178138784, 37.404297776020208 ], [ -75.70742592817723, 37.408608787635607 ], [ -75.70770051626981, 37.406517675327159 ], [ -75.706876181820505, 37.406518213917316 ], [ -75.706602437703694, 37.407074392097755 ], [ -75.705762184068888, 37.40956944249465 ], [ -75.706311417012003, 37.410409044073809 ], [ -75.703534830685996, 37.416236972544063 ], [ -75.693250562719797, 37.430961436136371 ], [ -75.692137456651594, 37.434852857770721 ], [ -75.679640506237831, 37.455687877001388 ], [ -75.676038746556202, 37.457634197554846 ], [ -75.674650935372014, 37.459571747830609 ], [ -75.672423480199441, 37.460411365192563 ], [ -75.667982665696513, 37.460410467305948 ], [ -75.666045202085613, 37.455688069934958 ], [ -75.671308364590431, 37.44345826998854 ], [ -75.671583630937548, 37.439850260856701 ], [ -75.678250716819164, 37.430130326349428 ], [ -75.688535362647457, 37.412628619609066 ], [ -75.692700313003826, 37.408463259774891 ], [ -75.69630166022921, 37.402909012168692 ], [ -75.710476520190099, 37.390412086696735 ] ] ] ] } },
{ "type": "Feature", "properties": { "fid": 27, "AREA": 0.00062, "PERIMETER": 0.11564, "LIRITULI_": 28, "LIRITULI_I": 3, "CODE": 1 }, "geometry": { "type": "MultiPolygon", "coordinates": [ [ [ [ -75.759655962418705, 37.329302500283781 ], [ -75.763546256882208, 37.330965577851302 ], [ -75.766599047020591, 37.334855838472642 ], [ -75.766050113789035, 37.339853782703287 ], [ -75.73714941577613, 37.361245360864274 ], [ -75.727429792500288, 37.366243236079612 ], [ -75.726589845125503, 37.365411469737502 ], [ -75.727978794292611, 37.359300306342064 ], [ -75.730480265130808, 37.354852343204456 ], [ -75.734647023543744, 37.35096975174789 ], [ -75.737148456915591, 37.34513282435649 ], [ -75.745754902485089, 37.332911410473429 ], [ -75.753261652335141, 37.328745443249765 ], [ -75.759655962418705, 37.329302500283781 ] ] ] ] } },
{ "type": "Feature", "properties": { "fid": 28, "AREA": 0.00146, "PERIMETER": 0.22049, "LIRITULI_": 29, "LIRITULI_I": 3, "CODE": 1 }, "geometry": { "type": "MultiPolygon", "coordinates": [ [ [ [ -75.829649327649591, 37.223461266861221 ], [ -75.836317932787182, 37.224849422875359 ], [ -75.837156583251542, 37.227908801835206 ], [ -75.835767715535667, 37.231800252615869 ], [ -75.832716661957207, 37.233188082276165 ], [ -75.827878383960737, 37.233470507724157 ], [ -75.827528191383976, 37.232547524075713 ], [ -75.813809062956068, 37.235690601577033 ], [ -75.808803775989105, 37.240413868943143 ], [ -75.804639183741571, 37.247913002085866 ], [ -75.802425733175198, 37.257358035186634 ], [ -75.802426893074411, 37.270686663973038 ], [ -75.799923736385352, 37.280688674063228 ], [ -75.793531455134911, 37.291247050523531 ], [ -75.789640275574115, 37.295412397883922 ], [ -75.784924706796204, 37.298746644147499 ], [ -75.781033932467849, 37.291521861399701 ], [ -75.785472552822625, 37.277629631574605 ], [ -75.786037555128331, 37.268740823865663 ], [ -75.784374416112243, 37.254856407452543 ], [ -75.787974540461718, 37.238186192170303 ], [ -75.793254124005443, 37.230129861985013 ], [ -75.80019878136801, 37.225963670514247 ], [ -75.802974571730815, 37.225689428368845 ], [ -75.808254559937609, 37.223186830559051 ], [ -75.829649327649591, 37.223461266861221 ] ] ] ] } },
{ "type": "Feature", "properties": { "fid": 29, "AREA": 0.00055, "PERIMETER": 0.11596, "LIRITULI_": 30, "LIRITULI_I": 3, "CODE": 1 }, "geometry": { "type": "MultiPolygon", "coordinates": [ [ [ [ -75.908814044687531, 37.110968030747962 ], [ -75.911316467288515, 37.114301511115343 ], [ -75.907426315904402, 37.12402130687245 ], [ -75.902711036283208, 37.129575654060069 ], [ -75.898545021846445, 37.137082278788789 ], [ -75.891875894550452, 37.143468473934988 ], [ -75.885773274646979, 37.14624532111749 ], [ -75.877975123383337, 37.147633601556663 ], [ -75.874923836664664, 37.149022919662521 ], [ -75.872146597743892, 37.149304887448615 ], [ -75.870757230353618, 37.147633800907592 ], [ -75.877426185481283, 37.139028002862474 ], [ -75.893814916538631, 37.121244499115683 ], [ -75.905762330894618, 37.112638391405184 ], [ -75.908814044687531, 37.110968030747962 ] ] ] ] } },
{ "type": "Feature", "properties": { "fid": 30, "AREA": 0.00089, "PERIMETER": 0.13214, "LIRITULI_": 31, "LIRITULI_I": 3, "CODE": 1 }, "geometry": { "type": "MultiPolygon", "coordinates": [ [ [ [ -75.931319035931722, 36.62236834923452 ], [ -75.939361426849686, 36.627639919477879 ], [ -75.939925913483791, 36.636809780997318 ], [ -75.942977488454702, 36.643203483570176 ], [ -75.944090789663434, 36.647643810775477 ], [ -75.945190160624236, 36.669592920381959 ], [ -75.943801376537721, 36.673475966303208 ], [ -75.9413146115849, 36.675704518502023 ], [ -75.936309350570625, 36.676810447373825 ], [ -75.932143943462989, 36.676810089016811 ], [ -75.928801325111294, 36.673201545168247 ], [ -75.922972913910684, 36.660972397647939 ], [ -75.924360451279711, 36.645698248213833 ], [ -75.92770237356379, 36.636535374950014 ], [ -75.927977214323121, 36.632918873649608 ], [ -75.926038814769655, 36.630424294226607 ], [ -75.925200587552766, 36.627640364939474 ], [ -75.925474825162098, 36.624031722523469 ], [ -75.931319035931722, 36.62236834923452 ] ] ] ] } },
{ "type": "Feature", "properties": { "fid": 31, "AREA": 0.00136, "PERIMETER": 0.18259, "LIRITULI_": 32, "LIRITULI_I": 3, "CODE": 1 }, "geometry": { "type": "MultiPolygon", "coordinates": [ [ [ [ -75.92491236237916, 35.941537409065432 ], [ -75.944078197681222, 35.955986028276499 ], [ -75.946291260402234, 35.959319992220472 ], [ -75.94629135377636, 35.960151093736712 ], [ -75.945466857620929, 35.959876579428176 ], [ -75.929077712564506, 35.966262658488787 ], [ -75.924073199160688, 35.968758250778436 ], [ -75.924346959683845, 35.969597400743005 ], [ -75.912139640238806, 35.974869397589451 ], [ -75.904082726124372, 35.975427131907232 ], [ -75.896300292626421, 35.970146960951631 ], [ -75.892134577589403, 35.968759420564538 ], [ -75.873243215426143, 35.973207396439534 ], [ -75.869351149673747, 35.971537131278502 ], [ -75.869625853492551, 35.967416739332315 ], [ -75.871014868214502, 35.963487558866625 ], [ -75.875455097095852, 35.958208241689192 ], [ -75.874905310880692, 35.957376319166521 ], [ -75.895750974281881, 35.955430722291133 ], [ -75.900465320152549, 35.954041986809401 ], [ -75.91102540859363, 35.949319423480276 ], [ -75.914916574509704, 35.945153054510982 ], [ -75.919905963374788, 35.942650860104045 ], [ -75.92491236237916, 35.941537409065432 ] ] ] ] } },
{ "type": "Feature", "properties": { "fid": 32, "AREA": 0.00545, "PERIMETER": 0.38214, "LIRITULI_": 33, "LIRITULI_I": 3, "CODE": 1 }, "geometry": { "type": "MultiPolygon", "coordinates": [ [ [ [ -75.622388051159376, 35.818778065240416 ], [ -75.627667738222797, 35.819891567842923 ], [ -75.630169820404873, 35.821836411437047 ], [ -75.641294662213838, 35.823499207985527 ], [ -75.651563472833189, 35.829892685239727 ], [ -75.661559132660429, 35.839604249686296 ], [ -75.664062397694309, 35.842937487276977 ], [ -75.664626953229813, 35.851559158106781 ], [ -75.665725112321198, 35.854054137557767 ], [ -75.666015288272959, 35.86378071889429 ], [ -75.672119086699837, 35.876552146199977 ], [ -75.677947799765704, 35.884051087927944 ], [ -75.688782437984898, 35.893220594492369 ], [ -75.694061875277384, 35.896555199491665 ], [ -75.70657570393368, 35.913773852637107 ], [ -75.710740790105476, 35.917664772676289 ], [ -75.721559827444437, 35.922661240401709 ], [ -75.725726855181932, 35.926269610114915 ], [ -75.727114320190879, 35.932106323632617 ], [ -75.727954320886809, 35.932938049703615 ], [ -75.722949716370138, 35.941825631323987 ], [ -75.711290600569399, 35.942932393479687 ], [ -75.69096563415799, 35.938500343952484 ], [ -75.688782888763285, 35.936272807643817 ], [ -75.676559905202225, 35.932938756078393 ], [ -75.669892109989348, 35.930162588267123 ], [ -75.665451070833868, 35.927110904528213 ], [ -75.662399867468281, 35.922937347119237 ], [ -75.662948804319925, 35.918223268554101 ], [ -75.666015833926792, 35.909052298320404 ], [ -75.661559535815229, 35.906550445854982 ], [ -75.657394063033891, 35.905718774537192 ], [ -75.651839157830352, 35.905993675182579 ], [ -75.647963968013173, 35.904605443432722 ], [ -75.641004764040545, 35.896556582512474 ], [ -75.636565005946679, 35.888774814649956 ], [ -75.627667904907113, 35.876271279375807 ], [ -75.617383411728184, 35.864331579053058 ], [ -75.613782016161196, 35.861554352569662 ], [ -75.614331940608679, 35.860165943450141 ], [ -75.613506557589162, 35.859334422207404 ], [ -75.616559700462005, 35.855725447742252 ], [ -75.621548506417611, 35.851835277799559 ], [ -75.62127404541647, 35.847386477346447 ], [ -75.616833104954466, 35.839604921070773 ], [ -75.615170580579999, 35.833502067552672 ], [ -75.619060631579387, 35.821554285620451 ], [ -75.622388051159376, 35.818778065240416 ] ] ] ] } },
{ "type": "Feature", "properties": { "fid": 33, "AREA": 0.01432, "PERIMETER": 1.58577, "LIRITULI_": 34, "LIRITULI_I": 3, "CODE": 1 }, "geometry": { "type": "MultiPolygon", "coordinates": [ [ [ [ -75.734608065499401, 35.183776674851146 ], [ -75.737659628996056, 35.185996738550685 ], [ -75.737385503503617, 35.189330753107967 ], [ -75.732105276597025, 35.192390259657685 ], [ -75.718219208236604, 35.197387926635059 ], [ -75.713778996451722, 35.2004473686086 ], [ -75.708773493666655, 35.202392865931699 ], [ -75.699038458121535, 35.207946690044203 ], [ -75.694048101728754, 35.214889283571345 ], [ -75.690706777601051, 35.223221102415771 ], [ -75.687653962359406, 35.227386840628121 ], [ -75.685151233052778, 35.229049625131815 ], [ -75.675705976015209, 35.223495824076728 ], [ -75.670151193154325, 35.22155006544407 ], [ -75.664047464505202, 35.222389479096087 ], [ -75.653212801311568, 35.225724438777902 ], [ -75.627378431156203, 35.237946948473756 ], [ -75.613218028430865, 35.24683505754205 ], [ -75.590435384398788, 35.263230933100985 ], [ -75.579051549880788, 35.265725439378059 ], [ -75.566263173227483, 35.264337285210182 ], [ -75.552926367607753, 35.265176573722925 ], [ -75.536262594626962, 35.268503624905001 ], [ -75.530982781076489, 35.271006367265059 ], [ -75.521537976329228, 35.278223741165796 ], [ -75.51682354676187, 35.289896272473989 ], [ -75.5146112423011, 35.302111856099593 ], [ -75.512108262781297, 35.307947529247485 ], [ -75.511544254797457, 35.311839582327046 ], [ -75.512383658441237, 35.317675910444493 ], [ -75.510994967122983, 35.326564216999763 ], [ -75.511819610823991, 35.335170478579002 ], [ -75.511270607058407, 35.342113282078628 ], [ -75.508767393090295, 35.352115253856169 ], [ -75.504328218983602, 35.363231338832186 ], [ -75.499596941682967, 35.372112077720608 ], [ -75.497933748514498, 35.377391442963756 ], [ -75.498208814408855, 35.379611158616399 ], [ -75.494593076090041, 35.392116248882324 ], [ -75.491541484728344, 35.418231467643203 ], [ -75.480159251003059, 35.461559377498268 ], [ -75.480984668094706, 35.482113817905393 ], [ -75.485989863374158, 35.496562918590016 ], [ -75.487928242921186, 35.506840283273426 ], [ -75.487928206777923, 35.512394098857904 ], [ -75.484601867968109, 35.525173784517669 ], [ -75.477094954047047, 35.54184379264278 ], [ -75.467939766169252, 35.56739544135003 ], [ -75.464613414900285, 35.580173817764774 ], [ -75.464324356652256, 35.591283005794217 ], [ -75.466002506005921, 35.597394043542195 ], [ -75.465162865736531, 35.597119289464885 ], [ -75.466827243222696, 35.599614179278447 ], [ -75.468215397798161, 35.604062118895904 ], [ -75.473771468933705, 35.634899539518258 ], [ -75.480989153559548, 35.65266891141367 ], [ -75.482378083351861, 35.662113949990605 ], [ -75.482378157844792, 35.66989615459125 ], [ -75.486819356392701, 35.677670039935443 ], [ -75.492663673072329, 35.684056589226223 ], [ -75.498491912531449, 35.695721754261349 ], [ -75.498493341988762, 35.709065607723616 ], [ -75.500721683065322, 35.71933452357095 ], [ -75.503788988108312, 35.7276655362027 ], [ -75.510441418034191, 35.740452680505442 ], [ -75.52683177450173, 35.764895528891216 ], [ -75.527670742073269, 35.770168096236631 ], [ -75.523779611895023, 35.774340416473812 ], [ -75.519613753004194, 35.776278267882752 ], [ -75.517675956951337, 35.777118286807188 ], [ -75.512120998936865, 35.777393151451278 ], [ -75.508230049111859, 35.773784412985236 ], [ -75.502949853250186, 35.764896278908616 ], [ -75.494603017281278, 35.753231688023178 ], [ -75.482378817081567, 35.730999836100203 ], [ -75.476550322811818, 35.714894555725969 ], [ -75.475435974863402, 35.709896706646461 ], [ -75.473222788226764, 35.695172318889789 ], [ -75.47322202923489, 35.687672338389007 ], [ -75.463501302278388, 35.645450995570428 ], [ -75.459045686831843, 35.636838225725782 ], [ -75.451277246889973, 35.618229439949886 ], [ -75.447370589472598, 35.60323004902682 ], [ -75.44709596371402, 35.582677329658615 ], [ -75.448759160924538, 35.575451270905781 ], [ -75.45127669749489, 35.564617882923024 ], [ -75.462110882307954, 35.542950091315511 ], [ -75.466824653101696, 35.525731011661868 ], [ -75.468488410052316, 35.515453561293427 ], [ -75.469052745765467, 35.502957499628764 ], [ -75.470150726647333, 35.496837811905316 ], [ -75.469052437081316, 35.491558767839315 ], [ -75.47043949389527, 35.482670609578442 ], [ -75.469874744929299, 35.47905419207077 ], [ -75.4726520484502, 35.454341730750691 ], [ -75.476542730067678, 35.435443790033908 ], [ -75.477381004728386, 35.426563813254397 ], [ -75.479319645426614, 35.420727150522126 ], [ -75.479045278639845, 35.41850638272998 ], [ -75.480708232933523, 35.41378386410198 ], [ -75.482370232504152, 35.403782295831881 ], [ -75.48182124968281, 35.394336146990511 ], [ -75.483209120322428, 35.390453469907385 ], [ -75.48209468163293, 35.37822275612087 ], [ -75.483208703700555, 35.36850276026933 ], [ -75.482369199489284, 35.361286092039563 ], [ -75.483208018266382, 35.357951360228725 ], [ -75.48236931965927, 35.355174610060573 ], [ -75.483208346429706, 35.350451807414196 ], [ -75.482658683128108, 35.346004069867718 ], [ -75.488486687706001, 35.325449856783756 ], [ -75.506553606159045, 35.289896585030043 ], [ -75.507941190307037, 35.285731316547761 ], [ -75.515433012988609, 35.246561448077564 ], [ -75.515158701792615, 35.244333636003304 ], [ -75.519050139009806, 35.238222767045549 ], [ -75.526816354864422, 35.235727315242848 ], [ -75.543755811061217, 35.231553733697332 ], [ -75.550149007123068, 35.23072205053402 ], [ -75.580714637794046, 35.228776146397635 ], [ -75.598217176805292, 35.225442264585567 ], [ -75.609601386692034, 35.222390293860784 ], [ -75.632094005131364, 35.215173088934243 ], [ -75.677934246152191, 35.202950022898008 ], [ -75.687654765789517, 35.197112887702048 ], [ -75.712389587754913, 35.185439402735248 ], [ -75.721835254940444, 35.183226757429175 ], [ -75.727100664341648, 35.182944795428568 ], [ -75.734608065499401, 35.183776674851146 ] ] ] ] } },
{ "type": "Feature", "properties": { "fid": 34, "AREA": 0.00326, "PERIMETER": 0.57767, "LIRITULI_": 35, "LIRITULI_I": 3, "CODE": 1 }, "geometry": { "type": "MultiPolygon", "coordinates": [ [ [ [ -76.014636478321151, 35.07433565654263 ], [ -76.011844290924998, 35.077944701452495 ], [ -76.006580177448996, 35.081278014586751 ], [ -75.998508031472838, 35.089327659945617 ], [ -75.99627916111622, 35.094324589209023 ], [ -75.994891546218852, 35.100443419561977 ], [ -75.994891158300831, 35.106272754325168 ], [ -75.996844475399087, 35.110719982763186 ], [ -75.995456364076546, 35.116000207572597 ], [ -75.991290160748122, 35.120157866643027 ], [ -75.987123935018246, 35.119883129001337 ], [ -75.980730087962826, 35.115168182643657 ], [ -75.971284218965721, 35.11238386607166 ], [ -75.963791776530442, 35.114330081831447 ], [ -75.945724633970613, 35.124606795769118 ], [ -75.930449783868582, 35.130718353785355 ], [ -75.926009225672246, 35.134052290448878 ], [ -75.915724493285936, 35.139607269983344 ], [ -75.899900818998631, 35.145443550888288 ], [ -75.887127717738622, 35.151830058361533 ], [ -75.861003776796721, 35.162663388620196 ], [ -75.840723844241936, 35.16877511706921 ], [ -75.802391210575948, 35.182668806592268 ], [ -75.790993022657844, 35.185721031809351 ], [ -75.76656224698344, 35.194052965140578 ], [ -75.7671110672932, 35.191549868601477 ], [ -75.771276624966163, 35.189604347425352 ], [ -75.778494311652054, 35.184050358964654 ], [ -75.78267559347475, 35.182111854272968 ], [ -75.797111652068395, 35.172392386131598 ], [ -75.804329418350875, 35.168226950159415 ], [ -75.825173389494495, 35.159886835929996 ], [ -75.831292751058228, 35.158498971189658 ], [ -75.847116831550423, 35.151829677338633 ], [ -75.868495755152324, 35.14516914067363 ], [ -75.873501060156499, 35.142667313387975 ], [ -75.885175287742754, 35.139607412610147 ], [ -75.917112786182386, 35.126552284339077 ], [ -75.928787165797772, 35.122661594882203 ], [ -75.948227685006216, 35.110447207594362 ], [ -75.971848391449484, 35.097110277322869 ], [ -76.000185688788392, 35.079050413099814 ], [ -76.010455566708359, 35.074335231952517 ], [ -76.014636478321151, 35.07433565654263 ] ] ] ] } },
{ "type": "Feature", "properties": { "fid": 35, "AREA": 0.00172, "PERIMETER": 0.28407, "LIRITULI_": 36, "LIRITULI_I": 3, "CODE": 1 }, "geometry": { "type": "MultiPolygon", "coordinates": [ [ [ [ -76.147409063230711, 34.987937850761988 ], [ -76.147682998378173, 34.990157084034408 ], [ -76.130454909653736, 35.00849918095831 ], [ -76.091010856857167, 35.045167001304797 ], [ -76.081854426947714, 35.057381242938575 ], [ -76.07657510094613, 35.069054576852601 ], [ -76.071295761123253, 35.07154924113479 ], [ -76.063787302369832, 35.070443766025811 ], [ -76.057958637101933, 35.067109439977351 ], [ -76.043232599698996, 35.063493184382679 ], [ -76.039066915453375, 35.061273420557697 ], [ -76.038792995060092, 35.056824999642551 ], [ -76.040455295553315, 35.053773673010085 ], [ -76.05240351401973, 35.049333494126714 ], [ -76.063238464684147, 35.042939368389192 ], [ -76.067403447376634, 35.039605866429355 ], [ -76.07268360989714, 35.037384788246605 ], [ -76.077123469988294, 35.034050370740367 ], [ -76.091849556541902, 35.025719425689566 ], [ -76.107398686652346, 35.018493641782399 ], [ -76.111839055461061, 35.015167523145884 ], [ -76.117118975216982, 35.012665041187418 ], [ -76.130729677767391, 35.002105978490818 ], [ -76.141304636573182, 34.99099652613608 ], [ -76.147409063230711, 34.987937850761988 ] ] ] ] } },
{ "type": "Feature", "properties": { "fid": 36, "AREA": 0.006, "PERIMETER": 1.01714, "LIRITULI_": 37, "LIRITULI_I": 3, "CODE": 1 }, "geometry": { "type": "MultiPolygon", "coordinates": [ [ [ [ -76.532710976446623, 34.585430824083723 ], [ -76.540752081570005, 34.592655204279517 ], [ -76.544919104833525, 34.601825975179693 ], [ -76.543530578578384, 34.607937213725677 ], [ -76.541027755745077, 34.61154634475961 ], [ -76.537700416064027, 34.613217101167393 ], [ -76.534924197570561, 34.615993449074864 ], [ -76.527431466753569, 34.620990935007022 ], [ -76.516597832477544, 34.634044294263134 ], [ -76.500484100878523, 34.658763488807494 ], [ -76.495188436761836, 34.669879213851196 ], [ -76.484643653770178, 34.683765304062632 ], [ -76.476037387127207, 34.698207375164046 ], [ -76.469369924657144, 34.705157543427369 ], [ -76.466302859118841, 34.710154352504283 ], [ -76.448250944047373, 34.72820572520282 ], [ -76.44101706837408, 34.737933550413118 ], [ -76.432960831255201, 34.746821888713512 ], [ -76.427970354643719, 34.757937829891731 ], [ -76.423804480190881, 34.7709916586616 ], [ -76.420478235740873, 34.775988519455389 ], [ -76.398535413015381, 34.790995490423569 ], [ -76.387426969220087, 34.802097236782267 ], [ -76.379918757350026, 34.811267394082776 ], [ -76.376852154251566, 34.816264307183772 ], [ -76.372136273228989, 34.819606325626545 ], [ -76.364643736275468, 34.827655146505364 ], [ -76.356587236875399, 34.8337673236691 ], [ -76.353519595225109, 34.83737538790556 ], [ -76.349369571427303, 34.840153097762979 ], [ -76.333803922648272, 34.853771601110608 ], [ -76.327700151582462, 34.856548530070739 ], [ -76.319368804424428, 34.864048586335244 ], [ -76.279358539321834, 34.894605292630402 ], [ -76.258803945706148, 34.907658490399456 ], [ -76.246291096857291, 34.917104157149083 ], [ -76.235746133023682, 34.922658908343962 ], [ -76.227963499488638, 34.928769676686628 ], [ -76.2240724669701, 34.932936106938484 ], [ -76.211300946542423, 34.940153837621544 ], [ -76.201580239372092, 34.94321274444026 ], [ -76.199351822292442, 34.941824092846375 ], [ -76.1987878971063, 34.937658568362636 ], [ -76.202128867704175, 34.932661976369488 ], [ -76.224347407912475, 34.915434484124006 ], [ -76.233793072631485, 34.910436257898461 ], [ -76.269912954660683, 34.886273718559906 ], [ -76.28714107517844, 34.872098503840434 ], [ -76.301027253371018, 34.862378430502588 ], [ -76.327135838551797, 34.84182378498069 ], [ -76.331316925488139, 34.837657867146923 ], [ -76.352970527834756, 34.820438869805976 ], [ -76.355747876648081, 34.816829449812289 ], [ -76.368795025035098, 34.805988511550268 ], [ -76.379919347360385, 34.795161307325941 ], [ -76.411033413295058, 34.762102965807301 ], [ -76.421867728641772, 34.752382948847782 ], [ -76.431312974202669, 34.738764479155286 ], [ -76.440742525769792, 34.72237679748249 ], [ -76.44379507129841, 34.718211295359282 ], [ -76.451317242309798, 34.710711700306824 ], [ -76.468805126579099, 34.681826778277092 ], [ -76.472421347113098, 34.67710449666216 ], [ -76.484644441246687, 34.66487438987874 ], [ -76.49074828654885, 34.656261067681854 ], [ -76.493250484205646, 34.650433168789625 ], [ -76.502985663499274, 34.635433807431369 ], [ -76.514659476059833, 34.623211780784374 ], [ -76.519374507057265, 34.61349177556805 ], [ -76.524364146093305, 34.594876062021441 ], [ -76.527705726755258, 34.589879273541051 ], [ -76.531596534720279, 34.585987876039177 ], [ -76.532710976446623, 34.585430824083723 ] ] ] ] } },
{ "type": "Feature", "properties": { "fid": 37, "AREA": 0.00374, "PERIMETER": 0.86015, "LIRITULI_": 38, "LIRITULI_I": 3, "CODE": 1 }, "geometry": { "type": "MultiPolygon", "coordinates": [ [ [ [ -77.093008361924859, 34.644044911189667 ], [ -77.095786023539006, 34.645991496597006 ], [ -77.097723520792115, 34.650705328235198 ], [ -77.096060233261923, 34.656542635430903 ], [ -77.093558784992936, 34.659594085295275 ], [ -77.088843340065139, 34.660708092113005 ], [ -77.089392334380761, 34.660982785118897 ], [ -77.088568294254671, 34.661539760614467 ], [ -77.075781169935553, 34.663209926679514 ], [ -77.04243952754166, 34.671824229174192 ], [ -76.989947816144181, 34.682375025324745 ], [ -76.978548677114276, 34.685708963043353 ], [ -76.955231870964198, 34.687928580294745 ], [ -76.948548737832184, 34.687371580756214 ], [ -76.942153815504625, 34.688204093931603 ], [ -76.930770347505486, 34.691537563183033 ], [ -76.925765823938434, 34.691820085760398 ], [ -76.920776113305436, 34.693208846713546 ], [ -76.914107138581301, 34.69320882615326 ], [ -76.896055654868718, 34.695154398253116 ], [ -76.884946651699934, 34.694871493869869 ], [ -76.859660946537346, 34.696259688755468 ], [ -76.844660848154817, 34.699593524860134 ], [ -76.841334433097472, 34.699594489066762 ], [ -76.838267844711453, 34.700990218730318 ], [ -76.827998160839769, 34.703210641327445 ], [ -76.81437181214001, 34.705430028386544 ], [ -76.801873412956695, 34.706819194321191 ], [ -76.781044525761047, 34.706818767438897 ], [ -76.77382613993943, 34.707658337715038 ], [ -76.75549946005647, 34.70598706349395 ], [ -76.749091420575169, 34.706818827848238 ], [ -76.729375960776082, 34.706261483347625 ], [ -76.716878559339861, 34.707376251398351 ], [ -76.692142626282347, 34.706543947110653 ], [ -76.682147763757612, 34.702378820470052 ], [ -76.682712857331964, 34.697649007641253 ], [ -76.686039264460263, 34.695985450545287 ], [ -76.6896395414268, 34.695428847006248 ], [ -76.696308340485587, 34.695985835700938 ], [ -76.702717495161636, 34.694596910502618 ], [ -76.741873140248302, 34.696259911845296 ], [ -76.773826586904661, 34.699318881130509 ], [ -76.779106570572608, 34.698762302407488 ], [ -76.798547096422709, 34.700707863438303 ], [ -76.803827286493487, 34.700433128714131 ], [ -76.808541759576883, 34.699037385431787 ], [ -76.812982131435774, 34.699319568590482 ], [ -76.841884637946791, 34.697373688023426 ], [ -76.869655904685388, 34.691819489005923 ], [ -76.893003458052306, 34.685983027115427 ], [ -76.936325366960219, 34.679323007313265 ], [ -76.948273526074772, 34.67682041248451 ], [ -76.967729881772399, 34.67571411111944 ], [ -76.992724469639867, 34.672380128105431 ], [ -77.045216286762823, 34.661821190425499 ], [ -77.072179182523101, 34.652651652100218 ], [ -77.093008361924859, 34.644044911189667 ] ] ] ] } },
{ "type": "Feature", "properties": { "fid": 38, "AREA": 0.00163, "PERIMETER": 0.27904, "LIRITULI_": 39, "LIRITULI_I": 3, "CODE": 1 }, "geometry": { "type": "MultiPolygon", "coordinates": [ [ [ [ -76.539364421074112, 34.632374364043031 ], [ -76.544644010507341, 34.633495294789185 ], [ -76.557690319024829, 34.644046843032449 ], [ -76.562147148001429, 34.646266454855983 ], [ -76.565198207035152, 34.649600270488079 ], [ -76.57270600108518, 34.654040123229898 ], [ -76.573819974722895, 34.655711668503045 ], [ -76.586592255149981, 34.661822630193377 ], [ -76.608535520798767, 34.669047706092783 ], [ -76.629639929582837, 34.673487352954339 ], [ -76.6357732313989, 34.67376994412389 ], [ -76.637712024398184, 34.675157961255259 ], [ -76.643540850686492, 34.676821193772746 ], [ -76.650758995674153, 34.681268855132785 ], [ -76.654374990341168, 34.686266628750893 ], [ -76.653261859124754, 34.686540947268 ], [ -76.653825771736123, 34.687372720860601 ], [ -76.651872996961487, 34.688486447187103 ], [ -76.651597529830966, 34.689874673681267 ], [ -76.641328938360175, 34.689042951065439 ], [ -76.637987333437565, 34.688486616746488 ], [ -76.637711395092964, 34.687655153983997 ], [ -76.632982003581432, 34.688204311023689 ], [ -76.615478789984664, 34.68043748347052 ], [ -76.571882088241153, 34.670153501270065 ], [ -76.558805291235785, 34.66515620283765 ], [ -76.554090581344255, 34.660708475004292 ], [ -76.549084524823868, 34.658206540662391 ], [ -76.540753482392404, 34.650989239755781 ], [ -76.537701003243413, 34.646823376677148 ], [ -76.537427048111908, 34.644603709311838 ], [ -76.535762463940728, 34.642101236152698 ], [ -76.534924350952835, 34.635715624924572 ], [ -76.539364421074112, 34.632374364043031 ] ] ] ] } },
{ "type": "Feature", "properties": { "fid": 39, "AREA": 0.00047, "PERIMETER": 0.10806, "LIRITULI_": 40, "LIRITULI_I": 3, "CODE": 1 }, "geometry": { "type": "MultiPolygon", "coordinates": [ [ [ [ -77.16106582008814, 34.626818468277932 ], [ -77.163567510849504, 34.62793276925246 ], [ -77.164117307743751, 34.631541692644426 ], [ -77.15995120539732, 34.637102616589829 ], [ -77.129112510387131, 34.647104934271859 ], [ -77.121330105787351, 34.647654422156208 ], [ -77.117728383256818, 34.644877078639475 ], [ -77.119117702759326, 34.640993403500701 ], [ -77.122719323413023, 34.63682086452242 ], [ -77.126059945478545, 34.637377864587833 ], [ -77.129386797728827, 34.635157609443979 ], [ -77.13661966536678, 34.633768903861352 ], [ -77.156060467772207, 34.627100777206927 ], [ -77.16106582008814, 34.626818468277932 ] ] ] ] } },
{ "type": "Feature", "properties": { "fid": 40, "AREA": 0.04389, "PERIMETER": 0.74853, "LIRITULI_": 41, "LIRITULI_I": 16, "CODE": 1 }, "geometry": { "type": "MultiPolygon", "coordinates": [ [ [ [ -90.722684504608594, 34.431380937278163 ], [ -90.725290788014021, 34.431042547617288 ], [ -90.727875093740167, 34.430750169071416 ], [ -90.730466018934081, 34.43049982456531 ], [ -90.733062537040752, 34.430291613320861 ], [ -90.735663619316924, 34.430125617859893 ], [ -90.73826823523342, 34.430001903972304 ], [ -90.74087535287866, 34.429920520689656 ], [ -90.743483939362164, 34.429881500266454 ], [ -90.746092961218821, 34.429884858167334 ], [ -90.748701384813188, 34.42993059306098 ], [ -90.751308161733277, 34.430018695689704 ], [ -90.753912256577237, 34.430149132680327 ], [ -90.756512655225151, 34.430321841928233 ], [ -90.759108327382819, 34.430536754989816 ], [ -90.761698244605427, 34.43079378669394 ], [ -90.764281380700353, 34.431092835175072 ], [ -90.766856712128643, 34.431433781913626 ], [ -90.769423218405848, 34.431816491781831 ], [ -90.771979882501469, 34.432240813097422 ], [ -90.774525691237315, 34.432706577682218 ], [ -90.777059635684253, 34.433213600928759 ], [ -90.779580711557642, 34.433761681872248 ], [ -90.782087919610689, 34.434350603269721 ], [ -90.784580266026225, 34.434980131684569 ], [ -90.787056762806245, 34.435650017578823 ], [ -90.789516428159459, 34.436359995410363 ], [ -90.791958286886441, 34.437109783737405 ], [ -90.794381370762252, 34.437899085328823 ], [ -90.796784718916626, 34.438727587280688 ], [ -90.799167378211223, 34.439594961139008 ], [ -90.801528403614199, 34.440500863028539 ], [ -90.803866858571553, 34.441444933787849 ], [ -90.806181815375382, 34.442426799110073 ], [ -90.808472355528963, 34.443446069690069 ], [ -90.810737570108046, 34.444502341376932 ], [ -90.812976560118955, 34.445595195332821 ], [ -90.815188436852765, 34.446724198197529 ], [ -90.817372322235499, 34.447888902258441 ], [ -90.819527349174592, 34.449088845626306 ], [ -90.821652661901098, 34.450323552417153 ], [ -90.823747416307683, 34.451592532938783 ], [ -90.825810780282112, 34.452895283883294 ], [ -90.827841934036414, 34.454231288525065 ], [ -90.829840070431189, 34.455600016923803 ], [ -90.831804395295393, 34.457000926132771 ], [ -90.833734127740897, 34.458433460412543 ], [ -90.835628500472481, 34.459897051449374 ], [ -90.837486760092119, 34.46139111857886 ], [ -90.839308167398585, 34.462915069014556 ], [ -90.841091997681261, 34.464468298080966 ], [ -90.842837541008564, 34.466050189451991 ], [ -90.844544102510994, 34.467660115393215 ], [ -90.846211002657995, 34.46929743700926 ], [ -90.847837577529376, 34.470961504495612 ], [ -90.849423179080759, 34.472651657394351 ], [ -90.850967175402644, 34.474367224854959 ], [ -90.85246895097373, 34.476107525897945 ], [ -90.853927906907757, 34.477871869684009 ], [ -90.855343461193925, 34.47965955578649 ], [ -90.856715048931079, 34.481469874467216 ], [ -90.858042122555105, 34.48330210695692 ], [ -90.859324152059884, 34.485155525738804 ], [ -90.860560625211278, 34.48702939483583 ], [ -90.861751047754481, 34.488922970101207 ], [ -90.862894943614265, 34.49083549951245 ], [ -90.863991855088443, 34.492766223468394 ], [ -90.865041343034065, 34.494714375089522 ], [ -90.866042987046328, 34.496679180521021 ], [ -90.866996385630685, 34.49865985923865 ], [ -90.867901144129078, 34.500655625741459 ], [ -90.868756879694729, 34.502665689315215 ], [ -90.869563280409395, 34.504689247684169 ], [ -90.870320021982991, 34.506725496760602 ], [ -90.871026799782655, 34.508773627356035 ], [ -90.871683328959506, 34.510832825501772 ], [ -90.872289344567989, 34.51290227277125 ], [ -90.872844601677144, 34.514981146604505 ], [ -90.873348875474136, 34.517068620633999 ], [ -90.873801961359817, 34.5191638650127 ], [ -90.874203675036682, 34.521266046742944 ], [ -90.874553852588406, 34.523374330007009 ], [ -90.874852350551592, 34.525487876498964 ], [ -90.875099045979539, 34.527605845757272 ], [ -90.875293836497804, 34.529727395498767 ], [ -90.875436640351481, 34.531851681953164 ], [ -90.875527396444795, 34.533977860198277 ], [ -90.875566064371981, 34.536105084495972 ], [ -90.87555262444026, 34.538232508628369 ], [ -90.87548707768461, 34.540359286234398 ], [ -90.875369445874099, 34.542484571146566 ], [ -90.875199771510097, 34.544607517727648 ], [ -90.874978117816383, 34.54672728120741 ], [ -90.874704568720531, 34.548843018018815 ], [ -90.874379228827507, 34.550953886134195 ], [ -90.874002223384693, 34.553059045400836 ], [ -90.87357369823863, 34.555157657875512 ], [ -90.87309381978389, 34.557248888158796 ], [ -90.872562774902974, 34.559331903728193 ], [ -90.871980770898745, 34.561405875270232 ], [ -90.871348035418166, 34.563469977011323 ], [ -90.87066481636775, 34.565523387047392 ], [ -90.869931381821416, 34.56756528767211 ], [ -90.869148019919393, 34.569594865703436 ], [ -90.868315038759633, 34.571611312808407 ], [ -90.867432766280913, 34.573613825826335 ], [ -90.866501550137741, 34.575601607089688 ], [ -90.865521757567478, 34.57757386474308 ], [ -90.864493775249386, 34.579529813060006 ], [ -90.863418009155794, 34.581468672757175 ], [ -90.862294884395297, 34.583389671306392 ], [ -90.861124845048337, 34.585292043243705 ], [ -90.859908353994712, 34.587175030476082 ], [ -90.858645892733833, 34.589037882584861 ], [ -90.857337961196862, 34.590879857126382 ], [ -90.855985077551708, 34.592700219929618 ], [ -90.854587778000294, 34.594498245390355 ], [ -90.853146616568424, 34.596273216762356 ], [ -90.851662164888452, 34.598024426444191 ], [ -90.850135011974544, 34.599751176263943 ], [ -90.848565763990806, 34.601452777758531 ], [ -90.846955044012503, 34.603128552450627 ], [ -90.845303491779902, 34.604777832120696 ], [ -90.843611763445637, 34.606399959075318 ], [ -90.841880531315155, 34.607994286411611 ], [ -90.84011048358019, 34.609560178276588 ], [ -90.838302324045941, 34.61109701012321 ], [ -90.836456771851886, 34.612604168961141 ], [ -90.834574561185704, 34.614081053603094 ], [ -90.832656440991443, 34.615527074906559 ], [ -90.830703174671385, 34.616941656011058 ], [ -90.828715539781683, 34.618324232569705 ], [ -90.826694327722379, 34.619674252976694 ], [ -90.824640343421478, 34.620991178588909 ], [ -90.822554405013392, 34.622274483942931 ], [ -90.820437343511927, 34.623523656966555 ], [ -90.818290002477852, 34.624738199184947 ], [ -90.816113237680952, 34.625917625921367 ], [ -90.8139079167576, 34.6270614664924 ], [ -90.811674918862593, 34.628169264397464 ], [ -90.809415134316666, 34.629240577503083 ], [ -90.807129464249144, 34.630274978220541 ], [ -90.804818820235994, 34.631272053678778 ], [ -90.802484123933667, 34.63223140589038 ], [ -90.800126306708549, 34.633152651912113 ], [ -90.797746309262152, 34.634035423999563 ], [ -90.795345081252933, 34.634879369755289 ], [ -90.792923580913694, 34.635684152270741 ], [ -90.790482774665691, 34.636449450262639 ], [ -90.788023636729392, 34.637174958202138 ], [ -90.785547148731666, 34.637860386438277 ], [ -90.783054299309867, 34.638505461314836 ], [ -90.780546083713361, 34.639109925280856 ], [ -90.778023503401684, 34.639673536994394 ], [ -90.775487565640447, 34.640196071420149 ], [ -90.77293928309463, 34.640677319919966 ], [ -90.770379673419725, 34.641117090337517 ], [ -90.76780975885066, 34.641515207075521 ], [ -90.765230565788713, 34.641871511166649 ], [ -90.762643124386827, 34.642185860338067 ], [ -90.760048468133377, 34.642458129068316 ], [ -90.757447633434126, 34.642688208638376 ], [ -90.754841659193531, 34.642876007175637 ], [ -90.75223158639443, 34.643021449690622 ], [ -90.7496184527986, 34.643124481596175 ], [ -90.747003286161728, 34.643185073287235 ], [ -90.744387152168713, 34.643203185562413 ], [ -90.741771095888751, 34.643178811197544 ], [ -90.739156162359649, 34.64311195993475 ], [ -90.736543396165175, 34.643002658478629 ], [ -90.733933841012586, 34.642850950485233 ], [ -90.731328539310624, 34.642656896544807 ], [ -90.728728531748033, 34.642420574156965 ], [ -90.726134856872577, 34.642142077699347 ], [ -90.723548550671481, 34.641821518389904 ], [ -90.720970646152438, 34.641459024241499 ], [ -90.718402172926119, 34.641054740010489 ], [ -90.715844156790055, 34.640608827138088 ], [ -90.713297619314361, 34.640121463685304 ], [ -90.71076357742875, 34.639592844261003 ], [ -90.708243043012075, 34.639023179943322 ], [ -90.705737022483575, 34.638412698194323 ], [ -90.703246516396803, 34.637761642768403 ], [ -90.700772519035667, 34.637070273613695 ], [ -90.698316018013358, 34.636338866767204 ], [ -90.695877993874007, 34.635567714243514 ], [ -90.69345941969739, 34.634757123916678 ], [ -90.691061260706803, 34.633907419396316 ], [ -90.688684473880031, 34.633018939896807 ], [ -90.68633000756418, 34.632092040100524 ], [ -90.683998801093836, 34.631127090014921 ], [ -90.681691784412976, 34.630124474822978 ], [ -90.679409877701247, 34.629084594728226 ], [ -90.677153991003962, 34.628007864793261 ], [ -90.674925023866436, 34.626894714772298 ], [ -90.67272386497288, 34.625745588938173 ], [ -90.670551391789701, 34.624560945903163 ], [ -90.66840847021362, 34.623341258434245 ], [ -90.666295954224623, 34.622087013262622 ], [ -90.664214685543854, 34.620798710887641 ], [ -90.662165493296683, 34.619476865375439 ], [ -90.660149193681093, 34.618122004151722 ], [ -90.658166589641368, 34.61673466778938 ], [ -90.656218470547458, 34.615315409791265 ], [ -90.654305611879892, 34.613864796367267 ], [ -90.652428774920594, 34.612383406206277 ], [ -90.65058870644954, 34.610871830243894 ], [ -90.648786138447477, 34.609330671424388 ], [ -90.647021787804874, 34.607760544458429 ], [ -90.64529635603698, 34.606162075576002 ], [ -90.643610529005556, 34.604535902274726 ], [ -90.641964976646776, 34.602882673063611 ], [ -90.640360352705969, 34.601203047202759 ], [ -90.638797294479005, 34.59949769443832 ], [ -90.63727642256049, 34.597767294733842 ], [ -90.635798340598754, 34.596012537997112 ], [ -90.634363635058165, 34.59423412380346 ], [ -90.632972874988141, 34.592432761115063 ], [ -90.631626611799561, 34.590609167996313 ], [ -90.630325379048401, 34.588764071326231 ], [ -90.629069692226892, 34.58689820650681 ], [ -90.627860048561615, 34.585012317168406 ], [ -90.626696926819619, 34.583107154871641 ], [ -90.625580787121905, 34.581183478806452 ], [ -90.624512070764467, 34.579242055487882 ], [ -90.623491200047184, 34.577283658449531 ], [ -90.622518578110288, 34.575309067933482 ], [ -90.621594588778876, 34.573319070578542 ], [ -90.620719596415199, 34.57131445910511 ], [ -90.619893945778728, 34.569296031998618 ], [ -90.619117961894517, 34.56726459318984 ], [ -90.618391949929261, 34.565220951733934 ], [ -90.61771619507563, 34.563165921486942 ], [ -90.617090962444564, 34.561100320780803 ], [ -90.616516496965787, 34.559024972096324 ], [ -90.615993023296355, 34.556940701735321 ], [ -90.615520745737641, 34.554848339490128 ], [ -90.615099848160199, 34.552748718313211 ], [ -90.614730493937131, 34.55064267398437 ], [ -90.614412825885466, 34.548531044777882 ], [ -90.614146966216055, 34.546414671128062 ], [ -90.613933016491472, 34.544294395294472 ], [ -90.613771057592388, 34.542171061026131 ], [ -90.613661149692064, 34.540045513225998 ], [ -90.613603332239279, 34.537918597613881 ], [ -90.61359762394936, 34.535791160390438 ], [ -90.613644022803612, 34.533664047899904 ], [ -90.61374250605698, 34.531538106293738 ], [ -90.613893030253848, 34.529414181194248 ], [ -90.614095531252033, 34.527293117357985 ], [ -90.61434992425535, 34.525175758340275 ], [ -90.614656103853832, 34.523062946160188 ], [ -90.615013944072501, 34.520955520965671 ], [ -90.615423298427899, 34.518854320700299 ], [ -90.615883999993272, 34.516760180770419 ], [ -90.616395861471034, 34.514673933713908 ], [ -90.616958675273949, 34.512596408869456 ], [ -90.617572213613926, 34.510528432048062 ], [ -90.61823622859869, 34.508470825205173 ], [ -90.618950452336534, 34.506424406115308 ], [ -90.619714597048926, 34.504389988047627 ], [ -90.620528355190487, 34.502368379444107 ], [ -90.621391399577206, 34.500360383599052 ], [ -90.622303344202606, 34.498366798932672 ], [ -90.623263856571839, 34.496388417080738 ], [ -90.624272557243131, 34.494426023920809 ], [ -90.625329041909239, 34.492480399005636 ], [ -90.626432887378186, 34.490552315173758 ], [ -90.627583651746463, 34.488642538243781 ], [ -90.628780874578965, 34.48675182671159 ], [ -90.630024077096408, 34.484880931450775 ], [ -90.631312762369802, 34.483030595416132 ], [ -90.632646415521819, 34.481201553349614 ], [ -90.634024503934967, 34.479394531490996 ], [ -90.635446477466942, 34.4776102472905 ], [ -90.636911768672363, 34.475849409126191 ], [ -90.638419793031204, 34.47411271602396 ], [ -90.639969949183964, 34.472400857382368 ], [ -90.641561619173132, 34.470714512700262 ], [ -90.643194168690869, 34.469054351309047 ], [ -90.644866947333199, 34.467421032109044 ], [ -90.646579288860309, 34.465815203309532 ], [ -90.648330511462476, 34.464237502173603 ], [ -90.650119918032559, 34.462688554766856 ], [ -90.651946796443852, 34.461168975711175 ], [ -90.653810419833619, 34.459679367942535 ], [ -90.655710046892722, 34.458220322473714 ], [ -90.65764492215996, 34.456792418161655 ], [ -90.659614276322472, 34.455396221479724 ], [ -90.661617326521011, 34.454032286294982 ], [ -90.663653276660384, 34.452701153650032 ], [ -90.66572131772493, 34.451403351550624 ], [ -90.667820628098795, 34.450139394757777 ], [ -90.669950373891226, 34.448909784585638 ], [ -90.672109709266067, 34.447715008704201 ], [ -90.674297776776029, 34.446555540947884 ], [ -90.676513707701432, 34.445431841129448 ], [ -90.67875662239274, 34.444344354858977 ], [ -90.681025630617626, 34.443293513369191 ], [ -90.683319831911874, 34.442279733346105 ], [ -90.685638315934142, 34.44130341676528 ], [ -90.687980162824175, 34.440364950734022 ], [ -90.690344443564939, 34.439464707339468 ], [ -90.692730220348139, 34.438603043502546 ], [ -90.695136546942678, 34.437780300837893 ], [ -90.697562469066568, 34.436996805519961 ], [ -90.700007024761973, 34.43625286815476 ], [ -90.702469244772644, 34.43554878365827 ], [ -90.704948152924615, 34.434884831140586 ], [ -90.707442766508905, 34.434261273796523 ], [ -90.709952096667379, 34.433678358802403 ], [ -90.712475148780143, 34.433136317219201 ], [ -90.715010922855612, 34.432635363901731 ], [ -90.717558413922305, 34.432175697414642 ], [ -90.7201166124227, 34.431757499954514 ], [ -90.722684504608594, 34.431380937278163 ] ] ] ] } },
{ "type": "Feature", "properties": { "fid": 41, "AREA": 0.00072, "PERIMETER": 0.21973, "LIRITULI_": 42, "LIRITULI_I": 3, "CODE": 1 }, "geometry": { "type": "MultiPolygon", "coordinates": [ [ [ [ -77.320236972348056, 34.53293290831683 ], [ -77.321075867474448, 34.533772156086265 ], [ -77.323303119130742, 34.537663007270986 ], [ -77.323013594266399, 34.54182960229749 ], [ -77.319137964771414, 34.545994890927915 ], [ -77.312180031823402, 34.54877235171822 ], [ -77.289122344946023, 34.561825746521961 ], [ -77.284956054741471, 34.565158900679783 ], [ -77.279676677762865, 34.56766146599886 ], [ -77.273007746419793, 34.572658736744003 ], [ -77.270520541762565, 34.575718396241236 ], [ -77.261349654499341, 34.580158110406998 ], [ -77.243007628886389, 34.592654811570782 ], [ -77.236889067329628, 34.595706702356139 ], [ -77.236064815138889, 34.592654521211131 ], [ -77.239116678399611, 34.588206563330388 ], [ -77.243283477581258, 34.585712460722149 ], [ -77.244747715768085, 34.583880759111317 ], [ -77.246334451140001, 34.582103172923432 ], [ -77.252468562706724, 34.579044402945605 ], [ -77.268018051994147, 34.566830387642995 ], [ -77.311065734056328, 34.540997527931367 ], [ -77.315506347854239, 34.536823797023352 ], [ -77.316345462860994, 34.53488671192703 ], [ -77.320236972348056, 34.53293290831683 ] ] ] ] } },
{ "type": "Feature", "properties": { "fid": 42, "AREA": 0.00387, "PERIMETER": 0.6699, "LIRITULI_": 43, "LIRITULI_I": 3, "CODE": 1 }, "geometry": { "type": "MultiPolygon", "coordinates": [ [ [ [ -77.632462768679332, 34.361550123754405 ], [ -77.634141888891989, 34.364052381089522 ], [ -77.632188090278945, 34.368493083514515 ], [ -77.62440569228086, 34.376823653869899 ], [ -77.615524908208286, 34.383499577920432 ], [ -77.612472445391816, 34.388496991013611 ], [ -77.604964606567563, 34.396828462280006 ], [ -77.582761776131392, 34.414322444243545 ], [ -77.577192850210963, 34.417381814250852 ], [ -77.568860402336426, 34.423492512157956 ], [ -77.563580710212648, 34.425995032454232 ], [ -77.554959511939629, 34.432662564492453 ], [ -77.544964931969176, 34.437660179642606 ], [ -77.540523738962008, 34.440993629583424 ], [ -77.530254229858571, 34.445991730798738 ], [ -77.525797943916416, 34.449324621224328 ], [ -77.511637694020109, 34.456549808741428 ], [ -77.502482151794666, 34.462378931935909 ], [ -77.451910865827244, 34.487379399121927 ], [ -77.446341964971126, 34.488493354094601 ], [ -77.427175015041001, 34.497937969307415 ], [ -77.421620815910273, 34.499601397384083 ], [ -77.402745632888255, 34.507940044488279 ], [ -77.393573810581486, 34.510159942900351 ], [ -77.382739409439083, 34.514325853914649 ], [ -77.367739670602163, 34.521825268153172 ], [ -77.36162074758667, 34.523488370427664 ], [ -77.356905756168118, 34.525991565639963 ], [ -77.349962224820644, 34.526265895183037 ], [ -77.348572830864143, 34.52460265431457 ], [ -77.349672157108358, 34.520437354541144 ], [ -77.354952254651721, 34.517934763900193 ], [ -77.358568011756645, 34.514607584678018 ], [ -77.370516253942782, 34.508497315846355 ], [ -77.375232433804072, 34.507383171099335 ], [ -77.38551628948818, 34.502385990368452 ], [ -77.391070898130039, 34.50071507963996 ], [ -77.425512093399547, 34.483496152842854 ], [ -77.431066651955831, 34.481825927635903 ], [ -77.471916276202705, 34.46321818763672 ], [ -77.482461233587003, 34.459052646065111 ], [ -77.501093657321661, 34.454330369372201 ], [ -77.511087527741338, 34.44932544949765 ], [ -77.516642077736208, 34.445990530243925 ], [ -77.52469991153032, 34.439323598320037 ], [ -77.536632402562063, 34.427657612121777 ], [ -77.545239054958998, 34.420998016240894 ], [ -77.599425423258609, 34.380989572992 ], [ -77.619415377011563, 34.370995200909618 ], [ -77.632462768679332, 34.361550123754405 ] ] ] ] } },
{ "type": "Feature", "properties": { "fid": 43, "AREA": 0.00052, "PERIMETER": 0.10132, "LIRITULI_": 44, "LIRITULI_I": 3, "CODE": 1 }, "geometry": { "type": "MultiPolygon", "coordinates": [ [ [ [ -77.696354893928458, 34.310990396043884 ], [ -77.700261259959547, 34.311830207443464 ], [ -77.701649731020979, 34.312936443526681 ], [ -77.70387799612007, 34.317384144369591 ], [ -77.70026134405181, 34.325997516660848 ], [ -77.696644618010637, 34.330162559525981 ], [ -77.680255811362429, 34.345162446528199 ], [ -77.675250570277129, 34.347656761336026 ], [ -77.6735874671772, 34.347382516000373 ], [ -77.671924350884069, 34.344880057300564 ], [ -77.674137147570264, 34.33905181054002 ], [ -77.675799445215546, 34.337105735972564 ], [ -77.677753043849961, 34.330445542599278 ], [ -77.679691567134583, 34.326829038120906 ], [ -77.691074576227649, 34.313492502856491 ], [ -77.696354893928458, 34.310990396043884 ] ] ] ] } },
{ "type": "Feature", "properties": { "fid": 44, "AREA": 0.00053, "PERIMETER": 0.10855, "LIRITULI_": 45, "LIRITULI_I": 3, "CODE": 1 }, "geometry": { "type": "MultiPolygon", "coordinates": [ [ [ [ -77.751930077104291, 34.255441456316909 ], [ -77.754982762182564, 34.256555366486658 ], [ -77.754707391642498, 34.262940570167771 ], [ -77.748862908781149, 34.271547026745502 ], [ -77.745246643704618, 34.281274077813158 ], [ -77.742759560251287, 34.283776571440434 ], [ -77.740531663494068, 34.288216791010285 ], [ -77.736365539257335, 34.29155148769533 ], [ -77.733023789247994, 34.292939482141442 ], [ -77.727194673764473, 34.29322210617331 ], [ -77.723028027539527, 34.289605523665294 ], [ -77.721639471986492, 34.285996837886827 ], [ -77.724706888711268, 34.280992113965183 ], [ -77.727484947388916, 34.279886067001399 ], [ -77.726919319928342, 34.279329037815515 ], [ -77.728308033766965, 34.277940409927211 ], [ -77.728583189364841, 34.275995288527881 ], [ -77.731924551441253, 34.274606295388317 ], [ -77.739691287108613, 34.268220907610747 ], [ -77.740530753420799, 34.265718509539305 ], [ -77.748039620134648, 34.257387170844261 ], [ -77.751930077104291, 34.255441456316909 ] ] ] ] } },
{ "type": "Feature", "properties": { "fid": 45, "AREA": 0.00109, "PERIMETER": 0.22746, "LIRITULI_": 46, "LIRITULI_I": 3, "CODE": 1 }, "geometry": { "type": "MultiPolygon", "coordinates": [ [ [ [ -77.869702429109168, 34.082668236189093 ], [ -77.869152769302318, 34.088214978194522 ], [ -77.866101278738654, 34.091831448402075 ], [ -77.866360568541324, 34.094051480534311 ], [ -77.864146850333753, 34.09849988766188 ], [ -77.863323304756307, 34.101833358042384 ], [ -77.863598520811294, 34.104610606651846 ], [ -77.857754076245513, 34.117663724606075 ], [ -77.858043550914431, 34.122660889703575 ], [ -77.855816072549146, 34.133220105745728 ], [ -77.857479835545703, 34.143497525499257 ], [ -77.855541704482434, 34.149333412988732 ], [ -77.853587441145351, 34.150439912065792 ], [ -77.851925369791985, 34.152942339982303 ], [ -77.848048375457424, 34.154331025466995 ], [ -77.837763963756956, 34.162662086884694 ], [ -77.836375213754835, 34.165164378928097 ], [ -77.824991772309332, 34.175722771154064 ], [ -77.823603551249676, 34.17627276748123 ], [ -77.820552172100022, 34.175440625955922 ], [ -77.817209632079908, 34.172663448015911 ], [ -77.816935035827058, 34.170718843374701 ], [ -77.819437693129231, 34.166835057457263 ], [ -77.823039573432922, 34.164050380992606 ], [ -77.822214367421253, 34.164050570684495 ], [ -77.823328511024968, 34.16349362368021 ], [ -77.828319181659666, 34.154604985896015 ], [ -77.839152777063219, 34.141277023277922 ], [ -77.846370314231038, 34.125163757331634 ], [ -77.851375060826157, 34.111278590195354 ], [ -77.853878406162011, 34.10767010930855 ], [ -77.856364961214155, 34.101833225633342 ], [ -77.869702429109168, 34.082668236189093 ] ] ] ] } },
{ "type": "Feature", "properties": { "fid": 46, "AREA": 0.00243, "PERIMETER": 0.23004, "LIRITULI_": 47, "LIRITULI_I": 3, "CODE": 1 }, "geometry": { "type": "MultiPolygon", "coordinates": [ [ [ [ -77.967208871936577, 33.847946443301389 ], [ -77.976105070806184, 33.849892014053481 ], [ -77.98054566687631, 33.852111249243897 ], [ -78.004442347748309, 33.858779209912804 ], [ -78.013047855572864, 33.863227193613078 ], [ -78.016664499333601, 33.869613640482569 ], [ -78.016114303674513, 33.874335968089646 ], [ -78.013047702246212, 33.877944558523154 ], [ -78.00888198837724, 33.881278656932516 ], [ -78.003052595594838, 33.88378109798667 ], [ -78.000001151266005, 33.886001076600465 ], [ -77.992477977691692, 33.894332380080463 ], [ -77.987213932007862, 33.896834438292395 ], [ -77.984986337085488, 33.899054127212771 ], [ -77.978591741933258, 33.897947918609631 ], [ -77.975540318193168, 33.896559955508735 ], [ -77.971938924219003, 33.891006046386565 ], [ -77.968322870955475, 33.889609605891749 ], [ -77.962219559806172, 33.89266846935552 ], [ -77.957488892058052, 33.896560080044601 ], [ -77.952499347433573, 33.90821704054472 ], [ -77.949431285710091, 33.913221907465449 ], [ -77.944701477540548, 33.910993965340531 ], [ -77.944700776112967, 33.905440596872054 ], [ -77.949141942103907, 33.892944173526409 ], [ -77.948317634377304, 33.892669277231207 ], [ -77.950545915863202, 33.887671875230005 ], [ -77.953887116502315, 33.871276429809278 ], [ -77.954435991357926, 33.863227203340706 ], [ -77.956374452444166, 33.856559429370648 ], [ -77.960539644803504, 33.850173906872755 ], [ -77.966110098294678, 33.849334725306733 ], [ -77.967208871936577, 33.847946443301389 ] ] ] ] } },
{ "type": "Feature", "properties": { "fid": 47, "AREA": 0.00062, "PERIMETER": 0.18536, "LIRITULI_": 48, "LIRITULI_I": 3, "CODE": 1 }, "geometry": { "type": "MultiPolygon", "coordinates": [ [ [ [ -78.480014728220283, 33.866559079388352 ], [ -78.48167912281292, 33.869053724669307 ], [ -78.480014925678276, 33.872105628161897 ], [ -78.47278213008677, 33.876553649741417 ], [ -78.468891018974887, 33.877659429154136 ], [ -78.465014988648861, 33.879887197233174 ], [ -78.461399085798632, 33.88044434880937 ], [ -78.450565163016421, 33.886281316170916 ], [ -78.445269667028327, 33.886555153925471 ], [ -78.43472568214591, 33.891003754968615 ], [ -78.426393083341424, 33.892941744489171 ], [ -78.415560056675346, 33.898502999295246 ], [ -78.410844896798139, 33.899610097175014 ], [ -78.408066977853338, 33.901272288021886 ], [ -78.400010969367315, 33.901829672466739 ], [ -78.398072654901227, 33.899334748379268 ], [ -78.400559645741396, 33.89711470135115 ], [ -78.405838797861875, 33.894329603180168 ], [ -78.409166130726845, 33.89378085793507 ], [ -78.422228262869154, 33.886555364525023 ], [ -78.450289823575105, 33.877659458183103 ], [ -78.465839376744285, 33.871549177810962 ], [ -78.475559796277636, 33.866558941530499 ], [ -78.480014728220283, 33.866559079388352 ] ] ] ] } },
{ "type": "Feature", "properties": { "fid": 48, "AREA": 1.20886, "PERIMETER": 6.26756, "LIRITULI_": 49, "LIRITULI_I": 17, "CODE": 1 }, "geometry": { "type": "MultiPolygon", "coordinates": [ [ [ [ -91.664718584425231, 32.638762180078288 ], [ -91.623786775144922, 32.660916621497442 ], [ -91.596073122543416, 32.700176230523681 ], [ -91.588898284760063, 32.778180390789714 ], [ -91.568445417069313, 32.839056104764701 ], [ -91.5441470958351, 32.866569403650253 ], [ -91.490897849079133, 32.902421651032938 ], [ -91.450035685034265, 32.969574342583421 ], [ -91.446901545177724, 33.023991731655464 ], [ -91.43067706876667, 33.205911369291051 ], [ -91.429686548476298, 33.272247988075613 ], [ -91.424050390839867, 33.369205573953778 ], [ -91.430666273342979, 33.452419021537928 ], [ -91.438121129948399, 33.52143747286393 ], [ -91.444627053423901, 33.606996157872956 ], [ -91.444055830664368, 33.666204234317576 ], [ -91.438847183064112, 33.706272430312943 ], [ -91.411364407898361, 33.733609675984177 ], [ -91.390858079335246, 33.739898676064421 ], [ -91.342772692705623, 33.726121480786524 ], [ -91.312342484653115, 33.705935223768215 ], [ -91.285934756633253, 33.666949998219565 ], [ -91.288921839617373, 33.617314709543592 ], [ -91.289751762506242, 33.555739589482904 ], [ -91.279279085983987, 33.491325624455207 ], [ -91.252102093639124, 33.41910377076205 ], [ -91.241392398645075, 33.359402559713992 ], [ -91.247823963974156, 33.252993073933162 ], [ -91.263770351932308, 33.08293922672911 ], [ -91.289903306378534, 32.979674532361152 ], [ -91.296406050125441, 32.918277003537256 ], [ -91.308854861896705, 32.852374614850611 ], [ -91.336903080158507, 32.81082827302172 ], [ -91.349023880224351, 32.749643937768454 ], [ -91.385237537492245, 32.713160386809967 ], [ -91.398765374044658, 32.675747639604829 ], [ -91.403926814580842, 32.635620292397334 ], [ -91.404611624081426, 32.623783891772781 ], [ -91.419542900904304, 32.592765741908977 ], [ -91.439326256064646, 32.542622135007115 ], [ -91.461970898890328, 32.501077523599868 ], [ -91.465350290425036, 32.441773375012993 ], [ -91.47449145807812, 32.399679284789606 ], [ -91.483463266946316, 32.360405655663762 ], [ -91.488904446527471, 32.323819573014546 ], [ -91.505058571685367, 32.276332803908936 ], [ -91.531426407095594, 32.226413903321351 ], [ -91.544337009352915, 32.175955004478411 ], [ -91.557859215326118, 32.1141867479189 ], [ -91.592780511911073, 31.968275668663754 ], [ -91.600779918693945, 31.883601019517886 ], [ -91.624387284497232, 31.819358168993155 ], [ -91.650378066643341, 31.772198866563901 ], [ -91.701814988901916, 31.686334602654167 ], [ -91.788468437351725, 31.627277977537382 ], [ -91.857902779022979, 31.576019083245775 ], [ -91.944322980968778, 31.516829464401489 ], [ -92.059454755006513, 31.481265773554977 ], [ -92.173546800946042, 31.465391252382602 ], [ -92.220263710929785, 31.464147785699435 ], [ -92.31689261203779, 31.464541910038815 ], [ -92.374098359858891, 31.452241935795115 ], [ -92.424382755396948, 31.445360223151148 ], [ -92.474164792885972, 31.449777762101192 ], [ -92.519527828198918, 31.479542768253154 ], [ -92.577644246322691, 31.523846495952608 ], [ -92.638213199729805, 31.590856110193901 ], [ -92.69104838723095, 31.685922900011082 ], [ -92.782007609538837, 31.750888266872536 ], [ -92.80903923666331, 31.828130083205153 ], [ -92.799085818543716, 31.909969343938389 ], [ -92.772817148811768, 31.980004503748017 ], [ -92.740257808837939, 32.038520328506451 ], [ -92.643208239173404, 32.112104595910104 ], [ -92.526324394402508, 32.173669653627655 ], [ -92.372432282857972, 32.231098364905407 ], [ -92.289180516492195, 32.285000257946443 ], [ -92.211604647226764, 32.358840593698673 ], [ -92.112713962641948, 32.451701110958581 ], [ -92.002658971078247, 32.493144705865234 ], [ -91.890285331020152, 32.511761634572714 ], [ -91.818612629538748, 32.526118175234593 ], [ -91.742484242080351, 32.560071080199783 ], [ -91.682699997405109, 32.603085157956443 ], [ -91.6711931336242, 32.628112354168877 ], [ -91.664718584425231, 32.638762180078288 ] ] ] ] } },
{ "type": "Feature", "properties": { "fid": 49, "AREA": 0.00093, "PERIMETER": 0.16341, "LIRITULI_": 50, "LIRITULI_I": 3, "CODE": 1 }, "geometry": { "type": "MultiPolygon", "coordinates": [ [ [ [ -79.367548526834028, 33.002389788021212 ], [ -79.369776774006795, 33.003495647772311 ], [ -79.370051768490896, 33.005167191473134 ], [ -79.368937029276438, 33.00682991537105 ], [ -79.369227781246849, 33.009057701216832 ], [ -79.365610804763463, 33.016832203985224 ], [ -79.363947531221882, 33.018494938890811 ], [ -79.36367204843144, 33.026825815381471 ], [ -79.359781840441599, 33.032380651562761 ], [ -79.362558177375405, 33.04349660047248 ], [ -79.361169224592302, 33.045441935629306 ], [ -79.360895101637794, 33.050163829773467 ], [ -79.346734628744244, 33.062103976802362 ], [ -79.345330639470205, 33.064880662131166 ], [ -79.343118089692595, 33.066552178629422 ], [ -79.335899320958475, 33.06738289309699 ], [ -79.336174855573049, 33.066552227028858 ], [ -79.334785849615216, 33.065712954516322 ], [ -79.335334927042211, 33.06015796464942 ], [ -79.336999027120257, 33.057664203066537 ], [ -79.336449901344636, 33.05626731948918 ], [ -79.339501707345946, 33.054604664041264 ], [ -79.338676809920955, 33.054604867339663 ], [ -79.339775715988097, 33.049889469090793 ], [ -79.339501724915195, 33.045441575849715 ], [ -79.34172959372755, 33.039604850424993 ], [ -79.35366213026451, 33.017381404958428 ], [ -79.360605008944617, 33.006829942642646 ], [ -79.364786974620515, 33.003220954733266 ], [ -79.367548526834028, 33.002389788021212 ] ] ] ] } },
{ "type": "Feature", "properties": { "fid": 50, "AREA": 0.00074, "PERIMETER": 0.12395, "LIRITULI_": 51, "LIRITULI_I": 3, "CODE": 1 }, "geometry": { "type": "MultiPolygon", "coordinates": [ [ [ [ -80.743435717417256, 32.30324702543728 ], [ -80.746777631058265, 32.303804040572913 ], [ -80.750394680523129, 32.305192337562445 ], [ -80.754560250495089, 32.30852689202321 ], [ -80.758726185260414, 32.312135015314368 ], [ -80.765119653562834, 32.322418616799261 ], [ -80.773450801167385, 32.332969048885559 ], [ -80.77705141216687, 32.335463512784301 ], [ -80.779553664074328, 32.33879804153937 ], [ -80.775662433916608, 32.341025360934253 ], [ -80.770672868957277, 32.341299883510381 ], [ -80.765118932216112, 32.339912006122617 ], [ -80.76011415866968, 32.336852725733507 ], [ -80.751233756434061, 32.328247161488903 ], [ -80.738721148062524, 32.319916116065457 ], [ -80.735654559059341, 32.315193702086042 ], [ -80.73482958763357, 32.311578306761831 ], [ -80.736219389569911, 32.306024465607585 ], [ -80.737332158847721, 32.304360812238457 ], [ -80.743435717417256, 32.30324702543728 ] ] ] ] } },
{ "type": "Feature", "properties": { "fid": 51, "AREA": 0.46983, "PERIMETER": 2.58377, "LIRITULI_": 52, "LIRITULI_I": 18, "CODE": 1 }, "geometry": { "type": "MultiPolygon", "coordinates": [ [ [ [ -93.0777472299132, 30.880302306353762 ], [ -93.084052273785531, 30.888979197156448 ], [ -93.102672925198192, 30.92350884422909 ], [ -93.134141694282278, 30.969710939117984 ], [ -93.141479036743277, 31.043639756171039 ], [ -93.142400647867134, 31.111720682775506 ], [ -93.140106714289942, 31.176874569411105 ], [ -93.131470783211896, 31.233352451086443 ], [ -93.090117570656034, 31.274800451575267 ], [ -93.049444179531278, 31.296407047712034 ], [ -92.989130257701035, 31.308966093650561 ], [ -92.909294458947471, 31.309615629291635 ], [ -92.830122303168579, 31.293218559817301 ], [ -92.725334111464477, 31.253333299508714 ], [ -92.640790495838957, 31.208285146540444 ], [ -92.490765382793924, 31.144103419979025 ], [ -92.380217187423582, 31.09234193210947 ], [ -92.325700229416583, 31.050839531039969 ], [ -92.274937202065558, 31.000920158345295 ], [ -92.237331302519308, 30.954254760195351 ], [ -92.223952353328329, 30.885697310387044 ], [ -92.25086070504895, 30.804309633684525 ], [ -92.287608023731593, 30.723234016837786 ], [ -92.332639221132595, 30.676478344318447 ], [ -92.421430896955442, 30.608416347885299 ], [ -92.501312683160691, 30.591104708194049 ], [ -92.571166708856168, 30.576263260173306 ], [ -92.663572302592513, 30.573419458669708 ], [ -92.738721437732409, 30.589862616617992 ], [ -92.799950717508025, 30.625721530254118 ], [ -92.864094185446334, 30.672978606905648 ], [ -92.93118387924504, 30.73162548488375 ], [ -92.987943550303129, 30.804128307020569 ], [ -93.045728630918475, 30.851082472600826 ], [ -93.0777472299132, 30.880302306353762 ] ] ] ] } },
{ "type": "Feature", "properties": { "fid": 52, "AREA": 0.00041, "PERIMETER": 0.0904, "LIRITULI_": 53, "LIRITULI_I": 3, "CODE": 1 }, "geometry": { "type": "MultiPolygon", "coordinates": [ [ [ [ -81.433139340499039, 31.167448038431836 ], [ -81.438144723981225, 31.173837589353443 ], [ -81.441761626200361, 31.176614624233654 ], [ -81.443150896817542, 31.180226834256356 ], [ -81.442875104378302, 31.188005227840524 ], [ -81.438710316292415, 31.195779619274113 ], [ -81.438420208953502, 31.198281815403028 ], [ -81.435093534160714, 31.201337498110092 ], [ -81.432315807283445, 31.201615813741441 ], [ -81.429813475347657, 31.203278780097577 ], [ -81.425099022254983, 31.202447602204384 ], [ -81.425373365350055, 31.197725157116473 ], [ -81.424259160142981, 31.198281888238306 ], [ -81.422870529414141, 31.193837903054884 ], [ -81.423709706369962, 31.190225129154278 ], [ -81.429813414606102, 31.182168561210766 ], [ -81.431202331054649, 31.179113163335693 ], [ -81.433139340499039, 31.167448038431836 ] ] ] ] } },
{ "type": "Feature", "properties": { "fid": 53, "AREA": 0.12777, "PERIMETER": 1.96466, "LIRITULI_": 54, "LIRITULI_I": 19, "CODE": 1 }, "geometry": { "type": "MultiPolygon", "coordinates": [ [ [ [ -91.559262209040199, 30.308549121650323 ], [ -91.558757809645755, 30.298049355820808 ], [ -91.55027677802272, 30.286551265388198 ], [ -91.548065431561838, 30.271369536708328 ], [ -91.548124820755717, 30.256279350191761 ], [ -91.551316417497247, 30.239347036093864 ], [ -91.56152566778411, 30.218760736018854 ], [ -91.575984597665922, 30.203594559231853 ], [ -91.592390430618053, 30.194411085199462 ], [ -91.619446379733219, 30.184338657426661 ], [ -91.640892026661675, 30.179943284725574 ], [ -91.662266321316423, 30.176853493911821 ], [ -91.675048515501913, 30.178671159407248 ], [ -91.683913882337535, 30.182958235540319 ], [ -91.688219398606876, 30.190057819185032 ], [ -91.706981293649363, 30.207849702838473 ], [ -91.722474742383341, 30.225509951742342 ], [ -91.753481714805901, 30.260821843955569 ], [ -91.76498604889764, 30.292528879699482 ], [ -91.79931843716453, 30.327949414697333 ], [ -91.817124670123675, 30.365568990866667 ], [ -91.831231139440689, 30.411565247119217 ], [ -91.825493063484871, 30.45964433545165 ], [ -91.822746975823677, 30.51351291338154 ], [ -91.826288431648493, 30.573293784852851 ], [ -91.837142891553597, 30.619144165313251 ], [ -91.857748597210644, 30.668194803734931 ], [ -91.887411505971286, 30.73460875151644 ], [ -91.90793531456022, 30.786472056100894 ], [ -91.921741055697098, 30.840915698729312 ], [ -91.925937411878607, 30.889321267702318 ], [ -91.919938563830954, 30.943022179649731 ], [ -91.891921628004894, 30.973202021057578 ], [ -91.857988987831192, 30.988964676652017 ], [ -91.808086847118574, 30.992763397941296 ], [ -91.778760837411411, 30.983136752012463 ], [ -91.769870321390627, 30.962932492320373 ], [ -91.768036986619862, 30.934482292793387 ], [ -91.773988381779617, 30.883621418157269 ], [ -91.770470630727146, 30.823877253723275 ], [ -91.7435754345519, 30.768905328019603 ], [ -91.719419068024877, 30.725383833607147 ], [ -91.719391339393241, 30.662913075023265 ], [ -91.725502372760488, 30.609192492333165 ], [ -91.721588021837221, 30.557917385987086 ], [ -91.714093828404557, 30.512178394996898 ], [ -91.650895632426995, 30.461405711321223 ], [ -91.607630357904952, 30.408544363762264 ], [ -91.572361438169608, 30.33040318012527 ], [ -91.559262209040199, 30.308549121650323 ] ] ] ] } },
{ "type": "Feature", "properties": { "fid": 54, "AREA": 0.00774, "PERIMETER": 0.56256, "LIRITULI_": 55, "LIRITULI_I": 3, "CODE": 1 }, "geometry": { "type": "MultiPolygon", "coordinates": [ [ [ [ -81.457044172448022, 30.717453808234556 ], [ -81.46203359283713, 30.720508947611531 ], [ -81.465100837569423, 30.724399874172558 ], [ -81.470090747707317, 30.73578658513539 ], [ -81.472318635160207, 30.74745219554439 ], [ -81.471754672178747, 30.75217830886119 ], [ -81.472318708928285, 30.761345148446221 ], [ -81.471479814414252, 30.767455913507263 ], [ -81.472319980513305, 30.771900012763254 ], [ -81.472594646407316, 30.790790520813342 ], [ -81.477309657614754, 30.809676403174596 ], [ -81.478424428276284, 30.819678770891805 ], [ -81.477035247629416, 30.824954433379208 ], [ -81.477035536447971, 30.835509410946202 ], [ -81.474533766605717, 30.849677164438223 ], [ -81.477600822705767, 30.858008393336423 ], [ -81.482316408233459, 30.863009424473471 ], [ -81.482590615606796, 30.864954537095954 ], [ -81.488709706958076, 30.871065878686196 ], [ -81.48925860248508, 30.874674466397018 ], [ -81.492036758788231, 30.88051046121161 ], [ -81.491487374414461, 30.886064821823318 ], [ -81.492035988399948, 30.887731457503691 ], [ -81.486207671958155, 30.898565717022471 ], [ -81.483979615940399, 30.90162108298248 ], [ -81.474534245515954, 30.90689661712603 ], [ -81.468430162166143, 30.908842022167626 ], [ -81.460099217749899, 30.913007874701179 ], [ -81.456482868758968, 30.913843656401284 ], [ -81.447312502390133, 30.919119394796077 ], [ -81.44091816327601, 30.925229977492005 ], [ -81.428696006898974, 30.942728263571937 ], [ -81.420365130979775, 30.960786849359422 ], [ -81.419815869573597, 30.964116902505772 ], [ -81.41565027171157, 30.964117317732658 ], [ -81.414260965534694, 30.962449932605235 ], [ -81.415375294128651, 30.961896886004752 ], [ -81.41453554717225, 30.961061593907111 ], [ -81.418152266385263, 30.954119127085022 ], [ -81.416763147351858, 30.95162022006711 ], [ -81.418151344359885, 30.949953409557502 ], [ -81.415649781973229, 30.939672995328007 ], [ -81.415100299033213, 30.938841416272982 ], [ -81.415923834193805, 30.934675625903662 ], [ -81.41592312276731, 30.927728952105387 ], [ -81.413146398479441, 30.915507048188633 ], [ -81.414260064292847, 30.90995298922445 ], [ -81.419539708264978, 30.894953693609612 ], [ -81.428145155780456, 30.878844154014999 ], [ -81.436201889650619, 30.861342580664481 ], [ -81.438140085176997, 30.853286192809982 ], [ -81.43702571760582, 30.839122279507748 ], [ -81.439527747739362, 30.825511218085701 ], [ -81.453993781446499, 30.798011457832409 ], [ -81.45565660806426, 30.791343365615528 ], [ -81.454268234514501, 30.782733788635028 ], [ -81.453993489942064, 30.770233262294994 ], [ -81.452603999125145, 30.758010798584976 ], [ -81.450651237536221, 30.748566070397906 ], [ -81.450925756820666, 30.743843589493139 ], [ -81.44981107971536, 30.731621412612451 ], [ -81.448422432085763, 30.726620135735672 ], [ -81.449811344354771, 30.721066005203479 ], [ -81.450924685980539, 30.719399127385778 ], [ -81.457044172448022, 30.717453808234556 ] ] ] ] } },
{ "type": "Feature", "properties": { "fid": 55, "AREA": 0.00887, "PERIMETER": 1.57679, "LIRITULI_": 56, "LIRITULI_I": 3, "CODE": 1 }, "geometry": { "type": "MultiPolygon", "coordinates": [ [ [ [ -87.256928596382068, 30.317140510220955 ], [ -87.269975918098382, 30.32075274449258 ], [ -87.283587088331103, 30.326307173042522 ], [ -87.284975600925293, 30.327974087842538 ], [ -87.291079161452672, 30.3307509453983 ], [ -87.292193590773422, 30.33297469829159 ], [ -87.290804823145479, 30.336861836516569 ], [ -87.28718816545684, 30.33852883772008 ], [ -87.243576816633848, 30.330750914864499 ], [ -87.219696265450537, 30.330750725367185 ], [ -87.153303818583709, 30.345750349789061 ], [ -87.144972189799532, 30.34630719334827 ], [ -87.12801889594175, 30.3435303754164 ], [ -87.118024254905791, 30.344361534980099 ], [ -87.11884819624234, 30.344640249221762 ], [ -87.118024559192648, 30.345197006342254 ], [ -87.109967604928343, 30.346864410665777 ], [ -87.083294604325374, 30.356862439782066 ], [ -87.071636436504406, 30.359086114831339 ], [ -87.057735455464609, 30.360196430433245 ], [ -87.051906591399671, 30.362973538166347 ], [ -87.047190934141994, 30.362973616111468 ], [ -87.037471068517505, 30.366864116017961 ], [ -87.021632375528711, 30.371029757423173 ], [ -86.996622493485404, 30.373528386047223 ], [ -86.990793302552945, 30.375195559033699 ], [ -86.984964248378475, 30.375195403205407 ], [ -86.967187075283917, 30.371582906045656 ], [ -86.957741719546746, 30.371030121499288 ], [ -86.944404814311923, 30.372418793717809 ], [ -86.927741918544143, 30.377140966055752 ], [ -86.890524474301884, 30.388806282012563 ], [ -86.871343632879245, 30.389916307973852 ], [ -86.858846695637894, 30.392418620030185 ], [ -86.833287170476439, 30.392140082915482 ], [ -86.825001472396906, 30.393608746717266 ], [ -86.815784794391561, 30.394917454370034 ], [ -86.802448145976172, 30.398804708418286 ], [ -86.795794859810741, 30.399361602239761 ], [ -86.782458398062431, 30.402695311758613 ], [ -86.780246072636857, 30.402416690719555 ], [ -86.77690423698634, 30.403527184864075 ], [ -86.763018361369021, 30.405193755599679 ], [ -86.74106008886362, 30.406029543490732 ], [ -86.734391800080772, 30.407417772020288 ], [ -86.724672100077029, 30.407418020769708 ], [ -86.724671738405746, 30.40686106963831 ], [ -86.717454396297796, 30.407971195279224 ], [ -86.706345660581192, 30.407971036573073 ], [ -86.701355942852715, 30.408806863835188 ], [ -86.686066214021622, 30.409085201416143 ], [ -86.674957442657359, 30.407696582689535 ], [ -86.652175807921054, 30.4096384602597 ], [ -86.643020086333848, 30.412140954384711 ], [ -86.634123892950299, 30.411862517945149 ], [ -86.631056677517037, 30.41130547339786 ], [ -86.626052020139937, 30.408528514378812 ], [ -86.619673306736573, 30.407971428477637 ], [ -86.594114423773632, 30.411027266655083 ], [ -86.588560150091439, 30.411027066031579 ], [ -86.582182031658206, 30.410195859343062 ], [ -86.56216204152355, 30.404916149063727 ], [ -86.547451883540617, 30.402417877148384 ], [ -86.529125442839003, 30.401029356368717 ], [ -86.525234563920492, 30.399640889104003 ], [ -86.524121039155091, 30.398252459884315 ], [ -86.52466993448158, 30.395475609105873 ], [ -86.527737088135211, 30.391031328550621 ], [ -86.535504260909477, 30.39186305931943 ], [ -86.537731818116441, 30.392973119826934 ], [ -86.553280695061645, 30.396306905377731 ], [ -86.559109910328957, 30.396306624616319 ], [ -86.558835411686857, 30.396863778599435 ], [ -86.576627381377207, 30.396306492027009 ], [ -86.621886001926782, 30.399918932197028 ], [ -86.628828814027642, 30.399919094396065 ], [ -86.640242918378959, 30.398530527278435 ], [ -86.680512112861393, 30.397416295387746 ], [ -86.693009242744381, 30.396027848186996 ], [ -86.75052089835917, 30.398251678664892 ], [ -86.773577668848716, 30.392693443086838 ], [ -86.783160697581565, 30.389557755557391 ], [ -86.787173507765573, 30.387417904738577 ], [ -86.796618823833469, 30.384919166499923 ], [ -86.81050491491078, 30.382416966146078 ], [ -86.83717847795252, 30.381585375670802 ], [ -86.842183424575964, 30.380749967429825 ], [ -86.849400898255936, 30.381028411437299 ], [ -86.871068892289543, 30.376584050511354 ], [ -86.896918260133546, 30.374364192359501 ], [ -86.910239598321212, 30.372418521332644 ], [ -86.925239395503908, 30.367974598217824 ], [ -86.931907369715248, 30.367417554312297 ], [ -86.962471777316352, 30.361863345864027 ], [ -86.99245657124375, 30.35880793729433 ], [ -86.995508034292627, 30.359086254561706 ], [ -87.002191734101928, 30.357698158337506 ], [ -87.014414650726323, 30.357140778999494 ], [ -87.028300529455393, 30.355195231759712 ], [ -87.055522664365242, 30.35019823288793 ], [ -87.066631082330446, 30.346028764565304 ], [ -87.089138473752058, 30.340196335004524 ], [ -87.116071019690239, 30.337140916308929 ], [ -87.134702417893322, 30.336030853688118 ], [ -87.175246225536881, 30.327695839768385 ], [ -87.209701595940743, 30.322698475222982 ], [ -87.213867218072821, 30.321031536771955 ], [ -87.226913646878089, 30.321310067208383 ], [ -87.242188143514056, 30.319642694693293 ], [ -87.247193491846986, 30.317976073463214 ], [ -87.253037907640788, 30.317419030971141 ], [ -87.256928596382068, 30.317140510220955 ] ] ] ] } },
{ "type": "Feature", "properties": { "fid": 56, "AREA": 0.00088, "PERIMETER": 0.17195, "LIRITULI_": 57, "LIRITULI_I": 3, "CODE": 1 }, "geometry": { "type": "MultiPolygon", "coordinates": [ [ [ [ -85.657703426293054, 30.083809986177883 ], [ -85.670475705868981, 30.08742277456734 ], [ -85.698811871999354, 30.10297901692552 ], [ -85.714650992293144, 30.113533943050829 ], [ -85.720769929049922, 30.120476404217129 ], [ -85.720205728826272, 30.124642184868097 ], [ -85.714940985214398, 30.126587407150865 ], [ -85.710211119119904, 30.126030727029132 ], [ -85.70076523322065, 30.119919695058563 ], [ -85.693532339819114, 30.116311082766984 ], [ -85.689641214246308, 30.111588563187972 ], [ -85.681035097103006, 30.104920272612333 ], [ -85.665485869981836, 30.097977845479612 ], [ -85.655201315295471, 30.092423683291965 ], [ -85.649097669735042, 30.086586999076573 ], [ -85.649372075224193, 30.085477270239934 ], [ -85.651035284258811, 30.084088588217387 ], [ -85.657703426293054, 30.083809986177883 ] ] ] ] } },
{ "type": "Feature", "properties": { "fid": 57, "AREA": 0.00024, "PERIMETER": 0.07373, "LIRITULI_": 58, "LIRITULI_I": 3, "CODE": 1 }, "geometry": { "type": "MultiPolygon", "coordinates": [ [ [ [ -84.355457913953174, 30.017146269396751 ], [ -84.358509660118912, 30.021037207301806 ], [ -84.3587848534861, 30.02464603946876 ], [ -84.355732893071107, 30.026313232463806 ], [ -84.350453337619285, 30.033259327528562 ], [ -84.35100288128362, 30.04020214462631 ], [ -84.349628907711377, 30.045756116740023 ], [ -84.34489910216692, 30.046313608291541 ], [ -84.342960651405278, 30.043814970786762 ], [ -84.342121209333087, 30.039645335817426 ], [ -84.344059049389685, 30.028815459859459 ], [ -84.349888234215811, 30.019370302167623 ], [ -84.355457913953174, 30.017146269396751 ] ] ] ] } },
{ "type": "Feature", "properties": { "fid": 58, "AREA": 0.00128, "PERIMETER": 0.22771, "LIRITULI_": 59, "LIRITULI_I": 3, "CODE": 1 }, "geometry": { "type": "MultiPolygon", "coordinates": [ [ [ [ -84.660180807512361, 29.775488017093409 ], [ -84.666299673820035, 29.77631943354876 ], [ -84.667123976617759, 29.777155190237039 ], [ -84.665185991122229, 29.782987292735452 ], [ -84.660181406540786, 29.785207479828252 ], [ -84.648522817315509, 29.786321060203331 ], [ -84.640740503382574, 29.790208475816463 ], [ -84.630181572803792, 29.79076554089627 ], [ -84.620735846787753, 29.794930881551664 ], [ -84.613518516266112, 29.800209969606065 ], [ -84.599633196744151, 29.804375627049129 ], [ -84.590187985682675, 29.8121537559175 ], [ -84.583519052128807, 29.822430066106975 ], [ -84.579354307426172, 29.824375843519192 ], [ -84.57462307605833, 29.823261947434439 ], [ -84.573326345815985, 29.820206159264472 ], [ -84.572959883546389, 29.815209039916148 ], [ -84.574348129458514, 29.807709720233245 ], [ -84.577400675211109, 29.803262302637513 ], [ -84.580467976527245, 29.800210254316131 ], [ -84.592125664116196, 29.792985393224846 ], [ -84.607124859636016, 29.786595919330043 ], [ -84.617958348232435, 29.784097679925861 ], [ -84.62322349900252, 29.781877676942486 ], [ -84.63880223978407, 29.778543205588242 ], [ -84.660180807512361, 29.775488017093409 ] ] ] ] } },
{ "type": "Feature", "properties": { "fid": 59, "AREA": 0.00435, "PERIMETER": 0.91917, "LIRITULI_": 60, "LIRITULI_I": 3, "CODE": 1 }, "geometry": { "type": "MultiPolygon", "coordinates": [ [ [ [ -85.054080221490096, 29.594103591757694 ], [ -85.05768083127009, 29.596601757059343 ], [ -85.061571877292849, 29.601324676162545 ], [ -85.065188560379028, 29.603822984842047 ], [ -85.067142276730308, 29.606321280454324 ], [ -85.072146956718711, 29.609655636139763 ], [ -85.0802044723808, 29.612989327917596 ], [ -85.088245471655725, 29.617712028722114 ], [ -85.093800042090564, 29.622433981133497 ], [ -85.094913336957688, 29.624101349830038 ], [ -85.093800093371243, 29.627435266522792 ], [ -85.089634241797924, 29.626878011473512 ], [ -85.088733732783439, 29.625676315887237 ], [ -85.067690700325485, 29.616045024780835 ], [ -85.052126411773713, 29.609934116340366 ], [ -85.041582524991867, 29.606878404994283 ], [ -85.036028814889193, 29.606878799296773 ], [ -85.022966707945884, 29.611322774368091 ], [ -84.999909941357373, 29.612157947052872 ], [ -84.984910207087907, 29.615766375966459 ], [ -84.974915191854933, 29.61715534935967 ], [ -84.967972915163585, 29.621599423023156 ], [ -84.963532551940673, 29.623266296380265 ], [ -84.959915108973945, 29.626321575634002 ], [ -84.952973400294482, 29.62882391241283 ], [ -84.953796779175192, 29.629655842773964 ], [ -84.951309265392467, 29.62993398313667 ], [ -84.938507402617077, 29.637712120424776 ], [ -84.921294657231996, 29.649933983942397 ], [ -84.916854182163291, 29.6516007847781 ], [ -84.910735626456784, 29.655488373293867 ], [ -84.894072988616955, 29.662156061134592 ], [ -84.891585335806482, 29.664097441006881 ], [ -84.886030345731314, 29.665211300369759 ], [ -84.877958359292137, 29.668266946783117 ], [ -84.86573670014927, 29.674378223022487 ], [ -84.854901957808423, 29.677708076349113 ], [ -84.847135770914619, 29.681320821639034 ], [ -84.837689820393038, 29.683544502238444 ], [ -84.819638029606708, 29.690208935861872 ], [ -84.802395228125988, 29.693821319059047 ], [ -84.783519371860564, 29.696041407626542 ], [ -84.781856307780458, 29.697430133349311 ], [ -84.778514340262191, 29.698265431485815 ], [ -84.775462803275261, 29.700485430989549 ], [ -84.774348492486155, 29.703262306953373 ], [ -84.772961004040013, 29.709930308562797 ], [ -84.772959828605977, 29.714931290470101 ], [ -84.769068936929642, 29.717708372803074 ], [ -84.763804537763761, 29.72048551446041 ], [ -84.756861890015543, 29.720206566242904 ], [ -84.746852118847485, 29.72298418973952 ], [ -84.742670745400545, 29.727984523318259 ], [ -84.723520909173601, 29.739928230190529 ], [ -84.718515935244454, 29.746039001241854 ], [ -84.703241363473325, 29.758543362851135 ], [ -84.696008414124378, 29.759653433744884 ], [ -84.69211817397462, 29.758543305680664 ], [ -84.691843650847773, 29.756319493583131 ], [ -84.692956390786193, 29.754378127954276 ], [ -84.705744432266087, 29.746317700059905 ], [ -84.708521698345749, 29.742705484295165 ], [ -84.70824627322213, 29.741873752945995 ], [ -84.711298842558293, 29.741042115430851 ], [ -84.719630055649276, 29.73576271452033 ], [ -84.721567891307217, 29.73326438341455 ], [ -84.744349614945449, 29.719096828221289 ], [ -84.747126780286436, 29.715484227749222 ], [ -84.751856785721301, 29.712428806215822 ], [ -84.761577234813032, 29.702152433089047 ], [ -84.771022521685936, 29.694931390638757 ], [ -84.789897677475793, 29.687431754449221 ], [ -84.794903057598688, 29.68659665578306 ], [ -84.799342968100675, 29.684376557551545 ], [ -84.820751779405384, 29.67715519993105 ], [ -84.836575811058296, 29.672986063593015 ], [ -84.846860465590836, 29.668820459130291 ], [ -84.852689004255183, 29.667431891541028 ], [ -84.888807833292532, 29.65382098537448 ], [ -84.906294416161202, 29.645211810364472 ], [ -84.92184417703244, 29.639100623415139 ], [ -84.925459879751685, 29.636045187571952 ], [ -84.937958283382699, 29.629377069316035 ], [ -84.954086311452002, 29.619100509110108 ], [ -84.972687451723999, 29.609102457543802 ], [ -84.984910435248295, 29.606600418134065 ], [ -85.005479524834954, 29.599100842383539 ], [ -85.01130912919028, 29.597990479503451 ], [ -85.039629516293473, 29.594934825353434 ], [ -85.045458542452081, 29.593546834311073 ], [ -85.054080221490096, 29.594103591757694 ] ] ] ] } },
{ "type": "Feature", "properties": { "fid": 60, "AREA": 0.00399, "PERIMETER": 0.31328, "LIRITULI_": 61, "LIRITULI_I": 3, "CODE": 1 }, "geometry": { "type": "MultiPolygon", "coordinates": [ [ [ [ -85.117405951193078, 29.631878983030248 ], [ -85.11963426746108, 29.632989007253059 ], [ -85.128240253757696, 29.634098949371907 ], [ -85.133535072656528, 29.636323058953462 ], [ -85.144078631217795, 29.639099971090424 ], [ -85.147695155154992, 29.641598292672501 ], [ -85.150198263503199, 29.64632082886488 ], [ -85.154089284180486, 29.650211934715298 ], [ -85.169363319662082, 29.662155269247595 ], [ -85.178794021280382, 29.666877515646178 ], [ -85.202704959583215, 29.676318779658605 ], [ -85.21047179732841, 29.682986331035266 ], [ -85.206870682080194, 29.688819173696597 ], [ -85.206306435875646, 29.687987574421232 ], [ -85.205192518156338, 29.688540417049985 ], [ -85.205482020388942, 29.687987215472546 ], [ -85.200751724541675, 29.687430679092838 ], [ -85.19795944521745, 29.68548483972879 ], [ -85.18407358899654, 29.6821511838459 ], [ -85.175467522861709, 29.681597752077021 ], [ -85.170752284937095, 29.68048823540385 ], [ -85.159918493835946, 29.680209728925806 ], [ -85.147970445751255, 29.682986516607908 ], [ -85.134084854389357, 29.689375765921792 ], [ -85.127125814391874, 29.689097593683044 ], [ -85.117970804925491, 29.689929033250362 ], [ -85.11435490450836, 29.688540448070246 ], [ -85.106572730739515, 29.687709142474077 ], [ -85.099079522652275, 29.685763686260337 ], [ -85.095463064537384, 29.684096922789386 ], [ -85.089085021994165, 29.682986775023913 ], [ -85.088520442525947, 29.682151562259715 ], [ -85.087696091176113, 29.682986590475409 ], [ -85.081593159547495, 29.679374376725217 ], [ -85.084644230994954, 29.672153189275139 ], [ -85.083805942264235, 29.672710489917126 ], [ -85.086032830717187, 29.668819532292918 ], [ -85.097141667756475, 29.652153390564052 ], [ -85.103795233250139, 29.637154469596592 ], [ -85.106861342474744, 29.634099142789228 ], [ -85.111027025895496, 29.632432018200596 ], [ -85.117405951193078, 29.631878983030248 ] ] ] ] } },
{ "type": "Feature", "properties": { "fid": 61, "AREA": 0.00032, "PERIMETER": 0.07479, "LIRITULI_": 62, "LIRITULI_I": 3, "CODE": 1 }, "geometry": { "type": "MultiPolygon", "coordinates": [ [ [ [ -83.032619434210886, 29.135518559463037 ], [ -83.04317912152554, 29.140519515644247 ], [ -83.046229851807908, 29.138852210479826 ], [ -83.052059169565197, 29.140518893267732 ], [ -83.054013424909485, 29.143017543658246 ], [ -83.052898975707109, 29.148296817654757 ], [ -83.049573120249931, 29.152741004410466 ], [ -83.044003110329996, 29.153294052873093 ], [ -83.038738711837638, 29.151630870113447 ], [ -83.035961399610756, 29.153293956863571 ], [ -83.035122268800919, 29.151074279422147 ], [ -83.028453909389938, 29.144406062785485 ], [ -83.027065128951591, 29.140240616251592 ], [ -83.028727630362653, 29.135518550367514 ], [ -83.032619434210886, 29.135518559463037 ] ] ] ] } }
]
}
