{
"type": "FeatureCollection",
"name": "Winged elm",
"crs": { "type": "name", "properties": { "name": "urn:ogc:def:crs:OGC:1.3:CRS84" } },
"features": [
{ "type": "Feature", "properties": { "fid": 1, "AREA": 0.0357, "PERIMETER": 0.69449, "ULMUALAT_": 2, "ULMUALAT_I": 1, "CODE": 1 }, "geometry": { "type": "MultiPolygon", "coordinates": [ [ [ [ -77.585865192938897, 39.353680537775098 ], [ -77.592713687480639, 39.372535938856643 ], [ -77.581651840947046, 39.415465099577439 ], [ -77.567151097277275, 39.44896466104197 ], [ -77.518774199073889, 39.477395314698903 ], [ -77.465760267986582, 39.478360116872523 ], [ -77.419504587456288, 39.475861439067501 ], [ -77.39013070425284, 39.453592551314543 ], [ -77.3528614450845, 39.416739574439212 ], [ -77.338134476922605, 39.360985137590227 ], [ -77.360590509645007, 39.319784684719025 ], [ -77.424692838893534, 39.298257413002446 ], [ -77.494462358832422, 39.299849859225382 ], [ -77.551964522744342, 39.326315658678887 ], [ -77.585865192938897, 39.353680537775098 ] ] ] ] } },
{ "type": "Feature", "properties": { "fid": 2, "AREA": 117.97676, "PERIMETER": 129.01065, "ULMUALAT_": 3, "ULMUALAT_I": 3, "CODE": 1 }, "geometry": { "type": "MultiPolygon", "coordinates": [ [ [ [ -90.462303246776841, 38.843143365926935 ], [ -90.360192045755923, 38.822619034141717 ], [ -90.340351619945181, 38.811104878174653 ], [ -90.301102856422432, 38.782781984841861 ], [ -90.256253129845376, 38.738272626072693 ], [ -90.205842679070642, 38.677570157895389 ], [ -90.133216697206549, 38.637006935708222 ], [ -90.067107006222884, 38.602015733045683 ], [ -89.997237164236594, 38.52966790701732 ], [ -89.982316442892881, 38.459972956470111 ], [ -89.988826635009929, 38.380714203006001 ], [ -90.005109510803337, 38.349679035017118 ], [ -90.035915758632228, 38.308738500234753 ], [ -90.047042942542376, 38.25622884713647 ], [ -90.045783805138271, 38.187203344619526 ], [ -90.029170344593865, 38.13864964232436 ], [ -89.978060085325751, 38.09370590642181 ], [ -89.84481727155071, 38.049938809587857 ], [ -89.738067402975659, 38.01799081291513 ], [ -89.658634111435973, 37.987365860945012 ], [ -89.607396133986555, 37.947550294054302 ], [ -89.516817757911582, 37.889706233544381 ], [ -89.436203723158741, 37.874782982062349 ], [ -89.311033287298685, 37.899834291651786 ], [ -89.16875515376411, 37.960965285888356 ], [ -89.075874851834001, 38.003515978990556 ], [ -88.985908095947607, 38.014313909772198 ], [ -88.877541837681747, 38.002738071884949 ], [ -88.820430503802498, 37.956917544499667 ], [ -88.751358743908497, 37.894425251124709 ], [ -88.620268144750412, 37.838769991864936 ], [ -88.525788993337216, 37.827703273385403 ], [ -88.429713380634666, 37.832397860568918 ], [ -88.336572932153999, 37.874386947291818 ], [ -88.268281042623727, 37.939137699402309 ], [ -88.235540665632811, 37.990184312541238 ], [ -88.235659481600891, 38.053940926676873 ], [ -88.278862463334491, 38.099174455501284 ], [ -88.337604827836415, 38.193169647690397 ], [ -88.363690649892703, 38.338214765431516 ], [ -88.343620339500205, 38.464447328898146 ], [ -88.283466712984776, 38.57755146972881 ], [ -88.232918983645291, 38.72842928129996 ], [ -88.180317014614346, 38.767606878705749 ], [ -88.129941027257829, 38.785656411258337 ], [ -88.040607250028913, 38.77993056360566 ], [ -87.96910178472487, 38.738106233976481 ], [ -87.935494833119805, 38.666837367814296 ], [ -87.854572352855456, 38.587120436302463 ], [ -87.780670883447669, 38.507807984719783 ], [ -87.696499324090979, 38.459635248004084 ], [ -87.547887833706937, 38.433557657279223 ], [ -87.459029851448321, 38.4274124674399 ], [ -87.368941521942659, 38.431749444858454 ], [ -87.301854998596625, 38.416384345169291 ], [ -87.237206696389364, 38.438374634040834 ], [ -87.151374253891674, 38.464127397217545 ], [ -87.062512990920226, 38.457696661363954 ], [ -86.953166851262552, 38.449694246434376 ], [ -86.904023756419818, 38.456703302534649 ], [ -86.845396361864275, 38.484263853307731 ], [ -86.839448417258424, 38.53169309129639 ], [ -86.836365601148486, 38.611250519122336 ], [ -86.812046485686949, 38.694546433316269 ], [ -86.79034065066665, 38.756759793582958 ], [ -86.743814572084702, 38.79583479813143 ], [ -86.709693904778732, 38.803687459361868 ], [ -86.650416524990547, 38.851629727382047 ], [ -86.616615121437761, 38.878188736171573 ], [ -86.560215832363866, 38.903016446012778 ], [ -86.506795193697371, 38.904749480040728 ], [ -86.424799046794689, 38.892597155134261 ], [ -86.354179876774964, 38.852146968676735 ], [ -86.32350639829842, 38.797310104302525 ], [ -86.319998911548538, 38.70964107624205 ], [ -86.305938783727825, 38.644446251569313 ], [ -86.322624969210096, 38.575844721076322 ], [ -86.351957264657031, 38.525714475510071 ], [ -86.331952890440661, 38.448403947797672 ], [ -86.246101424262463, 38.412481482592085 ], [ -86.146176694328673, 38.36953579002008 ], [ -86.038123314838487, 38.331666795674529 ], [ -85.92700885855578, 38.316757062476476 ], [ -85.875596407196454, 38.306690865671186 ], [ -85.781073191713844, 38.281354561771622 ], [ -85.706538463527636, 38.275111957172598 ], [ -85.633648859385858, 38.257300805283236 ], [ -85.559096500454942, 38.198479653437502 ], [ -85.486314379362426, 38.128090147567939 ], [ -85.413672700694335, 38.057658096078825 ], [ -85.34692088864476, 37.999352278219938 ], [ -85.279437188776171, 37.946770731077436 ], [ -85.221147680691374, 37.883289640206918 ], [ -85.167196134544739, 37.790985533104028 ], [ -85.105720435893005, 37.750484372604944 ], [ -85.025569431164712, 37.684919354794665 ], [ -85.005124741666009, 37.671398604681855 ], [ -84.937791217774347, 37.671117152612034 ], [ -84.878710839681077, 37.665718374525262 ], [ -84.799237946037209, 37.646735185396203 ], [ -84.780594954892777, 37.621663063556291 ], [ -84.793219665203495, 37.587805898545767 ], [ -84.838804403163692, 37.533640152711349 ], [ -84.846625835254443, 37.48182637180598 ], [ -84.832354484100875, 37.427974554977595 ], [ -84.778713771428158, 37.387983219832229 ], [ -84.746311400715044, 37.35578045169634 ], [ -84.71744364304692, 37.300542516869264 ], [ -84.702424328850526, 37.252428737632101 ], [ -84.688619116593387, 37.245296548673721 ], [ -84.65749615650094, 37.254052106390375 ], [ -84.630177212329755, 37.286516022841909 ], [ -84.620181573045286, 37.303091795343036 ], [ -84.592828210866585, 37.335546561999053 ], [ -84.49174529053667, 37.314276179314028 ], [ -84.464155057464112, 37.299962295767735 ], [ -84.403604772942472, 37.305841591218424 ], [ -84.321100185295904, 37.35630038909801 ], [ -84.210925833104611, 37.43906829275776 ], [ -84.157582464986007, 37.492277784771659 ], [ -84.105089157803604, 37.539710823479524 ], [ -84.096743160450643, 37.591473357524691 ], [ -84.069054532844817, 37.623805776788657 ], [ -84.041341792521692, 37.656131443936417 ], [ -84.019112938102083, 37.700680879588326 ], [ -83.984905510734421, 37.726513841768572 ], [ -83.904657367651168, 37.712697752974684 ], [ -83.865118305428012, 37.679528506268433 ], [ -83.863425587901659, 37.644293783735058 ], [ -83.873830965832653, 37.581048748063424 ], [ -83.881576968756278, 37.488315146977023 ], [ -83.859709061998686, 37.439365179886693 ], [ -83.82317559173525, 37.388930139632031 ], [ -83.817951904296351, 37.329951944902277 ], [ -83.798066192949861, 37.269488817560052 ], [ -83.757860281581259, 37.242029487032312 ], [ -83.730437915821284, 37.227548451351105 ], [ -83.653315103845529, 37.243057128012182 ], [ -83.561497154719589, 37.257004213288056 ], [ -83.501454819778218, 37.303423442442678 ], [ -83.379212071363938, 37.319935768026994 ], [ -83.303892537101234, 37.323729531798485 ], [ -83.208547598074233, 37.313654921731633 ], [ -83.140213649476934, 37.277132462862888 ], [ -83.107245765508736, 37.209245551026584 ], [ -83.056701343547942, 37.157006709581616 ], [ -83.050094186626836, 37.109478653613678 ], [ -83.064114355665055, 37.029057971134655 ], [ -83.068811313383733, 36.959336506865206 ], [ -83.032044868403972, 36.91439855749185 ], [ -82.984018378512076, 36.891634465867959 ], [ -82.951602112388187, 36.864695925800433 ], [ -82.903845273651967, 36.88290147969844 ], [ -82.863163617612784, 36.860886113588386 ], [ -82.810993063745869, 36.820025087637426 ], [ -82.744664236389852, 36.788635306271082 ], [ -82.690664328261477, 36.782640848400341 ], [ -82.681030399596438, 36.78519051617512 ], [ -82.610989145735516, 36.791860660331139 ], [ -82.522934998953744, 36.77110585754486 ], [ -82.419530626035609, 36.734046649819881 ], [ -82.277680196350488, 36.706972483191919 ], [ -82.219939769482167, 36.696702214629873 ], [ -82.169880235899114, 36.694541701736739 ], [ -82.071758135697877, 36.679514359094284 ], [ -82.029526390626174, 36.660079232386529 ], [ -81.96755452857316, 36.623803188607745 ], [ -81.917284656741387, 36.57436483432258 ], [ -81.8906043095417, 36.545824962049323 ], [ -81.885207203052389, 36.501667421942422 ], [ -81.9028595988527, 36.456613934483002 ], [ -81.958933404957733, 36.401595020672318 ], [ -82.010456668083449, 36.346021637711125 ], [ -82.066880744102434, 36.31276265087623 ], [ -82.144398581892844, 36.263815721910269 ], [ -82.236506243861157, 36.209270322319817 ], [ -82.319494697177774, 36.17899350353521 ], [ -82.44766050037488, 36.150214046200446 ], [ -82.531134432124347, 36.116237763424159 ], [ -82.640017104918442, 36.092325492867289 ], [ -82.718882622947305, 36.057713625541609 ], [ -82.788765746150716, 36.022054906657218 ], [ -82.851030060353978, 36.003628111735473 ], [ -82.884687359343744, 35.992872165358946 ], [ -82.98100374150431, 35.967114243939371 ], [ -83.035810626211173, 35.933939713038562 ], [ -83.136165002458696, 35.87305217819987 ], [ -83.225088012206584, 35.830451410925633 ], [ -83.30589519406459, 35.786921293727858 ], [ -83.385540882880875, 35.749749954210763 ], [ -83.509996597053501, 35.736870311859349 ], [ -83.605511125666681, 35.701244995690644 ], [ -83.692928405067192, 35.66470622606802 ], [ -83.799371882679225, 35.610501453829414 ], [ -84.010673899280235, 35.560410014274829 ], [ -84.08577344650908, 35.496259661131432 ], [ -84.191698711810048, 35.389499794508005 ], [ -84.25750981177174, 35.330852809305441 ], [ -84.338183288831075, 35.28017769306129 ], [ -84.346045951193119, 35.228767386658966 ], [ -84.294212789432251, 35.19750654044546 ], [ -84.225508041302248, 35.171049057180078 ], [ -84.184706604892341, 35.173467511090855 ], [ -84.094132650125758, 35.183877927773381 ], [ -83.97270062965319, 35.184530441700772 ], [ -83.879226783976563, 35.161840338668391 ], [ -83.808644628936804, 35.147984643096102 ], [ -83.774015863661944, 35.111726285133216 ], [ -83.752515819605279, 35.044176386822436 ], [ -83.774568596023983, 35.007302656752636 ], [ -83.872918905434574, 34.997960156237532 ], [ -83.995067350612132, 34.990984468380702 ], [ -84.124135963513353, 34.991117436507579 ], [ -84.256164320881624, 34.971827104053233 ], [ -84.333523601879037, 34.940422031794554 ], [ -84.395921143018072, 34.900959332773247 ], [ -84.482052124956496, 34.863813479206037 ], [ -84.551281160226537, 34.831477818565297 ], [ -84.591612182553945, 34.776707665788308 ], [ -84.656594581122505, 34.717804420837965 ], [ -84.715452110254134, 34.6452285255329 ], [ -84.781167207303767, 34.579814726326006 ], [ -84.805401503076894, 34.523428621916217 ], [ -84.810584701150702, 34.432575656228707 ], [ -84.806007952749809, 34.353823421300802 ], [ -84.82091503067997, 34.250839530458116 ], [ -84.916757275094454, 34.194795889653875 ], [ -85.021801494279998, 34.185238859506228 ], [ -85.125915003940676, 34.182027107650988 ], [ -85.184601756901827, 34.161432951191699 ], [ -85.271315741041164, 34.110796025786684 ], [ -85.344853428114561, 34.039312490310003 ], [ -85.426983723355107, 33.962052075511608 ], [ -85.507212574066855, 33.89761582172995 ], [ -85.560278974524948, 33.798046020690478 ], [ -85.520212537778818, 33.742199460133179 ], [ -85.474113705538258, 33.731461370259098 ], [ -85.401046084202349, 33.744325129306986 ], [ -85.332253052820334, 33.78364887334434 ], [ -85.24683193082052, 33.82791007678685 ], [ -85.189982000140404, 33.894381555132142 ], [ -85.116439198644741, 33.965779726366932 ], [ -85.032516754959175, 33.996988796962725 ], [ -84.955461911421096, 34.035327570592557 ], [ -84.859389533805498, 34.039146007657038 ], [ -84.775818128631201, 34.011457606989524 ], [ -84.726493349078964, 33.967466709831712 ], [ -84.718290147078349, 33.914422159767739 ], [ -84.653392625211524, 33.868857299845196 ], [ -84.623945825496349, 33.852886230071526 ], [ -84.529982816365091, 33.843554450155438 ], [ -84.432211428005687, 33.859894555357023 ], [ -84.379461043795729, 33.893778460447912 ], [ -84.29144181415451, 33.950195587497028 ], [ -84.211136995743885, 34.007345080877968 ], [ -84.153273971644268, 34.073288396908858 ], [ -84.069766479534024, 34.149628993342887 ], [ -84.002818671445084, 34.221105470928272 ], [ -83.925037287626708, 34.258748408425703 ], [ -83.801751984886664, 34.330766517054151 ], [ -83.690916219617264, 34.423599704488389 ], [ -83.579813710820204, 34.516316932258299 ], [ -83.488415850977844, 34.584928939941676 ], [ -83.404755707030048, 34.654319808691376 ], [ -83.348898798577963, 34.700543624093285 ], [ -83.253438412793429, 34.742413527401936 ], [ -83.189515923868598, 34.787691778719903 ], [ -83.109689037726469, 34.831181492478514 ], [ -83.053560085239269, 34.877400377981296 ], [ -83.035566750487078, 34.904400386037253 ], [ -82.986202592776436, 34.931528375084824 ], [ -82.936802880372355, 34.958639117224358 ], [ -82.787599756477661, 34.992617641447218 ], [ -82.753826831764144, 35.0323070221366 ], [ -82.716858115887334, 35.064369182958224 ], [ -82.63710055007428, 35.084283417380846 ], [ -82.569859446884038, 35.083826176597455 ], [ -82.470568052999425, 35.086877189328739 ], [ -82.404556305033609, 35.104606257164946 ], [ -82.385055566526148, 35.113218654536553 ], [ -82.322126603183293, 35.138521092616557 ], [ -82.246592970020586, 35.158683206558862 ], [ -82.200008099696078, 35.167708388979051 ], [ -82.150182276288035, 35.194476523266424 ], [ -82.151234303284056, 35.238145783459352 ], [ -82.17690957802624, 35.270209347893093 ], [ -82.217766536778001, 35.293166775516788 ], [ -82.285111898302375, 35.319210609377535 ], [ -82.380891302113739, 35.337636039438728 ], [ -82.445818593116286, 35.352414992534499 ], [ -82.540419419196269, 35.377814975603286 ], [ -82.611741020973838, 35.407727997288703 ], [ -82.637666834145648, 35.439684578518495 ], [ -82.652269433865698, 35.484846539336452 ], [ -82.663714393134796, 35.522395204592868 ], [ -82.692821163793027, 35.536566888446409 ], [ -82.735294555733901, 35.577608515815996 ], [ -82.755737550372061, 35.641520917180699 ], [ -82.775505953639197, 35.68360441039426 ], [ -82.783936483098415, 35.738905010636977 ], [ -82.793000350888704, 35.790649124024661 ], [ -82.791850929663951, 35.823130913878721 ], [ -82.758337586924867, 35.859235287157361 ], [ -82.718400074104025, 35.880117136960209 ], [ -82.664420422244703, 35.877661036205083 ], [ -82.622484212619312, 35.858423918262062 ], [ -82.593898595069575, 35.840685643441041 ], [ -82.565326267530907, 35.822940427828449 ], [ -82.525980156765684, 35.789457955476557 ], [ -82.502519326993152, 35.743276349602738 ], [ -82.473382072807667, 35.703684515925765 ], [ -82.448092256313359, 35.642769706643726 ], [ -82.413956210319199, 35.606202401500816 ], [ -82.37287138566424, 35.583320872793635 ], [ -82.28691984836729, 35.558824922647318 ], [ -82.212453325497989, 35.52109767707433 ], [ -82.153673779762869, 35.521441377450763 ], [ -82.067061318284317, 35.52571511081792 ], [ -82.037421526168984, 35.514939914625273 ], [ -81.949023687131088, 35.504398726085149 ], [ -81.852257717475425, 35.514557011318239 ], [ -81.771389877998118, 35.512046647505478 ], [ -81.674198647910899, 35.500230022418911 ], [ -81.60353287022896, 35.491586149469057 ], [ -81.512510111748043, 35.49491322231242 ], [ -81.423163974867833, 35.512905734537412 ], [ -81.377258765414297, 35.539885758782567 ], [ -81.309516709776616, 35.585917037919444 ], [ -81.217506197439235, 35.639767018401606 ], [ -81.11698346500954, 35.667050148368602 ], [ -80.988439375386179, 35.697952095095992 ], [ -80.916429594744201, 35.717816488618176 ], [ -80.846517141732946, 35.727007414114311 ], [ -80.739887066889025, 35.760486789431837 ], [ -80.639032073140299, 35.787360702471254 ], [ -80.58600277771869, 35.802246261224106 ], [ -80.476183859770458, 35.827821946735774 ], [ -80.398756699265491, 35.850324812982002 ], [ -80.363368101970039, 35.889281144989965 ], [ -80.34715729508612, 35.945326880791384 ], [ -80.342018462678311, 36.013752225328432 ], [ -80.348004223858453, 36.13820295454547 ], [ -80.345083413692876, 36.217824695289792 ], [ -80.364409546648687, 36.278560992988361 ], [ -80.359248899136887, 36.325151861863873 ], [ -80.354822506737236, 36.368202576907265 ], [ -80.342211791091259, 36.40653742314602 ], [ -80.316944249936313, 36.439564757305568 ], [ -80.285706724056865, 36.457254097750706 ], [ -80.236600659474277, 36.472567794141206 ], [ -80.186009118682705, 36.4731176420254 ], [ -80.14734771912029, 36.460689993508993 ], [ -80.115417710212867, 36.438235814129968 ], [ -80.092424373993168, 36.416968353434022 ], [ -80.076917235283616, 36.382147580795547 ], [ -80.091102387150556, 36.358585457493838 ], [ -80.114187358282621, 36.336215377745461 ], [ -80.112043243271174, 36.303187182589134 ], [ -80.092791117629304, 36.286052102579468 ], [ -80.065400615695211, 36.264179363081787 ], [ -80.056032444018925, 36.231312663422209 ], [ -80.028993954925895, 36.201026659876106 ], [ -79.955827955244615, 36.177804634075692 ], [ -79.895258305620416, 36.174013326229904 ], [ -79.748910292913294, 36.153988385211477 ], [ -79.641496739452549, 36.134726613775577 ], [ -79.543072103348862, 36.125501832878257 ], [ -79.447227701135191, 36.12989002834135 ], [ -79.39436313558447, 36.166925148463214 ], [ -79.29871162401146, 36.220137269375066 ], [ -79.20718405956805, 36.229408336559651 ], [ -79.123553362101518, 36.253082185717886 ], [ -79.081286990834428, 36.291521930831067 ], [ -79.05676593939134, 36.350283395222235 ], [ -79.002573813589436, 36.3914473565073 ], [ -78.937461639664463, 36.431022728404209 ], [ -78.86288703129334, 36.487000470725611 ], [ -78.779319720618716, 36.532742274934137 ], [ -78.741161001928035, 36.576147446183164 ], [ -78.704394234955728, 36.637548290825045 ], [ -78.673014268618601, 36.699729378590071 ], [ -78.641582211540609, 36.76190067655314 ], [ -78.61211620456784, 36.815457819703056 ], [ -78.561787644832791, 36.861512023623597 ], [ -78.499458913668008, 36.910244960031214 ], [ -78.43669537788962, 36.936632592439246 ], [ -78.398132689656137, 36.979922001592875 ], [ -78.352336278043694, 37.053300709244098 ], [ -78.33452499609885, 37.104095675916966 ], [ -78.290655153047865, 37.168846085684407 ], [ -78.249816446714419, 37.220681286295225 ], [ -78.195876254604045, 37.279468572951558 ], [ -78.154912450769245, 37.331268090843921 ], [ -78.094023216778979, 37.371181430718785 ], [ -78.025238453134179, 37.396527946960845 ], [ -77.956404324353485, 37.421835711948987 ], [ -77.893878656440123, 37.421329926782008 ], [ -77.832416494876753, 37.416496464818465 ], [ -77.783007292513616, 37.409004877341872 ], [ -77.754494952218053, 37.409128660609476 ], [ -77.704166729381257, 37.428207264239788 ], [ -77.675777111437256, 37.450620107272385 ], [ -77.629817825617437, 37.474799559480431 ], [ -77.598155789104482, 37.510073957894939 ], [ -77.563126882489215, 37.53591072899556 ], [ -77.503837066042337, 37.544632745545577 ], [ -77.429132687732448, 37.54648679575714 ], [ -77.351114502821048, 37.538860700895114 ], [ -77.259926673299489, 37.515743960447196 ], [ -77.230277214448193, 37.497727674811287 ], [ -77.191881686186377, 37.447097578623158 ], [ -77.17984689543843, 37.405050385903628 ], [ -77.142605623171747, 37.372421918868369 ], [ -77.107563807168461, 37.353512222201999 ], [ -77.046210631851039, 37.348281336527684 ], [ -76.971693348527467, 37.349854843738939 ], [ -76.947565890393477, 37.35494712293066 ], [ -76.899301606271663, 37.365117005303347 ], [ -76.85761857556831, 37.371856520593589 ], [ -76.796268100173506, 37.366499202251312 ], [ -76.711906061346696, 37.361870092217359 ], [ -76.648198560802641, 37.351586737303343 ], [ -76.636273417155593, 37.346439363884073 ], [ -76.626339650198702, 37.334021607222624 ], [ -76.611888989235595, 37.314299705719229 ], [ -76.609951907452697, 37.309577473734862 ], [ -76.601620163819092, 37.302360058301232 ], [ -76.592448941483013, 37.297636930363936 ], [ -76.585231161417013, 37.292082990761436 ], [ -76.575235952841368, 37.287361073018289 ], [ -76.558558027990898, 37.277632660116481 ], [ -76.553003261468717, 37.275413332125581 ], [ -76.542734602969773, 37.269026929115704 ], [ -76.493828934814715, 37.245413517820758 ], [ -76.478554279624632, 37.237357068241522 ], [ -76.473289170395105, 37.233473587813101 ], [ -76.457174851430651, 37.226240397454319 ], [ -76.448828021358906, 37.223746237580272 ], [ -76.435782049412481, 37.222632028435548 ], [ -76.422719288333752, 37.224302149699888 ], [ -76.385791170930574, 37.233746707720201 ], [ -76.376879521194411, 37.233471574121552 ], [ -76.371600507869857, 37.230129833525673 ], [ -76.371600771700969, 37.222355968531289 ], [ -76.376880498815595, 37.214299864527831 ], [ -76.379657721709904, 37.205693426122359 ], [ -76.379656600562654, 37.202916951806777 ], [ -76.375766302993839, 37.192357559763472 ], [ -76.37771971137218, 37.183744537818065 ], [ -76.381609978602398, 37.175413462856689 ], [ -76.379947260906178, 37.170973362270416 ], [ -76.377154354984768, 37.168745313661951 ], [ -76.377017970942191, 37.167814534227723 ], [ -76.356050378672677, 37.161802434750143 ], [ -76.35161109380492, 37.162908811108949 ], [ -76.345215986563872, 37.171522128425025 ], [ -76.344117237358063, 37.17430689346434 ], [ -76.337724318399196, 37.177083487402811 ], [ -76.333833488401638, 37.175694651587861 ], [ -76.331055881770538, 37.173749409858296 ], [ -76.327729461803557, 37.169584395373441 ], [ -76.322724765445102, 37.160687930511493 ], [ -76.319398002188365, 37.156522440919133 ], [ -76.311050690578085, 37.149305515834548 ], [ -76.304932177555884, 37.146803357683012 ], [ -76.300491340390366, 37.14375146813007 ], [ -76.296324885042608, 37.142911676715492 ], [ -76.292160000804571, 37.139303083943865 ], [ -76.287170277703893, 37.13207881762736 ], [ -76.28660543060289, 37.129019291643353 ], [ -76.287169625930147, 37.126242152331109 ], [ -76.287993821723248, 37.124303681112409 ], [ -76.290222023985379, 37.122633763154894 ], [ -76.296325074664466, 37.123190946951048 ], [ -76.310486538173592, 37.1212451341855 ], [ -76.334947035575922, 37.106528611002588 ], [ -76.338838149516988, 37.102363642964526 ], [ -76.339388136504027, 37.097632825192093 ], [ -76.322175138019361, 37.096244934194111 ], [ -76.30465759907635, 37.097632327498189 ], [ -76.298003799092626, 37.099021281463926 ], [ -76.279662518805083, 37.105971278019027 ], [ -76.275222086758546, 37.105696085409427 ], [ -76.270781142401177, 37.10346895194062 ], [ -76.267439205019556, 37.099303109803508 ], [ -76.266615113689596, 37.088469882887637 ], [ -76.267729879106, 37.079024681463281 ], [ -76.270506310301897, 37.070976402560689 ], [ -76.271330853260451, 37.064857627620057 ], [ -76.273284155126092, 37.061805443932116 ], [ -76.274946630619525, 37.057082856775423 ], [ -76.275221481109469, 37.053193021656618 ], [ -76.278273079262689, 37.04736433092539 ], [ -76.282988375377329, 37.032914412758977 ], [ -76.285217159552971, 37.024857581649783 ], [ -76.285216492768711, 37.019860809967682 ], [ -76.286880279496131, 37.0098670525853 ], [ -76.288833159246465, 37.006532085244515 ], [ -76.292159539018698, 37.003755083138877 ], [ -76.296615051423615, 37.001810142134737 ], [ -76.317734937610069, 37.002085466506855 ], [ -76.334398351330606, 37.003198680532499 ], [ -76.341050668479227, 37.004586791692773 ], [ -76.353548987238824, 37.004313018099296 ], [ -76.363283743163635, 37.001810933797756 ], [ -76.367723923736733, 36.999864570327986 ], [ -76.379382552791739, 36.988191894432084 ], [ -76.389392855415281, 36.973467103800893 ], [ -76.393832993220073, 36.970132992639407 ], [ -76.397724708233113, 36.967356982151713 ], [ -76.403553243505712, 36.965693109535657 ], [ -76.412175053406969, 36.966250823041101 ], [ -76.414113476292528, 36.968470926610379 ], [ -76.418004226325962, 36.970133475425023 ], [ -76.420217321116226, 36.974024999426966 ], [ -76.421895292464583, 36.975138702420665 ], [ -76.427450084050321, 36.982355896877159 ], [ -76.431616046645544, 36.991808357114998 ], [ -76.436056877325044, 36.997363519616265 ], [ -76.438833737417426, 37.002368101361895 ], [ -76.443823029925781, 37.015146860701229 ], [ -76.450781424031007, 37.023469884370542 ], [ -76.470512168675995, 37.042368403902763 ], [ -76.483834367438547, 37.048479170684843 ], [ -76.506066455880841, 37.057085086135608 ], [ -76.516076868470748, 37.062356848199919 ], [ -76.520517442166195, 37.068200931842185 ], [ -76.521340909439331, 37.073473099679504 ], [ -76.520792144484801, 37.078195148131343 ], [ -76.522181067042652, 37.082086407815865 ], [ -76.531061021727368, 37.093469939047729 ], [ -76.535227762414465, 37.093751417070798 ], [ -76.53911810526489, 37.090975181812809 ], [ -76.541056203323521, 37.087641004779492 ], [ -76.544398141689655, 37.084864041774935 ], [ -76.551065642483479, 37.083474950826236 ], [ -76.557169718781381, 37.084581035956781 ], [ -76.566630486625087, 37.09346955398447 ], [ -76.5796777133245, 37.108751174914481 ], [ -76.605786168791482, 37.12458237932703 ], [ -76.614117165817987, 37.132356662412725 ], [ -76.615506872791087, 37.136255060694531 ], [ -76.61468233625574, 37.141527505253741 ], [ -76.615781356898992, 37.143198314280426 ], [ -76.615231971834262, 37.150972577010727 ], [ -76.61188885058408, 37.161523675789418 ], [ -76.61161539808792, 37.175973700622663 ], [ -76.614957094022913, 37.191522061152845 ], [ -76.621060681749597, 37.205972399918238 ], [ -76.626339412785683, 37.214028934693047 ], [ -76.635800704075137, 37.221520343963959 ], [ -76.641064885766127, 37.224022838338072 ], [ -76.65356267845273, 37.227082656319048 ], [ -76.654401865739644, 37.226526020960492 ], [ -76.654111963066711, 37.224625905403684 ], [ -76.656065443784229, 37.224023030448137 ], [ -76.678007991972152, 37.226243336336282 ], [ -76.689665417984003, 37.222909387308448 ], [ -76.702177880543786, 37.21708173478202 ], [ -76.70690951211148, 37.21597474488695 ], [ -76.717452753966697, 37.216532343886954 ], [ -76.726623869030448, 37.215417911796109 ], [ -76.732177760060651, 37.213197917623219 ], [ -76.733002446277567, 37.207086728730879 ], [ -76.735794201190771, 37.199023120980918 ], [ -76.738572352591632, 37.195414673788967 ], [ -76.743836893364815, 37.192912024178518 ], [ -76.747726880328031, 37.194300978000406 ], [ -76.74884117277503, 37.196802588569682 ], [ -76.750794095248494, 37.198473623905024 ], [ -76.758852152135958, 37.21847038682921 ], [ -76.764695756108267, 37.225137993215242 ], [ -76.771349581215802, 37.229860738439484 ], [ -76.782183064445491, 37.235415672841818 ], [ -76.796068636133242, 37.239580971211133 ], [ -76.802172478999907, 37.24013790505709 ], [ -76.813006728523135, 37.242914763994335 ], [ -76.832187448714151, 37.243754570971575 ], [ -76.840794409919809, 37.247637985032462 ], [ -76.847462312263829, 37.252367898957154 ], [ -76.853291482789132, 37.262087409402632 ], [ -76.855519522327043, 37.263201249605586 ], [ -76.856067947402991, 37.266810424489726 ], [ -76.858296982911355, 37.268473094335143 ], [ -76.858845511883857, 37.27291333432526 ], [ -76.857731257059626, 37.279025141780586 ], [ -76.852177444792233, 37.284869220976113 ], [ -76.850789452035713, 37.292368330572678 ], [ -76.851902523678717, 37.299585815502638 ], [ -76.855244979446226, 37.309306012482651 ], [ -76.860233941263999, 37.315974081118597 ], [ -76.861897721916122, 37.316248149877111 ], [ -76.867452299463892, 37.315973995492421 ], [ -76.87190838796144, 37.309862554245399 ], [ -76.87523418784167, 37.288752487439233 ], [ -76.871343241927789, 37.278192801769883 ], [ -76.871618228146332, 37.271807924148831 ], [ -76.87996504064364, 37.262362766579429 ], [ -76.890524601520596, 37.257365895511541 ], [ -76.895239216019263, 37.254031240599986 ], [ -76.899969781799896, 37.249309031649069 ], [ -76.907461942146909, 37.238192929056801 ], [ -76.916083858068518, 37.235141376827329 ], [ -76.928564916990283, 37.238192980608616 ], [ -76.934120693248047, 37.241252195858472 ], [ -76.938285936693944, 37.244861162394798 ], [ -76.945229268470626, 37.253200591654483 ], [ -76.950249461780089, 37.26125693331651 ], [ -76.959419412996638, 37.273471379934513 ], [ -76.960243917018573, 37.277087912957434 ], [ -76.96996426524862, 37.294306705111737 ], [ -76.977745986946232, 37.303751573002494 ], [ -76.982186863102513, 37.306528890141479 ], [ -76.984689731546808, 37.309863079411997 ], [ -76.995233516933112, 37.316248626373309 ], [ -77.000528596079022, 37.316531595462848 ], [ -77.008861048528445, 37.315417266568126 ], [ -77.0141408679862, 37.312914576788486 ], [ -77.057186878815841, 37.284030058424669 ], [ -77.060513602229165, 37.284587424165068 ], [ -77.063305598432578, 37.286532614465806 ], [ -77.064969386999337, 37.29098026665509 ], [ -77.066082420137406, 37.306803502961436 ], [ -77.068859651456435, 37.315692167310004 ], [ -77.071636932803742, 37.320422576930184 ], [ -77.0760937061156, 37.323473611043539 ], [ -77.078305391955411, 37.324587886643876 ], [ -77.085248813201531, 37.32570215626874 ], [ -77.095807904462177, 37.322917318852156 ], [ -77.10719167566775, 37.318751886179776 ], [ -77.108305657647378, 37.317645314045265 ], [ -77.108854318791145, 37.318477195402771 ], [ -77.10912981549356, 37.317919878812674 ], [ -77.122191651243014, 37.316249351335493 ], [ -77.133026246730424, 37.313197932729032 ], [ -77.139418617358373, 37.312358597990404 ], [ -77.143860059109542, 37.312640710309026 ], [ -77.156083170217599, 37.314303684081906 ], [ -77.161636941540692, 37.315974160770807 ], [ -77.176087489614346, 37.323756972020341 ], [ -77.187471378706022, 37.327365238826061 ], [ -77.199983799419897, 37.327639825733584 ], [ -77.215258371301246, 37.324313637090157 ], [ -77.220538145421273, 37.322368344423758 ], [ -77.228304600974312, 37.32319936399648 ], [ -77.234698711652342, 37.32570201063195 ], [ -77.233309487850136, 37.326251014723297 ], [ -77.2358118334311, 37.327365496764934 ], [ -77.236910760749609, 37.32902787745968 ], [ -77.238025077559925, 37.331255735805719 ], [ -77.238299745579525, 37.336253909085755 ], [ -77.23968796788543, 37.337916046387143 ], [ -77.240253586671159, 37.341525319897407 ], [ -77.241641106789757, 37.342639008950329 ], [ -77.246646555301396, 37.343470585374646 ], [ -77.258320539351843, 37.337916577157365 ], [ -77.26665119421277, 37.33181376645264 ], [ -77.274983473622598, 37.324314038264454 ], [ -77.27776012553926, 37.318751526536431 ], [ -77.275806823104006, 37.310695430181717 ], [ -77.268589004209787, 37.30847554818321 ], [ -77.260532606640382, 37.30847512173608 ], [ -77.251652578246592, 37.305140777121835 ], [ -77.247195532219365, 37.301532862193184 ], [ -77.238864752486251, 37.296535002230804 ], [ -77.231921069971378, 37.296535127847747 ], [ -77.216357478294697, 37.302638357176768 ], [ -77.210252613379012, 37.30236395907508 ], [ -77.205538594580446, 37.301249628694642 ], [ -77.193575417931825, 37.296809759205154 ], [ -77.182465920266509, 37.288478674758707 ], [ -77.17636203231578, 37.285976019627981 ], [ -77.165527879697947, 37.285975681544684 ], [ -77.155807902227977, 37.289035191154738 ], [ -77.149978821486101, 37.2898670679253 ], [ -77.145813000358331, 37.292087140907832 ], [ -77.12968330896706, 37.295146359783914 ], [ -77.117186935641683, 37.29486387470601 ], [ -77.101911980950632, 37.292087453976059 ], [ -77.09469445677199, 37.289866423164653 ], [ -77.089414925348649, 37.28680757152312 ], [ -77.083310414873637, 37.278476790332718 ], [ -77.077756978677115, 37.269030946053334 ], [ -77.068859692326612, 37.263759807692992 ], [ -77.061627716654158, 37.263759832997621 ], [ -77.05579777122297, 37.265422206459561 ], [ -77.04607821043173, 37.271251233189979 ], [ -77.036907182061242, 37.277918910084452 ], [ -77.026912058895135, 37.283755540375857 ], [ -77.016352054814746, 37.288753092812165 ], [ -77.004419956973962, 37.289866227307314 ], [ -76.996072644998648, 37.288195821302466 ], [ -76.991357483813346, 37.285976270668748 ], [ -76.985803681531749, 37.28069581983732 ], [ -76.98551342607378, 37.27653062733097 ], [ -76.984124783044734, 37.274859844951095 ], [ -76.983850662487342, 37.270419469380386 ], [ -76.982751210055127, 37.26764277556358 ], [ -76.983575295415946, 37.259311382223764 ], [ -76.984690102603651, 37.256533909881576 ], [ -76.982462238700208, 37.249309505801229 ], [ -76.980523304813644, 37.245974648174027 ], [ -76.97829539925516, 37.242915867182703 ], [ -76.974129988029489, 37.239307403292813 ], [ -76.962197434078675, 37.234027281915679 ], [ -76.949973920914317, 37.230419277441101 ], [ -76.931906846742535, 37.219859438967738 ], [ -76.925513272987644, 37.217082747997104 ], [ -76.921347148845356, 37.213473950878203 ], [ -76.91608340299598, 37.21042276848187 ], [ -76.903570458215, 37.205142883871616 ], [ -76.89580317509315, 37.204311097985482 ], [ -76.883855545238745, 37.205417105156883 ], [ -76.869679760452755, 37.209865362077323 ], [ -76.859959634115953, 37.212085206770709 ], [ -76.854679652687523, 37.212359657349211 ], [ -76.841633320445197, 37.210696680793156 ], [ -76.83468984343699, 37.207919700396658 ], [ -76.828021950806502, 37.206531137352279 ], [ -76.820239735446862, 37.205698828243463 ], [ -76.805789533066232, 37.205698719860791 ], [ -76.799121305273388, 37.204585086899911 ], [ -76.793291403806407, 37.202640232762306 ], [ -76.786897371821055, 37.197916987779948 ], [ -76.786897259453497, 37.195689671631733 ], [ -76.7838469119596, 37.187357842507687 ], [ -76.781068369769457, 37.183475255263325 ], [ -76.775514911600226, 37.180141140527617 ], [ -76.769136675541489, 37.177638391843374 ], [ -76.759416042122652, 37.172084586925131 ], [ -76.755250499522248, 37.168475222204712 ], [ -76.745225106885542, 37.163195314959552 ], [ -76.736069489959291, 37.152918485311531 ], [ -76.732453805760002, 37.150141491476049 ], [ -76.726898410831751, 37.14763880924481 ], [ -76.716339175091505, 37.14763937121613 ], [ -76.712188684527561, 37.14958480233161 ], [ -76.704407252111253, 37.15708428646905 ], [ -76.69967673959826, 37.163195258805565 ], [ -76.697447779988394, 37.167643459711265 ], [ -76.694397206209686, 37.171251523667301 ], [ -76.693282164775113, 37.175417415680023 ], [ -76.684676501281487, 37.187639526808276 ], [ -76.682173220425327, 37.189859908106584 ], [ -76.67939616392762, 37.190690848633487 ], [ -76.675505563368603, 37.191522647788297 ], [ -76.673292607978738, 37.190416222806491 ], [ -76.666334967826984, 37.183474260927568 ], [ -76.664121538613074, 37.170976287282805 ], [ -76.663847500011286, 37.16096665504196 ], [ -76.662184213237168, 37.157358740643254 ], [ -76.659116256231911, 37.142084971470524 ], [ -76.657179570488566, 37.137361843304809 ], [ -76.653851883869081, 37.119860692356148 ], [ -76.651899553340371, 37.114588001063325 ], [ -76.651899951332936, 37.111254009087524 ], [ -76.650511259823872, 37.107363217237442 ], [ -76.649961603493253, 37.102922774391608 ], [ -76.650510442885377, 37.090418136447731 ], [ -76.655516100192258, 37.066814099056515 ], [ -76.653287526947338, 37.056804360774855 ], [ -76.650236216671701, 37.052638890430842 ], [ -76.647733617972889, 37.05153203743761 ], [ -76.647734263745591, 37.049312016962695 ], [ -76.641355806945938, 37.044589952424104 ], [ -76.63216978804364, 37.04208701768038 ], [ -76.604123415868102, 37.040698137609901 ], [ -76.592739367330452, 37.037089053064925 ], [ -76.58300328001053, 37.031527969509717 ], [ -76.580516761102686, 37.028193620941764 ], [ -76.574123695964573, 37.022914328925893 ], [ -76.573848371670167, 37.020694500524733 ], [ -76.575237445954613, 37.01597871103813 ], [ -76.578013720147794, 37.01375860575034 ], [ -76.579402337845508, 37.009867593696235 ], [ -76.581356716492351, 37.008754139272661 ], [ -76.580790877303386, 37.007922485889303 ], [ -76.581355804008311, 37.005420416499021 ], [ -76.579967666328301, 37.001536936699971 ], [ -76.574398403859917, 36.99986647222093 ], [ -76.552454619774295, 36.998751753410637 ], [ -76.546061340494575, 36.996249097135696 ], [ -76.537180157323178, 36.990138791831136 ], [ -76.521614926286418, 36.975139171657659 ], [ -76.511895691643218, 36.96985992230892 ], [ -76.499397383697456, 36.966533320960146 ], [ -76.484947763957791, 36.964587836777909 ], [ -76.4796675399121, 36.961253635531008 ], [ -76.47634004491502, 36.952922172041148 ], [ -76.477454423403756, 36.949022995492385 ], [ -76.481620515782865, 36.944857510124869 ], [ -76.489661726735548, 36.941523440201721 ], [ -76.493278565616222, 36.938746790225949 ], [ -76.494392675466528, 36.932643670867542 ], [ -76.490501425076772, 36.927089535915933 ], [ -76.483832120443651, 36.921527261814163 ], [ -76.479956855511887, 36.916530141690096 ], [ -76.477728840019807, 36.912357047994824 ], [ -76.477163773500223, 36.9054140998172 ], [ -76.478003824755248, 36.902636879305646 ], [ -76.479667294864583, 36.900973753799491 ], [ -76.4818942095702, 36.896533576670819 ], [ -76.499961242817463, 36.88180938759664 ], [ -76.518013633428495, 36.870136230890374 ], [ -76.520790351128454, 36.869304752412582 ], [ -76.522728197037011, 36.865420879423603 ], [ -76.522728066839818, 36.863201071095823 ], [ -76.520226147467653, 36.85986703415692 ], [ -76.516334042524022, 36.858478114982084 ], [ -76.508567071785023, 36.857646743633346 ], [ -76.495505704047048, 36.85931014337433 ], [ -76.461065762425577, 36.880420357003977 ], [ -76.4452108817311, 36.885700072320837 ], [ -76.44076953954162, 36.888194837098965 ], [ -76.437444230651337, 36.890422933237112 ], [ -76.432438645569988, 36.897090641253854 ], [ -76.427997885990578, 36.901248076599572 ], [ -76.421329397907172, 36.904857433117442 ], [ -76.418003028620348, 36.904024762808938 ], [ -76.402163943700614, 36.900142110802229 ], [ -76.387179213532306, 36.895144213665212 ], [ -76.371888824068506, 36.892085022376058 ], [ -76.366610131157884, 36.892368072805837 ], [ -76.343827931936744, 36.890696202981218 ], [ -76.337173863662528, 36.887087805111619 ], [ -76.333832886110784, 36.88319722979714 ], [ -76.333832059211716, 36.880420090250169 ], [ -76.335784687316021, 36.877086097068663 ], [ -76.336059525200653, 36.873751520798187 ], [ -76.33383293361257, 36.86680876356715 ], [ -76.331345562970625, 36.863756853994033 ], [ -76.324950519785332, 36.858752550200506 ], [ -76.311050410515961, 36.851809953051927 ], [ -76.312163565305227, 36.851252247579417 ], [ -76.304656164659505, 36.847087020635684 ], [ -76.293272631295579, 36.843470749800879 ], [ -76.289106757870258, 36.8454166582084 ], [ -76.289106353284495, 36.848750293080187 ], [ -76.29188399770274, 36.852923319379386 ], [ -76.292997891839292, 36.85319816328628 ], [ -76.294935708898493, 36.857089232013472 ], [ -76.299101385257686, 36.859308892310239 ], [ -76.311049654863723, 36.871523630540977 ], [ -76.316619266173589, 36.879023099289 ], [ -76.318832180163568, 36.883478827207156 ], [ -76.317168954335472, 36.887362221509115 ], [ -76.310775760885235, 36.891810918296741 ], [ -76.309097083570023, 36.897089414486437 ], [ -76.294936105831809, 36.906801470774639 ], [ -76.294386929537367, 36.909578866162533 ], [ -76.298003012501596, 36.914583307619552 ], [ -76.303267548026014, 36.914027004515681 ], [ -76.306885066169656, 36.914858749971806 ], [ -76.311325602700421, 36.917086372538549 ], [ -76.314941070450203, 36.925700348750034 ], [ -76.318009173003261, 36.940134342087418 ], [ -76.315491256791134, 36.945414266231886 ], [ -76.311325015918968, 36.947359351339536 ], [ -76.307433461505681, 36.947916797279028 ], [ -76.294662323977235, 36.946802953063802 ], [ -76.287169789489695, 36.947359462285789 ], [ -76.276060894883855, 36.952081555823469 ], [ -76.267164505748113, 36.957361381476979 ], [ -76.261060472923219, 36.959032648329519 ], [ -76.248547286847199, 36.957086988927507 ], [ -76.235211709283931, 36.9509761365047 ], [ -76.194927003263217, 36.929582644392909 ], [ -76.168543684053589, 36.920694608764748 ], [ -76.152444900072808, 36.917360461063012 ], [ -76.127433921331274, 36.920977417926302 ], [ -76.113822879975061, 36.921526529928393 ], [ -76.100485891394541, 36.918749692504676 ], [ -76.082724947643953, 36.908190299551457 ], [ -76.073553474342503, 36.905138331532477 ], [ -76.059377461984454, 36.904856152174709 ], [ -76.052983844450992, 36.906526587084159 ], [ -76.041600141560835, 36.910418240003651 ], [ -76.026875962890642, 36.917918253923958 ], [ -76.014943224711729, 36.921251336556445 ], [ -76.009663569392742, 36.921526020438087 ], [ -76.002720106191745, 36.9201379496781 ], [ -75.997149681457998, 36.918200212241672 ], [ -75.989642945681695, 36.914026487646538 ], [ -75.982715261387384, 36.907641734008337 ], [ -75.978259321496878, 36.89763872756015 ], [ -75.978258642391552, 36.894861739823739 ], [ -75.976596181463634, 36.891528630474603 ], [ -75.975756439058657, 36.891528584562373 ], [ -75.976045957802498, 36.890696618514212 ], [ -75.963548705499321, 36.858195748563674 ], [ -75.96354937007473, 36.855143878742268 ], [ -75.961596049051266, 36.850696671215147 ], [ -75.95576623880838, 36.824863838517956 ], [ -75.955766393685664, 36.822086752107978 ], [ -75.952714697386185, 36.814587476919613 ], [ -75.952439650390133, 36.810139113573243 ], [ -75.950486942631969, 36.804859639167596 ], [ -75.94964798419052, 36.794865398056771 ], [ -75.94853308890923, 36.789585844972066 ], [ -75.946305482942989, 36.785146216920538 ], [ -75.94409259531335, 36.770421507147056 ], [ -75.942139179055289, 36.765981198897983 ], [ -75.940201763568965, 36.755704793057888 ], [ -75.918806753799046, 36.706251921882554 ], [ -75.911863719061159, 36.694304995037932 ], [ -75.911040492425869, 36.68986439227173 ], [ -75.907698062010795, 36.680976179158534 ], [ -75.889646169644351, 36.648484007240228 ], [ -75.886044898079803, 36.640701811781831 ], [ -75.885769768200973, 36.637093205334253 ], [ -75.876308258698671, 36.619034736927013 ], [ -75.870188794573238, 36.605149743078982 ], [ -75.864925006769013, 36.592088674781351 ], [ -75.863811532136211, 36.586808768040157 ], [ -75.861857047583371, 36.58236834518749 ], [ -75.861582756946333, 36.577928566365067 ], [ -75.857691886196221, 36.570146199442554 ], [ -75.851327838882767, 36.549226997143556 ], [ -75.849374596836398, 36.543764632571659 ], [ -75.849924935527298, 36.53987375907122 ], [ -75.848810332631203, 36.535426289191228 ], [ -75.84908514389457, 36.531817165628986 ], [ -75.843804241161493, 36.506816376832795 ], [ -75.835762353424911, 36.488201254777138 ], [ -75.830208029981549, 36.470425115052223 ], [ -75.827429729338832, 36.440983385379965 ], [ -75.825477435892665, 36.432927272767827 ], [ -75.826315781002336, 36.427930188520975 ], [ -75.823263364479658, 36.41042894362068 ], [ -75.819646509249552, 36.402090011229177 ], [ -75.819096867616125, 36.398489069846839 ], [ -75.808796445595178, 36.370985566343982 ], [ -75.804630426434926, 36.362372118087521 ], [ -75.801303972683968, 36.358207331057486 ], [ -75.799624945316538, 36.352935215587159 ], [ -75.798801529857329, 36.352652579238011 ], [ -75.795474172921871, 36.346541901658519 ], [ -75.791308549925034, 36.326545822282924 ], [ -75.789355456159342, 36.32126618479613 ], [ -75.787966457763332, 36.302094767297895 ], [ -75.784912948680798, 36.283768813948534 ], [ -75.782411437465512, 36.275712525363069 ], [ -75.782701238550203, 36.272653241268159 ], [ -75.778520025970266, 36.263490814903008 ], [ -75.764357251957264, 36.242380946644346 ], [ -75.762968923781244, 36.237932279004021 ], [ -75.75686442822952, 36.226817030591121 ], [ -75.746578910405091, 36.202098424449822 ], [ -75.746014464144849, 36.198489828659511 ], [ -75.742397663332142, 36.192653011863761 ], [ -75.733789861356627, 36.173488084848557 ], [ -75.728234667236677, 36.155430328355067 ], [ -75.71628603196794, 36.124600143722958 ], [ -75.712959637382369, 36.120709408201307 ], [ -75.707129919772157, 36.108769600589788 ], [ -75.699621033737472, 36.096822193044396 ], [ -75.69238787405348, 36.088765975473088 ], [ -75.674061062329145, 36.064047055494868 ], [ -75.670169213483049, 36.060438899820866 ], [ -75.658784804214278, 36.043776404172391 ], [ -75.654618636921569, 36.040160971705632 ], [ -75.649064231063747, 36.033500253987661 ], [ -75.64740180985828, 36.032935545712391 ], [ -75.642961342754134, 36.025161809298673 ], [ -75.635452699540181, 36.007942549591654 ], [ -75.632614367937521, 36.000168341473376 ], [ -75.63017275904437, 35.993493303993894 ], [ -75.629332394891961, 35.989053135143365 ], [ -75.615445975472142, 35.961550356344688 ], [ -75.601010898761942, 35.940997440583118 ], [ -75.597668608206817, 35.937663398131647 ], [ -75.575176708951375, 35.90905455656047 ], [ -75.568233061659868, 35.89544520719182 ], [ -75.561822827310465, 35.877387061480555 ], [ -75.561000046116334, 35.877112050475922 ], [ -75.552942392583631, 35.859062084700895 ], [ -75.551828198042969, 35.854614341750612 ], [ -75.543221463340885, 35.835441642124131 ], [ -75.542672318696063, 35.832390510194642 ], [ -75.539604919999192, 35.827668336942402 ], [ -75.533775092923022, 35.812943469868955 ], [ -75.530173972470493, 35.807946815014844 ], [ -75.528785152293921, 35.804055953411329 ], [ -75.523780409579842, 35.795451080776878 ], [ -75.522940221935514, 35.789613818499795 ], [ -75.525717502830574, 35.789340061289707 ], [ -75.529608469494278, 35.791010829790089 ], [ -75.535728592097016, 35.79934087424364 ], [ -75.546562184460328, 35.804338262710317 ], [ -75.555169205955593, 35.806832397110803 ], [ -75.555168693390641, 35.807671077173062 ], [ -75.557946584718565, 35.809608908342781 ], [ -75.557946927000316, 35.817390926404869 ], [ -75.559045443965559, 35.816842360761754 ], [ -75.559334719266744, 35.823226970278093 ], [ -75.56405007508998, 35.8304519528374 ], [ -75.571009759298008, 35.836829659938687 ], [ -75.575175353959068, 35.839332368885991 ], [ -75.579340914604686, 35.840720794959744 ], [ -75.586009665452025, 35.847113853524718 ], [ -75.588222530572068, 35.851004137236501 ], [ -75.590175351935699, 35.861280703489697 ], [ -75.590175913200838, 35.867109188717009 ], [ -75.586559289843166, 35.888776456756503 ], [ -75.587399413517133, 35.893781128080654 ], [ -75.59183972437684, 35.904049531649896 ], [ -75.593502192642333, 35.904880698513153 ], [ -75.595729962066883, 35.908215350937461 ], [ -75.607953271303415, 35.919330438709977 ], [ -75.617384376212144, 35.93183506352932 ], [ -75.621275484805068, 35.935435256159721 ], [ -75.624327316924578, 35.939601098374531 ], [ -75.627104994761311, 35.9415462352449 ], [ -75.63267428991449, 35.949045261258689 ], [ -75.64045609727053, 35.957109664105104 ], [ -75.656570734246571, 35.970154710830705 ], [ -75.660446327325047, 35.974602348496838 ], [ -75.66183522061219, 35.977654460168615 ], [ -75.666016325672842, 35.982102204177302 ], [ -75.667954788905519, 35.986549366130461 ], [ -75.673509102181498, 35.994049237868495 ], [ -75.675172928082276, 35.994605953102727 ], [ -75.681565598536181, 35.993773796994816 ], [ -75.682939468938756, 35.991828910023834 ], [ -75.699343091510968, 35.993216954910636 ], [ -75.711840436814896, 35.997938477443626 ], [ -75.714060993672447, 36.000167041592562 ], [ -75.716281384283263, 36.002386389430455 ], [ -75.718508736619597, 36.006551963690789 ], [ -75.720462049227109, 36.012381015721999 ], [ -75.720172149168661, 36.015715087373572 ], [ -75.718235470080131, 36.019048960379251 ], [ -75.715731862396154, 36.021269468175085 ], [ -75.711567311751352, 36.023214250599182 ], [ -75.707125922669178, 36.01737855620587 ], [ -75.707400692257465, 36.011831692402502 ], [ -75.705416723073327, 36.009253323284064 ], [ -75.703234553792342, 36.008215691849458 ], [ -75.700456669445899, 36.008216005955127 ], [ -75.695452582912878, 36.012937857983644 ], [ -75.69072224251704, 36.015998209865664 ], [ -75.684344050956341, 36.016829089000439 ], [ -75.67767583847106, 36.016272991606762 ], [ -75.676011656247724, 36.018493157929363 ], [ -75.675722632201143, 36.027655345821003 ], [ -75.677477809899955, 36.030172946163532 ], [ -75.680132994673642, 36.03985502117807 ], [ -75.681567236757132, 36.041548197995411 ], [ -75.682941595754386, 36.045440021916932 ], [ -75.687946828644584, 36.049330700047562 ], [ -75.696277901343962, 36.050435992843305 ], [ -75.706852513477784, 36.047659117223468 ], [ -75.712406643638417, 36.049329438468277 ], [ -75.71851144029003, 36.049886222393972 ], [ -75.721562805716403, 36.051267591064352 ], [ -75.720464416786612, 36.051824816741686 ], [ -75.724339799902964, 36.054043953925245 ], [ -75.728232104973785, 36.061269324468945 ], [ -75.728505894463737, 36.065434936506136 ], [ -75.731009031433601, 36.07377355651537 ], [ -75.730734438253023, 36.079884181864337 ], [ -75.732397912351914, 36.083767569274094 ], [ -75.731574541913233, 36.088490654054837 ], [ -75.734626485426347, 36.098210631589012 ], [ -75.738228781014897, 36.10599243564608 ], [ -75.737953659968824, 36.109600604416777 ], [ -75.739342344063687, 36.113491075874677 ], [ -75.736566225351638, 36.118488378856284 ], [ -75.737679279940252, 36.126263243874163 ], [ -75.738518998038387, 36.126545047480604 ], [ -75.738518695124057, 36.131542401373892 ], [ -75.74489834152341, 36.155430042813983 ], [ -75.746287630324034, 36.164874691229556 ], [ -75.748241201172533, 36.170154634230499 ], [ -75.749065286811046, 36.177378858915269 ], [ -75.75074338502813, 36.180438101480391 ], [ -75.752696962639192, 36.188486946462845 ], [ -75.755474627531726, 36.19626179823031 ], [ -75.757138163655, 36.198764468524892 ], [ -75.760191398570626, 36.208491092709885 ], [ -75.766035819788343, 36.217928893274461 ], [ -75.767974082538302, 36.222651424412959 ], [ -75.782700529218403, 36.242655084747753 ], [ -75.786301747820119, 36.245432589092474 ], [ -75.787140535951082, 36.247103171036422 ], [ -75.795182785906675, 36.255159403567404 ], [ -75.796861499338263, 36.255990907897548 ], [ -75.799074478728741, 36.262933261418638 ], [ -75.798250496282705, 36.267655697290223 ], [ -75.795183139649893, 36.271264878549694 ], [ -75.796297456087245, 36.27432406475365 ], [ -75.800187790996702, 36.277932386029256 ], [ -75.809069768126193, 36.283768516114684 ], [ -75.813800413437022, 36.290436041386258 ], [ -75.813799687262602, 36.298210697236151 ], [ -75.811023571278184, 36.310432711939818 ], [ -75.811297664168507, 36.319602691592387 ], [ -75.812961383007504, 36.323486156553635 ], [ -75.819097081067497, 36.352095686902146 ], [ -75.823262378893276, 36.362097705211703 ], [ -75.824087171061009, 36.367095154236551 ], [ -75.823812095542678, 36.370703470463759 ], [ -75.825749790940776, 36.377927798504629 ], [ -75.826589654923765, 36.386541919425589 ], [ -75.825201461962905, 36.396261309197563 ], [ -75.826590339051009, 36.399877815576986 ], [ -75.842704992433269, 36.421536376561392 ], [ -75.846871220254087, 36.430981358924981 ], [ -75.84659554416433, 36.436535569570836 ], [ -75.844642723527187, 36.440143741854456 ], [ -75.84491760999363, 36.444592236344462 ], [ -75.853814221694677, 36.457652997404281 ], [ -75.85769022053843, 36.46681560621635 ], [ -75.863534605972546, 36.476534885544986 ], [ -75.868799026634619, 36.488200119728155 ], [ -75.869638357218975, 36.498759430811113 ], [ -75.865199329045168, 36.507097739216192 ], [ -75.865473148456672, 36.519037693461343 ], [ -75.870188453850332, 36.52709429106411 ], [ -75.874644438560708, 36.529313971082843 ], [ -75.878809965596943, 36.532923235198631 ], [ -75.884379931086997, 36.540430342593986 ], [ -75.883541315545557, 36.543207168945706 ], [ -75.884089655890861, 36.544038898861693 ], [ -75.881587991782339, 36.548486722706883 ], [ -75.882350365833204, 36.550096731789843 ], [ -75.887707048177006, 36.560701071983132 ], [ -75.888546870129602, 36.568757651345898 ], [ -75.88715770714154, 36.572648365371379 ], [ -75.884089949804348, 36.576257056472244 ], [ -75.881587847681757, 36.582093873013832 ], [ -75.87936087379218, 36.588753563970343 ], [ -75.879360785512858, 36.594308275915019 ], [ -75.883267440637056, 36.603478589132564 ], [ -75.898816172539597, 36.618752051727917 ], [ -75.904920447975698, 36.626808206871196 ], [ -75.907988291093844, 36.636810084513272 ], [ -75.908811444858571, 36.647368898153864 ], [ -75.908537011009969, 36.656531741692689 ], [ -75.909651615396712, 36.661529783492931 ], [ -75.912429033373769, 36.669311247231725 ], [ -75.917982779413819, 36.678755713527799 ], [ -75.922973292537279, 36.685416830461669 ], [ -75.928527578606079, 36.701255179436302 ], [ -75.929641484566574, 36.706534312618281 ], [ -75.935761439524953, 36.714590550305964 ], [ -75.938537954466938, 36.716810945391671 ], [ -75.938812799771213, 36.715978837707446 ], [ -75.939361338212592, 36.716811093889049 ], [ -75.94630554321013, 36.716810885614919 ], [ -75.951875448652046, 36.71459014348239 ], [ -75.955490928313623, 36.711813898846117 ], [ -75.957154386904946, 36.708479285995651 ], [ -75.961869927147333, 36.702642751361935 ], [ -75.966309769098302, 36.680975801641651 ], [ -75.965759399101017, 36.655418279175464 ], [ -75.96659864521574, 36.647368702706792 ], [ -75.967712659992245, 36.641257456348896 ], [ -75.972702651043662, 36.630973017517242 ], [ -75.97520501894364, 36.620978626895891 ], [ -75.975480366081172, 36.61459315752348 ], [ -75.973541618794641, 36.599586654646316 ], [ -75.973541726174673, 36.588196600982698 ], [ -75.974365168131158, 36.58209320231942 ], [ -75.977432137854038, 36.576538406151556 ], [ -75.975754282707484, 36.565423384476574 ], [ -75.974365645092035, 36.560975435599048 ], [ -75.968490452672512, 36.549874984568959 ], [ -75.962981879479145, 36.541817764654454 ], [ -75.959380051882519, 36.539041499051052 ], [ -75.951048359022494, 36.537370002690487 ], [ -75.944090458871301, 36.541536349163941 ], [ -75.942975850655714, 36.545426977871301 ], [ -75.94352561669433, 36.547097322214512 ], [ -75.942945638000879, 36.549874697094907 ], [ -75.942411964879852, 36.552368927866283 ], [ -75.943251526177249, 36.555978177405521 ], [ -75.944913907523826, 36.558480783097913 ], [ -75.944090322085714, 36.561257925866578 ], [ -75.940474179277885, 36.564035078093305 ], [ -75.931028441674059, 36.566254554383178 ], [ -75.922147069319266, 36.571534037463152 ], [ -75.913266258722558, 36.574593466716181 ], [ -75.91131311463343, 36.572091162321811 ], [ -75.913541898738998, 36.562645932506868 ], [ -75.911862349838344, 36.559587460824417 ], [ -75.908886403290481, 36.550149356853183 ], [ -75.906308462530561, 36.546540895387785 ], [ -75.905758446782059, 36.543481274970446 ], [ -75.91047309241624, 36.542375373827703 ], [ -75.907986884376442, 36.536264854217087 ], [ -75.90769636265162, 36.531817030483879 ], [ -75.905208985609434, 36.522921392010318 ], [ -75.905208891208659, 36.517923691158934 ], [ -75.90298160792625, 36.513483141186676 ], [ -75.903254822082388, 36.509875170794203 ], [ -75.899638569816105, 36.497096108862827 ], [ -75.899928545619005, 36.493761457340248 ], [ -75.898814385970226, 36.488756715549066 ], [ -75.914654350159225, 36.491259905455664 ], [ -75.922970132449549, 36.485147768508078 ], [ -75.930202581380939, 36.485148586366776 ], [ -75.946592244853136, 36.488481520292325 ], [ -75.960768598322531, 36.48875605797879 ], [ -75.96742134043609, 36.490145446378584 ], [ -75.973540758370859, 36.492646782224838 ], [ -75.976592733784457, 36.496813251126298 ], [ -75.978256260578917, 36.500703284068202 ], [ -75.978530414701211, 36.504869131303479 ], [ -75.97242680907884, 36.51209442339799 ], [ -75.972426302461841, 36.515702548389847 ], [ -75.973814510848655, 36.519593863014308 ], [ -75.977980616039375, 36.523202513679358 ], [ -75.996597317992212, 36.531258162433886 ], [ -75.9993751401081, 36.535980725368276 ], [ -76.002717208156014, 36.539590243270396 ], [ -76.011048008550233, 36.54681445851633 ], [ -76.012452847518063, 36.549995660558636 ], [ -76.013826088687154, 36.552086403966236 ], [ -76.014664872702781, 36.559586329885406 ], [ -76.017151679658014, 36.562920521940882 ], [ -76.017427242101078, 36.564865644790984 ], [ -76.022432093802479, 36.571533268888793 ], [ -76.044925064160168, 36.586807780790885 ], [ -76.043261913445974, 36.583481128075341 ], [ -76.042711515054805, 36.574866963893385 ], [ -76.04020995405331, 36.568756410581273 ], [ -76.036043371946548, 36.565147424758777 ], [ -76.032976088032711, 36.560974195017202 ], [ -76.028643077611264, 36.550148748911525 ], [ -76.024934987069699, 36.539040504051691 ], [ -76.025209006910373, 36.530145028901188 ], [ -76.027986277415394, 36.524316061919862 ], [ -76.038255970177303, 36.520699434629471 ], [ -76.037431173339215, 36.519867610456856 ], [ -76.038820559145478, 36.515984546144125 ], [ -76.036592602869064, 36.509042133193809 ], [ -76.035203134817422, 36.507370986297829 ], [ -76.035767970412493, 36.506256973383493 ], [ -76.03437952423964, 36.496812581024805 ], [ -76.025207914420221, 36.480974082783632 ], [ -76.02327003216736, 36.476251300700959 ], [ -76.013549388787894, 36.462923044945754 ], [ -76.00938382459185, 36.459314172737663 ], [ -76.006316911131904, 36.455149372940006 ], [ -75.98576255926713, 36.439036958209797 ], [ -75.98187142469493, 36.437648183533362 ], [ -75.969099148278417, 36.430148308867373 ], [ -75.971035869325718, 36.426814848492548 ], [ -75.975476640520725, 36.427096832250335 ], [ -75.986036713614141, 36.429873357435866 ], [ -75.990477051516621, 36.42681460231708 ], [ -75.990751365352693, 36.420985433206049 ], [ -75.989638065322936, 36.415981151908916 ], [ -75.983533445434432, 36.407649638260025 ], [ -75.972425591148337, 36.398486852232772 ], [ -75.956875439566019, 36.384037324360833 ], [ -75.949932055413171, 36.375424575664411 ], [ -75.946300750366959, 36.372089987095563 ], [ -75.941310017012583, 36.363767162994243 ], [ -75.936030678965622, 36.358487762847695 ], [ -75.932138510601419, 36.357098557689476 ], [ -75.929926785140296, 36.357930873576876 ], [ -75.929087761237682, 36.36070761437837 ], [ -75.931025470031045, 36.365155224148239 ], [ -75.940196882890831, 36.377644293939248 ], [ -75.948253321463213, 36.386265447776076 ], [ -75.949641616410361, 36.392376550960591 ], [ -75.94297373597054, 36.393765572945725 ], [ -75.937419212351529, 36.391819275278245 ], [ -75.934642108604237, 36.392094611039774 ], [ -75.932139404694624, 36.394314529707053 ], [ -75.932414376343161, 36.398488211366306 ], [ -75.936580414784601, 36.407925073652272 ], [ -75.93769490027843, 36.412922696766657 ], [ -75.936305229941269, 36.419041075377045 ], [ -75.929927614749829, 36.429035300639512 ], [ -75.924357334167368, 36.431263267935442 ], [ -75.918803710596848, 36.429591743757292 ], [ -75.915477073439035, 36.420986400614751 ], [ -75.914088227424699, 36.411815778094905 ], [ -75.912973084859331, 36.387654406175876 ], [ -75.916039985075585, 36.370702460150454 ], [ -75.91658960222054, 36.360150605338283 ], [ -75.916039625953218, 36.351544655152814 ], [ -75.905480029746016, 36.329878526276055 ], [ -75.902139056958305, 36.325712395798014 ], [ -75.897423359333629, 36.316824666827749 ], [ -75.889930718757824, 36.309043631718239 ], [ -75.885764655286636, 36.299880027104336 ], [ -75.882972253287065, 36.295707203841438 ], [ -75.875739103866877, 36.287101321377797 ], [ -75.871573102568107, 36.284042668241163 ], [ -75.868520507904663, 36.280151256462872 ], [ -75.86353085097825, 36.270707103391814 ], [ -75.859639674366107, 36.26210102806661 ], [ -75.858525295717754, 36.256821278542098 ], [ -75.856296732131085, 36.252098628594837 ], [ -75.853244356478911, 36.237656618596944 ], [ -75.848254433246765, 36.223206704188257 ], [ -75.847415183202259, 36.217927838098014 ], [ -75.836030544275971, 36.195428532216638 ], [ -75.832963738348909, 36.186265828919694 ], [ -75.831024216491173, 36.175988867489259 ], [ -75.827697787499503, 36.16682568434409 ], [ -75.820189608163275, 36.15487124978884 ], [ -75.814344503347243, 36.142931917723452 ], [ -75.7960170466813, 36.118213038395098 ], [ -75.794903059429913, 36.112933355584715 ], [ -75.794901998310095, 36.103213503888355 ], [ -75.793788307877648, 36.097933756575884 ], [ -75.787684905217645, 36.089595210974686 ], [ -75.783517801567882, 36.080440541511621 ], [ -75.782953528147686, 36.07404681109157 ], [ -75.783791954601995, 36.07127004482696 ], [ -75.785181320242103, 36.070155975530483 ], [ -75.791010294958113, 36.069323951594185 ], [ -75.796290190049547, 36.070995052967163 ], [ -75.809062483119916, 36.078494052408864 ], [ -75.817974423883641, 36.085428634120746 ], [ -75.843244649749579, 36.101266576069904 ], [ -75.851302007002033, 36.10849173739868 ], [ -75.857406559683909, 36.116822278888733 ], [ -75.861572787182126, 36.125985874674868 ], [ -75.861573427376527, 36.130983187174969 ], [ -75.86325199722701, 36.134041583700132 ], [ -75.862961497669176, 36.140435501143436 ], [ -75.859635717511594, 36.153763617058473 ], [ -75.859071635793711, 36.160706605826689 ], [ -75.86130016718198, 36.169602772944501 ], [ -75.870471005668236, 36.182099117050988 ], [ -75.874637715937823, 36.18570825191221 ], [ -75.877689109240137, 36.189873041433735 ], [ -75.898259756556939, 36.208206379970058 ], [ -75.90352429281711, 36.211266334815207 ], [ -75.906302515308781, 36.215431193647923 ], [ -75.910468050133787, 36.219040495931047 ], [ -75.913535389169553, 36.223205309693491 ], [ -75.91408430683363, 36.227645762475703 ], [ -75.906302877234623, 36.234322094654708 ], [ -75.906867432038268, 36.238761848227966 ], [ -75.911033584168337, 36.242378954389217 ], [ -75.926308182181515, 36.246261128505019 ], [ -75.931587761199381, 36.249320569828974 ], [ -75.943246249243231, 36.254043682999431 ], [ -75.946297737624946, 36.258208803480343 ], [ -75.944085417451802, 36.264601538666476 ], [ -75.93769181478298, 36.274596633386913 ], [ -75.936578611774664, 36.282927375067366 ], [ -75.937967396950299, 36.287375478618983 ], [ -75.942133253918485, 36.290991704521645 ], [ -75.956308927986683, 36.295988814177896 ], [ -75.96020011466068, 36.300154344843399 ], [ -75.965480946177905, 36.308485300378017 ], [ -75.970485716052238, 36.312094289943886 ], [ -75.977138232828167, 36.312925490305929 ], [ -75.989635832486371, 36.312649962323725 ], [ -75.996304393074922, 36.311818918249635 ], [ -75.997693432681217, 36.310147696868206 ], [ -75.994641172045348, 36.302373962081099 ], [ -75.989926300171518, 36.298765052509609 ], [ -75.974361551635042, 36.292097226886952 ], [ -75.966045102390993, 36.285429171500873 ], [ -75.958536183343568, 36.277372833507293 ], [ -75.957422681898976, 36.273765163798323 ], [ -75.958811651366418, 36.26848546302746 ], [ -75.961863130142106, 36.262656563958743 ], [ -75.962701701068468, 36.256544794753822 ], [ -75.960763966701776, 36.246261517453426 ], [ -75.962152168416324, 36.240149503982494 ], [ -75.961038270983764, 36.235152525350074 ], [ -75.949075166412896, 36.230705271733001 ], [ -75.946587317199501, 36.227370971398962 ], [ -75.946022272362995, 36.218757506322383 ], [ -75.947410457404217, 36.209045402990753 ], [ -75.950478110245967, 36.204872208845046 ], [ -75.96076313644906, 36.202651729774104 ], [ -75.956031717372682, 36.196257714110509 ], [ -75.952980990922413, 36.194037361401435 ], [ -75.940742241377095, 36.188758008433112 ], [ -75.932410639799201, 36.181540983635557 ], [ -75.930746415229621, 36.179039218764473 ], [ -75.924077532613538, 36.174042013791599 ], [ -75.907979522160318, 36.167373627357179 ], [ -75.904911997472183, 36.163208058472918 ], [ -75.910756183255515, 36.161537401995396 ], [ -75.927968951813668, 36.165703020872066 ], [ -75.935461526515795, 36.167372788822085 ], [ -75.949073471101698, 36.168761112172888 ], [ -75.989633592025129, 36.177100333416135 ], [ -76.00492363652647, 36.180982567663797 ], [ -76.011318315767511, 36.183485464885948 ], [ -76.031032816361872, 36.196813984402972 ], [ -76.036862228533138, 36.205153408226337 ], [ -76.043256629724041, 36.220983966019361 ], [ -76.04714767913994, 36.225424117920774 ], [ -76.062148590864652, 36.234038229074208 ], [ -76.081878628930284, 36.238203161201746 ], [ -76.092148655384477, 36.244596167119759 ], [ -76.098816664137658, 36.251546657937929 ], [ -76.106599028033813, 36.262930111027778 ], [ -76.125200145970879, 36.276540550288942 ], [ -76.136875122452665, 36.286541808630453 ], [ -76.142154650207061, 36.289876284957622 ], [ -76.157994062890054, 36.290150386969032 ], [ -76.165210653953636, 36.292378016310842 ], [ -76.176595266620737, 36.298207059183319 ], [ -76.184086893874266, 36.296817834607126 ], [ -76.187429078507108, 36.294872298865954 ], [ -76.194646600743908, 36.294041000776794 ], [ -76.197699427782467, 36.29598658447533 ], [ -76.198262876713059, 36.299037903477071 ], [ -76.194372908501975, 36.303203888904342 ], [ -76.184652010885117, 36.30598043230497 ], [ -76.179936490613784, 36.310146534776045 ], [ -76.180486375067858, 36.312923098480987 ], [ -76.181874900709786, 36.314594939105611 ], [ -76.18936757597686, 36.319042280296202 ], [ -76.195197027993871, 36.320148094451447 ], [ -76.201605287996458, 36.319316964948989 ], [ -76.20661061952535, 36.316821939193979 ], [ -76.213553302611274, 36.307095102106025 ], [ -76.221320604847705, 36.298763427473894 ], [ -76.224097419088409, 36.293765653592516 ], [ -76.221885278906697, 36.289044144010283 ], [ -76.207158813981764, 36.282650599038192 ], [ -76.183263099414731, 36.269315286318609 ], [ -76.164097140391704, 36.262654379616791 ], [ -76.149386722193768, 36.259595024005577 ], [ -76.144106818908085, 36.256543369179674 ], [ -76.136324679514033, 36.244314303351246 ], [ -76.135485322015853, 36.239317063868263 ], [ -76.131594367146604, 36.229872240624893 ], [ -76.128252622606269, 36.225706451797627 ], [ -76.120194299653321, 36.217923794826348 ], [ -76.108261900373307, 36.208486206005091 ], [ -76.097991283935968, 36.202093706322508 ], [ -76.08743260554148, 36.197095843776289 ], [ -76.084090404601866, 36.192923402679426 ], [ -76.082716415037666, 36.189039416770143 ], [ -76.083816136079733, 36.182929033057988 ], [ -76.082426313123406, 36.179319588470214 ], [ -76.079100280676812, 36.176259801701434 ], [ -76.06214678725739, 36.167928838876037 ], [ -76.05798147321768, 36.164312853783997 ], [ -76.056027045400015, 36.159872139307602 ], [ -76.062695802112401, 36.153478941895571 ], [ -76.078534501383658, 36.145430287104944 ], [ -76.100752411839167, 36.139318928374301 ], [ -76.107146521514665, 36.138487124163895 ], [ -76.11798090654807, 36.140150398608682 ], [ -76.129364941900747, 36.143209628939751 ], [ -76.131592065352024, 36.142095740509106 ], [ -76.131317842158879, 36.140150802998299 ], [ -76.128815970228601, 36.136816275098965 ], [ -76.126861713266649, 36.132094301345269 ], [ -76.127137159248079, 36.128485046212923 ], [ -76.129639160534097, 36.126257302944161 ], [ -76.135773257052691, 36.126814496950864 ], [ -76.151871626113902, 36.125983343923686 ], [ -76.164369557479986, 36.124320315470406 ], [ -76.179369544763929, 36.125151962969611 ], [ -76.185199660470872, 36.128485808977977 ], [ -76.200489876685808, 36.143767422960998 ], [ -76.217427292864244, 36.157652741013933 ], [ -76.220495353656375, 36.161817797706291 ], [ -76.224661284302698, 36.164595292928254 ], [ -76.231039099413607, 36.172376604388425 ], [ -76.242712905347318, 36.183760074346267 ], [ -76.254112055617014, 36.189038908951147 ], [ -76.25966621162938, 36.190702730057296 ], [ -76.268546759113079, 36.19598176052186 ], [ -76.272713576563689, 36.199590805311296 ], [ -76.278832021233555, 36.207929078693041 ], [ -76.282432919523842, 36.210705992548576 ], [ -76.286874019453194, 36.209592768647951 ], [ -76.289100973960814, 36.203206791412114 ], [ -76.287163655064958, 36.192922117409452 ], [ -76.277992896862713, 36.180433191143031 ], [ -76.273827245457497, 36.176817499905297 ], [ -76.251334835108494, 36.161817946976129 ], [ -76.247153865996722, 36.157926840344665 ], [ -76.244651022232361, 36.154593335063808 ], [ -76.242712368804206, 36.150153332321707 ], [ -76.241034207997146, 36.141264918433102 ], [ -76.236868126871713, 36.134879716432017 ], [ -76.230489217511447, 36.127371660127025 ], [ -76.216313560073601, 36.11736965682163 ], [ -76.204655665857686, 36.111541367380575 ], [ -76.198261684454835, 36.109595336516847 ], [ -76.19519365552658, 36.105986853040896 ], [ -76.194645210263374, 36.101821607659765 ], [ -76.202991710523008, 36.097647650090437 ], [ -76.208821286908048, 36.096259784603738 ], [ -76.211048101140349, 36.094596038843164 ], [ -76.216602676534464, 36.093482126380195 ], [ -76.224660622913447, 36.093764537321135 ], [ -76.235479302851431, 36.095153992711609 ], [ -76.255774726646465, 36.106544738146503 ], [ -76.262167831316177, 36.108489587987606 ], [ -76.286049150826415, 36.122374592010502 ], [ -76.295768897215027, 36.122374666351881 ], [ -76.301324040447838, 36.123480867422707 ], [ -76.333825805086505, 36.134878615602986 ], [ -76.370494099476346, 36.150152831622464 ], [ -76.381038088193847, 36.156255941598666 ], [ -76.385219509523637, 36.159872182027456 ], [ -76.389385251523905, 36.165701204209725 ], [ -76.390773281322026, 36.175154062967209 ], [ -76.393001425149777, 36.176259557870736 ], [ -76.394664464304157, 36.173765649130438 ], [ -76.401333313235966, 36.170148596497036 ], [ -76.406613000047855, 36.169874748599874 ], [ -76.417432374572485, 36.17487123838459 ], [ -76.421597573591228, 36.178487557476757 ], [ -76.444105683668994, 36.193761104540229 ], [ -76.452161632818488, 36.200986284335343 ], [ -76.458281884958481, 36.203480707896873 ], [ -76.460219827463746, 36.2032059770088 ], [ -76.460783398258613, 36.199033228949588 ], [ -76.460218893430792, 36.195424629149677 ], [ -76.440763378494935, 36.170431206902776 ], [ -76.43133263926849, 36.164312138831207 ], [ -76.41494481243889, 36.157652523475186 ], [ -76.409939048725761, 36.154318791610557 ], [ -76.394115320236949, 36.13931918131771 ], [ -76.382427064785361, 36.123763040650957 ], [ -76.367427015358132, 36.118483495189906 ], [ -76.345498919370854, 36.115432354181266 ], [ -76.340219801637673, 36.112372826963785 ], [ -76.337717375036561, 36.109046236977214 ], [ -76.33744246895678, 36.106818526989279 ], [ -76.335214115488952, 36.103485187050509 ], [ -76.33161255899698, 36.100707876279181 ], [ -76.324669510136516, 36.100707311673574 ], [ -76.313271577755614, 36.102653360431262 ], [ -76.310479246426823, 36.098488114274339 ], [ -76.313270871285354, 36.094314664080358 ], [ -76.320778635503146, 36.090706049074562 ], [ -76.330224236906076, 36.088485427780533 ], [ -76.359384990969332, 36.080437059433834 ], [ -76.36687628332146, 36.079040357999176 ], [ -76.371042037957793, 36.077102793498653 ], [ -76.38439455758278, 36.076263996500522 ], [ -76.392726059895068, 36.077934484196291 ], [ -76.399943012309734, 36.080711661789849 ], [ -76.405223508295393, 36.083213468069353 ], [ -76.40909945521517, 36.086815118275197 ], [ -76.414668344817642, 36.088760064743191 ], [ -76.418270243810269, 36.085983578469325 ], [ -76.4185444996793, 36.082657395899879 ], [ -76.421046570316747, 36.074600564652719 ], [ -76.426875486870046, 36.070152592522511 ], [ -76.428539476121756, 36.067657621832723 ], [ -76.426051535493357, 36.066544344047159 ], [ -76.414943639485074, 36.066261951709329 ], [ -76.414378220809468, 36.062095638587479 ], [ -76.418269914293376, 36.057930800657637 ], [ -76.422984823572406, 36.054596341483197 ], [ -76.42910346697694, 36.052376988307977 ], [ -76.43354433831702, 36.049042208899394 ], [ -76.458004434557793, 36.036270943017584 ], [ -76.484387094567751, 36.016550049675473 ], [ -76.492428927616487, 36.01098774671491 ], [ -76.497433744025614, 36.00849296357768 ], [ -76.51049574503773, 36.006822084406373 ], [ -76.526060618356794, 36.007378710975445 ], [ -76.538557360260754, 36.009881828422799 ], [ -76.5455001679601, 36.012101166282413 ], [ -76.563278171928729, 36.011270417048259 ], [ -76.584946415315486, 36.012932451023708 ], [ -76.590500454560967, 36.01460363412955 ], [ -76.600221071068248, 36.020149704360321 ], [ -76.605775541959289, 36.027649441420259 ], [ -76.609666011734888, 36.045990058162737 ], [ -76.612992665699963, 36.049880802063861 ], [ -76.616319972197445, 36.052932578793076 ], [ -76.628542344760945, 36.05598445162326 ], [ -76.633836455594107, 36.053481757684658 ], [ -76.633286966980435, 36.04154194508407 ], [ -76.635789292814223, 36.035713843184034 ], [ -76.638841667932297, 36.032097501258022 ], [ -76.642733218674351, 36.030151217201407 ], [ -76.646624350085162, 36.029320607579834 ], [ -76.656328403589669, 36.031265845896343 ], [ -76.667438205068578, 36.036270229915075 ], [ -76.677721886920423, 36.042655592136065 ], [ -76.686054661948106, 36.049880575207631 ], [ -76.689105562110498, 36.054038898346001 ], [ -76.693272121336207, 36.063208911281947 ], [ -76.695500167439079, 36.081267320062466 ], [ -76.693821785423225, 36.092092797718749 ], [ -76.692158749605923, 36.094038667071246 ], [ -76.69215871539663, 36.099593113428796 ], [ -76.696888114686004, 36.106818149849751 ], [ -76.71050049557239, 36.114317595367481 ], [ -76.716329518509568, 36.123205250198701 ], [ -76.720221317438259, 36.134595326733532 ], [ -76.72189890211267, 36.149037494070392 ], [ -76.725225736464907, 36.157369430465671 ], [ -76.725500861657736, 36.162366633873461 ], [ -76.727164196987744, 36.165426029539475 ], [ -76.727453588852768, 36.169598259148799 ], [ -76.723563056132988, 36.187924499155947 ], [ -76.724387877553255, 36.18875568313576 ], [ -76.7229987781067, 36.189869510664082 ], [ -76.720786014262004, 36.202091575968019 ], [ -76.716331502087925, 36.217090534391623 ], [ -76.710791926236425, 36.230976394140086 ], [ -76.708288846906967, 36.23376062595473 ], [ -76.702170412338802, 36.244037522524309 ], [ -76.698279632130692, 36.24820340649147 ], [ -76.692435303643407, 36.253208175996441 ], [ -76.68965831195726, 36.25681679934543 ], [ -76.67883963239143, 36.265155271697139 ], [ -76.6741090147666, 36.272090029941914 ], [ -76.671606940739991, 36.277644225535013 ], [ -76.670507986602914, 36.283763399567505 ], [ -76.674675278299645, 36.293207994055308 ], [ -76.677725841833933, 36.297098883562391 ], [ -76.686058647265554, 36.304591560039512 ], [ -76.704400615487984, 36.315982349364461 ], [ -76.708566090789944, 36.31959853591799 ], [ -76.713295874076138, 36.321818688759286 ], [ -76.715783436877715, 36.319597793501075 ], [ -76.716622150494757, 36.313479623622612 ], [ -76.728555339809944, 36.31792775974688 ], [ -76.730508514810879, 36.316821388027471 ], [ -76.729119336907885, 36.313204946838276 ], [ -76.707450997133776, 36.292651354371579 ], [ -76.700233288027064, 36.28487667515148 ], [ -76.69827984840687, 36.28014731931404 ], [ -76.702170604626133, 36.269313146942878 ], [ -76.705787217518008, 36.264315948063668 ], [ -76.717735554061832, 36.25181906168131 ], [ -76.72606646590188, 36.244312136170286 ], [ -76.74382815514744, 36.230427192791979 ], [ -76.747719947503455, 36.226253662174173 ], [ -76.756340616802447, 36.209873894032917 ], [ -76.758018906985583, 36.198757759360561 ], [ -76.756065627981855, 36.188756312314531 ], [ -76.756065216417142, 36.171819271621949 ], [ -76.759956614141856, 36.153759947313233 ], [ -76.759955649925814, 36.136815712567184 ], [ -76.758841328983777, 36.131818406908316 ], [ -76.75467579817267, 36.122374037497536 ], [ -76.740775069243, 36.104322870104838 ], [ -76.734945512566426, 36.095427318529374 ], [ -76.733831422210471, 36.085425702137357 ], [ -76.73439516956536, 36.074873793855545 ], [ -76.730504194023851, 36.061538483086551 ], [ -76.720783655886109, 36.044875401666147 ], [ -76.709110170779795, 36.034881672662657 ], [ -76.704944775190441, 36.022927004241524 ], [ -76.704394858523202, 36.00793471612895 ], [ -76.701892358688269, 36.004600498288646 ], [ -76.689105654308733, 36.005714597758093 ], [ -76.684389843514595, 36.004043598397701 ], [ -76.68413837312751, 36.00016144610246 ], [ -76.684099975216412, 35.999596670602706 ], [ -76.687441156084404, 35.994873664137835 ], [ -76.695208379659121, 35.986542666592158 ], [ -76.712726033415976, 35.972374358913306 ], [ -76.720508234816506, 35.964318377199916 ], [ -76.721606167465296, 35.958206570465748 ], [ -76.72438384679279, 35.952378515510347 ], [ -76.731052118199912, 35.942376316173302 ], [ -76.730227653453269, 35.939591286853975 ], [ -76.728960544776939, 35.939606654962944 ], [ -76.727725863593463, 35.939041546405903 ], [ -76.716326240963454, 35.94237553067174 ], [ -76.709672863725913, 35.943207359923768 ], [ -76.696046403424489, 35.941818751613887 ], [ -76.677155359260468, 35.935151008578529 ], [ -76.668824885208892, 35.933488624246593 ], [ -76.654937870875557, 35.932930798796349 ], [ -76.628829402043536, 35.935426186460298 ], [ -76.603545103475099, 35.939317695631601 ], [ -76.597167130325786, 35.940988035750415 ], [ -76.577161745919099, 35.94043108596405 ], [ -76.570508965219958, 35.939042622841924 ], [ -76.560774305920134, 35.939317424648493 ], [ -76.559935054560412, 35.938486385521593 ], [ -76.546888210274986, 35.941263403795745 ], [ -76.54104406192468, 35.943766223211561 ], [ -76.535214479021562, 35.9445975183991 ], [ -76.523556435939867, 35.947932111306933 ], [ -76.477993329197801, 35.961824869312402 ], [ -76.461879787244527, 35.968485040813626 ], [ -76.427988504680656, 35.977647752565957 ], [ -76.422708761667664, 35.977930585656736 ], [ -76.41160001376528, 35.980149884983007 ], [ -76.404382189217557, 35.979875897074436 ], [ -76.393823443126763, 35.977099059905413 ], [ -76.387720041010638, 35.973764350840618 ], [ -76.383828629878195, 35.970987103918397 ], [ -76.380485879054476, 35.966822167767774 ], [ -76.378532990317979, 35.962099068177658 ], [ -76.37770926479007, 35.957102780380268 ], [ -76.381324829179576, 35.945154846541293 ], [ -76.386604673300127, 35.933489698084962 ], [ -76.383827039060975, 35.931543758942674 ], [ -76.378822014085358, 35.930712449220437 ], [ -76.375205261143478, 35.931269671110499 ], [ -76.369925952296441, 35.933764694422251 ], [ -76.356314421183001, 35.943484025341547 ], [ -76.345496709966781, 35.944041366507861 ], [ -76.341330348663533, 35.942652131746264 ], [ -76.342154655430036, 35.943483740035234 ], [ -76.333548707405171, 35.939593677769324 ], [ -76.315206094051518, 35.929599026378462 ], [ -76.314931201302215, 35.930155178994887 ], [ -76.303823356138921, 35.925989673372953 ], [ -76.278828260930865, 35.91932195870907 ], [ -76.267153898014499, 35.919047720452696 ], [ -76.262988892720955, 35.921267345459249 ], [ -76.261875223891522, 35.925158380598617 ], [ -76.264377051141921, 35.931269803206774 ], [ -76.269383372644327, 35.93154393059497 ], [ -76.271885205462226, 35.93265835249489 ], [ -76.286045916965222, 35.934878285895302 ], [ -76.30382272350208, 35.942095324787779 ], [ -76.306875132397977, 35.944040465509538 ], [ -76.308263750723782, 35.947931751303663 ], [ -76.307988962997342, 35.95126550047803 ], [ -76.304922683936411, 35.956262683357672 ], [ -76.296606304159113, 35.962374662592303 ], [ -76.291326512320651, 35.964877116036625 ], [ -76.28188174605161, 35.967097164130941 ], [ -76.276876807825403, 35.969599653872514 ], [ -76.270497442308667, 35.970430146163856 ], [ -76.246311641470058, 35.976542169964738 ], [ -76.229099110093486, 35.980981548279516 ], [ -76.216311711000827, 35.982370173221476 ], [ -76.202151477464625, 35.985985759151241 ], [ -76.195192970863943, 35.987931041090327 ], [ -76.190476948374041, 35.991265374969672 ], [ -76.187974529138657, 35.991540110975812 ], [ -76.18048236402592, 35.994873293286147 ], [ -76.16825986013319, 35.997376157686759 ], [ -76.155761158001027, 35.99598705868997 ], [ -76.142425084398596, 35.989875766459363 ], [ -76.131589827669998, 35.989043729263614 ], [ -76.126036339101844, 35.989318657269962 ], [ -76.097148639279894, 35.99459753002494 ], [ -76.083811902082672, 35.994596812939314 ], [ -76.070491194629511, 35.992094551474082 ], [ -76.056024364370742, 35.985426419370611 ], [ -76.045480015892679, 35.979314849692649 ], [ -76.041589120877575, 35.975424151886983 ], [ -76.032966330503854, 35.969595687629159 ], [ -76.025199852833666, 35.962927153209094 ], [ -76.023260732940585, 35.958486711789526 ], [ -76.024650005063265, 35.954320937251381 ], [ -76.031028055890445, 35.951544617650562 ], [ -76.043251120914974, 35.953482531383486 ], [ -76.045478680357917, 35.954596585662649 ], [ -76.048257170857056, 35.954321701183567 ], [ -76.050743275906882, 35.955710171406388 ], [ -76.056588662134601, 35.956260287704801 ], [ -76.063257239623198, 35.955428669949818 ], [ -76.065195043617194, 35.954322286866272 ], [ -76.069101097364566, 35.94820340586719 ], [ -76.06881046441832, 35.940429685318186 ], [ -76.067147696930405, 35.936538230055476 ], [ -76.06659736121442, 35.927932730594137 ], [ -76.069100786093756, 35.924872749252884 ], [ -76.071312690054896, 35.919044573443493 ], [ -76.069099864271166, 35.917374116547805 ], [ -76.065193892575863, 35.915703294169028 ], [ -76.058799840781631, 35.91654234373614 ], [ -76.047416949155405, 35.921264175092368 ], [ -76.044090642200544, 35.92404109295822 ], [ -76.030753835531485, 35.930434501960775 ], [ -76.023535598168067, 35.930434126049462 ], [ -76.019368940999257, 35.926817980502825 ], [ -76.023535472346708, 35.919043736034077 ], [ -76.035467881380669, 35.906814613187706 ], [ -76.042136541434289, 35.89765145469989 ], [ -76.047415704826065, 35.888764028083941 ], [ -76.051855894701447, 35.875153227111419 ], [ -76.053519911275217, 35.872650389118476 ], [ -76.057975852154797, 35.869874089574786 ], [ -76.061851508109868, 35.868760065296797 ], [ -76.079095198349478, 35.867371306181809 ], [ -76.081871146965298, 35.863771035925005 ], [ -76.081321701700475, 35.860711265028911 ], [ -76.076042562147492, 35.857659693492757 ], [ -76.068259967597868, 35.85460069255079 ], [ -76.063254016032047, 35.851266147640764 ], [ -76.05991314300519, 35.847100811384067 ], [ -76.057974259582593, 35.842652437057218 ], [ -76.059363302468213, 35.835153590471712 ], [ -76.058798989692463, 35.826547013594869 ], [ -76.054906907579209, 35.817376837560232 ], [ -76.053243577626603, 35.807932092761888 ], [ -76.05269347231075, 35.793772026440678 ], [ -76.053243218313284, 35.783213459006454 ], [ -76.058247414090303, 35.776545282991471 ], [ -76.064641832364018, 35.775713943305441 ], [ -76.079367807104219, 35.78098555725861 ], [ -76.089926269238006, 35.783769956741772 ], [ -76.094641778107075, 35.786272864370964 ], [ -76.100746338263079, 35.794321318021282 ], [ -76.103522663918511, 35.796549878178133 ], [ -76.10936801782556, 35.798213411378583 ], [ -76.112968516180473, 35.797655400384144 ], [ -76.115471919951815, 35.795436324827165 ], [ -76.117699015394578, 35.790156074297307 ], [ -76.116295240505394, 35.783770428562946 ], [ -76.113807704905483, 35.780986303532686 ], [ -76.109367892729054, 35.778766182025095 ], [ -76.094916737066853, 35.774326022797389 ], [ -76.079092427701113, 35.765993983954068 ], [ -76.069646662204221, 35.7626602993437 ], [ -76.059636915493996, 35.760714644057806 ], [ -76.054906337457993, 35.759601032939763 ], [ -76.044911279216635, 35.754328946196296 ], [ -76.041309899768521, 35.749324062426332 ], [ -76.041019843845788, 35.739878625433619 ], [ -76.042407692189173, 35.735430648524016 ], [ -76.047687851601225, 35.727374197337603 ], [ -76.052966652257055, 35.721263705953213 ], [ -76.055195040042463, 35.714878104854861 ], [ -76.055193890984668, 35.709324385990705 ], [ -76.052966688462632, 35.705990043897124 ], [ -76.04686221115611, 35.70321294450904 ], [ -76.042971836353502, 35.703213115307697 ], [ -76.037416340081805, 35.699322519840244 ], [ -76.036576890775265, 35.694043138702639 ], [ -76.037416458052149, 35.687931792464106 ], [ -76.038531055917431, 35.685429187305594 ], [ -76.041857598769028, 35.682660559003757 ], [ -76.050188703795399, 35.681546692625894 ], [ -76.0612974657206, 35.684598029032919 ], [ -76.075473633132162, 35.684598308571964 ], [ -76.089634603228163, 35.686817881484288 ], [ -76.096592097220679, 35.686818235115204 ], [ -76.107136840532775, 35.68959528662036 ], [ -76.113530055291292, 35.692380600198717 ], [ -76.119634255618038, 35.697102336188237 ], [ -76.12796651647777, 35.700993723619291 ], [ -76.133536423299333, 35.700711281848591 ], [ -76.13686298409813, 35.697934771854683 ], [ -76.137427273693405, 35.696545780737132 ], [ -76.136313874458395, 35.6971030078954 ], [ -76.138251190929182, 35.695989573368784 ], [ -76.137976348256217, 35.694600652816575 ], [ -76.1390909780214, 35.691266745049496 ], [ -76.137151564520323, 35.686544107811578 ], [ -76.134649001638209, 35.68349247761094 ], [ -76.119634400542353, 35.674604348383362 ], [ -76.105473211432908, 35.661825133117112 ], [ -76.100192426714941, 35.659323098672765 ], [ -76.09297574383227, 35.657377809880209 ], [ -76.081592363077462, 35.657102788626553 ], [ -76.075748095264757, 35.658765851877725 ], [ -76.064639294735883, 35.664045183076375 ], [ -76.05879383337664, 35.665708485387448 ], [ -76.05241640582976, 35.666547816258749 ], [ -76.047974952476139, 35.666265386130924 ], [ -76.046297582398196, 35.665990310453623 ], [ -76.04658709835789, 35.66515845340151 ], [ -76.043520210304976, 35.664045505057949 ], [ -76.040467544564109, 35.659879945969237 ], [ -76.039353502385424, 35.654600259458846 ], [ -76.037690492267387, 35.652097875703831 ], [ -76.0349134665327, 35.650159637300348 ], [ -76.030472072596154, 35.649885525166233 ], [ -76.02407946817398, 35.658490690185971 ], [ -76.02018851468506, 35.668217699766231 ], [ -76.017976126868206, 35.678212350260225 ], [ -76.014923557720053, 35.684041251050843 ], [ -76.008806055733061, 35.69265433448583 ], [ -76.001862421475195, 35.69820780339704 ], [ -75.997681132773735, 35.702938095877712 ], [ -75.994630447820995, 35.707103813594834 ], [ -75.992401560508767, 35.713771129216134 ], [ -75.992967341048796, 35.727931047076709 ], [ -75.994080617238069, 35.733211018999654 ], [ -75.992402532314031, 35.749597802555364 ], [ -75.987139292004997, 35.775987953814443 ], [ -75.986300186597717, 35.789881086661552 ], [ -75.987138529909032, 35.794877563832934 ], [ -75.992128691116008, 35.804322514112307 ], [ -75.995181576621846, 35.813485073323996 ], [ -75.994083222290641, 35.823212220321786 ], [ -75.988528390138811, 35.829041923868346 ], [ -75.983248342368256, 35.837097793205828 ], [ -75.982409504589526, 35.843209320703131 ], [ -75.982409362577258, 35.848763218103173 ], [ -75.986300659918783, 35.857932989409925 ], [ -75.989352575189585, 35.862099377703792 ], [ -75.98880296773487, 35.866264722105818 ], [ -75.98714033647299, 35.868759340794227 ], [ -75.989627084245342, 35.877647618472409 ], [ -75.98852925327995, 35.883766134602254 ], [ -75.984911898690328, 35.886543415471728 ], [ -75.985751352144618, 35.886818053690064 ], [ -75.982409677206618, 35.888206275308981 ], [ -75.97658087326522, 35.893211877535876 ], [ -75.967700044231535, 35.899040546540554 ], [ -75.964082558244016, 35.90264962165989 ], [ -75.947130216716047, 35.91376555240754 ], [ -75.942964222191151, 35.917931149518601 ], [ -75.933792904544362, 35.922379516645556 ], [ -75.930465784264968, 35.921822606641669 ], [ -75.927964192144316, 35.9184887878247 ], [ -75.919906311632715, 35.915986646066074 ], [ -75.916289601172309, 35.913209266212036 ], [ -75.90713369200283, 35.901262955533561 ], [ -75.902418803956181, 35.891269062504719 ], [ -75.899366886760419, 35.887103350673435 ], [ -75.891584016768704, 35.884043947108744 ], [ -75.884915369517913, 35.882656153482237 ], [ -75.874630577023723, 35.876545341602366 ], [ -75.871288492175594, 35.873486509340026 ], [ -75.86628285951582, 35.872654925168128 ], [ -75.864070235714479, 35.873486192254681 ], [ -75.861018759747992, 35.875713644728329 ], [ -75.857401554641484, 35.883496174651796 ], [ -75.858790677603267, 35.887104681367511 ], [ -75.865458620795124, 35.89210098858652 ], [ -75.870738422230858, 35.893771916790733 ], [ -75.884640314880698, 35.900157528365206 ], [ -75.892132970880354, 35.912371248997161 ], [ -75.895749482081243, 35.916826744555294 ], [ -75.901854762207279, 35.922098048043573 ], [ -75.90408222081048, 35.926820759907081 ], [ -75.904356578804183, 35.93098601952331 ], [ -75.90185354966404, 35.933488999157717 ], [ -75.898527839686238, 35.933488657494649 ], [ -75.888806858672567, 35.93071197409396 ], [ -75.876293936229587, 35.923213381789338 ], [ -75.871853539989132, 35.922930673741888 ], [ -75.858516332021409, 35.9237710012737 ], [ -75.837686726711908, 35.922100847468499 ], [ -75.833245585845759, 35.923214247696571 ], [ -75.827691538974534, 35.926548915406855 ], [ -75.825738415799691, 35.926823767128923 ], [ -75.824639614476126, 35.930714824550577 ], [ -75.825188948663552, 35.931545903027946 ], [ -75.83269705070802, 35.935985870022513 ], [ -75.836298022199486, 35.937374820673782 ], [ -75.851299028232901, 35.940433021395677 ], [ -75.85906632101748, 35.941264959775864 ], [ -75.862957293439536, 35.942927721350664 ], [ -75.855464854351226, 35.954043581445923 ], [ -75.853511127479123, 35.960712046800118 ], [ -75.854351407334406, 35.971263015489583 ], [ -75.853236434624762, 35.97515357386343 ], [ -75.847682179717722, 35.975710272324626 ], [ -75.829920020377273, 35.968486416579239 ], [ -75.818795282650399, 35.961826000101048 ], [ -75.812401994536089, 35.954327453824099 ], [ -75.811286847949802, 35.944042886111234 ], [ -75.809059644534543, 35.940152424172702 ], [ -75.805183172135145, 35.93654423236184 ], [ -75.791297405506143, 35.927381736998178 ], [ -75.782950371665848, 35.919882791348449 ], [ -75.767689893580936, 35.894325314270247 ], [ -75.758518874800231, 35.887382422790651 ], [ -75.750461767932265, 35.880158192114706 ], [ -75.747120241948352, 35.875992916428615 ], [ -75.745166239011425, 35.871270168199786 ], [ -75.744617418774368, 35.854882885980679 ], [ -75.741565195647567, 35.8451634203401 ], [ -75.738512699396892, 35.840998334689516 ], [ -75.737674129606532, 35.84099826976405 ], [ -75.732394574072103, 35.835436563777051 ], [ -75.723238685627209, 35.823222027072042 ], [ -75.719896178476318, 35.814609088906479 ], [ -75.719346555875902, 35.810443786761418 ], [ -75.722398767866764, 35.79822109023511 ], [ -75.72462632820617, 35.793780847774357 ], [ -75.734896615781423, 35.77904945611084 ], [ -75.739336947001277, 35.768223179636152 ], [ -75.738512741880569, 35.759609053345123 ], [ -75.732393618958739, 35.751278908824702 ], [ -75.724626489487264, 35.743222069071805 ], [ -75.721009172835309, 35.735441069705566 ], [ -75.720169402177959, 35.730161470814615 ], [ -75.720733888363355, 35.712110043012352 ], [ -75.720168717823896, 35.695165824437375 ], [ -75.720734429647038, 35.690442965861457 ], [ -75.722397717715623, 35.68794072404102 ], [ -75.728501468385076, 35.685720155524621 ], [ -75.731842566404524, 35.686277033810704 ], [ -75.737947119147393, 35.689054142157445 ], [ -75.742112353809674, 35.692662106138862 ], [ -75.746279100389899, 35.698498843553779 ], [ -75.759631210056924, 35.703495732929937 ], [ -75.768512646152104, 35.700443949594096 ], [ -75.771014941696635, 35.69738403570318 ], [ -75.774905830771843, 35.689052937586176 ], [ -75.774905319747333, 35.684048477625183 ], [ -75.772677181495951, 35.679333402261392 ], [ -75.769075871652348, 35.674335848977805 ], [ -75.759905082249944, 35.66766825431958 ], [ -75.756578444475196, 35.66349557283506 ], [ -75.755464885754165, 35.659604711896854 ], [ -75.747117816987654, 35.652387161328946 ], [ -75.744340362376192, 35.648222263578049 ], [ -75.740722661402756, 35.64517038037647 ], [ -75.735732863920717, 35.636557546910971 ], [ -75.73600774526976, 35.627386863522865 ], [ -75.739608654159241, 35.61905518270143 ], [ -75.742951369506258, 35.614058012431045 ], [ -75.751023284438631, 35.6079473794493 ], [ -75.760743747155018, 35.602393092042895 ], [ -75.772401273406629, 35.599050994697087 ], [ -75.776567227074409, 35.597112525139067 ], [ -75.781297305829781, 35.590444079962552 ], [ -75.781297302274709, 35.58489103475933 ], [ -75.783784479649896, 35.574888822560261 ], [ -75.787126701987347, 35.572111761172764 ], [ -75.792681632803351, 35.569616346086185 ], [ -75.816577391773293, 35.566273915797694 ], [ -75.837955853434636, 35.567113390962966 ], [ -75.840458399434311, 35.570447190586613 ], [ -75.837955621513927, 35.572666877365066 ], [ -75.833241529075238, 35.57378123069892 ], [ -75.819630172958981, 35.580166783954539 ], [ -75.819080290339301, 35.582112899638268 ], [ -75.818240484299977, 35.582112691678894 ], [ -75.818516394515427, 35.58710987318711 ], [ -75.825184649361148, 35.589886252346666 ], [ -75.831303574777749, 35.588215319754717 ], [ -75.841572600911874, 35.583225804891015 ], [ -75.847966699919056, 35.582668515564002 ], [ -75.853795696113622, 35.583225167172571 ], [ -75.859625498794387, 35.584888407023406 ], [ -75.86351611098614, 35.588497525945513 ], [ -75.879616279749811, 35.609606479347541 ], [ -75.879906082740092, 35.613780476337581 ], [ -75.876838634566781, 35.620997296187362 ], [ -75.876564872678159, 35.626550840701029 ], [ -75.880730430985224, 35.630159304461166 ], [ -75.883797793638252, 35.631547786153789 ], [ -75.888237984015717, 35.630991349855762 ], [ -75.891854355031029, 35.628214392206061 ], [ -75.899910065673552, 35.603220846066094 ], [ -75.89936172356515, 35.600168541546715 ], [ -75.892402973066467, 35.583499429719112 ], [ -75.893241333201672, 35.575724772759031 ], [ -75.897682810434148, 35.569613758070297 ], [ -75.915459160824355, 35.55516365323777 ], [ -75.918511098029811, 35.550998831937683 ], [ -75.919625005793861, 35.545445057950111 ], [ -75.92128801809983, 35.542393233945695 ], [ -75.926567989563083, 35.539889849167508 ], [ -75.942391278629074, 35.536830643522116 ], [ -75.954354369916516, 35.529605913005263 ], [ -75.962412331845059, 35.523494099753059 ], [ -75.968516106265866, 35.521830861441615 ], [ -75.975184655882785, 35.521831059486331 ], [ -75.978510372440198, 35.519054156320273 ], [ -75.981577699592876, 35.51322506662008 ], [ -75.980738609173343, 35.510448887315462 ], [ -75.978235484177702, 35.507115103105555 ], [ -75.973795580588884, 35.504612100971052 ], [ -75.968515155516357, 35.504337386916049 ], [ -75.966287593692925, 35.500446466483616 ], [ -75.96769159569169, 35.496273990887076 ], [ -75.969628567631162, 35.493222047573433 ], [ -75.97240549910768, 35.492390590634507 ], [ -75.981577298260987, 35.485996642052186 ], [ -75.992960687405358, 35.4826621259379 ], [ -76.006587800019844, 35.476268834353846 ], [ -76.008525417675358, 35.473216670858967 ], [ -76.004359230807893, 35.469608077324139 ], [ -76.001856445106768, 35.46627453794256 ], [ -76.000742521427171, 35.459056913277593 ], [ -76.004634234932126, 35.454883173694547 ], [ -76.01851979110684, 35.444880751403431 ], [ -76.020472022161357, 35.425166896609454 ], [ -76.025461579108708, 35.417110233524319 ], [ -76.031306902977917, 35.41543859188419 ], [ -76.036845093838707, 35.416552808752698 ], [ -76.039622848529888, 35.419329993180959 ], [ -76.040736952916888, 35.424335185216258 ], [ -76.039074281370105, 35.429049339739947 ], [ -76.040462537709061, 35.433497412740714 ], [ -76.04462817216853, 35.437105941091026 ], [ -76.051571784197748, 35.439326614592332 ], [ -76.061566097186954, 35.437938015869229 ], [ -76.066297189516277, 35.434603122813158 ], [ -76.070752021353869, 35.412378649576347 ], [ -76.075191903744539, 35.399049710452573 ], [ -76.075192003978501, 35.395716739683529 ], [ -76.073254396242177, 35.39100153802007 ], [ -76.069637308775384, 35.388216113328959 ], [ -76.064342830709634, 35.386279354228471 ], [ -76.066295676470801, 35.382663019416341 ], [ -76.069362900121149, 35.380991432228882 ], [ -76.084636525937896, 35.377108136516078 ], [ -76.089352501686264, 35.373773781655224 ], [ -76.100735526830007, 35.37071417469059 ], [ -76.123244086512855, 35.366273282381421 ], [ -76.127118922782955, 35.364327428987025 ], [ -76.131575719827907, 35.361550354183649 ], [ -76.134077702211911, 35.358498764451966 ], [ -76.136305494372607, 35.352105339119966 ], [ -76.136854901853908, 35.347382231678331 ], [ -76.140196009984933, 35.342385667394446 ], [ -76.143248402968496, 35.338769198828672 ], [ -76.148802068614287, 35.33710607100226 ], [ -76.154082148148063, 35.339600879658661 ], [ -76.156295448644357, 35.343491426630514 ], [ -76.161575273539739, 35.346824847509218 ], [ -76.1685178481561, 35.348771174487304 ], [ -76.188233776870945, 35.345711111779003 ], [ -76.211305474642941, 35.343490570221562 ], [ -76.22658085670632, 35.345993094197709 ], [ -76.238803148738668, 35.356268813138612 ], [ -76.246586562622099, 35.367103056837607 ], [ -76.253528485491614, 35.370437266019557 ], [ -76.259922338271906, 35.369605557875317 ], [ -76.262975271413566, 35.364883256244646 ], [ -76.264088966683047, 35.359328677093394 ], [ -76.262975333213333, 35.354331090628591 ], [ -76.266301242999901, 35.349326358280926 ], [ -76.272145494216957, 35.347655753239259 ], [ -76.279638299754012, 35.348494567369357 ], [ -76.286855027460035, 35.350715062500996 ], [ -76.301031804109272, 35.360717106528398 ], [ -76.317420317071182, 35.375159297895095 ], [ -76.319648271430538, 35.379324904712981 ], [ -76.334083823251703, 35.399603479512415 ], [ -76.347695811353248, 35.409598522719961 ], [ -76.354637918038321, 35.41237531305363 ], [ -76.359369000464184, 35.411825621695492 ], [ -76.362695732182615, 35.409048910236081 ], [ -76.364649245768589, 35.400435574096299 ], [ -76.361856736056822, 35.380712975876051 ], [ -76.352426016347394, 35.364050451713155 ], [ -76.350473226330379, 35.359602293305954 ], [ -76.34937322488959, 35.354330333514575 ], [ -76.349373777112973, 35.348768301842753 ], [ -76.35131239697526, 35.342932141709937 ], [ -76.354363781987345, 35.33849239128871 ], [ -76.359078589324085, 35.337378100085949 ], [ -76.368249892754079, 35.33849236588604 ], [ -76.37241582211729, 35.342100557651335 ], [ -76.374353271207482, 35.346822989985647 ], [ -76.374644078783319, 35.351827927968749 ], [ -76.377694837022318, 35.355993934956786 ], [ -76.384089510759182, 35.35738233138575 ], [ -76.39799097515845, 35.357381957719376 ], [ -76.406031673787567, 35.358213342778264 ], [ -76.412975514085872, 35.360441009236332 ], [ -76.417415452570296, 35.363217946688849 ], [ -76.420482832822245, 35.366827189005896 ], [ -76.419643234199086, 35.370153423505464 ], [ -76.416041823930343, 35.372098848675641 ], [ -76.382700988456847, 35.370436233902709 ], [ -76.377969901993879, 35.371542130089516 ], [ -76.376856383772108, 35.375433816953318 ], [ -76.379633299049658, 35.379598988770304 ], [ -76.393260470743925, 35.389883220635539 ], [ -76.393535046417099, 35.392104261455756 ], [ -76.391871119351606, 35.397383171901126 ], [ -76.386591909547903, 35.408209112133051 ], [ -76.385203055646897, 35.417937533941711 ], [ -76.386043026110855, 35.423773805583011 ], [ -76.388255101654153, 35.433218379898868 ], [ -76.396312002851658, 35.446264752010215 ], [ -76.400477605821692, 35.455435891781498 ], [ -76.402980894990336, 35.458769671629568 ], [ -76.407986028901576, 35.462379023589605 ], [ -76.415477570558977, 35.463491999550293 ], [ -76.419917901021975, 35.46210338152715 ], [ -76.423809163275322, 35.459326359180828 ], [ -76.426586472014847, 35.455717577437554 ], [ -76.426586518730446, 35.450163759302427 ], [ -76.422421206578846, 35.438207926004395 ], [ -76.423259610741027, 35.43321811931694 ], [ -76.428524192339154, 35.421827580953497 ], [ -76.437146781063362, 35.408209216471377 ], [ -76.443799017418513, 35.403769067710677 ], [ -76.449934339707042, 35.404325635767186 ], [ -76.458540495002509, 35.409048712962218 ], [ -76.464658451909884, 35.409596947854368 ], [ -76.471312283707377, 35.407934807656424 ], [ -76.475752583071994, 35.404600791603066 ], [ -76.477980662815369, 35.400991705128689 ], [ -76.478530340587838, 35.396268482658677 ], [ -76.47659123530039, 35.391546705408771 ], [ -76.468809835344487, 35.385160528491248 ], [ -76.458264696031151, 35.372381702050333 ], [ -76.459089592895026, 35.371824225626888 ], [ -76.464094774345028, 35.372930071433139 ], [ -76.46687236468486, 35.374875835195439 ], [ -76.479094303342706, 35.380155401684377 ], [ -76.492706325651653, 35.383497637379165 ], [ -76.498809832497614, 35.386274489541194 ], [ -76.507996190972037, 35.396550769667755 ], [ -76.52215603269353, 35.404325684929312 ], [ -76.524368605998703, 35.409048529363204 ], [ -76.520767307375351, 35.413771041344923 ], [ -76.506881692815469, 35.419607687383582 ], [ -76.502990864357926, 35.423490929793019 ], [ -76.502440607547683, 35.428495581129425 ], [ -76.506042751054267, 35.43127253236635 ], [ -76.512985127929468, 35.433492411173354 ], [ -76.51742641129411, 35.433492525576987 ], [ -76.518814038051204, 35.434599429535893 ], [ -76.525207925771142, 35.43376791510002 ], [ -76.531876842200617, 35.431547110659935 ], [ -76.536317312814049, 35.431829274585709 ], [ -76.549638540607489, 35.436544708632823 ], [ -76.554917708727217, 35.439596244391439 ], [ -76.557694789092849, 35.44376982295433 ], [ -76.558808508436542, 35.449041324270013 ], [ -76.555482276429458, 35.45404665455991 ], [ -76.552979797863543, 35.456266134604661 ], [ -76.549089071284911, 35.457663131166171 ], [ -76.547700538514022, 35.459325906571728 ], [ -76.545487454121755, 35.463774347749577 ], [ -76.544922900663877, 35.467932167892748 ], [ -76.547990770396495, 35.472097277976708 ], [ -76.555481941672255, 35.479040360790592 ], [ -76.573824611349565, 35.492658291490663 ], [ -76.57937841270207, 35.500165834287472 ], [ -76.579653130700109, 35.502386377936141 ], [ -76.578539468202393, 35.50626889019361 ], [ -76.57437308485018, 35.50821529370775 ], [ -76.571597063318237, 35.508497716785257 ], [ -76.560472590217685, 35.50821490934775 ], [ -76.553820010336878, 35.509603801760086 ], [ -76.540757225760998, 35.509885632390279 ], [ -76.525482857739888, 35.508214890122382 ], [ -76.497695478535775, 35.499045085442546 ], [ -76.492706125006407, 35.497939197338084 ], [ -76.489088928438676, 35.498770239666236 ], [ -76.483808823954718, 35.501272358533207 ], [ -76.468535414677021, 35.521826233264292 ], [ -76.467421672629953, 35.525991509142706 ], [ -76.463270939491522, 35.533499280139075 ], [ -76.463820224020765, 35.537664649974332 ], [ -76.468536318059037, 35.53877122823922 ], [ -76.47436460375387, 35.536550460822646 ], [ -76.478821040726515, 35.533773733910628 ], [ -76.489364131441178, 35.530989373374105 ], [ -76.507706376966169, 35.531270701935497 ], [ -76.515214726442565, 35.532102704015543 ], [ -76.53825650401987, 35.53682486597134 ], [ -76.55270650206819, 35.540997992266007 ], [ -76.579379466489371, 35.55071011701785 ], [ -76.587162924083287, 35.55154978644768 ], [ -76.592426133821292, 35.5512674847037 ], [ -76.604100251922816, 35.54099827640718 ], [ -76.609929158322529, 35.539326915884963 ], [ -76.619099358745999, 35.53265920544618 ], [ -76.622975103342071, 35.528492995854819 ], [ -76.631596322986994, 35.522657131555981 ], [ -76.64354509557495, 35.519322710534077 ], [ -76.639653075048898, 35.516553854506192 ], [ -76.625752442641314, 35.512379875021566 ], [ -76.619373341527037, 35.509603086864828 ], [ -76.615757018137245, 35.506826535441199 ], [ -76.611591327729556, 35.500997026662546 ], [ -76.609652540207904, 35.496267273583989 ], [ -76.607990012400265, 35.487103960697411 ], [ -76.609652991136571, 35.476820547906257 ], [ -76.614932597288018, 35.465162178509736 ], [ -76.615756088893164, 35.45905093784323 ], [ -76.612979607759655, 35.45487840421724 ], [ -76.599931881701878, 35.44820980440926 ], [ -76.594377812746231, 35.441267053535888 ], [ -76.594651934049836, 35.437933509097832 ], [ -76.601045900481196, 35.431547437030076 ], [ -76.603533157104124, 35.42571864814208 ], [ -76.602145083393694, 35.421827847770793 ], [ -76.587435035628459, 35.413214556514603 ], [ -76.58326919081891, 35.409598279360914 ], [ -76.580491795621271, 35.404875412258548 ], [ -76.579377110914649, 35.400435354147326 ], [ -76.581331486669427, 35.397382934798038 ], [ -76.581331158993862, 35.393217620761561 ], [ -76.591325434784792, 35.390158441165376 ], [ -76.605760228474253, 35.390997292372191 ], [ -76.628526828492582, 35.396269886336249 ], [ -76.644931204863184, 35.405158330032236 ], [ -76.648273102597159, 35.408209757454742 ], [ -76.65214869328446, 35.415159525378293 ], [ -76.651324538137388, 35.421270545103127 ], [ -76.647433438920999, 35.425436578589512 ], [ -76.642719089026002, 35.428770189445544 ], [ -76.642719029193685, 35.43432478360296 ], [ -76.646319748631129, 35.437101951136576 ], [ -76.649098044216103, 35.437101439768469 ], [ -76.653827960455246, 35.435713227573956 ], [ -76.671039678555346, 35.425161637136469 ], [ -76.676594694819926, 35.423773865585531 ], [ -76.684925920953631, 35.425161881466366 ], [ -76.698262362841334, 35.43015927910286 ], [ -76.704930287849777, 35.43127363624879 ], [ -76.711873549470468, 35.431273606175907 ], [ -76.723546406503687, 35.42738208894491 ], [ -76.743810982200799, 35.418219502863813 ], [ -76.756048134066006, 35.415710108504157 ], [ -76.762717347937993, 35.415709765029639 ], [ -76.768546276809118, 35.417380771119888 ], [ -76.77355163910255, 35.420714551122863 ], [ -76.787438606760205, 35.43459892366986 ], [ -76.800485825666911, 35.443487510454361 ], [ -76.811045855076131, 35.449323746074285 ], [ -76.824107259611893, 35.454602333696982 ], [ -76.839382449214725, 35.45626602584089 ], [ -76.854108614120491, 35.456547268423314 ], [ -76.868544791294354, 35.457935952091105 ], [ -76.882430227611025, 35.457935512002337 ], [ -76.905228627675626, 35.46043797563825 ], [ -76.919938830761765, 35.463214318374831 ], [ -76.93243726561775, 35.468486443922941 ], [ -76.940494020083449, 35.475711734550465 ], [ -76.943820955344506, 35.479876729226724 ], [ -76.952457571970868, 35.48571407398326 ], [ -76.959675254016872, 35.487933530982978 ], [ -76.979954861700563, 35.487101998921553 ], [ -76.987172916901798, 35.489321974767044 ], [ -76.998556510577686, 35.49487575245179 ], [ -77.001624335545543, 35.49904185414384 ], [ -77.003561566474829, 35.503772325788219 ], [ -77.016075317664829, 35.51460625795697 ], [ -77.027169137505226, 35.520434899426704 ], [ -77.038842605861205, 35.523211913610574 ], [ -77.049112961291272, 35.528765264095505 ], [ -77.050501277721594, 35.530436269781745 ], [ -77.048013926650171, 35.523768983527589 ], [ -77.039116174737543, 35.510715076722811 ], [ -77.033836720658584, 35.507663153967371 ], [ -77.031898586653028, 35.502940229794007 ], [ -77.029122188706779, 35.499598543275624 ], [ -77.026618775569318, 35.492099087813386 ], [ -77.018836405162673, 35.482096737251226 ], [ -77.011894002198474, 35.480151393077925 ], [ -77.004675622186767, 35.480151239359429 ], [ -76.998282215806313, 35.478762709073891 ], [ -76.992162665089907, 35.476260762325396 ], [ -76.98273210746332, 35.469317192082201 ], [ -76.979665628673047, 35.465159504675533 ], [ -76.977727096642198, 35.455157570501058 ], [ -76.978551175054434, 35.449038273529759 ], [ -76.981893203661045, 35.438487742027604 ], [ -76.976886944938258, 35.43737267250058 ], [ -76.972172655873749, 35.438487242853441 ], [ -76.962177656712086, 35.443484866136451 ], [ -76.951068904481502, 35.447650357716263 ], [ -76.932985780306268, 35.449595809180572 ], [ -76.922989767374148, 35.445705827078548 ], [ -76.912720763509242, 35.439319840136356 ], [ -76.901337000217723, 35.433490891884638 ], [ -76.888564693399402, 35.429600751801829 ], [ -76.880217573528412, 35.427937025939599 ], [ -76.867429959888696, 35.427380232962314 ], [ -76.859387466561643, 35.425991741068032 ], [ -76.842724306534336, 35.4204381638218 ], [ -76.837444121520107, 35.417379476737544 ], [ -76.833277330955625, 35.408765365704042 ], [ -76.832987182820887, 35.40376822955961 ], [ -76.834101432535533, 35.397108662964428 ], [ -76.832163383080001, 35.392385304251853 ], [ -76.724934306622075, 35.372383621639322 ], [ -76.714373843043887, 35.36655429689057 ], [ -76.700488642795065, 35.352661700318848 ], [ -76.694369261834183, 35.349884135423615 ], [ -76.672426279723496, 35.344878868502732 ], [ -76.649644465520495, 35.342384409813036 ], [ -76.62909149149489, 35.338767977818726 ], [ -76.594376921161654, 35.329886255955891 ], [ -76.561036456367646, 35.318769980009307 ], [ -76.555207675875778, 35.316267271155432 ], [ -76.544922094684566, 35.309881837407374 ], [ -76.534928027030347, 35.305715961764584 ], [ -76.527435587841509, 35.303487466106446 ], [ -76.520768015081046, 35.305158941985361 ], [ -76.518813897746355, 35.306821174717641 ], [ -76.503539881568088, 35.310711857549364 ], [ -76.494095147039019, 35.307378258893699 ], [ -76.492416523129179, 35.304875471704477 ], [ -76.488814335366513, 35.287938274377368 ], [ -76.480757788959622, 35.280155933218126 ], [ -76.47158748066083, 35.275990721365744 ], [ -76.468535092855802, 35.271825743384646 ], [ -76.470487748386489, 35.266552784732674 ], [ -76.476867050395171, 35.256825166766419 ], [ -76.479644352577779, 35.250996958328592 ], [ -76.481597338517275, 35.24432056989049 ], [ -76.482420468464824, 35.232655436092827 ], [ -76.484374180484181, 35.227375682488834 ], [ -76.48770036628207, 35.22237891704043 ], [ -76.494095058246728, 35.221539330512378 ], [ -76.501053189516426, 35.223767347019276 ], [ -76.513275463514589, 35.229878901805307 ], [ -76.52604765368271, 35.233769615053056 ], [ -76.550476319562989, 35.238767554313277 ], [ -76.557693364396201, 35.238210630738536 ], [ -76.56130991466658, 35.236822793432928 ], [ -76.563263542993326, 35.233770621128983 ], [ -76.562699485687773, 35.230711335397409 ], [ -76.5585325314062, 35.227102749852946 ], [ -76.542419648680237, 35.220151915010796 ], [ -76.527984349591364, 35.215993024082138 ], [ -76.522704829208706, 35.212659412803092 ], [ -76.521041781480378, 35.207378739689041 ], [ -76.522155460344308, 35.204044665094422 ], [ -76.526595751356254, 35.200993524481639 ], [ -76.527984089386948, 35.199040351223509 ], [ -76.540207392923207, 35.196546344727629 ], [ -76.54325855965638, 35.19737707005757 ], [ -76.551315926359607, 35.202383249354625 ], [ -76.571884007298053, 35.208769136485934 ], [ -76.57937703408399, 35.210158035797221 ], [ -76.594101951435761, 35.210440331460191 ], [ -76.598267874364296, 35.208495480231697 ], [ -76.600754041843345, 35.205992762005479 ], [ -76.605759324505271, 35.197935578209368 ], [ -76.619370869401564, 35.188208824059032 ], [ -76.625199890921934, 35.186545396627835 ], [ -76.64160290577658, 35.184043167328099 ], [ -76.648271495276035, 35.184043727056455 ], [ -76.660768614936373, 35.178214394435301 ], [ -76.665483453382691, 35.177108452134888 ], [ -76.668809418942317, 35.174330524452358 ], [ -76.671311757310107, 35.169050938518787 ], [ -76.666596781832581, 35.164603322317568 ], [ -76.66104254052442, 35.162932217718875 ], [ -76.653260505759235, 35.162657564946507 ], [ -76.647706303752116, 35.163771286027313 ], [ -76.640763704374109, 35.163771492631156 ], [ -76.633820562920576, 35.161543406747469 ], [ -76.621583562874577, 35.164045861483963 ], [ -76.615479712306666, 35.161267710911424 ], [ -76.60325694153812, 35.150433867148358 ], [ -76.596039485093712, 35.148213217689985 ], [ -76.58133029962967, 35.147382029922888 ], [ -76.575485136297758, 35.149884561280274 ], [ -76.572159914590983, 35.152653558692194 ], [ -76.575210877591431, 35.156819512899212 ], [ -76.584382236758259, 35.163487741012169 ], [ -76.585205323320352, 35.166547033663818 ], [ -76.5843818604544, 35.16905028497613 ], [ -76.580216075271679, 35.170995602691136 ], [ -76.573273162433452, 35.171826969179378 ], [ -76.567154120986018, 35.169049319438543 ], [ -76.562699354059291, 35.165989806496853 ], [ -76.558807622578698, 35.161824163100299 ], [ -76.55409315960955, 35.154598633282895 ], [ -76.551041369334712, 35.144047247178584 ], [ -76.552979101493563, 35.138767830404191 ], [ -76.554092292341679, 35.132099757604784 ], [ -76.560197057549686, 35.121265248842057 ], [ -76.563813323321128, 35.117931601908211 ], [ -76.570206661641492, 35.108768687153052 ], [ -76.577439497276814, 35.101826037651605 ], [ -76.586869563326871, 35.09737753512249 ], [ -76.605759754243721, 35.094874766459355 ], [ -76.610201193452426, 35.091541203978551 ], [ -76.608262119317359, 35.089045959201634 ], [ -76.600206200225102, 35.087375702354848 ], [ -76.595765947570797, 35.085155354527139 ], [ -76.595765897448103, 35.08154674503303 ], [ -76.599641105039808, 35.077380682423048 ], [ -76.607698059002985, 35.071269521778063 ], [ -76.633272044224341, 35.062373428967454 ], [ -76.637712541496242, 35.059047028445846 ], [ -76.649386407735037, 35.046824196562341 ], [ -76.653826999630411, 35.043490555917415 ], [ -76.66466167924348, 35.039324292918735 ], [ -76.684375493611938, 35.037103910803552 ], [ -76.690204592146273, 35.035990000639579 ], [ -76.695194713409634, 35.033494995962741 ], [ -76.701604562041737, 35.027101222870819 ], [ -76.71104918067104, 35.012933316520609 ], [ -76.71938120059616, 35.005433062550075 ], [ -76.734090582087958, 34.997933600472798 ], [ -76.756324245598421, 34.990432986680979 ], [ -76.761055361176744, 34.987930563947494 ], [ -76.777717843488844, 34.982094740176827 ], [ -76.789940905212319, 34.979592325399636 ], [ -76.809930745797061, 34.978760033160967 ], [ -76.818277830699643, 34.980431021411796 ], [ -76.850216645601748, 34.991821260650227 ], [ -76.866879808219181, 35.000160140629063 ], [ -76.896331260389928, 35.019317191574551 ], [ -76.904662964872969, 35.026542508141866 ], [ -76.908553792992052, 35.030983471695166 ], [ -76.932159533031893, 35.047652886540085 ], [ -76.935486395267219, 35.050987295090657 ], [ -76.93826411924438, 35.055709959940508 ], [ -76.939651994743784, 35.060150529250414 ], [ -76.942429221545027, 35.064316528906367 ], [ -76.945770567226376, 35.068489543775136 ], [ -76.950776420140372, 35.071541454286226 ], [ -76.957719016053218, 35.071541140427499 ], [ -76.963564559304402, 35.069877312876514 ], [ -76.976060995624906, 35.068214202093955 ], [ -76.983554305928848, 35.069045947207499 ], [ -76.992724838626188, 35.076545644954365 ], [ -76.995777763183369, 35.08071040852618 ], [ -76.999957701236255, 35.084319771138489 ], [ -77.002736056840959, 35.088484906248638 ], [ -77.010227449972277, 35.096259390165805 ], [ -77.025502336911828, 35.116820880906808 ], [ -77.047170794869572, 35.139877678188647 ], [ -77.058828445858197, 35.149879115984604 ], [ -77.063833347562195, 35.153205792247242 ], [ -77.069952378203268, 35.155708596340943 ], [ -77.076071658636579, 35.156257774027559 ], [ -77.077460146896456, 35.150985375505563 ], [ -77.074683062507617, 35.146820067180229 ], [ -77.070517981502547, 35.143211337494044 ], [ -77.065222242578969, 35.140151979790076 ], [ -77.044942749343619, 35.122092489279893 ], [ -77.038839004206636, 35.1137696009583 ], [ -77.034673688553312, 35.103767127445849 ], [ -77.034399163510159, 35.087653785547438 ], [ -77.03134718146822, 35.083488251371101 ], [ -77.022176362918543, 35.076819658681977 ], [ -77.005786975897905, 35.067931137300135 ], [ -76.993549547049781, 35.056258234034111 ], [ -76.987444758625813, 35.04820959002106 ], [ -76.982439912948436, 35.039321593042381 ], [ -76.964678696359613, 34.99793141769478 ], [ -76.944108403167206, 34.977645617111605 ], [ -76.938828431005618, 34.97459374767373 ], [ -76.934662189524445, 34.970984905878012 ], [ -76.923553104530669, 34.965156380593079 ], [ -76.889662872780605, 34.954040727900043 ], [ -76.858823113234081, 34.947372584091973 ], [ -76.830225912854502, 34.944313516622174 ], [ -76.81437206772155, 34.941818708209169 ], [ -76.793541847095568, 34.936264091021869 ], [ -76.778542468778582, 34.926819327001581 ], [ -76.758826304008707, 34.908204077056531 ], [ -76.752723513345046, 34.905426789038707 ], [ -76.747702908685383, 34.907929150816805 ], [ -76.740484827614637, 34.917100225734337 ], [ -76.736319637969203, 34.920433587824022 ], [ -76.729650462728259, 34.921822539911048 ], [ -76.717153935094572, 34.92292934207277 ], [ -76.711598350295304, 34.924599861772315 ], [ -76.706883306481174, 34.927933187354121 ], [ -76.699941421959522, 34.936814485743547 ], [ -76.699086406191853, 34.942375709793509 ], [ -76.696873766142531, 34.949036105582195 ], [ -76.691868515750713, 34.951546131845134 ], [ -76.676593665078741, 34.949875939330404 ], [ -76.670490392450475, 34.950707420849525 ], [ -76.666599432694184, 34.95487308855526 ], [ -76.665485955438186, 34.960984462377496 ], [ -76.6615940269634, 34.968484503574949 ], [ -76.647159095523122, 34.978203417658221 ], [ -76.636324767621801, 34.982369301938533 ], [ -76.62520138555594, 34.984879639777716 ], [ -76.610201258899593, 34.982652120451462 ], [ -76.604097415645413, 34.979875196797053 ], [ -76.599931478432225, 34.97625878198631 ], [ -76.59799395126349, 34.971818686462392 ], [ -76.598543295980988, 34.961266587499921 ], [ -76.595491408201212, 34.957101640670253 ], [ -76.55158979829433, 34.927933824085414 ], [ -76.54464691945735, 34.925714496496525 ], [ -76.541595488736405, 34.927102540121616 ], [ -76.539092900498019, 34.929597327102158 ], [ -76.536864619098125, 34.934038260865812 ], [ -76.538818197150206, 34.939317164133783 ], [ -76.541030657553776, 34.943208496498151 ], [ -76.561035749082379, 34.959878703148334 ], [ -76.570770196217467, 34.97043014212268 ], [ -76.571320014418532, 34.97625838121688 ], [ -76.569657062937722, 34.981538443037643 ], [ -76.557144673640806, 34.992097061324479 ], [ -76.542144476205266, 35.000436298408545 ], [ -76.537704486388009, 35.003770895833803 ], [ -76.532974481421476, 35.004877107489847 ], [ -76.528823490638146, 35.004601588620091 ], [ -76.522704173414922, 35.002099503025669 ], [ -76.512984580464874, 34.990991848850022 ], [ -76.496596087927614, 34.97625931785641 ], [ -76.491865511997105, 34.972650411356234 ], [ -76.485470551095247, 34.970705387750648 ], [ -76.481595520879694, 34.974595523454269 ], [ -76.480206650343945, 34.979875930217538 ], [ -76.479931743584913, 34.986268515641044 ], [ -76.482145135124441, 34.995706413172719 ], [ -76.487974447574842, 35.004876857265693 ], [ -76.489088126695876, 35.009324607678444 ], [ -76.486585757097444, 35.014879653158054 ], [ -76.47297429265376, 35.032655883795279 ], [ -76.46687036704563, 35.046823742491668 ], [ -76.466305195168317, 35.062930339704188 ], [ -76.46381827641008, 35.06793542060052 ], [ -76.460201745275768, 35.070711893377577 ], [ -76.454097400109461, 35.071544211887797 ], [ -76.448528462467593, 35.069049650154057 ], [ -76.442133822593789, 35.062099189473756 ], [ -76.432703889631725, 35.044878737365586 ], [ -76.431315745138221, 35.040995556148431 ], [ -76.431864686697978, 35.034045165002944 ], [ -76.43769352868847, 35.026819914645252 ], [ -76.439920816746337, 35.022379608193276 ], [ -76.440744565919402, 35.016268817735813 ], [ -76.439357155331436, 35.012377736797397 ], [ -76.428247314586287, 35.00099467583555 ], [ -76.422143565469241, 34.992655920056634 ], [ -76.42102900860138, 34.987658807175372 ], [ -76.421304597961495, 34.982096585367607 ], [ -76.422693229395477, 34.97681729015563 ], [ -76.42519499994097, 34.974321746127409 ], [ -76.431024887739866, 34.972651295791358 ], [ -76.456309075001968, 34.969599410998143 ], [ -76.460765638539414, 34.96626459585287 ], [ -76.464091825156444, 34.961267756099836 ], [ -76.466594724258286, 34.955431173590028 ], [ -76.467983763866798, 34.949319861274176 ], [ -76.464091398027222, 34.939592738095811 ], [ -76.457987690027039, 34.93403895727419 ], [ -76.450754697860901, 34.931826463588294 ], [ -76.445474518131249, 34.932100739987199 ], [ -76.434076093095015, 34.935427786369985 ], [ -76.423806936751504, 34.940989255594438 ], [ -76.410194514811892, 34.95015963937913 ], [ -76.402702795195196, 34.949321597122911 ], [ -76.395759474252273, 34.941539700060325 ], [ -76.387426723247501, 34.940707551600369 ], [ -76.383810964383713, 34.944042086437058 ], [ -76.378241559325758, 34.963489186221139 ], [ -76.375188895600829, 34.968211297282913 ], [ -76.363530727595347, 34.971537860093441 ], [ -76.349918994538513, 34.970989474255134 ], [ -76.333529943533676, 34.967655818453736 ], [ -76.327136970923803, 34.968212243662741 ], [ -76.322146195131253, 34.970707811693465 ], [ -76.321307787316186, 34.976818166937186 ], [ -76.322146408017133, 34.98209817159421 ], [ -76.328250944721162, 34.990437492735808 ], [ -76.332416541034306, 34.994045993221199 ], [ -76.338535901110575, 35.002384566054175 ], [ -76.352697080121956, 35.017932841081922 ], [ -76.352696385741666, 35.023487428342925 ], [ -76.349079779583704, 35.024044042908699 ], [ -76.326861741922698, 35.020154000396246 ], [ -76.311846868376378, 35.015164219575283 ], [ -76.305192716199343, 35.007938685765545 ], [ -76.304353368068703, 35.002941554253965 ], [ -76.299073824852201, 34.989880984713196 ], [ -76.287690453544343, 34.978489764558226 ], [ -76.275466440829192, 34.970151607195234 ], [ -76.270477009595496, 34.964322937234648 ], [ -76.272415375148597, 34.96127021352325 ], [ -76.281311067299043, 34.954601981539085 ], [ -76.286026101093526, 34.947934685236035 ], [ -76.292130539134206, 34.937100138635493 ], [ -76.295747538335732, 34.93376684696198 ], [ -76.298524232906061, 34.932934717375794 ], [ -76.3112964055166, 34.933491282302725 ], [ -76.323259873602041, 34.937931099670543 ], [ -76.329364548513723, 34.939319660928362 ], [ -76.334369794049209, 34.938205696273677 ], [ -76.338244665815878, 34.936268110224127 ], [ -76.342411577185359, 34.931271314468148 ], [ -76.344363753358039, 34.925434632804404 ], [ -76.344913599750882, 34.920711385683163 ], [ -76.343525716878986, 34.916263920264889 ], [ -76.340473319081013, 34.912654600227228 ], [ -76.335193970195036, 34.909595843872061 ], [ -76.331317407043116, 34.905987573025499 ], [ -76.329928998703991, 34.896549112476741 ], [ -76.33270533262575, 34.890713320955179 ], [ -76.335468066448215, 34.88710384473189 ], [ -76.339084306353655, 34.884326804773458 ], [ -76.348530502138161, 34.878490067943801 ], [ -76.369085329459296, 34.868762987689152 ], [ -76.379629758716533, 34.864604160726934 ], [ -76.39102802254294, 34.862102067789479 ], [ -76.392981706994206, 34.864604838918822 ], [ -76.396872611241719, 34.873767362675089 ], [ -76.406028960455913, 34.880434960712435 ], [ -76.409370432157374, 34.875712396486072 ], [ -76.409919527680884, 34.854044920722714 ], [ -76.411033907060073, 34.847933429963021 ], [ -76.416039129080843, 34.837657080051009 ], [ -76.42353144921988, 34.830714243288476 ], [ -76.432961310780954, 34.824877827282947 ], [ -76.446022964143012, 34.814317853871472 ], [ -76.453821610564532, 34.805987298829656 ], [ -76.456872514738919, 34.800990011139689 ], [ -76.461038576192522, 34.796266974452358 ], [ -76.476587256252259, 34.77987929434093 ], [ -76.481028681661712, 34.776544800313175 ], [ -76.494364886797612, 34.775713171350489 ], [ -76.499370876926619, 34.773210894668146 ], [ -76.501598645294038, 34.768762262545273 ], [ -76.501598793423284, 34.763215969747158 ], [ -76.49853125581636, 34.753488414610416 ], [ -76.496592918241518, 34.742380817944138 ], [ -76.49853045984257, 34.736544271739305 ], [ -76.502986497179748, 34.73320963451696 ], [ -76.515758912659464, 34.731538597980965 ], [ -76.562696284275049, 34.728487066373994 ], [ -76.569105359952204, 34.729035745701957 ], [ -76.577147949169955, 34.734323735128513 ], [ -76.579939959570794, 34.739045996874658 ], [ -76.585479812429483, 34.752099287349886 ], [ -76.587707148581813, 34.761826428337045 ], [ -76.586868632983439, 34.765161663354469 ], [ -76.582153099504694, 34.768487439860529 ], [ -76.577148538815564, 34.770707656963481 ], [ -76.573546320566606, 34.773767381105237 ], [ -76.571319151936478, 34.778764595394307 ], [ -76.574935847956169, 34.780984506849798 ], [ -76.581878384551374, 34.782930450599459 ], [ -76.586593503014171, 34.785432740486158 ], [ -76.591324528997816, 34.789322877079002 ], [ -76.594650699164532, 34.792657169578952 ], [ -76.602708217848857, 34.811264951655737 ], [ -76.605760137124207, 34.815431242235924 ], [ -76.609651327648919, 34.816827223959159 ], [ -76.615480345579442, 34.816544385644455 ], [ -76.617418110069465, 34.814042950031094 ], [ -76.618531306847672, 34.81015137566483 ], [ -76.618805923477737, 34.806817472457332 ], [ -76.614366415264016, 34.776261352344896 ], [ -76.61465497640495, 34.764321822788716 ], [ -76.615479833078084, 34.753487868497295 ], [ -76.619644541316589, 34.728761744661526 ], [ -76.6196444931022, 34.717653350161285 ], [ -76.621033757922987, 34.712930452929669 ], [ -76.62269747555996, 34.710710652359744 ], [ -76.628815278972667, 34.70987898653518 ], [ -76.645205174220692, 34.712930865480288 ], [ -76.652147940259596, 34.715158797462493 ], [ -76.65631318993205, 34.718758990670374 ], [ -76.659381087360558, 34.722924747806559 ], [ -76.659380620879389, 34.734323012230782 ], [ -76.657702337527127, 34.748490098591347 ], [ -76.657992446131772, 34.752938704325956 ], [ -76.660204438883483, 34.761826243614927 ], [ -76.662432477228563, 34.766549134033852 ], [ -76.671588889460153, 34.778763307699926 ], [ -76.674655361395509, 34.788491222095203 ], [ -76.677432721703909, 34.793487875745974 ], [ -76.679935646311975, 34.797379656693622 ], [ -76.684085763750531, 34.799599123894417 ], [ -76.690205141672493, 34.800156611947244 ], [ -76.696873387304777, 34.794602221314825 ], [ -76.69994071154747, 34.790993681618239 ], [ -76.707432552589168, 34.785988367739598 ], [ -76.712437796201868, 34.784325661326463 ], [ -76.736594008517017, 34.780708396695182 ], [ -76.747427986843888, 34.776817410423945 ], [ -76.761054662748904, 34.765991597466751 ], [ -76.764946354634986, 34.762100617697236 ], [ -76.767433322006198, 34.756821095367101 ], [ -76.766884104196464, 34.752655769937235 ], [ -76.759101100792364, 34.749596408614977 ], [ -76.759101629447215, 34.750161201473119 ], [ -76.752722622816961, 34.750991732872663 ], [ -76.748817399662371, 34.752380488222649 ], [ -76.734656400637775, 34.759323545841497 ], [ -76.729940117294731, 34.760437291711767 ], [ -76.725210817326499, 34.759598882751405 ], [ -76.717153780918267, 34.751549496479655 ], [ -76.715765400736046, 34.747650648793602 ], [ -76.712712680615169, 34.742928345734256 ], [ -76.699651026802002, 34.727097967600471 ], [ -76.699085102582941, 34.72320723422537 ], [ -76.704380316095111, 34.720147159530477 ], [ -76.713552136477674, 34.718484476502844 ], [ -76.71799198947781, 34.71875860339911 ], [ -76.730489436510865, 34.717095788119551 ], [ -76.744376118207654, 34.717095360725963 ], [ -76.758826932115241, 34.72014678887183 ], [ -76.764670515617254, 34.720429553016089 ], [ -76.786323737333745, 34.72625860988844 ], [ -76.825220376989463, 34.734040608025836 ], [ -76.848002819997618, 34.736542628080677 ], [ -76.875210804448656, 34.735710482260586 ], [ -76.899656392092993, 34.731537669191219 ], [ -76.920211149275204, 34.7209863970333 ], [ -76.936051080623571, 34.71654642882266 ], [ -76.96022178622944, 34.711541567041948 ], [ -76.972719240571877, 34.709877965509271 ], [ -76.99632580932753, 34.704042415617856 ], [ -77.018558337035444, 34.696542265635621 ], [ -77.034107936512711, 34.689874226451536 ], [ -77.040501655692793, 34.689043479334465 ], [ -77.05327335703015, 34.689592640856489 ], [ -77.059103149023329, 34.6879295045877 ], [ -77.063283869749128, 34.684595412406949 ], [ -77.074392954827431, 34.67959755449224 ], [ -77.085791511939334, 34.67626412239305 ], [ -77.091895513452954, 34.675432364124788 ], [ -77.095786208644952, 34.67682116050733 ], [ -77.102164264801758, 34.681825328219929 ], [ -77.102454044620529, 34.687372440260283 ], [ -77.096061246477007, 34.696542769047888 ], [ -77.087179480729887, 34.703210830258399 ], [ -77.084403089814245, 34.70681914967458 ], [ -77.085501498208785, 34.710710065608275 ], [ -77.097450187565528, 34.715158065683347 ], [ -77.105507054694385, 34.722924769582683 ], [ -77.112450336471554, 34.736268766137179 ], [ -77.112724420616729, 34.741265619837193 ], [ -77.11078641115256, 34.753487166689787 ], [ -77.112725206156838, 34.755990611690578 ], [ -77.125771627385518, 34.758766901322311 ], [ -77.131890208102789, 34.757660932973714 ], [ -77.135797316116921, 34.747933859035676 ], [ -77.135231808253664, 34.738763262085634 ], [ -77.132165265611505, 34.731263190864908 ], [ -77.128274253279301, 34.726815438460811 ], [ -77.119942972310355, 34.720429736314941 ], [ -77.117729584372924, 34.715707360995403 ], [ -77.116889733216311, 34.710710222489197 ], [ -77.117729360762127, 34.704599230555196 ], [ -77.119667642616292, 34.698487799586793 ], [ -77.122993972785821, 34.693483449832016 ], [ -77.130500945247945, 34.6851521344269 ], [ -77.133842627985942, 34.682375383412086 ], [ -77.136071338944191, 34.68154385758794 ], [ -77.137459172908777, 34.679597895011852 ], [ -77.141625660486085, 34.677652325951179 ], [ -77.148294274454983, 34.677652085743539 ], [ -77.162729978046244, 34.687372032715352 ], [ -77.172449231404357, 34.689318051452851 ], [ -77.17383822418897, 34.685427342297444 ], [ -77.173288874708319, 34.681268319257647 ], [ -77.1699475333685, 34.674875479306117 ], [ -77.168008809207322, 34.663210042948428 ], [ -77.171610639728414, 34.658205389778374 ], [ -77.175227049678711, 34.654871902473921 ], [ -77.185220851999858, 34.64988158790419 ], [ -77.202174620035592, 34.645434508414581 ], [ -77.207453630284661, 34.642382611448674 ], [ -77.214961006604611, 34.636821032392376 ], [ -77.239117183615107, 34.613490522992443 ], [ -77.247174242552418, 34.607379807669744 ], [ -77.252469480639718, 34.601550279075333 ], [ -77.264692483330165, 34.592098348992764 ], [ -77.27273402021153, 34.584599107559825 ], [ -77.286894307887977, 34.575436332321509 ], [ -77.304671673851374, 34.562099617969928 ], [ -77.313842792198173, 34.557659469840203 ], [ -77.326355969890955, 34.555989652025694 ], [ -77.333008241425446, 34.557102820916207 ], [ -77.339128026792906, 34.559879859614909 ], [ -77.343569165132507, 34.567105132428082 ], [ -77.353563750478244, 34.5718280034408 ], [ -77.362184644207815, 34.577656439984885 ], [ -77.37550669621271, 34.581830054219189 ], [ -77.393574786203629, 34.585156722648541 ], [ -77.398029707034823, 34.589597163273794 ], [ -77.397466128470356, 34.592381131540883 ], [ -77.394412864765954, 34.595990595936236 ], [ -77.384128114883779, 34.598766622760358 ], [ -77.377734440023886, 34.599598440550736 ], [ -77.372180539731801, 34.601269822707827 ], [ -77.368014937913827, 34.603490072141739 ], [ -77.364688258956818, 34.606266270021052 ], [ -77.357729336130262, 34.620991353596921 ], [ -77.353853228320204, 34.625156543467675 ], [ -77.344134022221297, 34.631542449151141 ], [ -77.333574487220844, 34.635158244460435 ], [ -77.329683000028894, 34.639881070668558 ], [ -77.329682980586156, 34.642658205119702 ], [ -77.330521169936489, 34.645709998624355 ], [ -77.346910321932825, 34.654597400232866 ], [ -77.353014204107168, 34.662654500262128 ], [ -77.355242523600182, 34.672931411556888 ], [ -77.359117978121006, 34.680155975562585 ], [ -77.373569057885476, 34.695430076176571 ], [ -77.378558936454183, 34.69876438717602 ], [ -77.390247547233358, 34.70876667693927 ], [ -77.389683334308899, 34.713489483839439 ], [ -77.378849182246086, 34.715434669032405 ], [ -77.372729560350848, 34.717928614140533 ], [ -77.369678406740022, 34.722094264991462 ], [ -77.371906042056622, 34.726817340894733 ], [ -77.390248335545664, 34.734598827198639 ], [ -77.395237546979033, 34.735713444783997 ], [ -77.397190478927442, 34.73459925221222 ], [ -77.398853603236489, 34.732097420572067 ], [ -77.403859945443088, 34.729594926751545 ], [ -77.406910689758533, 34.728206173960878 ], [ -77.411077358257288, 34.728205706929842 ], [ -77.421346856985622, 34.734324739284851 ], [ -77.428565150454858, 34.742099597807695 ], [ -77.431632461740563, 34.749881185709874 ], [ -77.434118861468093, 34.752299334399652 ], [ -77.435507930006992, 34.751269387419143 ], [ -77.436071823870336, 34.745708457039576 ], [ -77.424688639029185, 34.717654957649962 ], [ -77.424124352943224, 34.713214520163646 ], [ -77.42412462627739, 34.707660651198609 ], [ -77.427176300263156, 34.689319304352935 ], [ -77.42412367861138, 34.685153991285155 ], [ -77.420797693127327, 34.684597149360386 ], [ -77.414693114982896, 34.687656872414358 ], [ -77.409123688991457, 34.689319113567642 ], [ -77.398305103002144, 34.684322546437528 ], [ -77.390522112609872, 34.672931107955669 ], [ -77.381901121463187, 34.652378032120318 ], [ -77.37523290863345, 34.643215204912217 ], [ -77.373569338091315, 34.636821993166834 ], [ -77.373568807988775, 34.631825297564518 ], [ -77.381900011097457, 34.617932062786494 ], [ -77.390522500436418, 34.612102823014908 ], [ -77.402470351800588, 34.60960106833857 ], [ -77.409124287566854, 34.610714890762694 ], [ -77.428015629721259, 34.619320893506931 ], [ -77.435798201035936, 34.62015212833402 ], [ -77.440237561154419, 34.619045839971676 ], [ -77.444678995057771, 34.615712339099403 ], [ -77.44579256976256, 34.605992906108078 ], [ -77.440237701788902, 34.592930654962757 ], [ -77.432745545047112, 34.583218844798537 ], [ -77.424688034630847, 34.575993586308982 ], [ -77.419683702651099, 34.572934403862632 ], [ -77.413014468279485, 34.571545843996098 ], [ -77.39857943243409, 34.570714526275609 ], [ -77.395527332445866, 34.570156980859238 ], [ -77.390797097746542, 34.56793706643316 ], [ -77.371615282436835, 34.548772527053337 ], [ -77.371066563453283, 34.544324861782954 ], [ -77.373004698013403, 34.541272985947998 ], [ -77.381625562837428, 34.537382187214433 ], [ -77.38139700853047, 34.536648965676051 ], [ -77.385242651706847, 34.534604924221881 ], [ -77.38801987403437, 34.530988776472576 ], [ -77.387745089265692, 34.529325041433445 ], [ -77.377734193303468, 34.528210821540405 ], [ -77.373293699831763, 34.525990859376897 ], [ -77.370227562456094, 34.523770749065797 ], [ -77.371615656169055, 34.522657329605494 ], [ -77.372179470115668, 34.520712003485897 ], [ -77.379672661934137, 34.515996486054533 ], [ -77.382449477946238, 34.515165602974577 ], [ -77.39136170441698, 34.514608189611423 ], [ -77.411626155602363, 34.515996774284346 ], [ -77.430243103257865, 34.513220184881007 ], [ -77.447456022764925, 34.508214915060599 ], [ -77.462471052237859, 34.500166874039358 ], [ -77.476631454775514, 34.490713962550487 ], [ -77.483300312432206, 34.485159754458408 ], [ -77.486627358396902, 34.483771439231482 ], [ -77.494683510282016, 34.478209658796942 ], [ -77.50942486390835, 34.469878281373276 ], [ -77.533580734181186, 34.457938261357427 ], [ -77.538020505603711, 34.454604710702498 ], [ -77.55329666983269, 34.446265927513515 ], [ -77.573316689561423, 34.437102829892829 ], [ -77.577756405254789, 34.433494717363082 ], [ -77.588301997956378, 34.427383235782045 ], [ -77.593306906691367, 34.42543840824785 ], [ -77.596648529228204, 34.421829548875465 ], [ -77.606918654254358, 34.416832443153027 ], [ -77.621628717120203, 34.407935959940986 ], [ -77.632188298430506, 34.400161608292585 ], [ -77.636368843025352, 34.398216966853525 ], [ -77.664142143802408, 34.379600784125486 ], [ -77.681919485573431, 34.365715271524948 ], [ -77.693028576438266, 34.353775625974414 ], [ -77.697467928904274, 34.350442120105804 ], [ -77.704975576965026, 34.342103070055835 ], [ -77.709707107914255, 34.338212032182611 ], [ -77.712483811093023, 34.3337717755348 ], [ -77.717199667199097, 34.3304452973873 ], [ -77.731649440063379, 34.312936069075242 ], [ -77.746650288513678, 34.296274158373478 ], [ -77.750541411096094, 34.292939877357476 ], [ -77.753592776067833, 34.287942386155372 ], [ -77.754707851324994, 34.287385964382153 ], [ -77.75388407709427, 34.287110455929771 ], [ -77.759712986533629, 34.282106394653333 ], [ -77.763329433111849, 34.277940000469783 ], [ -77.764991693829202, 34.274605723975455 ], [ -77.768868044858053, 34.271272116184846 ], [ -77.780266807618816, 34.255166655507843 ], [ -77.785530944357305, 34.245714270387474 ], [ -77.801645629612452, 34.228494600936216 ], [ -77.807474137233157, 34.220713212824784 ], [ -77.811090582458718, 34.217104024894176 ], [ -77.822489611693143, 34.21293843341077 ], [ -77.824992190090882, 34.210718589046586 ], [ -77.830821917166077, 34.20266214176651 ], [ -77.831934884663283, 34.197939647800396 ], [ -77.834712757336519, 34.192103736146997 ], [ -77.844158112822782, 34.17933219612771 ], [ -77.848323887536324, 34.171831898098411 ], [ -77.858319025443819, 34.157664849296573 ], [ -77.862759723260595, 34.147944588265183 ], [ -77.865536611365499, 34.144329073793301 ], [ -77.865536794260564, 34.14155114046941 ], [ -77.869427650238549, 34.130993145458667 ], [ -77.871365268258884, 34.118770720475254 ], [ -77.872754274236243, 34.116276187856251 ], [ -77.876644408861353, 34.097386010356075 ], [ -77.883038464123288, 34.075443753986988 ], [ -77.88332910376451, 34.065166622800682 ], [ -77.881375412103225, 34.060444870605842 ], [ -77.881650323882639, 34.057111057167866 ], [ -77.879421588987228, 34.049610738755931 ], [ -77.883329041411329, 34.039059269734125 ], [ -77.883878250960436, 34.032941576746381 ], [ -77.8858317534946, 34.027661191000711 ], [ -77.891934855408934, 34.019887748311348 ], [ -77.895825342122777, 34.01294420704015 ], [ -77.898053800512571, 33.999333663511059 ], [ -77.91276359694821, 33.951834213633909 ], [ -77.921095379364488, 33.937109379245648 ], [ -77.924986614038531, 33.932386640603362 ], [ -77.93054053722912, 33.92794714855895 ], [ -77.934141876307237, 33.927115213281823 ], [ -77.937483295266873, 33.927664867503019 ], [ -77.939421459242141, 33.930167294851607 ], [ -77.938872371074183, 33.9351643834584 ], [ -77.931929804400298, 33.947660419040275 ], [ -77.929991623853908, 33.954336839607606 ], [ -77.93081555195522, 33.959333220707911 ], [ -77.93470616623776, 33.960996931613138 ], [ -77.93664506870374, 33.963499298262867 ], [ -77.926375017138824, 33.974607238256894 ], [ -77.922209400185949, 33.992109217751903 ], [ -77.922484424062702, 33.997663414493744 ], [ -77.920820314408004, 34.012112410291387 ], [ -77.922209863160148, 34.017384630675068 ], [ -77.920546268382594, 34.021832874194445 ], [ -77.919981412338345, 34.026829377239942 ], [ -77.920821228391333, 34.042393221816049 ], [ -77.921935502687489, 34.047390482957994 ], [ -77.921644880088195, 34.057110175304558 ], [ -77.92610023817312, 34.085438329343987 ], [ -77.926099972868442, 34.095165725242218 ], [ -77.924146895500328, 34.107387817285087 ], [ -77.924987220032463, 34.113223890090403 ], [ -77.929426726507742, 34.125163356132035 ], [ -77.933592742537883, 34.130992609987501 ], [ -77.93969641136421, 34.136828442101866 ], [ -77.941085346495029, 34.140719874415979 ], [ -77.944152634595781, 34.144885790853714 ], [ -77.948318693160999, 34.157665091612181 ], [ -77.948868195403179, 34.169611714563203 ], [ -77.952209166313125, 34.181552053202246 ], [ -77.956940028144587, 34.189326531462889 ], [ -77.963043936421585, 34.182940511617218 ], [ -77.964432025588465, 34.177661100807732 ], [ -77.964722385339627, 34.168498036412359 ], [ -77.963608767096545, 34.163219203872011 ], [ -77.961381003927528, 34.158770576729246 ], [ -77.95582571149798, 34.140162800431256 ], [ -77.950545879244629, 34.119610061006867 ], [ -77.949707707227972, 34.110996136526417 ], [ -77.950271523336554, 34.105998917278036 ], [ -77.94886810927089, 34.095997489697545 ], [ -77.94747961197956, 34.091549036953211 ], [ -77.946090627776854, 34.070164133645733 ], [ -77.944702077208561, 34.065167585670025 ], [ -77.944976356715927, 34.055997040600154 ], [ -77.946090484720628, 34.052662540459885 ], [ -77.945251793410137, 34.037113736168052 ], [ -77.946365455580306, 34.032666374665325 ], [ -77.946654380561554, 34.020718742963922 ], [ -77.948042880025952, 34.016003733030416 ], [ -77.948317840755323, 34.009060648087264 ], [ -77.952498842825563, 33.991003193264739 ], [ -77.954986073446349, 33.985166342670965 ], [ -77.967483100550865, 33.965719313054578 ], [ -77.969161728571933, 33.959890323791242 ], [ -77.971939061159802, 33.954054545865716 ], [ -77.973602537004439, 33.947385939443777 ], [ -77.976654276192875, 33.94322097617259 ], [ -77.978042716980312, 33.938497669311133 ], [ -77.987763778049867, 33.927664524530982 ], [ -78.000825242419012, 33.919058509101227 ], [ -78.004441865674679, 33.91488518730732 ], [ -78.009721280916196, 33.904608885617797 ], [ -78.01027115812775, 33.900443597173535 ], [ -78.013337936097429, 33.892111653523685 ], [ -78.018601887809524, 33.889609679770558 ], [ -78.032487768729752, 33.887946454932234 ], [ -78.038317899886309, 33.888503108481729 ], [ -78.069446244138973, 33.895170400891175 ], [ -78.101109168038931, 33.904883219291051 ], [ -78.131094729729426, 33.910444325235474 ], [ -78.14610956731967, 33.914052952311856 ], [ -78.161109542806969, 33.915715725347283 ], [ -78.181389299596916, 33.915998499758828 ], [ -78.181663548655095, 33.915441207829531 ], [ -78.215005391879387, 33.914052684934902 ], [ -78.223336886269649, 33.915716024687946 ], [ -78.234155200740133, 33.919888324952048 ], [ -78.240000353094317, 33.920163307477125 ], [ -78.274730452378336, 33.91154972911729 ], [ -78.281398635423614, 33.9115495788514 ], [ -78.288051995149544, 33.909887037586074 ], [ -78.31333623388231, 33.907666406071776 ], [ -78.325284717080621, 33.907940859219792 ], [ -78.342787377360153, 33.905720903761917 ], [ -78.356109024824548, 33.906826831359766 ], [ -78.359450673066846, 33.907384508595896 ], [ -78.362777259959657, 33.910718061647955 ], [ -78.360274975811521, 33.915997972111931 ], [ -78.359450692885162, 33.919888594659895 ], [ -78.359725215713539, 33.92433679441163 ], [ -78.362227607201561, 33.933224723760603 ], [ -78.365005440179687, 33.939327750048768 ], [ -78.36694355125546, 33.940999074409341 ], [ -78.368880897995055, 33.946270096610633 ], [ -78.371384276920338, 33.946827693718305 ], [ -78.371108684879701, 33.944606887827781 ], [ -78.379715716892406, 33.926556513828999 ], [ -78.380828743566411, 33.921834049214013 ], [ -78.387237617755005, 33.914608491880571 ], [ -78.390289499421939, 33.909054399429991 ], [ -78.392502049265644, 33.907384032144911 ], [ -78.399170401176917, 33.905163559157195 ], [ -78.413621992305963, 33.905720814526163 ], [ -78.4197253837972, 33.904881617712967 ], [ -78.436938118290655, 33.898220798000217 ], [ -78.465839988835413, 33.895443673662953 ], [ -78.465290762986939, 33.894611802589978 ], [ -78.489446115082615, 33.884335008024735 ], [ -78.506399114907978, 33.881275906793746 ], [ -78.517798305423355, 33.880162309354034 ], [ -78.531408999120984, 33.877109852740645 ], [ -78.53917623060758, 33.874333293221603 ], [ -78.541114227863346, 33.872661950144824 ], [ -78.547233807709361, 33.86378141264877 ], [ -78.549720916027283, 33.862538573792072 ], [ -78.554176300506143, 33.862385774499202 ], [ -78.557227845784254, 33.864330639563676 ], [ -78.557777695219542, 33.867939488673599 ], [ -78.557228179660328, 33.868625939950753 ], [ -78.555595520319784, 33.871442076352572 ], [ -78.546958132835243, 33.879887392198405 ], [ -78.54500563636914, 33.883778769433654 ], [ -78.545005071459386, 33.885998558430956 ], [ -78.556953655927742, 33.883221861712904 ], [ -78.571953199684998, 33.881839828332225 ], [ -78.576134038623877, 33.881275547973146 ], [ -78.587517746929933, 33.877658967053712 ], [ -78.60029031578037, 33.870998932261031 ], [ -78.59140951578712, 33.866559138177728 ], [ -78.58002624781939, 33.858220288229099 ], [ -78.571128730253776, 33.854336856940428 ], [ -78.56919089966263, 33.851277600397438 ], [ -78.573357196543526, 33.848500671198359 ], [ -78.577797618440684, 33.84794316314666 ], [ -78.600839199638799, 33.841832482028423 ], [ -78.607233406356883, 33.841000228451144 ], [ -78.646694335141177, 33.829609700931826 ], [ -78.673626423033852, 33.81850127959801 ], [ -78.707518515793183, 33.800443012993256 ], [ -78.712523309698582, 33.797116658194646 ], [ -78.717513495679597, 33.795171211251464 ], [ -78.736953211667995, 33.783504897864681 ], [ -78.747512644493511, 33.778500608345276 ], [ -78.756135110949046, 33.772389691859736 ], [ -78.766144932409659, 33.767109894140511 ], [ -78.779467716743312, 33.758503737354218 ], [ -78.789187272780367, 33.753499337059054 ], [ -78.793872817396903, 33.750172125150449 ], [ -78.797793457143371, 33.747388064829785 ], [ -78.827244809846178, 33.730442944331259 ], [ -78.854194598701682, 33.712383474333166 ], [ -78.858634688233749, 33.70821769859571 ], [ -78.867805986524758, 33.702388550003462 ], [ -78.88112820675218, 33.692104469369575 ], [ -78.900584048640837, 33.672664056534629 ], [ -78.917522234107224, 33.65766427575042 ], [ -78.937252974835275, 33.638216195015282 ], [ -78.948362352563336, 33.626269010268224 ], [ -78.954755881045401, 33.617106365932969 ], [ -78.959486240882285, 33.612940222456047 ], [ -78.960875280955648, 33.610445585567739 ], [ -78.966414461007787, 33.606553700080887 ], [ -78.980590557244597, 33.591829199637864 ], [ -78.983367581624634, 33.587380779086708 ], [ -78.993363730497222, 33.575997788924752 ], [ -78.996704531265905, 33.573221016420803 ], [ -79.009202713478174, 33.557381507806689 ], [ -79.016709864596322, 33.549607549813807 ], [ -79.029757894738452, 33.5315477488409 ], [ -79.034488401375683, 33.527656964493218 ], [ -79.050862152826809, 33.504052022690956 ], [ -79.066152218638521, 33.488769714027086 ], [ -79.097266648173814, 33.461548626544534 ], [ -79.1258627730206, 33.429886349565514 ], [ -79.128930171319681, 33.425437702023935 ], [ -79.133097247083739, 33.422104052827208 ], [ -79.141717873509378, 33.409599267429869 ], [ -79.147273416933999, 33.395438551893818 ], [ -79.147547396638842, 33.390442177402555 ], [ -79.149501131188273, 33.383774013729557 ], [ -79.150874797902006, 33.3723830001639 ], [ -79.150324622429466, 33.367377984541505 ], [ -79.150874670072511, 33.362380314900975 ], [ -79.15198829158922, 33.358497771227761 ], [ -79.153941197540391, 33.342101608049077 ], [ -79.157818181975259, 33.327941174698701 ], [ -79.158383039422134, 33.321829731554793 ], [ -79.160320716022269, 33.317382297574319 ], [ -79.163937174644758, 33.314605560627889 ], [ -79.166164874528533, 33.311545445883269 ], [ -79.16921642744002, 33.300711794316655 ], [ -79.168377107406371, 33.30016193887294 ], [ -79.1700408017212, 33.298216924631909 ], [ -79.1697663162429, 33.295439661690544 ], [ -79.171154947512761, 33.290159949731674 ], [ -79.174206390155902, 33.282103579312434 ], [ -79.179211741870503, 33.272658021311948 ], [ -79.183087765533699, 33.257941263650054 ], [ -79.184201555842947, 33.248496268389196 ], [ -79.181150399804935, 33.221267141776288 ], [ -79.182264677467188, 33.215163823285614 ], [ -79.183377941540144, 33.213217817288097 ], [ -79.184202670404034, 33.212661088131618 ], [ -79.188369102408686, 33.216269473973426 ], [ -79.190871423680179, 33.219603609880735 ], [ -79.195311788514346, 33.228766497514528 ], [ -79.198104005157447, 33.243215941945834 ], [ -79.200331890207792, 33.264051986146711 ], [ -79.199766877537982, 33.281272190205421 ], [ -79.200880781678165, 33.286551751341683 ], [ -79.205046018395393, 33.29571415230069 ], [ -79.206999220652946, 33.297942295987774 ], [ -79.212279240729416, 33.300993460657388 ], [ -79.225326525767798, 33.305716747787535 ], [ -79.25534214841143, 33.303489017872749 ], [ -79.262834124575505, 33.304045892919888 ], [ -79.267839983191379, 33.307104880846055 ], [ -79.269228242249369, 33.310988214960382 ], [ -79.269502513580932, 33.316550637530433 ], [ -79.268938340622483, 33.32266150367353 ], [ -79.267000955020976, 33.32932957121065 ], [ -79.259507831798174, 33.344878408161051 ], [ -79.247269043075519, 33.364882774384434 ], [ -79.243927938670652, 33.368491614712234 ], [ -79.239486754068366, 33.375434737353757 ], [ -79.232543641631082, 33.383216190932458 ], [ -79.22894314232741, 33.3859938660135 ], [ -79.210599782518585, 33.407104794735126 ], [ -79.202268876049658, 33.420158571881068 ], [ -79.191434046748185, 33.428772020813547 ], [ -79.187268538484787, 33.434883408380593 ], [ -79.18836641437882, 33.436546736076878 ], [ -79.193921787695302, 33.434883345332111 ], [ -79.208661682617915, 33.427109107861718 ], [ -79.22587501505086, 33.41348985705779 ], [ -79.236983761213509, 33.400161252342251 ], [ -79.242828164698281, 33.390716622473342 ], [ -79.253388224277245, 33.377104708979886 ], [ -79.258393845678228, 33.373771637642491 ], [ -79.263948191145957, 33.372656913847273 ], [ -79.269227933216285, 33.374602250896736 ], [ -79.271166347605856, 33.373489096775977 ], [ -79.272828913806805, 33.364050733839932 ], [ -79.2744926531674, 33.361548556544491 ], [ -79.279497337414952, 33.348495017774077 ], [ -79.285601572689444, 33.338492419577733 ], [ -79.288104331306045, 33.332663693744905 ], [ -79.290606801283033, 33.326552880724819 ], [ -79.291995686430212, 33.317939148714629 ], [ -79.294497645082657, 33.312102201559583 ], [ -79.296436533598396, 33.29849889647555 ], [ -79.295048226773673, 33.288215069172935 ], [ -79.293384872432924, 33.283774147586541 ], [ -79.293658907068803, 33.280440568342932 ], [ -79.282275158688648, 33.26655393229062 ], [ -79.272555505057468, 33.261832333400321 ], [ -79.268938940501556, 33.259055204464921 ], [ -79.257829503822464, 33.253492431714683 ], [ -79.213669183694549, 33.239050392792066 ], [ -79.210326695343753, 33.235159346711313 ], [ -79.21089156806589, 33.220991400262648 ], [ -79.211990570769728, 33.217101552190314 ], [ -79.21060229741768, 33.212104010270082 ], [ -79.211441522627894, 33.20016355853523 ], [ -79.210327635996791, 33.190993346109465 ], [ -79.208114665522814, 33.187659134726992 ], [ -79.204498349536038, 33.185713866226081 ], [ -79.194213549999589, 33.185988515931264 ], [ -79.186705167383579, 33.185156791590572 ], [ -79.183088896676054, 33.182380353181657 ], [ -79.184203224727511, 33.179046681854338 ], [ -79.186706013377233, 33.175437873783366 ], [ -79.205612157179786, 33.165710008294987 ], [ -79.217835600889174, 33.157378412140503 ], [ -79.23283629450259, 33.141272727153662 ], [ -79.239489358026461, 33.142387214059212 ], [ -79.241716689416137, 33.147109734061573 ], [ -79.242830969799954, 33.152098571693351 ], [ -79.242830363768405, 33.157935884517975 ], [ -79.246431861190857, 33.164046568882803 ], [ -79.251451709759507, 33.167105746792458 ], [ -79.25950898807865, 33.167937260176039 ], [ -79.264789256155112, 33.166831620019707 ], [ -79.268390608199695, 33.163215548486583 ], [ -79.270053145554627, 33.160155861747519 ], [ -79.268939663181087, 33.1520990245562 ], [ -79.266726799238398, 33.147659245313484 ], [ -79.254778528614167, 33.136276098666883 ], [ -79.253116297584683, 33.131828476377898 ], [ -79.255617911517916, 33.125991282486069 ], [ -79.258945102152254, 33.122382727445199 ], [ -79.261722222656388, 33.122100632923384 ], [ -79.264789994405632, 33.119323757889255 ], [ -79.269505318846626, 33.121543750266454 ], [ -79.274219137093425, 33.134887326930091 ], [ -79.278950423569825, 33.139328131694569 ], [ -79.296727848275708, 33.145996037365194 ], [ -79.310598138044412, 33.147109290663529 ], [ -79.320898880718275, 33.152656082171625 ], [ -79.335059972109221, 33.153213031652903 ], [ -79.338676528964015, 33.152381479548815 ], [ -79.341452964317185, 33.15071094357878 ], [ -79.342002553175149, 33.145995981915966 ], [ -79.336722304205196, 33.140716808674654 ], [ -79.329779323390042, 33.13821429160356 ], [ -79.313391097294385, 33.137107485300241 ], [ -79.301168161669295, 33.134331018156161 ], [ -79.2925461083193, 33.129882492549001 ], [ -79.289219814264683, 33.12654813921182 ], [ -79.287831125531213, 33.122100642282795 ], [ -79.287556589633738, 33.112938010409486 ], [ -79.296438001736007, 33.09988438100936 ], [ -79.298391255211328, 33.098212838635227 ], [ -79.311987273990354, 33.091545593016605 ], [ -79.328391429383316, 33.086822805547683 ], [ -79.334510820120073, 33.085990787430376 ], [ -79.345330430277059, 33.080162378689771 ], [ -79.344505858952317, 33.079331299466034 ], [ -79.353662286723704, 33.069886328197754 ], [ -79.358667423656044, 33.067383431407997 ], [ -79.361169994299019, 33.064880828487148 ], [ -79.369501584325135, 33.061547391642925 ], [ -79.371714752852441, 33.059052112344915 ], [ -79.379221919038827, 33.053490568254652 ], [ -79.379221869283128, 33.047112362209432 ], [ -79.373668011754319, 33.035722004677133 ], [ -79.373102592133066, 33.03266235190938 ], [ -79.373941688993, 33.028771892596801 ], [ -79.378108138523174, 33.025437696385417 ], [ -79.381450086262561, 33.020441046937165 ], [ -79.380061863118343, 33.018769761963931 ], [ -79.380336206140186, 33.017381524131324 ], [ -79.378657473804367, 33.014329913218283 ], [ -79.381725066106284, 33.009888907306753 ], [ -79.385905289427498, 33.008775616372603 ], [ -79.38729492006091, 33.007387481431309 ], [ -79.387844308161363, 33.008218895743738 ], [ -79.391460341077433, 33.007669688830767 ], [ -79.403958497617381, 33.008500864838304 ], [ -79.417279003816489, 33.008218393278007 ], [ -79.445052403073021, 33.004885034859257 ], [ -79.466445895803659, 33.000169962855033 ], [ -79.482850028016401, 32.994882702099957 ], [ -79.493394163288485, 32.990442408402757 ], [ -79.498674490814494, 32.992106053319311 ], [ -79.498673797144761, 32.996271413395768 ], [ -79.496446761192374, 32.997942043576835 ], [ -79.492845101868312, 33.004335920608753 ], [ -79.493394380929843, 33.009333251766172 ], [ -79.495332262843817, 33.011835891448897 ], [ -79.501740740010391, 33.016557825625128 ], [ -79.512849955851735, 33.031275217218756 ], [ -79.516451381398838, 33.033777517299683 ], [ -79.525897103623151, 33.035723314267535 ], [ -79.536731023719682, 33.03350296866833 ], [ -79.556737057516983, 33.024332376563549 ], [ -79.570637670881908, 33.01655848193375 ], [ -79.57480370545936, 33.012942007209134 ], [ -79.578680215483658, 33.010996811164084 ], [ -79.585623107119559, 33.003778795008095 ], [ -79.596747738129551, 32.994051989065447 ], [ -79.604514330800214, 32.98266175986079 ], [ -79.607841804588716, 32.979327535465856 ], [ -79.620064895244411, 32.955440421555743 ], [ -79.6283962085502, 32.943218933498997 ], [ -79.627007478215916, 32.935719284966545 ], [ -79.624795349596667, 32.934605011726063 ], [ -79.617287409557036, 32.934048544631025 ], [ -79.616188937973774, 32.929051142263056 ], [ -79.613961297981604, 32.92433672169124 ], [ -79.615075530245591, 32.923779748536909 ], [ -79.613686925691596, 32.922391210997787 ], [ -79.61341149742961, 32.920163547351727 ], [ -79.612008152983222, 32.918499933342808 ], [ -79.613121863849003, 32.918500070770044 ], [ -79.610909034792726, 32.916837230087147 ], [ -79.605354589616439, 32.91655408628656 ], [ -79.60201224163508, 32.917942750349212 ], [ -79.594795543534261, 32.924335840356619 ], [ -79.576468297956168, 32.936550363833135 ], [ -79.575354781906512, 32.931278259402262 ], [ -79.57590373852004, 32.925167569682486 ], [ -79.580359926477954, 32.914883118518624 ], [ -79.583121016227651, 32.91099298810186 ], [ -79.58730325336947, 32.907666445025974 ], [ -79.593131861925727, 32.905163507178337 ], [ -79.595070001063661, 32.903492661262433 ], [ -79.595908896871677, 32.903774876241123 ], [ -79.611458243316235, 32.898778108304185 ], [ -79.616189251338525, 32.896276302931163 ], [ -79.632852997674476, 32.890722319254046 ], [ -79.6364688125079, 32.89016511170918 ], [ -79.644800371324465, 32.886555843099472 ], [ -79.649241006921898, 32.885999507166524 ], [ -79.656459695479825, 32.880445434741823 ], [ -79.662013510887704, 32.869611785924 ], [ -79.664807016615271, 32.867383861896997 ], [ -79.670070970957269, 32.864615100605214 ], [ -79.675899689490521, 32.863783467692308 ], [ -79.68147042965029, 32.861837491417027 ], [ -79.692289491883642, 32.856001699869893 ], [ -79.698682109960984, 32.849608686301181 ], [ -79.70036194999652, 32.843779711017476 ], [ -79.703413396655208, 32.838500163398919 ], [ -79.708418576563886, 32.832389562719179 ], [ -79.725356876510858, 32.821555376821998 ], [ -79.728134644872767, 32.808219898131135 ], [ -79.736740846954746, 32.800445923219975 ], [ -79.748689208862729, 32.797119064799119 ], [ -79.756471151035157, 32.792397341206737 ], [ -79.761751132780816, 32.791008947360766 ], [ -79.794528844071891, 32.775445043076104 ], [ -79.815632797405058, 32.767388405956403 ], [ -79.849248996614818, 32.757951190048715 ], [ -79.855642632104022, 32.758507901685647 ], [ -79.860358105929777, 32.759897138132871 ], [ -79.862311351544108, 32.761842258766997 ], [ -79.862860875680255, 32.763230557123855 ], [ -79.86008277087322, 32.766839008625922 ], [ -79.860082808931423, 32.769616277027588 ], [ -79.869254204151773, 32.777665593153039 ], [ -79.87396912532509, 32.784059159125476 ], [ -79.878133933777633, 32.787675066381951 ], [ -79.881750756252288, 32.790451945628945 ], [ -79.888144723671488, 32.790726812436674 ], [ -79.893698476654038, 32.789612739513018 ], [ -79.90009318599158, 32.790727069618057 ], [ -79.901481810588024, 32.794617298308474 ], [ -79.90036701212864, 32.802109214937573 ], [ -79.900915873179969, 32.809890797633365 ], [ -79.900091685590198, 32.812668256580615 ], [ -79.892035792618131, 32.821556171161809 ], [ -79.880911476576401, 32.829338111641853 ], [ -79.877584040774309, 32.832946780404036 ], [ -79.877020092063361, 32.837669768545226 ], [ -79.877858417578196, 32.84072099439787 ], [ -79.880361672793498, 32.844611301952661 ], [ -79.887594006906156, 32.849334716624767 ], [ -79.893697732777412, 32.851836945174512 ], [ -79.899801609620354, 32.853781874683328 ], [ -79.902593835623634, 32.852668464854204 ], [ -79.902029362815028, 32.848503046378049 ], [ -79.900366150503743, 32.844611628229423 ], [ -79.898428379149138, 32.842391571983477 ], [ -79.897863442867262, 32.837944075956273 ], [ -79.899542859317734, 32.834892040986226 ], [ -79.903982491633329, 32.831283539709979 ], [ -79.908148850633467, 32.830169451410008 ], [ -79.915092171218944, 32.832672248129931 ], [ -79.917869045051248, 32.835167323386877 ], [ -79.923697866193947, 32.848777375339566 ], [ -79.927863651670719, 32.852393844502359 ], [ -79.941474150178095, 32.854057089226004 ], [ -79.943413265982159, 32.853225984802364 ], [ -79.942572788718763, 32.852950723634052 ], [ -79.943687211545722, 32.852393254195391 ], [ -79.944252648181831, 32.847663983784024 ], [ -79.940911081488437, 32.833229700329291 ], [ -79.935921497750186, 32.820450310559735 ], [ -79.935920808274801, 32.817390538669571 ], [ -79.932304404392042, 32.809059160869189 ], [ -79.930367796105912, 32.799897223232442 ], [ -79.926202094307229, 32.792672479628685 ], [ -79.92481336299079, 32.784897587640089 ], [ -79.926201461198787, 32.77961104645923 ], [ -79.928139359952027, 32.778505091842185 ], [ -79.932306192285566, 32.778504461824944 ], [ -79.947854965713816, 32.78044962989091 ], [ -79.953988877351023, 32.782944583042529 ], [ -79.95704052076762, 32.787118175526714 ], [ -79.963983877376791, 32.793229372055087 ], [ -79.96787449976398, 32.794617852087342 ], [ -79.97008760537426, 32.792114886794508 ], [ -79.967875102971263, 32.784059215806629 ], [ -79.962031534727203, 32.774057078826615 ], [ -79.956766995311128, 32.771554321812673 ], [ -79.949243523986567, 32.761842736805534 ], [ -79.94425389735953, 32.759065740215597 ], [ -79.93619745882917, 32.757395087048522 ], [ -79.913429950760602, 32.754891602960754 ], [ -79.898979436389993, 32.752114409832338 ], [ -79.893150576965155, 32.749894702863742 ], [ -79.891197031307698, 32.746560956438898 ], [ -79.892036961357817, 32.737673025075544 ], [ -79.887031900774886, 32.731280178278674 ], [ -79.883979438007728, 32.729333909970649 ], [ -79.885093857083532, 32.728777096943993 ], [ -79.880637388394248, 32.726557129669729 ], [ -79.878975063408063, 32.726274952294503 ], [ -79.875907830045364, 32.727946042764017 ], [ -79.875906918274623, 32.72905207223868 ], [ -79.871192664652497, 32.736833271126933 ], [ -79.867026234185985, 32.736833684557702 ], [ -79.863974920481724, 32.732667851677057 ], [ -79.865637243896629, 32.715449043451557 ], [ -79.870078945701323, 32.705172026792582 ], [ -79.873130674228889, 32.700175735413019 ], [ -79.883980026129052, 32.687388986999295 ], [ -79.90009346857903, 32.674060521137541 ], [ -79.91703128911908, 32.662670480792109 ], [ -79.927590854665169, 32.658222522432453 ], [ -79.942026799099423, 32.65017384650465 ], [ -79.950373712174184, 32.643506445371258 ], [ -79.955927434340964, 32.641560765394189 ], [ -79.958430869128534, 32.640728484107775 ], [ -79.961756957129367, 32.641842568452709 ], [ -79.963435821312018, 32.644337278706793 ], [ -79.969539044446307, 32.64684033085517 ], [ -79.990368636771223, 32.641561096607553 ], [ -79.995358483141459, 32.641011233298194 ], [ -80.00092857433927, 32.642675073312581 ], [ -80.003705111042493, 32.650723424785596 ], [ -80.007595981146849, 32.654888801256 ], [ -80.012037270562146, 32.65378277951443 ], [ -80.022871532695106, 32.643231096598214 ], [ -80.024259084844417, 32.639065361565947 ], [ -80.000653577399689, 32.630170173456392 ], [ -79.993145423686641, 32.626004633894276 ], [ -79.988980247066934, 32.62239606816248 ], [ -79.987591819005829, 32.61850494284942 ], [ -79.989254326255335, 32.611844383458774 ], [ -79.995923679682974, 32.606282728784258 ], [ -80.002041582875634, 32.605177157204047 ], [ -80.006772775824913, 32.606009085051816 ], [ -80.013440474094111, 32.605733677594664 ], [ -80.026762654436851, 32.606840652644756 ], [ -80.046767141227832, 32.606283904912473 ], [ -80.064818244353773, 32.603788556447903 ], [ -80.082885772533132, 32.599341168520304 ], [ -80.093704823213685, 32.596281759568548 ], [ -80.103698564596499, 32.591841992279711 ], [ -80.12591645953998, 32.584617372862901 ], [ -80.145097604315296, 32.57406595580332 ], [ -80.153992401288463, 32.567955832773976 ], [ -80.162324205779143, 32.56100548532271 ], [ -80.167313920081156, 32.558511071810479 ], [ -80.173707410142342, 32.559616925148106 ], [ -80.1831383998001, 32.571846614998194 ], [ -80.19148461275482, 32.577957053486436 ], [ -80.208437412473657, 32.583786547199033 ], [ -80.217043814409138, 32.589615128349692 ], [ -80.225100734142217, 32.600181714300092 ], [ -80.228427027628769, 32.607680930273808 ], [ -80.235645006634826, 32.615179662986336 ], [ -80.250660354023168, 32.622114608521642 ], [ -80.256488895400281, 32.622397157812472 ], [ -80.2596482702114, 32.620141970001391 ], [ -80.262225991370599, 32.624075563542718 ], [ -80.261692421017841, 32.626807482201272 ], [ -80.259518180787353, 32.627268140555209 ], [ -80.256245030642177, 32.626818313362691 ], [ -80.252979039880415, 32.625918292112566 ], [ -80.250812365156548, 32.63138848504331 ], [ -80.249737106116527, 32.635488764695488 ], [ -80.2492107004025, 32.641408812956215 ], [ -80.250858638974535, 32.644594707706489 ], [ -80.249240304067783, 32.650064234285232 ], [ -80.245983382718876, 32.65325700938714 ], [ -80.242176392491046, 32.654634305442414 ], [ -80.238917995950828, 32.656915457242661 ], [ -80.235652883957357, 32.660111400280137 ], [ -80.234576487579019, 32.664665849929214 ], [ -80.234050855989651, 32.66922465721337 ], [ -80.235698720025113, 32.674229693777853 ], [ -80.236247548335086, 32.67741402822486 ], [ -80.232440015653907, 32.676968581262976 ], [ -80.230800588171775, 32.676060750910068 ], [ -80.229709046971479, 32.675152340662358 ], [ -80.224261845169707, 32.675164423924954 ], [ -80.219356373555073, 32.674718115094223 ], [ -80.212817783166429, 32.674275617302932 ], [ -80.209552332557109, 32.67610173778472 ], [ -80.208475324341705, 32.679749254447422 ], [ -80.209574967362087, 32.682933794963773 ], [ -80.211757290963789, 32.685207661447492 ], [ -80.214487673648108, 32.687480995367579 ], [ -80.215037657224926, 32.689754385621733 ], [ -80.213404791475071, 32.691124249867535 ], [ -80.210139309810586, 32.692039176502028 ], [ -80.205782962171526, 32.693416930715578 ], [ -80.202517298253653, 32.694331635952672 ], [ -80.199252211945435, 32.697071146887055 ], [ -80.195993956035721, 32.699809270337923 ], [ -80.192186969772308, 32.701636330055521 ], [ -80.187280908598822, 32.701644424855751 ], [ -80.182925024724057, 32.704840640624418 ], [ -80.181299137196433, 32.707117853438874 ], [ -80.179673959699116, 32.711676756350521 ], [ -80.179133026331328, 32.715773138713665 ], [ -80.181322797626933, 32.716685018723126 ], [ -80.185137052037632, 32.71667381818262 ], [ -80.189494132701583, 32.717581726427575 ], [ -80.193858354268798, 32.718028013734639 ], [ -80.196032388751632, 32.714835635357431 ], [ -80.198199635228335, 32.71164227266086 ], [ -80.199832358352737, 32.710730448121055 ], [ -80.202563202082445, 32.71255061549035 ], [ -80.205844468251996, 32.715273852221699 ], [ -80.209109633407465, 32.714358892883276 ], [ -80.209643729165322, 32.711169447481417 ], [ -80.210177210515369, 32.706614188975173 ], [ -80.213985230891168, 32.702964247047262 ], [ -80.218341729989419, 32.703410892388092 ], [ -80.222705647757152, 32.702491573758294 ], [ -80.224330101290377, 32.698844632598359 ], [ -80.221049008001799, 32.694751617214116 ], [ -80.221583112185357, 32.692019996564056 ], [ -80.2259402094585, 32.690642925944644 ], [ -80.231921071249076, 32.687443301795604 ], [ -80.235194529660191, 32.68698112541756 ], [ -80.23955950259662, 32.688792811935748 ], [ -80.242825032941923, 32.688336123156759 ], [ -80.246631749313735, 32.687416483247503 ], [ -80.25043909610072, 32.685127749009041 ], [ -80.254238849141586, 32.680565550509733 ], [ -80.255848134360548, 32.672363569872779 ], [ -80.25257545474507, 32.670094966464063 ], [ -80.249858389501256, 32.672379380839203 ], [ -80.246051403669142, 32.675572514172593 ], [ -80.243870393258632, 32.67466753423048 ], [ -80.242229457340343, 32.671940613254037 ], [ -80.243305821675747, 32.667839535196769 ], [ -80.246013826704257, 32.6632781571004 ], [ -80.249271578533751, 32.659173114833571 ], [ -80.25634464156785, 32.656880883130199 ], [ -80.263966527260337, 32.655042174857478 ], [ -80.268849302355434, 32.650929746432631 ], [ -80.271557901426661, 32.646368014793005 ], [ -80.274258612708266, 32.640898445652915 ], [ -80.279141168212121, 32.635874420057299 ], [ -80.284023888941007, 32.630396912141599 ], [ -80.290013638820128, 32.629927540949069 ], [ -80.290578094548152, 32.634936181508948 ], [ -80.295475822747122, 32.634924208009103 ], [ -80.299825063404427, 32.632178063584995 ], [ -80.305272154342092, 32.633531834088807 ], [ -80.310177673669003, 32.636248178376626 ], [ -80.314543040282743, 32.6376063214867 ], [ -80.315610966652955, 32.633048159616415 ], [ -80.317507893398613, 32.630118161003374 ], [ -80.335019686748211, 32.636483082527825 ], [ -80.380556918414342, 32.647805309504207 ], [ -80.389591500381869, 32.645208410814554 ], [ -80.387015784031661, 32.648310787389541 ], [ -80.387038088378006, 32.652864500621988 ], [ -80.390799589227484, 32.655653260881394 ], [ -80.392233704534291, 32.656717600362789 ], [ -80.402327568135092, 32.660554782983148 ], [ -80.407234553638972, 32.661905537850387 ], [ -80.409996408707769, 32.668726014913744 ], [ -80.412185650088361, 32.670541962268018 ], [ -80.415992866689194, 32.669160490103998 ], [ -80.416526222695211, 32.667337389470504 ], [ -80.416511575408663, 32.665056818648516 ], [ -80.414313727111093, 32.661424610539058 ], [ -80.411567963193633, 32.657335952547044 ], [ -80.408286319520897, 32.654157800823334 ], [ -80.400641701164133, 32.650542201428969 ], [ -80.39681910084235, 32.648733556715797 ], [ -80.397081432620439, 32.648612810374757 ], [ -80.468282736600145, 32.672424483301739 ], [ -80.516768005477587, 32.684092191661819 ], [ -80.574948236307719, 32.692070282202316 ], [ -80.661766844472169, 32.706413177189503 ], [ -80.736972034096496, 32.719114079530314 ], [ -80.801586677341632, 32.740317244363077 ], [ -80.833253134415415, 32.762046186976079 ], [ -80.863427325585803, 32.776077560980006 ], [ -80.918794947635064, 32.783487130300465 ], [ -80.953769258945115, 32.788152931980477 ], [ -80.995172101339932, 32.806134506894871 ], [ -81.023642834597823, 32.82074142063837 ], [ -81.073811333412493, 32.847105895544296 ], [ -81.098497543608929, 32.883236595545128 ], [ -81.177105292322224, 32.926433143487635 ], [ -81.249299444877337, 32.962153784770365 ], [ -81.320358855892152, 33.004242965545139 ], [ -81.384973982805548, 33.038876122461545 ], [ -81.46865168017473, 33.056199910405567 ], [ -81.547013033125452, 33.059644772305226 ], [ -81.625381964531499, 33.063036032612736 ], [ -81.682939689381755, 33.050614988613553 ], [ -81.767129890425309, 33.021814648722874 ], [ -81.856661165285303, 33.006755355197576 ], [ -81.961591267445598, 32.993537754879235 ], [ -82.056488825115423, 32.992120765258669 ], [ -82.105073027066339, 32.984958927815477 ], [ -82.271680030841551, 32.97900584527315 ], [ -82.345627948938656, 32.961692321550316 ], [ -82.443805796159552, 32.940675322138212 ], [ -82.489024402930497, 32.906716315063576 ], [ -82.570539904525248, 32.844254768016597 ], [ -82.600187461794889, 32.762489474083289 ], [ -82.637467389804385, 32.681616735351959 ], [ -82.682359142967357, 32.601628695128291 ], [ -82.713961931083077, 32.506933098687561 ], [ -82.731352542213713, 32.449924027123231 ], [ -82.771723453627303, 32.395614196918707 ], [ -82.831825036633958, 32.363291822091306 ], [ -82.909557609090882, 32.365804806812463 ], [ -82.998409732418295, 32.395792495844809 ], [ -83.097101034953326, 32.413708763278748 ], [ -83.142103272495007, 32.425415763681052 ], [ -83.233185532306805, 32.442335294874582 ], [ -83.280293695423453, 32.441105772732591 ], [ -83.363255571356802, 32.411099913302671 ], [ -83.442559985871128, 32.354405945577241 ], [ -83.451729518913837, 32.296417947187713 ], [ -83.42258046614252, 32.234141803779238 ], [ -83.386844826282172, 32.164546108475562 ], [ -83.389406306100454, 32.099237495970833 ], [ -83.3985852776825, 32.041227298883705 ], [ -83.466273492679548, 31.956974492339544 ], [ -83.517124953550265, 31.929855579377229 ], [ -83.566938035627359, 31.909161683010609 ], [ -83.616725285772844, 31.888444921363366 ], [ -83.650234902203763, 31.872470970674396 ], [ -83.724541850184508, 31.893775612849343 ], [ -83.775000377028789, 31.918980412043229 ], [ -83.870334007649191, 31.955588570740876 ], [ -83.895996780169952, 31.991152222174378 ], [ -83.911104962553239, 32.045234047779566 ], [ -83.938610236134011, 32.120304686668156 ], [ -83.95377191136717, 32.174368334915584 ], [ -83.986233223669032, 32.217167303001204 ], [ -84.019701067322771, 32.253504860933248 ], [ -84.055137411958611, 32.276932334609754 ], [ -84.139526758150623, 32.285864131443788 ], [ -84.223934611427268, 32.29473272875164 ], [ -84.273790396844021, 32.27374008926008 ], [ -84.356195349738456, 32.243002358917082 ], [ -84.450888167787696, 32.180723997225122 ], [ -84.447904665970228, 32.147667006796937 ], [ -84.434288659933372, 32.080758022001838 ], [ -84.41117148374623, 32.025959198213229 ], [ -84.421475826184292, 31.954948953509849 ], [ -84.436597677302302, 31.904088505588053 ], [ -84.429893400380621, 31.896842211348446 ], [ -84.441508599216277, 31.862732119783008 ], [ -84.404096157766176, 31.833715928242651 ], [ -84.370404238061383, 31.820157854747293 ], [ -84.290626359143801, 31.796737403019712 ], [ -84.222594378557233, 31.774494091231212 ], [ -84.173606706776383, 31.744161552374202 ], [ -84.145122248032948, 31.695856260283861 ], [ -84.143694594905824, 31.625255730030776 ], [ -84.169977453406787, 31.5676600487907 ], [ -84.226102630383522, 31.508185435420828 ], [ -84.28070074588075, 31.458590438074054 ], [ -84.308271750049471, 31.391029940009709 ], [ -84.338745039715576, 31.343898966503065 ], [ -84.354598917358345, 31.275088274000893 ], [ -84.368903583261641, 31.175895931772899 ], [ -84.368004020792739, 31.100267679501009 ], [ -84.364966349802884, 31.039512774407282 ], [ -84.367727045931701, 30.979360985393281 ], [ -84.404513121957933, 30.927821282828617 ], [ -84.433342264378282, 30.890547451952127 ], [ -84.441831520178226, 30.830982711614041 ], [ -84.451014255327877, 30.766445397006276 ], [ -84.460886741471612, 30.696932871253718 ], [ -84.45990696656969, 30.621231641826654 ], [ -84.446828125476131, 30.589613562463466 ], [ -84.399173364813279, 30.554341912789294 ], [ -84.31414603515671, 30.535236560666927 ], [ -84.232768246213539, 30.5315805318223 ], [ -84.126937183120489, 30.494957456887967 ], [ -84.055001915527484, 30.466964236439527 ], [ -83.960837761654901, 30.431430574674955 ], [ -83.883265499683347, 30.402689534043756 ], [ -83.803708498976548, 30.348427260286599 ], [ -83.740734234725281, 30.300999328800195 ], [ -83.677084631474045, 30.258495738136698 ], [ -83.552386172561214, 30.234252165669435 ], [ -83.456425020299633, 30.213164925611544 ], [ -83.381140414079866, 30.209537851208292 ], [ -83.312706967462589, 30.236970216572828 ], [ -83.197281368593409, 30.228544975976629 ], [ -83.145698351221029, 30.222480757473306 ], [ -83.05817352866589, 30.22224217724769 ], [ -82.973217737981685, 30.242459693931821 ], [ -82.8611597331019, 30.249245276609976 ], [ -82.772004217206501, 30.258696864115141 ], [ -82.72294197829909, 30.272963282996685 ], [ -82.649258560291869, 30.258917296410608 ], [ -82.578043080453796, 30.229949031755552 ], [ -82.507698516650848, 30.160564474964634 ], [ -82.472588237041194, 30.090434146751623 ], [ -82.337985428486121, 30.023000296259681 ], [ -82.245686146144365, 30.051859140534035 ], [ -82.145252670416554, 30.059359246573866 ], [ -82.067644860649153, 30.069696665260039 ], [ -81.975199451479909, 30.098324973706276 ], [ -81.886107860395498, 30.107059078038404 ], [ -81.821563024741451, 30.10879517646282 ], [ -81.778455532851765, 30.087970741079022 ], [ -81.710808730696613, 30.074035687945315 ], [ -81.653730335825671, 30.066517940918779 ], [ -81.645790191844412, 30.045201245749102 ], [ -81.637737118616343, 29.957985556660233 ], [ -81.643315627807013, 29.892832780572213 ], [ -81.626123156038631, 29.824651833185548 ], [ -81.618595918498073, 29.767880139029518 ], [ -81.609731798429792, 29.685564018896315 ], [ -81.582125972197574, 29.610873502663051 ], [ -81.562437915154575, 29.557510936756259 ], [ -81.546249740240953, 29.48430649313169 ], [ -81.514846793382191, 29.398886285586102 ], [ -81.514403147003804, 29.368371170754109 ], [ -81.507531263435226, 29.336626998733912 ], [ -81.496044980439507, 29.302846014335049 ], [ -81.480791402742298, 29.268550762082171 ], [ -81.454516811667858, 29.231059811974788 ], [ -81.420428540061664, 29.194191708920165 ], [ -81.389132430647678, 29.152593484469353 ], [ -81.353220591508446, 29.115440235190448 ], [ -81.324874731171448, 29.079303859532725 ], [ -81.290905555937201, 29.042380920609482 ], [ -81.25002845532633, 29.001090878256527 ], [ -81.209083408667894, 28.94957419490289 ], [ -81.176105988764675, 28.907629516122281 ], [ -81.151960508693449, 28.870292709891761 ], [ -81.116770272352525, 28.819507321248942 ], [ -81.094255797604106, 28.784069402305786 ], [ -81.094954260141904, 28.758669425923799 ], [ -81.085683562313179, 28.735273004787985 ], [ -81.071685111598171, 28.706110710271048 ], [ -81.064505327689929, 28.671098583729862 ], [ -81.065416341841512, 28.633816947496651 ], [ -81.072942167228774, 28.57024919914236 ], [ -81.059477487009246, 28.527535911975946 ], [ -81.046115888413979, 28.495036080025677 ], [ -81.034336723256047, 28.464455025019451 ], [ -81.021328571754836, 28.397962358653867 ], [ -81.010080395893411, 28.353827990110752 ], [ -81.004058917634765, 28.301915380631513 ], [ -81.00126354109706, 28.264070397372276 ], [ -81.008974253653349, 28.220900854439289 ], [ -81.017861436868742, 28.171082988503244 ], [ -81.027416695422431, 28.128165448188266 ], [ -81.052527307452436, 28.094259016235 ], [ -81.077509451963763, 28.082466869711798 ], [ -81.127944695101476, 28.077664458992242 ], [ -81.172603921215043, 28.083946454332956 ], [ -81.216102235944604, 28.096856116872143 ], [ -81.25228103325405, 28.118937797357088 ], [ -81.329704075703717, 28.167159507679184 ], [ -81.363465681707311, 28.214379625921925 ], [ -81.397421821634694, 28.24969601347421 ], [ -81.437141704708722, 28.29599265725416 ], [ -81.470157473445227, 28.326037978570962 ], [ -81.500322586317864, 28.350576174697995 ], [ -81.548617286852831, 28.380973912395056 ], [ -81.590040340108544, 28.407009861973208 ], [ -81.630188814726722, 28.429452310431557 ], [ -81.654662172608695, 28.442960453096767 ], [ -81.657504037707028, 28.442556173558199 ], [ -81.689390078419535, 28.457030581084133 ], [ -81.759641150759492, 28.481727952376126 ], [ -81.832457900722673, 28.491460499771698 ], [ -81.889320220066153, 28.493940460261257 ], [ -81.94141798932543, 28.490676165181643 ], [ -81.997451248334087, 28.498071813472805 ], [ -82.058272548084744, 28.511146961649619 ], [ -82.097512380731928, 28.516283968318408 ], [ -82.139227571323985, 28.506483103010904 ], [ -82.210599808999334, 28.490354081273971 ], [ -82.245050179014129, 28.489734933330382 ], [ -82.321912532531755, 28.509810883267281 ], [ -82.395627489597388, 28.514184551809453 ], [ -82.46615335355331, 28.502862935210935 ], [ -82.517432825860809, 28.504296145205235 ], [ -82.592778040866307, 28.534131374504007 ], [ -82.632904735989172, 28.569643183400363 ], [ -82.641297188212704, 28.576283211252417 ], [ -82.640661244399638, 28.577491710088076 ], [ -82.640112055961623, 28.58304532821009 ], [ -82.642049722489674, 28.586654068095239 ], [ -82.645376668986387, 28.58943469818503 ], [ -82.647603846878326, 28.593878548536665 ], [ -82.64871835291035, 28.599154192639816 ], [ -82.648168653854711, 28.60887760636345 ], [ -82.648993008353216, 28.613042601082761 ], [ -82.647878718475852, 28.625543228443139 ], [ -82.651495205424723, 28.635819242499899 ], [ -82.652044728372374, 28.640820278886437 ], [ -82.649817257530856, 28.643318717515918 ], [ -82.639821925711175, 28.641651567394277 ], [ -82.636770296000634, 28.645264281511174 ], [ -82.640112351260797, 28.65526216549712 ], [ -82.644826937885696, 28.663596357210146 ], [ -82.644277147144876, 28.669707377423322 ], [ -82.633992789215313, 28.680815062476253 ], [ -82.628987561093524, 28.690260145872045 ], [ -82.628422830327381, 28.696649132341701 ], [ -82.630376810272338, 28.701924929226983 ], [ -82.636770261484727, 28.709980782005669 ], [ -82.637884142374361, 28.714982063152071 ], [ -82.640111533690018, 28.719425440591635 ], [ -82.639822094156074, 28.725814729230791 ], [ -82.634832246399043, 28.745257414925327 ], [ -82.63538180148754, 28.751093567563686 ], [ -82.637883773348875, 28.754149179993981 ], [ -82.645376550242915, 28.751925438475844 ], [ -82.651770179449244, 28.751650701768217 ], [ -82.655095948703902, 28.754149321273101 ], [ -82.656210278712578, 28.757204375830877 ], [ -82.65260856507777, 28.762758621129347 ], [ -82.653997069263838, 28.76803796322298 ], [ -82.659552654365726, 28.77525879280044 ], [ -82.663717992854941, 28.778592456276257 ], [ -82.670660677523415, 28.786092156460953 ], [ -82.676214830685154, 28.793312995075031 ], [ -82.680656274571035, 28.802479426848169 ], [ -82.678992165867314, 28.807201396035612 ], [ -82.67426231442569, 28.811367093350018 ], [ -82.661491104802209, 28.814701512359239 ], [ -82.653998597046595, 28.813590966777692 ], [ -82.646491274911483, 28.806644866857049 ], [ -82.644828021679118, 28.80358940295628 ], [ -82.643164308849904, 28.799981060705939 ], [ -82.641211311913708, 28.790536120799874 ], [ -82.638998294973106, 28.785813758609962 ], [ -82.637884680081996, 28.780812927243005 ], [ -82.63344369184793, 28.778592615740855 ], [ -82.630376530364913, 28.78164815644628 ], [ -82.629812392118794, 28.785813892046352 ], [ -82.632589555537706, 28.793313369683585 ], [ -82.635946542379358, 28.79720399635978 ], [ -82.637884269380834, 28.806644738154965 ], [ -82.641501061696246, 28.816368074295482 ], [ -82.640936164549473, 28.826087440445068 ], [ -82.634268392978385, 28.834700893412663 ], [ -82.627874859678272, 28.847201200043443 ], [ -82.626761181403239, 28.852477124155225 ], [ -82.625922415295776, 28.864977421799281 ], [ -82.625922873569777, 28.870531059275965 ], [ -82.627310423068096, 28.876363562039661 ], [ -82.630927110927388, 28.885251497100935 ], [ -82.633994742884141, 28.889420628178023 ], [ -82.638999594785886, 28.893029102118199 ], [ -82.649818072364496, 28.897472862826994 ], [ -82.662330809254996, 28.901085206489082 ], [ -82.677040402502215, 28.904140868100853 ], [ -82.682884940355393, 28.906360713515451 ], [ -82.687874934330736, 28.909415943193672 ], [ -82.690927060334687, 28.913307086795886 ], [ -82.694543667381396, 28.921637882269749 ], [ -82.697870106600718, 28.925807332645217 ], [ -82.710108390598847, 28.936083303577998 ], [ -82.716486881378074, 28.94274713018466 ], [ -82.725932110918166, 28.954694403339431 ], [ -82.728709401604235, 28.959412735985897 ], [ -82.731211874769727, 28.963860824288545 ], [ -82.733988786363071, 28.972748642721758 ], [ -82.733150247788913, 28.976913811499806 ], [ -82.729823321051242, 28.981357965571799 ], [ -82.725108946548502, 28.992469621071919 ], [ -82.726771745185317, 28.996913663945648 ], [ -82.73232626339221, 28.996356444353196 ], [ -82.737606355955023, 28.994411040365605 ], [ -82.742885047413239, 28.994689675477769 ], [ -82.748165701860216, 28.997466341526849 ], [ -82.750942093667931, 29.001361145618244 ], [ -82.750668649353017, 29.007750809389673 ], [ -82.748989089342032, 29.011080945873015 ], [ -82.747600791737455, 29.017748788594645 ], [ -82.744824494632311, 29.023581397441809 ], [ -82.743710762353686, 29.029692442986434 ], [ -82.744549760205288, 29.033857640003074 ], [ -82.746777086649487, 29.038580285482258 ], [ -82.749264935055294, 29.052190566874671 ], [ -82.744825573676749, 29.061356985939547 ], [ -82.74537491467872, 29.066358084534709 ], [ -82.749830681093485, 29.068578006173379 ], [ -82.755399390710281, 29.068577768337416 ], [ -82.762342980289588, 29.070523490243374 ], [ -82.769286770343854, 29.070801627635372 ], [ -82.774275982671838, 29.073857369179322 ], [ -82.775116110332405, 29.083855064659151 ], [ -82.780395408342542, 29.086632027731646 ], [ -82.787887578770665, 29.087745729227404 ], [ -82.793167638995399, 29.089413012301435 ], [ -82.795105586278211, 29.092468546476198 ], [ -82.79567014413982, 29.096912557131976 ], [ -82.79455650591693, 29.103023259461647 ], [ -82.791214318581552, 29.106631979990876 ], [ -82.777892900490926, 29.113578317075721 ], [ -82.77539140903076, 29.117465667776127 ], [ -82.779556591949287, 29.120799605958023 ], [ -82.796495539071344, 29.1269102649999 ], [ -82.798722870974203, 29.131632385630191 ], [ -82.802889411539297, 29.149687304438853 ], [ -82.802614564569552, 29.155241112689698 ], [ -82.799822981465397, 29.160520364707519 ], [ -82.797884279712875, 29.16635276998035 ], [ -82.80011256397421, 29.17107552486344 ], [ -82.801775555580974, 29.169961345830753 ], [ -82.803438807259695, 29.170239737707433 ], [ -82.809267906895471, 29.168298124785647 ], [ -82.82095619172776, 29.163018907220202 ], [ -82.826786050577468, 29.161351725492853 ], [ -82.831791435787167, 29.164128848099516 ], [ -82.838169257574236, 29.171628483328664 ], [ -82.842335298785088, 29.174962440976167 ], [ -82.84734016577849, 29.177185875791785 ], [ -82.863164819977627, 29.166352885799071 ], [ -82.868169246978312, 29.164407143731317 ], [ -82.873997954395023, 29.163296867982957 ], [ -82.881780341182662, 29.164406969361469 ], [ -82.888449602353944, 29.166352584488692 ], [ -82.906227198089596, 29.173294729877156 ], [ -82.919837569148328, 29.176906981195213 ], [ -82.923454831284047, 29.178295742465114 ], [ -82.926780775568943, 29.180793958758453 ], [ -82.932899956494396, 29.183017609501107 ], [ -82.944283872279556, 29.180794144855533 ], [ -82.948724896746043, 29.182182360660157 ], [ -82.954018962126298, 29.185237590872582 ], [ -82.959283528283933, 29.186626156110844 ], [ -82.96567808098645, 29.186351461319585 ], [ -82.97594717504272, 29.182460651304666 ], [ -82.981791246673154, 29.181071939655585 ], [ -82.98539312682513, 29.178852049320938 ], [ -82.997065715852983, 29.168850411508828 ], [ -83.005122422901621, 29.164684813771334 ], [ -83.010967014148591, 29.166908435486768 ], [ -83.01485794978349, 29.170238754908837 ], [ -83.040127771090411, 29.17634924967907 ], [ -83.045118045460129, 29.179405240323263 ], [ -83.049008892568452, 29.183295574836951 ], [ -83.048734679866996, 29.188849915424157 ], [ -83.042905501148738, 29.197184504840553 ], [ -83.04318032263437, 29.200514737403015 ], [ -83.046232367681668, 29.204684219899917 ], [ -83.051512007597665, 29.204958583502631 ], [ -83.057066553271582, 29.202738783173114 ], [ -83.063734074601513, 29.203848262221076 ], [ -83.06791565822023, 29.2066254222939 ], [ -83.072630786198985, 29.215791998704919 ], [ -83.073745027141058, 29.221624311382129 ], [ -83.071516889158886, 29.224680004855355 ], [ -83.066237563372496, 29.226625564185188 ], [ -83.063459895319539, 29.231904920473216 ], [ -83.065124214574055, 29.236901822894854 ], [ -83.070402951651772, 29.245515282225973 ], [ -83.073745471423109, 29.255795277177047 ], [ -83.076248024802524, 29.259682269908403 ], [ -83.089569341043969, 29.269406009431385 ], [ -83.100128808169913, 29.274681478927082 ], [ -83.117905407079618, 29.281627668101663 ], [ -83.131517912876845, 29.285236210650879 ], [ -83.148470594788947, 29.292182313362215 ], [ -83.152636037214648, 29.295516463503947 ], [ -83.154025238876315, 29.301348703580388 ], [ -83.154025002167458, 29.303569014137459 ], [ -83.157625686177354, 29.306071395506315 ], [ -83.16012872243823, 29.309401446006945 ], [ -83.160129030233861, 29.314123825112873 ], [ -83.157351951839175, 29.319403085333786 ], [ -83.154025369624122, 29.323568653619724 ], [ -83.154574739204421, 29.328013118324332 ], [ -83.166506728081046, 29.343846820177514 ], [ -83.176243270690591, 29.346067227522806 ], [ -83.178730210164844, 29.350511211676107 ], [ -83.176242307628428, 29.359399064705855 ], [ -83.178180903079991, 29.363847066158261 ], [ -83.186512437486272, 29.370789538301132 ], [ -83.20013958276391, 29.379120452303454 ], [ -83.201801848912893, 29.389953826866982 ], [ -83.205129396055753, 29.393287884623881 ], [ -83.210133580605188, 29.396064849164009 ], [ -83.212071564996677, 29.406898259663194 ], [ -83.214025031550364, 29.411899130440933 ], [ -83.222357306789121, 29.423006997320797 ], [ -83.236791638554749, 29.430231350050367 ], [ -83.240683615644215, 29.433008414947206 ], [ -83.24680248016189, 29.435228526105217 ], [ -83.254584837445208, 29.436617051187213 ], [ -83.271521912001148, 29.431619524528671 ], [ -83.276802204475175, 29.433565373257146 ], [ -83.284858576875124, 29.441339452652951 ], [ -83.293190130990126, 29.447449947537628 ], [ -83.300408601238217, 29.454949512299248 ], [ -83.311516762550355, 29.46994828310083 ], [ -83.315133627587912, 29.47245060378048 ], [ -83.321801834364692, 29.474117487694564 ], [ -83.327645785405053, 29.476616256874163 ], [ -83.331812124583891, 29.479949871891325 ], [ -83.341531565622446, 29.494670344941557 ], [ -83.344859120413261, 29.498836111856928 ], [ -83.352076220525561, 29.505507506079031 ], [ -83.357630194130024, 29.505507496017945 ], [ -83.361521187281411, 29.503283447222401 ], [ -83.367351240268306, 29.50217353286892 ], [ -83.370692249284389, 29.504950087634381 ], [ -83.374293295293938, 29.514394881691935 ], [ -83.377636062907527, 29.518560952494909 ], [ -83.389309045995432, 29.519674424680051 ], [ -83.39458810493673, 29.521062964209754 ], [ -83.39791478807993, 29.524949872780148 ], [ -83.399593198464885, 29.528283779894654 ], [ -83.398479559731996, 29.532727720701281 ], [ -83.396526724781666, 29.53522626564348 ], [ -83.395413248083202, 29.540784432672158 ], [ -83.402355660047206, 29.553006042900176 ], [ -83.400692258926171, 29.566059412451107 ], [ -83.402920681713425, 29.570503441133681 ], [ -83.407360815663353, 29.576057505600723 ], [ -83.405133454176521, 29.579113284350992 ], [ -83.403744932816025, 29.583282496622939 ], [ -83.392087122937212, 29.593280508333606 ], [ -83.39097337696812, 29.598559861444901 ], [ -83.39681703155135, 29.609389651769408 ], [ -83.397915591856545, 29.614390286141948 ], [ -83.398480890634445, 29.620222711512973 ], [ -83.395138542482783, 29.632723225415713 ], [ -83.394314736116996, 29.645223889378407 ], [ -83.395703843373383, 29.650499037476344 ], [ -83.397915915671859, 29.654942999767517 ], [ -83.400968425553259, 29.658834136395722 ], [ -83.405134475945076, 29.662167765420865 ], [ -83.41013840908191, 29.665776586828745 ], [ -83.415144355911139, 29.668000185776897 ], [ -83.421521906696711, 29.669110317379992 ], [ -83.427916613246595, 29.668553192980802 ], [ -83.466811467099049, 29.680774817478948 ], [ -83.476257582750193, 29.687164171750702 ], [ -83.486801902579685, 29.698554390236623 ], [ -83.494019322667583, 29.706053609520119 ], [ -83.498749795258334, 29.708830916055199 ], [ -83.509309511737399, 29.713274954893738 ], [ -83.523760034858228, 29.716051712027259 ], [ -83.534028826402505, 29.721052418115683 ], [ -83.539034526811051, 29.724660779354753 ], [ -83.553194865522016, 29.737996354701384 ], [ -83.568484930623782, 29.757164680437729 ], [ -83.572651082608459, 29.756885754833739 ], [ -83.576266986660727, 29.758274316412521 ], [ -83.578479173933047, 29.762718320023765 ], [ -83.579319330118551, 29.767162502848297 ], [ -83.57848015028506, 29.778831211029818 ], [ -83.579593874004743, 29.794383240947099 ], [ -83.582096119345479, 29.804384978259339 ], [ -83.585422800314348, 29.811884156790388 ], [ -83.598211333516517, 29.827715209784827 ], [ -83.612371031207644, 29.836881275445741 ], [ -83.614874104985248, 29.841603653395797 ], [ -83.619025340851223, 29.856880937789146 ], [ -83.625967463552456, 29.869659434252135 ], [ -83.629309572466752, 29.873546972072337 ], [ -83.635992714725646, 29.880214624302351 ], [ -83.640983758600228, 29.88299160153262 ], [ -83.669319481022626, 29.90632127526569 ], [ -83.675697894831245, 29.914098875290499 ], [ -83.677926882489189, 29.918542950505479 ], [ -83.681253049191611, 29.922712470543811 ], [ -83.686258290329349, 29.925489394809119 ], [ -83.692926305891362, 29.92715628123533 ], [ -83.710993387429482, 29.934098434181582 ], [ -83.730983483951817, 29.946041913052476 ], [ -83.737650824554834, 29.952709675156381 ], [ -83.742641117112072, 29.956318367987876 ], [ -83.747920671333475, 29.957710151519606 ], [ -83.753764795350818, 29.956596285577305 ], [ -83.763775076168585, 29.9621542575196 ], [ -83.767940826347427, 29.965762483613826 ], [ -83.774594819057029, 29.973540551555772 ], [ -83.775708101178409, 29.978541368930571 ], [ -83.781263304814303, 29.987150956331639 ], [ -83.78709216160405, 29.98715113681687 ], [ -83.790707917344577, 29.976596177800722 ], [ -83.793485230062501, 29.973540630631067 ], [ -83.816542066140769, 29.983263726297885 ], [ -83.824324303829542, 29.9846522168333 ], [ -83.844604078039495, 29.996038339674072 ], [ -83.851272927133209, 30.003820351879529 ], [ -83.855438918709169, 30.007154022553188 ], [ -83.870148635934513, 30.00882097757626 ], [ -83.882096213789481, 30.013264482242032 ], [ -83.896272593643573, 30.022431352066626 ], [ -83.908769752494621, 30.032707870884064 ], [ -83.937382052919205, 30.050761938985929 ], [ -83.95460971417566, 30.063819175918077 ], [ -83.95988979116899, 30.066596377857593 ], [ -83.966542093093025, 30.068263461056318 ], [ -83.967381876667432, 30.069094755632808 ], [ -83.973774862543067, 30.069373147607322 ], [ -83.979879391050815, 30.071593101620277 ], [ -83.989873556811119, 30.077429379694408 ], [ -83.995718501984328, 30.079649771443805 ], [ -83.999319276403639, 30.082148322044315 ], [ -84.000998487354423, 30.086592148147815 ], [ -84.001562412575652, 30.091593119909017 ], [ -84.004889483666489, 30.095484219345998 ], [ -84.016837524116312, 30.100206289938523 ], [ -84.031562738431518, 30.101594726558936 ], [ -84.051278442516605, 30.101037744981536 ], [ -84.057107448844206, 30.099649160576885 ], [ -84.073221216860588, 30.094369386714263 ], [ -84.081568078591374, 30.089372370104428 ], [ -84.085717986111334, 30.087983208905268 ], [ -84.092112718492629, 30.087426603911368 ], [ -84.100168552002444, 30.087983490741617 ], [ -84.112101835758168, 30.09187023645255 ], [ -84.119884209577975, 30.092980337173763 ], [ -84.126552609845646, 30.092701815298881 ], [ -84.13238176863095, 30.091313393221633 ], [ -84.137950975170412, 30.088536044342835 ], [ -84.14156752888897, 30.085758829901707 ], [ -84.148785831673337, 30.077702515273046 ], [ -84.154065323778369, 30.075760663468447 ], [ -84.171552672205536, 30.071869715854895 ], [ -84.178496011694008, 30.07242676901101 ], [ -84.18295142531349, 30.074371875989094 ], [ -84.183211103892887, 30.086037131810695 ], [ -84.184615211343441, 30.091312602005647 ], [ -84.203505881033465, 30.106036613455728 ], [ -84.207397294329098, 30.10575846753013 ], [ -84.212112507374414, 30.102981134372904 ], [ -84.216293501393764, 30.098537160717672 ], [ -84.221832471970657, 30.089645085103712 ], [ -84.230728290625208, 30.084090957125238 ], [ -84.238221416431188, 30.084369186535344 ], [ -84.242951734861506, 30.087146445089274 ], [ -84.242951690284627, 30.093535814627487 ], [ -84.246003138205523, 30.097423216621031 ], [ -84.252397016606707, 30.098258182738686 ], [ -84.25879076012545, 30.097979467976057 ], [ -84.269625287688129, 30.095202752831302 ], [ -84.274339804850896, 30.09186852290761 ], [ -84.276568172673706, 30.088534592463372 ], [ -84.27711671469369, 30.08103495365491 ], [ -84.279894561565172, 30.067424178753811 ], [ -84.282121949923109, 30.063815866494437 ], [ -84.292666128449213, 30.059093151122003 ], [ -84.29878571946692, 30.057704256137612 ], [ -84.304889360221765, 30.05853597307518 ], [ -84.315173292164303, 30.064368091663052 ], [ -84.317402255112228, 30.067423712522988 ], [ -84.321842108663446, 30.070200960196342 ], [ -84.329074903276251, 30.07103641374103 ], [ -84.332676751315446, 30.068259351209182 ], [ -84.339618644523597, 30.060759620264783 ], [ -84.34988864194446, 30.056868272942598 ], [ -84.359899087236428, 30.051867402391441 ], [ -84.363789443125285, 30.048258327567606 ], [ -84.366268975935242, 30.043303912055933 ], [ -84.36957555715658, 30.046809692796625 ], [ -84.400300735596957, 30.050084916057642 ], [ -84.473969585789746, 30.060867346814483 ], [ -84.548880387783143, 30.062832751018888 ], [ -84.688202799599793, 30.068484914343287 ], [ -84.769063554372266, 30.076845018967738 ], [ -84.822183617853483, 30.088232240263515 ], [ -84.859850188082191, 30.112834992020971 ], [ -84.918960074484673, 30.130709381515079 ], [ -84.963983534402701, 30.126381052320504 ], [ -85.007826664362369, 30.130805945457084 ], [ -85.066590800013017, 30.151524067155346 ], [ -85.120845543688901, 30.180645520338107 ], [ -85.194627557845095, 30.217591330171327 ], [ -85.270391425285695, 30.239864316250355 ], [ -85.349577366251495, 30.262413662487631 ], [ -85.414905864924336, 30.286521705102469 ], [ -85.498689249814532, 30.327159860505407 ], [ -85.571999401944169, 30.343047105236874 ], [ -85.690815360449534, 30.3513359817508 ], [ -85.765647650794648, 30.35539394786699 ], [ -85.826581945872888, 30.361069486336596 ], [ -85.868783646791741, 30.37977385549183 ], [ -85.930968726313495, 30.403255303666061 ], [ -85.999251081626795, 30.433169133112017 ], [ -86.060802145714263, 30.462424806714743 ], [ -86.12472781106527, 30.500725346409016 ], [ -86.194567816955825, 30.518811190239468 ], [ -86.236971678017923, 30.529874272335974 ], [ -86.259682577130647, 30.531890169046758 ], [ -86.301530372516098, 30.53841819144429 ], [ -86.348883444540448, 30.553890488137068 ], [ -86.420293372161467, 30.560137491304392 ], [ -86.506978745128663, 30.547880757695033 ], [ -86.604689555959823, 30.553450361148769 ], [ -86.718330842411618, 30.563102686416578 ], [ -86.896340722634449, 30.583630345965194 ], [ -86.994899241599896, 30.611506969468415 ], [ -87.069538449885741, 30.648643267450957 ], [ -87.112931526051, 30.671913814435257 ], [ -87.168758746152605, 30.701806495474603 ], [ -87.234092815142148, 30.73524408658874 ], [ -87.278478055250247, 30.750051348567254 ], [ -87.314301703073738, 30.752878207313181 ], [ -87.375295536282778, 30.7661286412187 ], [ -87.406394863332096, 30.782662310089126 ], [ -87.417067406170631, 30.806062776787925 ], [ -87.430711541206662, 30.832512295431062 ], [ -87.461259682567359, 30.85462440672277 ], [ -87.468107698726158, 30.883360196893264 ], [ -87.462494135396227, 30.905491117022372 ], [ -87.464287858545816, 30.919731830668351 ], [ -87.479140418739249, 30.934978937879361 ], [ -87.485708130148268, 30.966506599871934 ], [ -87.501203677498722, 31.007176583559499 ], [ -87.508209389174155, 31.015778417128725 ], [ -87.542517654945073, 31.069661688174204 ], [ -87.578045246395789, 31.112229435887947 ], [ -87.627421243289831, 31.15013109053632 ], [ -87.658158557305711, 31.175219724440375 ], [ -87.70703073979891, 31.218730611572941 ], [ -87.762577764406899, 31.262707342308389 ], [ -87.804358777352689, 31.311325418489304 ], [ -87.862298637169886, 31.332651583072231 ], [ -87.901508479856588, 31.34120268171937 ], [ -87.989386892111767, 31.330494644409026 ], [ -88.052948387070956, 31.295224836058971 ], [ -88.075599813757066, 31.268391863150388 ], [ -88.15675227293967, 31.257077639780693 ], [ -88.237881948973779, 31.245704582111447 ], [ -88.302343055151567, 31.198984379997192 ], [ -88.365132269863722, 31.169182547749923 ], [ -88.442163336849987, 31.12893729814898 ], [ -88.504847672390611, 31.099051713385819 ], [ -88.588872616752113, 31.053490299056467 ], [ -88.666195795594746, 31.00742374632641 ], [ -88.771357946743507, 30.94605432511419 ], [ -88.848971936021798, 30.894191522632632 ], [ -88.905715266753717, 30.852319762548518 ], [ -88.961421987395354, 30.821735387254467 ], [ -89.029785660001764, 30.797614154300945 ], [ -89.15647676318568, 30.788461374403781 ], [ -89.229934883360784, 30.781606017120197 ], [ -89.296788619227726, 30.77430267857455 ], [ -89.351370673180668, 30.754841170219287 ], [ -89.394124811515582, 30.717575644593726 ], [ -89.489970892191991, 30.6777482677753 ], [ -89.531724632098502, 30.65175183395721 ], [ -89.607687068730868, 30.610656989458345 ], [ -89.66164692359628, 30.596701256767695 ], [ -89.715152569644943, 30.588384639945417 ], [ -89.827853224200936, 30.583374630008173 ], [ -89.876027932343291, 30.557611640549339 ], [ -89.938581684446646, 30.515549045143992 ], [ -90.000241084750385, 30.484783526489625 ], [ -90.104535849074409, 30.410749853195977 ], [ -90.184137308775561, 30.403608087254188 ], [ -90.303119312663526, 30.398457585682323 ], [ -90.409340643733884, 30.386840462631941 ], [ -90.522475551737159, 30.369776464882662 ], [ -90.647580131119938, 30.3702513779625 ], [ -90.761366403348831, 30.341596797928005 ], [ -90.860530227971239, 30.334901860355931 ], [ -90.965544760546521, 30.339764993486327 ], [ -91.010112609196668, 30.364553822706796 ], [ -91.059224975610505, 30.423654747309801 ], [ -91.107391627262459, 30.499741651458077 ], [ -91.156319188348562, 30.564453011073375 ], [ -91.186228595250753, 30.616932414393506 ], [ -91.242210962258085, 30.676207194797506 ], [ -91.299906923431493, 30.707098264508005 ], [ -91.336883798037206, 30.754132013267924 ], [ -91.373259706550471, 30.812486498007779 ], [ -91.434531921890098, 30.90025506415331 ], [ -91.477343713740723, 30.96449738652078 ], [ -91.507293785974625, 31.022512715923369 ], [ -91.543911729984899, 31.080780503786279 ], [ -91.533858892215207, 31.142838609745986 ], [ -91.484924017282879, 31.186283866827345 ], [ -91.467856804582652, 31.253717799567326 ], [ -91.442521669257658, 31.349184572658064 ], [ -91.419052912996989, 31.41065530991045 ], [ -91.401238410678417, 31.489373014838542 ], [ -91.357055047430904, 31.56131198171758 ], [ -91.326461882445017, 31.628121602856595 ], [ -91.296479228837043, 31.683597382679313 ], [ -91.26044331348146, 31.727460046123042 ], [ -91.237395868210982, 31.777533591715269 ], [ -91.219322868597331, 31.856167325128805 ], [ -91.193841982010824, 31.945812827249565 ], [ -91.117093355987535, 31.993538769354686 ], [ -91.056102731734626, 32.002214864197029 ], [ -90.955253627894194, 32.003407828793677 ], [ -90.859650643582256, 32.027433092809666 ], [ -90.802740901072966, 32.075853536769891 ], [ -90.756586671470643, 32.164434286955299 ], [ -90.754769388669615, 32.294735396334453 ], [ -90.708434530948864, 32.383262666402118 ], [ -90.669491407066928, 32.460776907649873 ], [ -90.624874374080193, 32.521002774403385 ], [ -90.563991251406023, 32.620093054423243 ], [ -90.495596225560732, 32.696338918946644 ], [ -90.397742792456611, 32.781826556046916 ], [ -90.32729195762046, 32.859571769939031 ], [ -90.305288317552566, 32.939702151791515 ], [ -90.26227841582255, 33.009742183971881 ], [ -90.228033275014411, 33.107275692848326 ], [ -90.207842244706455, 33.160390693147399 ], [ -90.160540807152671, 33.212118793834222 ], [ -90.122675201949463, 33.282354481932764 ], [ -90.035197310608552, 33.431187527092355 ], [ -90.008329245841495, 33.497435581533693 ], [ -89.994295552291675, 33.609435246706987 ], [ -89.990779270945694, 33.726475193376139 ], [ -90.003001033943391, 33.781208897061937 ], [ -90.028870242545494, 33.87270290206645 ], [ -90.035332252020041, 33.931629488587518 ], [ -90.038368231921567, 34.03543899091369 ], [ -90.036964366326956, 34.125488555815096 ], [ -90.030071130506741, 34.21524596879879 ], [ -90.006684683929748, 34.304143524947364 ], [ -90.000434958984684, 34.384905855567098 ], [ -90.023770383153789, 34.440158719531773 ], [ -90.059529670415358, 34.478020823951134 ], [ -90.105655246643138, 34.52540010232304 ], [ -90.123596294215048, 34.580345226135648 ], [ -90.129165928102239, 34.652672362540855 ], [ -90.133038991444977, 34.747419389159461 ], [ -90.131390119222729, 34.841879220636116 ], [ -90.107929929104088, 34.930733583803956 ], [ -90.083019153093232, 34.965489774520819 ], [ -90.062241286721033, 35.018455121726809 ], [ -90.08095796016967, 35.064411264005905 ], [ -90.08859666631956, 35.109804420887528 ], [ -90.040711320267562, 35.152392714248684 ], [ -90.030967007484222, 35.205905520333566 ], [ -90.060831570043973, 35.252419987594884 ], [ -90.090732817210949, 35.298924553696715 ], [ -90.11022646070036, 35.335898986919446 ], [ -90.094243650243342, 35.398093900270545 ], [ -90.064297675198119, 35.423587911502715 ], [ -90.002645851670721, 35.424970310839079 ], [ -89.993545898756963, 35.469503231268945 ], [ -89.973631502177042, 35.508984043648908 ], [ -89.927574409180394, 35.524623588715208 ], [ -89.890145066416267, 35.572188999590551 ], [ -89.874293737504402, 35.629860491280731 ], [ -89.888177154074484, 35.666571269861585 ], [ -89.914335541826802, 35.690413628837391 ], [ -89.900636132172806, 35.721201011891715 ], [ -89.848477846722318, 35.740999654225938 ], [ -89.795194474310279, 35.77421445253637 ], [ -89.740387560879256, 35.825322748680115 ], [ -89.713159464872234, 35.88236932650522 ], [ -89.682895084150417, 35.907756583437632 ], [ -89.684023893211332, 35.961801496717733 ], [ -89.685901548194366, 36.006887087938289 ], [ -89.654451562496021, 36.045700266827303 ], [ -89.617727793706095, 36.079724726167463 ], [ -89.626324702237312, 36.111674202186222 ], [ -89.693790500674979, 36.115264691290243 ], [ -89.784123261651814, 36.115513634817319 ], [ -89.858315226449676, 36.105867786755553 ], [ -89.938110315809979, 36.096461589462358 ], [ -90.0126186026163, 36.082240451435887 ], [ -90.084646748190579, 36.09933009622268 ], [ -90.11241223501672, 36.105202331323518 ], [ -90.163715166556315, 36.098732608913032 ], [ -90.222342887173212, 36.070113984402738 ], [ -90.261011667657769, 36.080976762779073 ], [ -90.305989041472884, 36.083135408243422 ], [ -90.323528751673422, 36.074979785311172 ], [ -90.3486938312397, 36.040206060195167 ], [ -90.406213610423436, 36.024937443079338 ], [ -90.430006211394286, 36.008068741487513 ], [ -90.443871038113556, 35.972746734493015 ], [ -90.452766984190802, 35.928197601135487 ], [ -90.466606551645043, 35.892870819991117 ], [ -90.5084651572963, 35.858841131733008 ], [ -90.518280556864113, 35.800838496135746 ], [ -90.524420137277872, 35.715681328641004 ], [ -90.540117706199837, 35.6534460273338 ], [ -90.595037430427467, 35.512050402754362 ], [ -90.606009743368205, 35.436090183279774 ], [ -90.612022373750492, 35.350902010318578 ], [ -90.630092658598556, 35.25276244354567 ], [ -90.652733158587068, 35.168317154899384 ], [ -90.730516007003558, 35.00986177373175 ], [ -90.761608688575834, 34.961760273552471 ], [ -90.782802932826016, 34.89521094559052 ], [ -90.765844419019203, 34.817954969335055 ], [ -90.695206093742641, 34.715761276252636 ], [ -90.660577911069183, 34.655670203593644 ], [ -90.627252038844901, 34.577615797649109 ], [ -90.638371608787708, 34.497092787056509 ], [ -90.674510727764741, 34.453728422514267 ], [ -90.735681085791711, 34.447505053840757 ], [ -90.768105088964191, 34.45796996449765 ], [ -90.820762653911814, 34.496337393731864 ], [ -90.851724309741073, 34.529219806258922 ], [ -90.893739536704757, 34.562576083631548 ], [ -90.910871487719831, 34.554322621297487 ], [ -90.93586476627361, 34.510398654122426 ], [ -90.955906913362185, 34.457251352216687 ], [ -90.937110675290214, 34.406917103258039 ], [ -90.940042411988188, 34.362025226175824 ], [ -90.960918167942893, 34.295398885858312 ], [ -90.99649373103658, 34.256414574423687 ], [ -91.054564358221512, 34.209374080824155 ], [ -91.06290728223307, 34.16470220722772 ], [ -91.065187972445841, 34.128775888985778 ], [ -91.094871677431584, 34.094010869629869 ], [ -91.178012093331233, 33.993924865814023 ], [ -91.240166045106989, 33.874898278128668 ], [ -91.261201859564693, 33.799191820093803 ], [ -91.314393526206345, 33.733796478745901 ], [ -91.322806321740629, 33.684585441828844 ], [ -91.294141429607294, 33.615840072392658 ], [ -91.276684459577069, 33.543033925876394 ], [ -91.274762351873534, 33.484375575670875 ], [ -91.278818621094302, 33.416944613433202 ], [ -91.283137632210369, 33.345010997150631 ], [ -91.282293639930117, 33.268349958380533 ], [ -91.286332364596035, 33.200897892332918 ], [ -91.279615705053587, 33.160571102287356 ], [ -91.284848817063988, 33.152863103659655 ], [ -91.289806876547587, 33.069859143638027 ], [ -91.298799006067824, 32.99890020162178 ], [ -91.299222175701487, 32.911727535654023 ], [ -91.293729538331831, 32.844118400381539 ], [ -91.288716705461709, 32.768592514942789 ], [ -91.287741033752539, 32.705118993011595 ], [ -91.286297429467083, 32.64954999417867 ], [ -91.294542999831251, 32.590413016701504 ], [ -91.325925137048785, 32.540157786254731 ], [ -91.372578858236935, 32.470686398010464 ], [ -91.395804399462179, 32.396273581165566 ], [ -91.415185633606683, 32.305824374344155 ], [ -91.420410115991686, 32.214785961180077 ], [ -91.412434054967619, 32.107323158628667 ], [ -91.415156157256376, 32.059810145721457 ], [ -91.411664448046494, 31.956469475312396 ], [ -91.438713903088839, 31.894054765138758 ], [ -91.47731540093757, 31.792389833766393 ], [ -91.499804715629679, 31.725790565506927 ], [ -91.602421454211949, 31.563064560152387 ], [ -91.676885019535476, 31.482553809992712 ], [ -91.739733758272976, 31.353865188057878 ], [ -91.791027821720505, 31.264421686046848 ], [ -91.822199576857813, 31.202009698857065 ], [ -91.840614539850847, 31.115255968321733 ], [ -91.84568924659672, 31.016059234787139 ], [ -91.83304297540478, 30.900271453855321 ], [ -91.813569317079953, 30.827948432890476 ], [ -91.799568364746563, 30.739905915740849 ], [ -91.77801090721573, 30.619723795104463 ], [ -91.755075053204919, 30.527312692982058 ], [ -91.732603775642403, 30.426932556187396 ], [ -91.726505463384044, 30.366978087975927 ], [ -91.69221858982543, 30.317859025916995 ], [ -91.649628074421216, 30.252463437238703 ], [ -91.635902997844596, 30.164292535104821 ], [ -91.597595711013639, 30.106988356142843 ], [ -91.596200693403688, 30.047168867848445 ], [ -91.621217095383216, 30.00832688552628 ], [ -91.709041747843017, 29.995870173407386 ], [ -91.75420948181241, 30.00958743091995 ], [ -91.803770363595675, 30.027438062793752 ], [ -91.863513206796881, 30.025729801811789 ], [ -91.925278547782369, 30.075854399001269 ], [ -91.968580643275089, 30.1292408940995 ], [ -92.00044095149444, 30.229973124564022 ], [ -92.027205093083964, 30.342430591529926 ], [ -92.054616582184451, 30.442934289618805 ], [ -92.047138148084983, 30.50236532380066 ], [ -92.031198280879693, 30.545567653054672 ], [ -92.023693461853028, 30.604984667475748 ], [ -92.052724778047391, 30.673663693811623 ], [ -92.082567508413504, 30.726441124360218 ], [ -92.135376739656735, 30.783985105196084 ], [ -92.213607078756255, 30.794645615449163 ], [ -92.261122370910655, 30.768423230003858 ], [ -92.328164721737352, 30.71896597315223 ], [ -92.371863069122142, 30.672678890124025 ], [ -92.402366487621308, 30.6100297499001 ], [ -92.460314560207166, 30.552229082272305 ], [ -92.526722009810129, 30.510576507768338 ], [ -92.593557629035772, 30.456957779004281 ], [ -92.660305734144131, 30.403292740331523 ], [ -92.731566377638941, 30.349718050471733 ], [ -92.802423926912411, 30.304042521676557 ], [ -92.928343414616563, 30.259873530755566 ], [ -93.02642731170458, 30.218788740594825 ], [ -93.114812472114409, 30.189302757235051 ], [ -93.165456072510409, 30.186642500720929 ], [ -93.26633722353651, 30.193183712489528 ], [ -93.395166495941467, 30.188358054296828 ], [ -93.459575552551755, 30.185888445654513 ], [ -93.57966786144631, 30.164722708777504 ], [ -93.663433049643317, 30.126734963618677 ], [ -93.760989385788136, 30.084983371646913 ], [ -93.825727304415594, 30.066383214220036 ], [ -93.862412483328782, 30.067105757071001 ], [ -93.894106013645299, 30.083643783636241 ], [ -93.957728597410608, 30.108733130313642 ], [ -93.999118575704983, 30.10551660662555 ], [ -94.036107167236068, 30.094244368843601 ], [ -94.064285793789395, 30.066880943030757 ], [ -94.119952324257326, 30.039984817489287 ], [ -94.166151239998641, 30.024844598403607 ], [ -94.191187460324329, 30.019277766500551 ], [ -94.227428710493982, 30.007372853441112 ], [ -94.284977146867078, 30.008290265748389 ], [ -94.343028455965339, 29.984187339475316 ], [ -94.372657413169421, 29.94088396763933 ], [ -94.41650373565497, 29.904026334493199 ], [ -94.438883897956529, 29.860592876238609 ], [ -94.483115845427264, 29.79870173597898 ], [ -94.505545737709241, 29.748993153297942 ], [ -94.556181490800796, 29.724664686296048 ], [ -94.613536301150916, 29.725409466808653 ], [ -94.700860018063054, 29.743460538302536 ], [ -94.711859032219749, 29.741807718775057 ], [ -94.711866684039094, 29.741884027423254 ], [ -94.708814836289918, 29.750776263808401 ], [ -94.710203516146663, 29.756329877112588 ], [ -94.712980670043734, 29.760499327060643 ], [ -94.717421136639885, 29.763554910716582 ], [ -94.722975459886555, 29.764386555140607 ], [ -94.734084121687673, 29.762166589009919 ], [ -94.737975242927348, 29.764386497559578 ], [ -94.741027152527167, 29.76883051832062 ], [ -94.741301776200913, 29.773552900335368 ], [ -94.744643648086281, 29.784107739038685 ], [ -94.753814469503482, 29.787998803605149 ], [ -94.765213060467332, 29.784386770845504 ], [ -94.77575726750554, 29.779386072171302 ], [ -94.779923030838191, 29.776052131538414 ], [ -94.819932811902774, 29.764387518730786 ], [ -94.829088345004479, 29.759943539618895 ], [ -94.840761692048332, 29.74938494084363 ], [ -94.850191862507216, 29.736053050741155 ], [ -94.854647543003395, 29.726886870191901 ], [ -94.858248657990728, 29.722164475536292 ], [ -94.875750923976639, 29.681611485246655 ], [ -94.88019128088375, 29.674390466091833 ], [ -94.886600161227307, 29.669110909146362 ], [ -94.896045627255631, 29.663278925296829 ], [ -94.900486108373329, 29.660779976975416 ], [ -94.906315191786319, 29.659113290878359 ], [ -94.919087152221223, 29.656889250060829 ], [ -94.926869407684151, 29.657168125590999 ], [ -94.932423820683894, 29.659387942368742 ], [ -94.938252899306619, 29.667444855635313 ], [ -94.93964158874428, 29.679109549543025 ], [ -94.950765625863482, 29.690779200534838 ], [ -94.953817497237978, 29.694944649569535 ], [ -94.957708634473136, 29.69716838191399 ], [ -94.975211122059761, 29.70272307931549 ], [ -94.991584310883567, 29.709665600518775 ], [ -95.001319748497551, 29.715777146407575 ], [ -95.013267777658641, 29.71772233988823 ], [ -95.017982848617621, 29.71494576329739 ], [ -95.022987854563766, 29.713278520482444 ], [ -95.029381505213181, 29.712721364592763 ], [ -95.051598877586045, 29.721335267163994 ], [ -95.05576469087201, 29.721056978904794 ], [ -95.059640543396839, 29.719111134189692 ], [ -95.062143030051161, 29.717165723699534 ], [ -95.063821528686304, 29.713000419056591 ], [ -95.062707579316637, 29.708834715304405 ], [ -95.059640500278036, 29.704669011495643 ], [ -95.050484900771281, 29.69855811159945 ], [ -95.041039459042366, 29.688002807935359 ], [ -95.031044642984597, 29.68550013996694 ], [ -95.025490324133585, 29.686610535170082 ], [ -95.013267608593836, 29.686610293593354 ], [ -95.002708273092551, 29.682722861172085 ], [ -95.000770336905916, 29.677721726562631 ], [ -95.001044943744432, 29.673834926587737 ], [ -95.004386687263946, 29.669669004502584 ], [ -95.02075984479022, 29.656611645369527 ], [ -95.02410162203158, 29.652724570861164 ], [ -95.026039508652275, 29.64744541311104 ], [ -95.024376175554821, 29.635501780868875 ], [ -95.021324357210815, 29.631336051325778 ], [ -94.997977616217739, 29.616336462026659 ], [ -94.990485296766792, 29.609946923974576 ], [ -94.987418203218382, 29.606334585658274 ], [ -94.984091597927303, 29.597171648714355 ], [ -94.986029536655508, 29.591891932877356 ], [ -95.009376159176739, 29.573559129078753 ], [ -95.016044390645604, 29.565781164780894 ], [ -95.018821631158445, 29.561058418429109 ], [ -95.021324091820176, 29.556335894465764 ], [ -95.021598719768804, 29.549393685985855 ], [ -95.02132401890583, 29.540505093254417 ], [ -95.018546816175657, 29.536061115177972 ], [ -95.011329211591516, 29.528840210062839 ], [ -95.002997653511983, 29.52300346543996 ], [ -94.997427953984811, 29.520782946962196 ], [ -94.992972205569572, 29.517727827814909 ], [ -94.986868500790933, 29.51606065100404 ], [ -94.981314100679057, 29.513004919044931 ], [ -94.974371100114368, 29.51217385022505 ], [ -94.968267332083144, 29.509671049208848 ], [ -94.947972451154641, 29.508282691677252 ], [ -94.926594059195921, 29.505227062966455 ], [ -94.921314366297906, 29.502728588362121 ], [ -94.918537151683452, 29.498559144558367 ], [ -94.919925569128537, 29.489667807018677 ], [ -94.922702766826319, 29.484948940968035 ], [ -94.930194996234633, 29.477724184638653 ], [ -94.939640435989233, 29.472726807081489 ], [ -94.953267009865669, 29.471338635427088 ], [ -94.962147853341122, 29.466059165349744 ], [ -94.962422500018619, 29.462724961501451 ], [ -94.959370574658308, 29.459669636583371 ], [ -94.950489546578325, 29.453836947310275 ], [ -94.947422376036386, 29.449671759753414 ], [ -94.945743722658861, 29.437728114486983 ], [ -94.946857547559148, 29.431617488045056 ], [ -94.948810696261674, 29.427726302693451 ], [ -94.948041237447057, 29.421972216507694 ], [ -94.954460250731145, 29.416472970853949 ], [ -94.99747009802806, 29.404364557024977 ], [ -95.08990962545181, 29.442722606525507 ], [ -95.110611032583577, 29.511712014078832 ], [ -95.138309275530119, 29.599505750367101 ], [ -95.158962480224119, 29.680966218667603 ], [ -95.222107701355426, 29.825232907637584 ], [ -95.264511818669988, 29.90053221117164 ], [ -95.335911377207381, 29.957234743600363 ], [ -95.529478343048595, 30.058212307987905 ], [ -95.658907147722331, 30.096175564258441 ], [ -95.738015021045783, 30.133873109527315 ], [ -95.817264791880731, 30.140280491785088 ], [ -95.939758625863774, 30.15915484836178 ], [ -96.141581031753404, 30.159081198851407 ], [ -96.30006408854554, 30.13377814053516 ], [ -96.408025529200486, 30.108443302773487 ], [ -96.55171768913371, 30.051589156172874 ], [ -96.623324414260452, 30.001220493653694 ], [ -96.723437526682488, 29.93186684252559 ], [ -96.816200614399975, 29.862463985407302 ], [ -96.915707369613557, 29.767907175749322 ], [ -96.972361516538172, 29.704893341088397 ], [ -97.043332993521858, 29.647957243791222 ], [ -97.135766662009388, 29.596998776237978 ], [ -97.206351940009171, 29.527433204431258 ], [ -97.334090529562786, 29.463377997086322 ], [ -97.412279819715792, 29.437361120864971 ], [ -97.483612654532948, 29.430151658584432 ], [ -97.541110520139412, 29.448121477987041 ], [ -97.605176597901604, 29.434677986111179 ], [ -97.712593839663569, 29.445549749422423 ], [ -97.798601734333218, 29.456672632908258 ], [ -97.870057902148844, 29.455464865702478 ], [ -97.934366602732766, 29.454337663719283 ], [ -98.019501425300007, 29.427755887099242 ], [ -98.111405099514329, 29.388455939794788 ], [ -98.196581073246179, 29.367987319175054 ], [ -98.282057719122093, 29.359962173923069 ], [ -98.360736618461331, 29.364536573824509 ], [ -98.375545719461286, 29.382990711866981 ], [ -98.363221863127819, 29.452104895429574 ], [ -98.309712815685543, 29.584654282995793 ], [ -98.233014030102197, 29.661320974173375 ], [ -98.156499049290787, 29.750420447881851 ], [ -98.129584833135965, 29.819731094433266 ], [ -98.09544289689164, 29.889162475082109 ], [ -98.039831529848485, 29.965224067076591 ], [ -97.948137633045491, 30.041891059870796 ], [ -97.870254116237163, 30.099486519690124 ], [ -97.763971262860963, 30.182466339520833 ], [ -97.685441419909196, 30.221180495288269 ], [ -97.563780488068588, 30.272947334939861 ], [ -97.463186169063846, 30.299314265393651 ], [ -97.427522958624991, 30.324761854495154 ], [ -97.335467358070559, 30.438304836956291 ], [ -97.286215310873828, 30.526282727106054 ], [ -97.214744134008583, 30.589505028842844 ], [ -97.114328361605146, 30.665446484303267 ], [ -97.0138806943188, 30.753759660235875 ], [ -96.934733551644115, 30.816836893694003 ], [ -96.826757617562308, 30.917487156229885 ], [ -96.761983842875196, 30.992781181344725 ], [ -96.661004729536245, 31.111884368550786 ], [ -96.581459645178441, 31.205826128405398 ], [ -96.538401883854661, 31.318217072910606 ], [ -96.502312621515003, 31.393153779647893 ], [ -96.466300854847162, 31.492985427731952 ], [ -96.4227320843369, 31.567903070192347 ], [ -96.401103763594548, 31.642716443984096 ], [ -96.379317694117375, 31.692608731929283 ], [ -96.363487052485752, 31.708669107548971 ], [ -96.356731651395933, 31.708690836384598 ], [ -96.343514088517225, 31.77743694349704 ], [ -96.330249825883271, 31.840448124414255 ], [ -96.330556004767089, 31.914858621120469 ], [ -96.344445965575133, 31.99494114496796 ], [ -96.399053488275428, 32.069151770947997 ], [ -96.426685144049301, 32.160595765068152 ], [ -96.474580128234322, 32.217613134612989 ], [ -96.515739942976751, 32.274635857900435 ], [ -96.556918831662955, 32.325918759990621 ], [ -96.625443074929734, 32.382753807341956 ], [ -96.700932922102893, 32.445218134546586 ], [ -96.783251810312109, 32.496143493996627 ], [ -96.865614222303776, 32.541287735019345 ], [ -96.927647639981117, 32.59225483581838 ], [ -96.955655755517256, 32.649192462826854 ], [ -97.010699774415386, 32.677299621984695 ], [ -97.079773443777583, 32.728111412826458 ], [ -97.12839693107972, 32.779082370309133 ], [ -97.143077427757774, 32.847520065625382 ], [ -97.144067401768623, 32.916086801448785 ], [ -97.145141813453861, 32.990359319920991 ], [ -97.12698876419725, 33.013843648219343 ], [ -97.128068453785389, 33.08950822740821 ], [ -97.129733565859169, 33.205898464758754 ], [ -97.123964319409978, 33.293246687597673 ], [ -97.125293768667532, 33.386331985033131 ], [ -97.126126273602253, 33.444504024703853 ], [ -97.10682464822716, 33.572670999815962 ], [ -97.121831478266429, 33.636507214277934 ], [ -97.179207178919029, 33.699910672754683 ], [ -97.194386120834594, 33.769540876536404 ], [ -97.20207507356028, 33.810166765231223 ], [ -97.189089969996346, 33.885891598024955 ], [ -97.196698498083194, 33.920698499571664 ], [ -97.232176509593785, 33.926140242938864 ], [ -97.253502939147367, 33.93172538492577 ], [ -97.254250155576003, 33.978228434081814 ], [ -97.241380560869928, 34.05975451957255 ], [ -97.22885122014732, 34.164516399079211 ], [ -97.208998430289228, 34.257716447609667 ], [ -97.210357637567995, 34.344872996141099 ], [ -97.211810818351509, 34.437829933407571 ], [ -97.227072419862466, 34.501582773777173 ], [ -97.227994138644945, 34.559671460152813 ], [ -97.153661497908345, 34.839247793332589 ], [ -97.111530096648892, 34.897731372546708 ], [ -97.076669780642916, 34.967743506409931 ], [ -97.056105883938045, 35.037611560523303 ], [ -97.006528959897082, 35.090304561394092 ], [ -96.93545543843193, 35.1547581714104 ], [ -96.857065410876544, 35.219217111964483 ], [ -96.749786564330435, 35.289611725832891 ], [ -96.692626032414466, 35.342205085983565 ], [ -96.664293239260388, 35.400413470714007 ], [ -96.63611051303053, 35.481826690507695 ], [ -96.622232940797261, 35.551546605528586 ], [ -96.57938779585615, 35.621406729430511 ], [ -96.529221215914063, 35.691279955284188 ], [ -96.507997020810805, 35.766809400422353 ], [ -96.479255663335934, 35.807547602428599 ], [ -96.39965249460181, 35.842660226461199 ], [ -96.348989155261833, 35.871833030022344 ], [ -96.232926083409566, 35.901132523140816 ], [ -96.167642227163654, 35.936056118064862 ], [ -96.087733255325773, 35.947749240941619 ], [ -96.007800163507724, 35.965189732360585 ], [ -95.956907374842643, 35.988389436259595 ], [ -95.847799355290931, 36.011507851940401 ], [ -95.782342588944218, 36.01140763692748 ], [ -95.687818497105937, 36.005396296695942 ], [ -95.636856649312804, 36.016854397897241 ], [ -95.593091442289762, 36.039918378996241 ], [ -95.542021997510673, 36.062938171705547 ], [ -95.505329928788683, 36.10920059476701 ], [ -95.446817757061282, 36.143749064685579 ], [ -95.417586358828274, 36.155211508346937 ], [ -95.402280216018767, 36.247947080813596 ], [ -95.372761390105609, 36.288398697743467 ], [ -95.313470685572142, 36.386675295711541 ], [ -95.312837165668611, 36.456270335246998 ], [ -95.326743220559806, 36.537544014141325 ], [ -95.289304041024366, 36.624317141887211 ], [ -95.200395906391634, 36.71074250242075 ], [ -94.95639468821922, 36.836441825831777 ], [ -94.867462548390677, 36.882027586758241 ], [ -94.800878673184485, 36.904577436904674 ], [ -94.690393520238857, 36.909225668500433 ], [ -94.602299391870702, 36.896638096583864 ], [ -94.528719964754472, 36.895762006399501 ], [ -94.491697929058702, 36.906902379991379 ], [ -94.410013511348666, 36.94064676464285 ], [ -94.343114354669112, 36.968741948615943 ], [ -94.239464237489713, 36.990470136190545 ], [ -94.187335434142653, 37.012894397257263 ], [ -94.139617612998507, 37.039920943322421 ], [ -94.135907392048793, 37.039863716483381 ], [ -94.087152475634497, 37.059532167784646 ], [ -94.012232102924983, 37.084590950267874 ], [ -93.914898875201345, 37.112137961008393 ], [ -93.854727227998467, 37.137353999279007 ], [ -93.745766358054126, 37.176235199534737 ], [ -93.67024905017098, 37.212749762217534 ], [ -93.594563312836101, 37.252133600987129 ], [ -93.503908885043728, 37.291163528310094 ], [ -93.413666797011587, 37.315541347229285 ], [ -93.353887358655697, 37.320089210259987 ], [ -93.294524634760279, 37.312940939926669 ], [ -93.203094171795868, 37.267079360746699 ], [ -93.177381248134779, 37.257725834078087 ], [ -93.156618872421262, 37.216371327666089 ], [ -93.114937732480911, 37.139483091096871 ], [ -93.091099184613341, 37.083443082745831 ], [ -93.055596052532536, 37.041710080779453 ], [ -93.000426760562149, 37.028674274153204 ], [ -92.878050554896049, 37.025573039873066 ], [ -92.780257896869955, 37.055123942846642 ], [ -92.708365018805438, 37.085305674725177 ], [ -92.628857925056607, 37.118153921994221 ], [ -92.575011069732724, 37.157520450807525 ], [ -92.436704660703455, 37.249887572619841 ], [ -92.306618750005825, 37.394912968868695 ], [ -92.269868186552117, 37.45802857437554 ], [ -92.236491967983739, 37.527078354472479 ], [ -92.222475502784818, 37.582122715885355 ], [ -92.212325092017053, 37.634365754461989 ], [ -92.224751242263196, 37.684389229168367 ], [ -92.240492643601925, 37.743272064668872 ], [ -92.237379728118199, 37.804491195920313 ], [ -92.226613739214471, 37.868393504266749 ], [ -92.204720747067711, 37.929029966451488 ], [ -92.154722593297748, 37.950826112838229 ], [ -92.123162213717279, 37.979028065511379 ], [ -92.100380118319364, 38.05422004249823 ], [ -92.077862379811776, 38.123577509642509 ], [ -92.08197380504815, 38.187945203383805 ], [ -92.106790445361071, 38.217932447598898 ], [ -92.111858235599058, 38.264808882056627 ], [ -92.100916584696179, 38.328696081174435 ], [ -92.098438217058884, 38.375332777838274 ], [ -92.12710195641246, 38.405434586090998 ], [ -92.159720561637712, 38.43273252997318 ], [ -92.203853674800172, 38.457456510845866 ], [ -92.300215494537667, 38.498339641450414 ], [ -92.411963388498563, 38.536675399965233 ], [ -92.475170785830954, 38.561852220591426 ], [ -92.574651591409022, 38.623037397882669 ], [ -92.625406948737734, 38.674059206088756 ], [ -92.661589702078416, 38.712989389578873 ], [ -92.675967502433949, 38.730890951383209 ], [ -92.721239992442875, 38.737936285050367 ], [ -92.751599455443369, 38.738736618893306 ], [ -92.785755096418001, 38.739628746874786 ], [ -92.825724107071807, 38.746470319386688 ], [ -92.888932856341313, 38.738417309036542 ], [ -92.993213280380488, 38.726498436962999 ], [ -93.068609954822733, 38.728308341053634 ], [ -93.162860647844738, 38.730506110215423 ], [ -93.210541766629433, 38.717094222517595 ], [ -93.285933339481602, 38.718771731962931 ], [ -93.313139526406161, 38.748357245320477 ], [ -93.321504441601945, 38.777531627716364 ], [ -93.301033094386597, 38.820576742141228 ], [ -93.26192474357363, 38.85596019194584 ], [ -93.223329865394902, 38.876846547079673 ], [ -93.175546037648445, 38.890263962432449 ], [ -93.052750341762604, 38.88740503211028 ], [ -92.947640701187296, 38.913858322064797 ], [ -92.833634127660773, 38.925499686322382 ], [ -92.738493141093258, 38.937535031415322 ], [ -92.652440967244019, 38.956994191354447 ], [ -92.538667462042199, 38.961124947757469 ], [ -92.463750754179486, 38.944511933670363 ], [ -92.417568662363294, 38.921434618718578 ], [ -92.344175166039975, 38.875787543863105 ], [ -92.299178247836252, 38.830946448641299 ], [ -92.244434221708929, 38.793043186074456 ], [ -92.218022764116014, 38.755983320992257 ], [ -92.190125675737931, 38.747876584390667 ], [ -92.161854287496723, 38.747002843441656 ], [ -92.058197145375487, 38.743743824079374 ], [ -91.982815923449706, 38.741318782457661 ], [ -91.954949278191663, 38.733158618193031 ], [ -91.907437834178879, 38.738846751396466 ], [ -91.868931451644784, 38.752070222057881 ], [ -91.809896541580599, 38.793596877892369 ], [ -91.723768695142937, 38.812407599416183 ], [ -91.656893514966313, 38.824584023108315 ], [ -91.533398863917796, 38.834694813774078 ], [ -91.448508230317103, 38.831602600957922 ], [ -91.391002660984682, 38.843982380506844 ], [ -91.323579041969026, 38.863215521755784 ], [ -91.257062509549598, 38.867939994312366 ], [ -91.234876256824435, 38.9178685908171 ], [ -91.212183076601789, 38.975029571970445 ], [ -91.131744876202788, 39.044448078510349 ], [ -91.091958002761658, 39.07190249928172 ], [ -91.03370642196731, 39.091352918065802 ], [ -90.966962088537883, 39.09592229155799 ], [ -90.920656221033994, 39.079525429325514 ], [ -90.837050516133758, 39.054309331612977 ], [ -90.773451538221906, 39.015366340789299 ], [ -90.738785959458497, 38.970362139721971 ], [ -90.704690730000465, 38.918114361478374 ], [ -90.6690558770688, 38.887558864736725 ], [ -90.604622248929843, 38.862996966309218 ], [ -90.557466190671164, 38.860932084162854 ], [ -90.462303246776841, 38.843143365926935 ] ] ] ] } },
{ "type": "Feature", "properties": { "fid": 3, "AREA": 0.07411, "PERIMETER": 1.11155, "ULMUALAT_": 4, "ULMUALAT_I": 2, "CODE": 1 }, "geometry": { "type": "MultiPolygon", "coordinates": [ [ [ [ -84.408873675594478, 39.034907806852978 ], [ -84.378799272490596, 39.032083548161474 ], [ -84.313927658314256, 39.008445128626043 ], [ -84.294173718798305, 38.98905351369276 ], [ -84.291241807841288, 38.912850364943161 ], [ -84.317380030620896, 38.845246190257264 ], [ -84.302306034942177, 38.79709486266551 ], [ -84.289107104035764, 38.737437309043322 ], [ -84.304928823061701, 38.68638006584483 ], [ -84.342238520935069, 38.643202401582762 ], [ -84.372030051656537, 38.599306595960712 ], [ -84.402843219596974, 38.596379119576277 ], [ -84.454250354470247, 38.607059982657177 ], [ -84.47686480791117, 38.65589373667283 ], [ -84.492934631157382, 38.698270141481999 ], [ -84.506292523433757, 38.757905576800603 ], [ -84.49809295824744, 38.809688772090581 ], [ -84.49262016029752, 38.844210728106347 ], [ -84.477810489337344, 38.889538804429939 ], [ -84.478915506245457, 38.930514706322079 ], [ -84.472508854711407, 38.970789769760778 ], [ -84.467011784367301, 39.005311136221692 ], [ -84.408873675594478, 39.034907806852978 ] ] ] ] } },
{ "type": "Feature", "properties": { "fid": 4, "AREA": 0.04409, "PERIMETER": 0.77212, "ULMUALAT_": 5, "ULMUALAT_I": 7, "CODE": 1 }, "geometry": { "type": "MultiPolygon", "coordinates": [ [ [ [ -93.814316199782283, 38.263097357050107 ], [ -93.844490014262149, 38.263630402347786 ], [ -93.873989150532651, 38.287487866568824 ], [ -93.898982044547623, 38.337522281582771 ], [ -93.893867444700376, 38.384121478683284 ], [ -93.854893988096919, 38.424299849137263 ], [ -93.80874992489629, 38.449749422035786 ], [ -93.763019061757475, 38.46059976874718 ], [ -93.698730013430179, 38.459415826705587 ], [ -93.661286154311853, 38.447038400033925 ], [ -93.631886645468114, 38.42021366349617 ], [ -93.621777577867348, 38.382083194751132 ], [ -93.623289211496825, 38.335422171018514 ], [ -93.658661364291348, 38.292329044711366 ], [ -93.742565622452389, 38.264718018247471 ], [ -93.814316199782283, 38.263097357050107 ] ] ] ] } },
{ "type": "Feature", "properties": { "fid": 5, "AREA": 0.02244, "PERIMETER": 0.55258, "ULMUALAT_": 6, "ULMUALAT_I": 4, "CODE": 1 }, "geometry": { "type": "MultiPolygon", "coordinates": [ [ [ [ -84.947410961290913, 38.156368367424037 ], [ -84.94702799021924, 38.208853541197968 ], [ -84.926925247976271, 38.242048322257219 ], [ -84.91512216086943, 38.270158044702356 ], [ -84.853809546951851, 38.276259911481475 ], [ -84.823149463715922, 38.279299608132604 ], [ -84.787689034537777, 38.264382155406842 ], [ -84.770660563500698, 38.227799584848135 ], [ -84.761968422015315, 38.186143441391359 ], [ -84.813618257349972, 38.144189996024409 ], [ -84.846851370080131, 38.123883758244624 ], [ -84.899736235701653, 38.122866477084997 ], [ -84.934281933394146, 38.14350844756661 ], [ -84.947410961290913, 38.156368367424037 ] ] ] ] } },
{ "type": "Feature", "properties": { "fid": 6, "AREA": 0.05824, "PERIMETER": 0.88691, "ULMUALAT_": 7, "ULMUALAT_I": 9, "CODE": 1 }, "geometry": { "type": "MultiPolygon", "coordinates": [ [ [ [ -93.749909858874176, 38.148130172594989 ], [ -93.72373041467587, 38.14181100659551 ], [ -93.652375770584158, 38.13462981890212 ], [ -93.583045782868069, 38.066164052948764 ], [ -93.592474387601357, 38.007984980435538 ], [ -93.62038335036884, 37.958920301701603 ], [ -93.674254331170687, 37.919100907989417 ], [ -93.768106355872121, 37.920849797528582 ], [ -93.853945836504593, 37.939895025855797 ], [ -93.894255174413303, 37.975612225384459 ], [ -93.903951724972117, 38.031221151404871 ], [ -93.895265884478349, 38.071924383135922 ], [ -93.863816923473522, 38.118068589962718 ], [ -93.810423143194669, 38.140471065031015 ], [ -93.749909858874176, 38.148130172594989 ] ] ] ] } },
{ "type": "Feature", "properties": { "fid": 7, "AREA": 0.02807, "PERIMETER": 0.62714, "ULMUALAT_": 8, "ULMUALAT_I": 6, "CODE": 1 }, "geometry": { "type": "MultiPolygon", "coordinates": [ [ [ [ -84.542778184536331, 37.996467722987525 ], [ -84.562331768108322, 38.015820161220212 ], [ -84.570891494808663, 38.057491571335248 ], [ -84.556287993554776, 38.102829693436618 ], [ -84.515557523944679, 38.122358693917079 ], [ -84.456147705654757, 38.116754711594538 ], [ -84.36796321238819, 38.102541827222872 ], [ -84.347523048972107, 38.088911353629186 ], [ -84.343760538432079, 38.065191962596536 ], [ -84.360312965871614, 38.008372863103816 ], [ -84.412067295547217, 37.966587856859071 ], [ -84.479666804426614, 37.967161105612796 ], [ -84.537161187525399, 37.984262112582869 ], [ -84.542778184536331, 37.996467722987525 ] ] ] ] } },
{ "type": "Feature", "properties": { "fid": 8, "AREA": 0.04842, "PERIMETER": 0.80979, "ULMUALAT_": 9, "ULMUALAT_I": 5, "CODE": 1 }, "geometry": { "type": "MultiPolygon", "coordinates": [ [ [ [ -83.456677885108377, 37.917499356877101 ], [ -83.444919458030171, 37.947321285914661 ], [ -83.417440952170935, 37.991037661304567 ], [ -83.354127156281308, 38.01034222162685 ], [ -83.306522671952621, 38.015735761642972 ], [ -83.227935003758574, 38.007517304463306 ], [ -83.202629944130777, 37.999685940208522 ], [ -83.182660438840244, 37.961363682639849 ], [ -83.162711645209299, 37.923037932104954 ], [ -83.168930737223178, 37.887472387799797 ], [ -83.206930203193963, 37.860431783503515 ], [ -83.238368886889802, 37.832693371610304 ], [ -83.268023561981124, 37.815109346522782 ], [ -83.303316646322244, 37.803283458984666 ], [ -83.356441366683057, 37.803653307413796 ], [ -83.388227664446703, 37.812132011691183 ], [ -83.424815548267006, 37.831444332544429 ], [ -83.44748133616136, 37.854479414884025 ], [ -83.455347454481384, 37.886326809909427 ], [ -83.456677885108377, 37.917499356877101 ] ] ] ] } },
{ "type": "Feature", "properties": { "fid": 9, "AREA": 0.03526, "PERIMETER": 0.68131, "ULMUALAT_": 10, "ULMUALAT_I": 8, "CODE": 1 }, "geometry": { "type": "MultiPolygon", "coordinates": [ [ [ [ -80.159033960976373, 37.239786554262224 ], [ -80.163313446650761, 37.250752094664698 ], [ -80.155716730826413, 37.286153406934808 ], [ -80.121201468410874, 37.323202468781602 ], [ -80.097473639800072, 37.340869226569609 ], [ -80.055453578017676, 37.350907882277326 ], [ -80.001604342809259, 37.354158489788496 ], [ -79.957508517276182, 37.343080716273363 ], [ -79.926492496536895, 37.302519959659001 ], [ -79.924447605243728, 37.281436212100139 ], [ -79.926808029046384, 37.240131307770874 ], [ -79.953839922903157, 37.20733014634154 ], [ -79.9786558806383, 37.184634440162881 ], [ -80.022779163415606, 37.164508898513766 ], [ -80.056076786902736, 37.163738268896964 ], [ -80.107611599085516, 37.170577445742481 ], [ -80.123680424265331, 37.188308175281335 ], [ -80.14511713320023, 37.211945949687411 ], [ -80.159033960976373, 37.239786554262224 ] ] ] ] } },
{ "type": "Feature", "properties": { "fid": 10, "AREA": 0.00089, "PERIMETER": 0.13214, "ULMUALAT_": 11, "ULMUALAT_I": 3, "CODE": 1 }, "geometry": { "type": "MultiPolygon", "coordinates": [ [ [ [ -75.931319035931722, 36.62236834923452 ], [ -75.939361426849686, 36.627639919477879 ], [ -75.939925913483791, 36.636809780997318 ], [ -75.942977488454702, 36.643203483570176 ], [ -75.944090789663434, 36.647643810775477 ], [ -75.945190160624236, 36.669592920381959 ], [ -75.943801376537721, 36.673475966303208 ], [ -75.9413146115849, 36.675704518502023 ], [ -75.936309350570625, 36.676810447373825 ], [ -75.932143943462989, 36.676810089016811 ], [ -75.928801325111294, 36.673201545168247 ], [ -75.922972913910684, 36.660972397647939 ], [ -75.924360451279711, 36.645698248213833 ], [ -75.92770237356379, 36.636535374950014 ], [ -75.927977214323121, 36.632918873649608 ], [ -75.926038814769655, 36.630424294226607 ], [ -75.925200587552766, 36.627640364939474 ], [ -75.925474825162098, 36.624031722523469 ], [ -75.931319035931722, 36.62236834923452 ] ] ] ] } },
{ "type": "Feature", "properties": { "fid": 11, "AREA": 0.04851, "PERIMETER": 0.80646, "ULMUALAT_": 12, "ULMUALAT_I": 11, "CODE": 1 }, "geometry": { "type": "MultiPolygon", "coordinates": [ [ [ [ -98.014654290838791, 35.853246046739407 ], [ -98.01586376877745, 35.898790652418782 ], [ -98.009944595523862, 35.944454755515771 ], [ -97.98900179245507, 35.961892385168433 ], [ -97.953929392936189, 35.985254368632454 ], [ -97.889721526660608, 35.98629085125458 ], [ -97.832371203786721, 35.975797205967069 ], [ -97.788898764175286, 35.947983400518282 ], [ -97.75958236325927, 35.914249797350934 ], [ -97.736895812158679, 35.857630531739289 ], [ -97.757208520855173, 35.81176781546796 ], [ -97.777763292908361, 35.777287411889738 ], [ -97.855886136947007, 35.770396057245044 ], [ -97.934284380384625, 35.77483991139998 ], [ -97.970151305998868, 35.785642225481887 ], [ -97.992392831682423, 35.819446419778302 ], [ -98.014654290838791, 35.853246046739407 ] ] ] ] } },
{ "type": "Feature", "properties": { "fid": 12, "AREA": 0.00136, "PERIMETER": 0.18259, "ULMUALAT_": 13, "ULMUALAT_I": 3, "CODE": 1 }, "geometry": { "type": "MultiPolygon", "coordinates": [ [ [ [ -75.92491236237916, 35.941537409065432 ], [ -75.944078197681222, 35.955986028276499 ], [ -75.946291260402234, 35.959319992220472 ], [ -75.94629135377636, 35.960151093736712 ], [ -75.945466857620929, 35.959876579428176 ], [ -75.929077712564506, 35.966262658488787 ], [ -75.924073199160688, 35.968758250778436 ], [ -75.924346959683845, 35.969597400743005 ], [ -75.912139640238806, 35.974869397589451 ], [ -75.904082726124372, 35.975427131907232 ], [ -75.896300292626421, 35.970146960951631 ], [ -75.892134577589403, 35.968759420564538 ], [ -75.873243215426143, 35.973207396439534 ], [ -75.869351149673747, 35.971537131278502 ], [ -75.869625853492551, 35.967416739332315 ], [ -75.871014868214502, 35.963487558866625 ], [ -75.875455097095852, 35.958208241689192 ], [ -75.874905310880692, 35.957376319166521 ], [ -75.895750974281881, 35.955430722291133 ], [ -75.900465320152549, 35.954041986809401 ], [ -75.91102540859363, 35.949319423480276 ], [ -75.914916574509704, 35.945153054510982 ], [ -75.919905963374788, 35.942650860104045 ], [ -75.92491236237916, 35.941537409065432 ] ] ] ] } },
{ "type": "Feature", "properties": { "fid": 13, "AREA": 0.00545, "PERIMETER": 0.38214, "ULMUALAT_": 14, "ULMUALAT_I": 3, "CODE": 1 }, "geometry": { "type": "MultiPolygon", "coordinates": [ [ [ [ -75.622388051159376, 35.818778065240416 ], [ -75.627667738222797, 35.819891567842923 ], [ -75.630169820404873, 35.821836411437047 ], [ -75.641294662213838, 35.823499207985527 ], [ -75.651563472833189, 35.829892685239727 ], [ -75.661559132660429, 35.839604249686296 ], [ -75.664062397694309, 35.842937487276977 ], [ -75.664626953229813, 35.851559158106781 ], [ -75.665725112321198, 35.854054137557767 ], [ -75.666015288272959, 35.86378071889429 ], [ -75.672119086699837, 35.876552146199977 ], [ -75.677947799765704, 35.884051087927944 ], [ -75.688782437984898, 35.893220594492369 ], [ -75.694061875277384, 35.896555199491665 ], [ -75.70657570393368, 35.913773852637107 ], [ -75.710740790105476, 35.917664772676289 ], [ -75.721559827444437, 35.922661240401709 ], [ -75.725726855181932, 35.926269610114915 ], [ -75.727114320190879, 35.932106323632617 ], [ -75.727954320886809, 35.932938049703615 ], [ -75.722949716370138, 35.941825631323987 ], [ -75.711290600569399, 35.942932393479687 ], [ -75.69096563415799, 35.938500343952484 ], [ -75.688782888763285, 35.936272807643817 ], [ -75.676559905202225, 35.932938756078393 ], [ -75.669892109989348, 35.930162588267123 ], [ -75.665451070833868, 35.927110904528213 ], [ -75.662399867468281, 35.922937347119237 ], [ -75.662948804319925, 35.918223268554101 ], [ -75.666015833926792, 35.909052298320404 ], [ -75.661559535815229, 35.906550445854982 ], [ -75.657394063033891, 35.905718774537192 ], [ -75.651839157830352, 35.905993675182579 ], [ -75.647963968013173, 35.904605443432722 ], [ -75.641004764040545, 35.896556582512474 ], [ -75.636565005946679, 35.888774814649956 ], [ -75.627667904907113, 35.876271279375807 ], [ -75.617383411728184, 35.864331579053058 ], [ -75.613782016161196, 35.861554352569662 ], [ -75.614331940608679, 35.860165943450141 ], [ -75.613506557589162, 35.859334422207404 ], [ -75.616559700462005, 35.855725447742252 ], [ -75.621548506417611, 35.851835277799559 ], [ -75.62127404541647, 35.847386477346447 ], [ -75.616833104954466, 35.839604921070773 ], [ -75.615170580579999, 35.833502067552672 ], [ -75.619060631579387, 35.821554285620451 ], [ -75.622388051159376, 35.818778065240416 ] ] ] ] } },
{ "type": "Feature", "properties": { "fid": 14, "AREA": 0.01432, "PERIMETER": 1.58577, "ULMUALAT_": 15, "ULMUALAT_I": 3, "CODE": 1 }, "geometry": { "type": "MultiPolygon", "coordinates": [ [ [ [ -75.734608065499401, 35.183776674851146 ], [ -75.737659628996056, 35.185996738550685 ], [ -75.737385503503617, 35.189330753107967 ], [ -75.732105276597025, 35.192390259657685 ], [ -75.718219208236604, 35.197387926635059 ], [ -75.713778996451722, 35.2004473686086 ], [ -75.708773493666655, 35.202392865931699 ], [ -75.699038458121535, 35.207946690044203 ], [ -75.694048101728754, 35.214889283571345 ], [ -75.690706777601051, 35.223221102415771 ], [ -75.687653962359406, 35.227386840628121 ], [ -75.685151233052778, 35.229049625131815 ], [ -75.675705976015209, 35.223495824076728 ], [ -75.670151193154325, 35.22155006544407 ], [ -75.664047464505202, 35.222389479096087 ], [ -75.653212801311568, 35.225724438777902 ], [ -75.627378431156203, 35.237946948473756 ], [ -75.613218028430865, 35.24683505754205 ], [ -75.590435384398788, 35.263230933100985 ], [ -75.579051549880788, 35.265725439378059 ], [ -75.566263173227483, 35.264337285210182 ], [ -75.552926367607753, 35.265176573722925 ], [ -75.536262594626962, 35.268503624905001 ], [ -75.530982781076489, 35.271006367265059 ], [ -75.521537976329228, 35.278223741165796 ], [ -75.51682354676187, 35.289896272473989 ], [ -75.5146112423011, 35.302111856099593 ], [ -75.512108262781297, 35.307947529247485 ], [ -75.511544254797457, 35.311839582327046 ], [ -75.512383658441237, 35.317675910444493 ], [ -75.510994967122983, 35.326564216999763 ], [ -75.511819610823991, 35.335170478579002 ], [ -75.511270607058407, 35.342113282078628 ], [ -75.508767393090295, 35.352115253856169 ], [ -75.504328218983602, 35.363231338832186 ], [ -75.499596941682967, 35.372112077720608 ], [ -75.497933748514498, 35.377391442963756 ], [ -75.498208814408855, 35.379611158616399 ], [ -75.494593076090041, 35.392116248882324 ], [ -75.491541484728344, 35.418231467643203 ], [ -75.480159251003059, 35.461559377498268 ], [ -75.480984668094706, 35.482113817905393 ], [ -75.485989863374158, 35.496562918590016 ], [ -75.487928242921186, 35.506840283273426 ], [ -75.487928206777923, 35.512394098857904 ], [ -75.484601867968109, 35.525173784517669 ], [ -75.477094954047047, 35.54184379264278 ], [ -75.467939766169252, 35.56739544135003 ], [ -75.464613414900285, 35.580173817764774 ], [ -75.464324356652256, 35.591283005794217 ], [ -75.466002506005921, 35.597394043542195 ], [ -75.465162865736531, 35.597119289464885 ], [ -75.466827243222696, 35.599614179278447 ], [ -75.468215397798161, 35.604062118895904 ], [ -75.473771468933705, 35.634899539518258 ], [ -75.480989153559548, 35.65266891141367 ], [ -75.482378083351861, 35.662113949990605 ], [ -75.482378157844792, 35.66989615459125 ], [ -75.486819356392701, 35.677670039935443 ], [ -75.492663673072329, 35.684056589226223 ], [ -75.498491912531449, 35.695721754261349 ], [ -75.498493341988762, 35.709065607723616 ], [ -75.500721683065322, 35.71933452357095 ], [ -75.503788988108312, 35.7276655362027 ], [ -75.510441418034191, 35.740452680505442 ], [ -75.52683177450173, 35.764895528891216 ], [ -75.527670742073269, 35.770168096236631 ], [ -75.523779611895023, 35.774340416473812 ], [ -75.519613753004194, 35.776278267882752 ], [ -75.517675956951337, 35.777118286807188 ], [ -75.512120998936865, 35.777393151451278 ], [ -75.508230049111859, 35.773784412985236 ], [ -75.502949853250186, 35.764896278908616 ], [ -75.494603017281278, 35.753231688023178 ], [ -75.482378817081567, 35.730999836100203 ], [ -75.476550322811818, 35.714894555725969 ], [ -75.475435974863402, 35.709896706646461 ], [ -75.473222788226764, 35.695172318889789 ], [ -75.47322202923489, 35.687672338389007 ], [ -75.463501302278388, 35.645450995570428 ], [ -75.459045686831843, 35.636838225725782 ], [ -75.451277246889973, 35.618229439949886 ], [ -75.447370589472598, 35.60323004902682 ], [ -75.44709596371402, 35.582677329658615 ], [ -75.448759160924538, 35.575451270905781 ], [ -75.45127669749489, 35.564617882923024 ], [ -75.462110882307954, 35.542950091315511 ], [ -75.466824653101696, 35.525731011661868 ], [ -75.468488410052316, 35.515453561293427 ], [ -75.469052745765467, 35.502957499628764 ], [ -75.470150726647333, 35.496837811905316 ], [ -75.469052437081316, 35.491558767839315 ], [ -75.47043949389527, 35.482670609578442 ], [ -75.469874744929299, 35.47905419207077 ], [ -75.4726520484502, 35.454341730750691 ], [ -75.476542730067678, 35.435443790033908 ], [ -75.477381004728386, 35.426563813254397 ], [ -75.479319645426614, 35.420727150522126 ], [ -75.479045278639845, 35.41850638272998 ], [ -75.480708232933523, 35.41378386410198 ], [ -75.482370232504152, 35.403782295831881 ], [ -75.48182124968281, 35.394336146990511 ], [ -75.483209120322428, 35.390453469907385 ], [ -75.48209468163293, 35.37822275612087 ], [ -75.483208703700555, 35.36850276026933 ], [ -75.482369199489284, 35.361286092039563 ], [ -75.483208018266382, 35.357951360228725 ], [ -75.48236931965927, 35.355174610060573 ], [ -75.483208346429706, 35.350451807414196 ], [ -75.482658683128108, 35.346004069867718 ], [ -75.488486687706001, 35.325449856783756 ], [ -75.506553606159045, 35.289896585030043 ], [ -75.507941190307037, 35.285731316547761 ], [ -75.515433012988609, 35.246561448077564 ], [ -75.515158701792615, 35.244333636003304 ], [ -75.519050139009806, 35.238222767045549 ], [ -75.526816354864422, 35.235727315242848 ], [ -75.543755811061217, 35.231553733697332 ], [ -75.550149007123068, 35.23072205053402 ], [ -75.580714637794046, 35.228776146397635 ], [ -75.598217176805292, 35.225442264585567 ], [ -75.609601386692034, 35.222390293860784 ], [ -75.632094005131364, 35.215173088934243 ], [ -75.677934246152191, 35.202950022898008 ], [ -75.687654765789517, 35.197112887702048 ], [ -75.712389587754913, 35.185439402735248 ], [ -75.721835254940444, 35.183226757429175 ], [ -75.727100664341648, 35.182944795428568 ], [ -75.734608065499401, 35.183776674851146 ] ] ] ] } },
{ "type": "Feature", "properties": { "fid": 15, "AREA": 0.10333, "PERIMETER": 1.33261, "ULMUALAT_": 16, "ULMUALAT_I": 10, "CODE": 1 }, "geometry": { "type": "MultiPolygon", "coordinates": [ [ [ [ -83.403165114675048, 35.203034142295827 ], [ -83.427034415002083, 35.205598790035808 ], [ -83.482735505858045, 35.21156404584594 ], [ -83.533195700154963, 35.249600224548594 ], [ -83.543873211038218, 35.283389843127445 ], [ -83.551410223624075, 35.336434520589293 ], [ -83.543003172706918, 35.387785622932704 ], [ -83.51485729506993, 35.41091822911158 ], [ -83.438810237490671, 35.428935692340367 ], [ -83.380821898148355, 35.435785144578603 ], [ -83.322822944583166, 35.442606332074369 ], [ -83.237206492486465, 35.420272548725507 ], [ -83.18461841409048, 35.394946279765428 ], [ -83.100184806481934, 35.366095525741358 ], [ -83.037526037082628, 35.352655619069758 ], [ -83.015814446156099, 35.337183990471857 ], [ -83.007553791292864, 35.29051970807641 ], [ -83.014121344505654, 35.252032548561949 ], [ -83.04345219416733, 35.222599954655287 ], [ -83.152284118195681, 35.201913469612109 ], [ -83.215915961738148, 35.208878289912555 ], [ -83.289656346483383, 35.203837001329347 ], [ -83.403165114675048, 35.203034142295827 ] ] ] ] } },
{ "type": "Feature", "properties": { "fid": 16, "AREA": 0.00326, "PERIMETER": 0.57767, "ULMUALAT_": 17, "ULMUALAT_I": 3, "CODE": 1 }, "geometry": { "type": "MultiPolygon", "coordinates": [ [ [ [ -76.014636478321151, 35.07433565654263 ], [ -76.011844290924998, 35.077944701452495 ], [ -76.006580177448996, 35.081278014586751 ], [ -75.998508031472838, 35.089327659945617 ], [ -75.99627916111622, 35.094324589209023 ], [ -75.994891546218852, 35.100443419561977 ], [ -75.994891158300831, 35.106272754325168 ], [ -75.996844475399087, 35.110719982763186 ], [ -75.995456364076546, 35.116000207572597 ], [ -75.991290160748122, 35.120157866643027 ], [ -75.987123935018246, 35.119883129001337 ], [ -75.980730087962826, 35.115168182643657 ], [ -75.971284218965721, 35.11238386607166 ], [ -75.963791776530442, 35.114330081831447 ], [ -75.945724633970613, 35.124606795769118 ], [ -75.930449783868582, 35.130718353785355 ], [ -75.926009225672246, 35.134052290448878 ], [ -75.915724493285936, 35.139607269983344 ], [ -75.899900818998631, 35.145443550888288 ], [ -75.887127717738622, 35.151830058361533 ], [ -75.861003776796721, 35.162663388620196 ], [ -75.840723844241936, 35.16877511706921 ], [ -75.802391210575948, 35.182668806592268 ], [ -75.790993022657844, 35.185721031809351 ], [ -75.76656224698344, 35.194052965140578 ], [ -75.7671110672932, 35.191549868601477 ], [ -75.771276624966163, 35.189604347425352 ], [ -75.778494311652054, 35.184050358964654 ], [ -75.78267559347475, 35.182111854272968 ], [ -75.797111652068395, 35.172392386131598 ], [ -75.804329418350875, 35.168226950159415 ], [ -75.825173389494495, 35.159886835929996 ], [ -75.831292751058228, 35.158498971189658 ], [ -75.847116831550423, 35.151829677338633 ], [ -75.868495755152324, 35.14516914067363 ], [ -75.873501060156499, 35.142667313387975 ], [ -75.885175287742754, 35.139607412610147 ], [ -75.917112786182386, 35.126552284339077 ], [ -75.928787165797772, 35.122661594882203 ], [ -75.948227685006216, 35.110447207594362 ], [ -75.971848391449484, 35.097110277322869 ], [ -76.000185688788392, 35.079050413099814 ], [ -76.010455566708359, 35.074335231952517 ], [ -76.014636478321151, 35.07433565654263 ] ] ] ] } },
{ "type": "Feature", "properties": { "fid": 17, "AREA": 0.00172, "PERIMETER": 0.28407, "ULMUALAT_": 18, "ULMUALAT_I": 3, "CODE": 1 }, "geometry": { "type": "MultiPolygon", "coordinates": [ [ [ [ -76.147409063230711, 34.987937850761988 ], [ -76.147682998378173, 34.990157084034408 ], [ -76.130454909653736, 35.00849918095831 ], [ -76.091010856857167, 35.045167001304797 ], [ -76.081854426947714, 35.057381242938575 ], [ -76.07657510094613, 35.069054576852601 ], [ -76.071295761123253, 35.07154924113479 ], [ -76.063787302369832, 35.070443766025811 ], [ -76.057958637101933, 35.067109439977351 ], [ -76.043232599698996, 35.063493184382679 ], [ -76.039066915453375, 35.061273420557697 ], [ -76.038792995060092, 35.056824999642551 ], [ -76.040455295553315, 35.053773673010085 ], [ -76.05240351401973, 35.049333494126714 ], [ -76.063238464684147, 35.042939368389192 ], [ -76.067403447376634, 35.039605866429355 ], [ -76.07268360989714, 35.037384788246605 ], [ -76.077123469988294, 35.034050370740367 ], [ -76.091849556541902, 35.025719425689566 ], [ -76.107398686652346, 35.018493641782399 ], [ -76.111839055461061, 35.015167523145884 ], [ -76.117118975216982, 35.012665041187418 ], [ -76.130729677767391, 35.002105978490818 ], [ -76.141304636573182, 34.99099652613608 ], [ -76.147409063230711, 34.987937850761988 ] ] ] ] } },
{ "type": "Feature", "properties": { "fid": 18, "AREA": 0.006, "PERIMETER": 1.01714, "ULMUALAT_": 19, "ULMUALAT_I": 3, "CODE": 1 }, "geometry": { "type": "MultiPolygon", "coordinates": [ [ [ [ -76.532710976446623, 34.585430824083723 ], [ -76.540752081570005, 34.592655204279517 ], [ -76.544919104833525, 34.601825975179693 ], [ -76.543530578578384, 34.607937213725677 ], [ -76.541027755745077, 34.61154634475961 ], [ -76.537700416064027, 34.613217101167393 ], [ -76.534924197570561, 34.615993449074864 ], [ -76.527431466753569, 34.620990935007022 ], [ -76.516597832477544, 34.634044294263134 ], [ -76.500484100878523, 34.658763488807494 ], [ -76.495188436761836, 34.669879213851196 ], [ -76.484643653770178, 34.683765304062632 ], [ -76.476037387127207, 34.698207375164046 ], [ -76.469369924657144, 34.705157543427369 ], [ -76.466302859118841, 34.710154352504283 ], [ -76.448250944047373, 34.72820572520282 ], [ -76.44101706837408, 34.737933550413118 ], [ -76.432960831255201, 34.746821888713512 ], [ -76.427970354643719, 34.757937829891731 ], [ -76.423804480190881, 34.7709916586616 ], [ -76.420478235740873, 34.775988519455389 ], [ -76.398535413015381, 34.790995490423569 ], [ -76.387426969220087, 34.802097236782267 ], [ -76.379918757350026, 34.811267394082776 ], [ -76.376852154251566, 34.816264307183772 ], [ -76.372136273228989, 34.819606325626545 ], [ -76.364643736275468, 34.827655146505364 ], [ -76.356587236875399, 34.8337673236691 ], [ -76.353519595225109, 34.83737538790556 ], [ -76.349369571427303, 34.840153097762979 ], [ -76.333803922648272, 34.853771601110608 ], [ -76.327700151582462, 34.856548530070739 ], [ -76.319368804424428, 34.864048586335244 ], [ -76.279358539321834, 34.894605292630402 ], [ -76.258803945706148, 34.907658490399456 ], [ -76.246291096857291, 34.917104157149083 ], [ -76.235746133023682, 34.922658908343962 ], [ -76.227963499488638, 34.928769676686628 ], [ -76.2240724669701, 34.932936106938484 ], [ -76.211300946542423, 34.940153837621544 ], [ -76.201580239372092, 34.94321274444026 ], [ -76.199351822292442, 34.941824092846375 ], [ -76.1987878971063, 34.937658568362636 ], [ -76.202128867704175, 34.932661976369488 ], [ -76.224347407912475, 34.915434484124006 ], [ -76.233793072631485, 34.910436257898461 ], [ -76.269912954660683, 34.886273718559906 ], [ -76.28714107517844, 34.872098503840434 ], [ -76.301027253371018, 34.862378430502588 ], [ -76.327135838551797, 34.84182378498069 ], [ -76.331316925488139, 34.837657867146923 ], [ -76.352970527834756, 34.820438869805976 ], [ -76.355747876648081, 34.816829449812289 ], [ -76.368795025035098, 34.805988511550268 ], [ -76.379919347360385, 34.795161307325941 ], [ -76.411033413295058, 34.762102965807301 ], [ -76.421867728641772, 34.752382948847782 ], [ -76.431312974202669, 34.738764479155286 ], [ -76.440742525769792, 34.72237679748249 ], [ -76.44379507129841, 34.718211295359282 ], [ -76.451317242309798, 34.710711700306824 ], [ -76.468805126579099, 34.681826778277092 ], [ -76.472421347113098, 34.67710449666216 ], [ -76.484644441246687, 34.66487438987874 ], [ -76.49074828654885, 34.656261067681854 ], [ -76.493250484205646, 34.650433168789625 ], [ -76.502985663499274, 34.635433807431369 ], [ -76.514659476059833, 34.623211780784374 ], [ -76.519374507057265, 34.61349177556805 ], [ -76.524364146093305, 34.594876062021441 ], [ -76.527705726755258, 34.589879273541051 ], [ -76.531596534720279, 34.585987876039177 ], [ -76.532710976446623, 34.585430824083723 ] ] ] ] } },
{ "type": "Feature", "properties": { "fid": 19, "AREA": 0.00374, "PERIMETER": 0.86015, "ULMUALAT_": 20, "ULMUALAT_I": 3, "CODE": 1 }, "geometry": { "type": "MultiPolygon", "coordinates": [ [ [ [ -77.093008361924859, 34.644044911189667 ], [ -77.095786023539006, 34.645991496597006 ], [ -77.097723520792115, 34.650705328235198 ], [ -77.096060233261923, 34.656542635430903 ], [ -77.093558784992936, 34.659594085295275 ], [ -77.088843340065139, 34.660708092113005 ], [ -77.089392334380761, 34.660982785118897 ], [ -77.088568294254671, 34.661539760614467 ], [ -77.075781169935553, 34.663209926679514 ], [ -77.04243952754166, 34.671824229174192 ], [ -76.989947816144181, 34.682375025324745 ], [ -76.978548677114276, 34.685708963043353 ], [ -76.955231870964198, 34.687928580294745 ], [ -76.948548737832184, 34.687371580756214 ], [ -76.942153815504625, 34.688204093931603 ], [ -76.930770347505486, 34.691537563183033 ], [ -76.925765823938434, 34.691820085760398 ], [ -76.920776113305436, 34.693208846713546 ], [ -76.914107138581301, 34.69320882615326 ], [ -76.896055654868718, 34.695154398253116 ], [ -76.884946651699934, 34.694871493869869 ], [ -76.859660946537346, 34.696259688755468 ], [ -76.844660848154817, 34.699593524860134 ], [ -76.841334433097472, 34.699594489066762 ], [ -76.838267844711453, 34.700990218730318 ], [ -76.827998160839769, 34.703210641327445 ], [ -76.81437181214001, 34.705430028386544 ], [ -76.801873412956695, 34.706819194321191 ], [ -76.781044525761047, 34.706818767438897 ], [ -76.77382613993943, 34.707658337715038 ], [ -76.75549946005647, 34.70598706349395 ], [ -76.749091420575169, 34.706818827848238 ], [ -76.729375960776082, 34.706261483347625 ], [ -76.716878559339861, 34.707376251398351 ], [ -76.692142626282347, 34.706543947110653 ], [ -76.682147763757612, 34.702378820470052 ], [ -76.682712857331964, 34.697649007641253 ], [ -76.686039264460263, 34.695985450545287 ], [ -76.6896395414268, 34.695428847006248 ], [ -76.696308340485587, 34.695985835700938 ], [ -76.702717495161636, 34.694596910502618 ], [ -76.741873140248302, 34.696259911845296 ], [ -76.773826586904661, 34.699318881130509 ], [ -76.779106570572608, 34.698762302407488 ], [ -76.798547096422709, 34.700707863438303 ], [ -76.803827286493487, 34.700433128714131 ], [ -76.808541759576883, 34.699037385431787 ], [ -76.812982131435774, 34.699319568590482 ], [ -76.841884637946791, 34.697373688023426 ], [ -76.869655904685388, 34.691819489005923 ], [ -76.893003458052306, 34.685983027115427 ], [ -76.936325366960219, 34.679323007313265 ], [ -76.948273526074772, 34.67682041248451 ], [ -76.967729881772399, 34.67571411111944 ], [ -76.992724469639867, 34.672380128105431 ], [ -77.045216286762823, 34.661821190425499 ], [ -77.072179182523101, 34.652651652100218 ], [ -77.093008361924859, 34.644044911189667 ] ] ] ] } },
{ "type": "Feature", "properties": { "fid": 20, "AREA": 0.00163, "PERIMETER": 0.27904, "ULMUALAT_": 21, "ULMUALAT_I": 3, "CODE": 1 }, "geometry": { "type": "MultiPolygon", "coordinates": [ [ [ [ -76.539364421074112, 34.632374364043031 ], [ -76.544644010507341, 34.633495294789185 ], [ -76.557690319024829, 34.644046843032449 ], [ -76.562147148001429, 34.646266454855983 ], [ -76.565198207035152, 34.649600270488079 ], [ -76.57270600108518, 34.654040123229898 ], [ -76.573819974722895, 34.655711668503045 ], [ -76.586592255149981, 34.661822630193377 ], [ -76.608535520798767, 34.669047706092783 ], [ -76.629639929582837, 34.673487352954339 ], [ -76.6357732313989, 34.67376994412389 ], [ -76.637712024398184, 34.675157961255259 ], [ -76.643540850686492, 34.676821193772746 ], [ -76.650758995674153, 34.681268855132785 ], [ -76.654374990341168, 34.686266628750893 ], [ -76.653261859124754, 34.686540947268 ], [ -76.653825771736123, 34.687372720860601 ], [ -76.651872996961487, 34.688486447187103 ], [ -76.651597529830966, 34.689874673681267 ], [ -76.641328938360175, 34.689042951065439 ], [ -76.637987333437565, 34.688486616746488 ], [ -76.637711395092964, 34.687655153983997 ], [ -76.632982003581432, 34.688204311023689 ], [ -76.615478789984664, 34.68043748347052 ], [ -76.571882088241153, 34.670153501270065 ], [ -76.558805291235785, 34.66515620283765 ], [ -76.554090581344255, 34.660708475004292 ], [ -76.549084524823868, 34.658206540662391 ], [ -76.540753482392404, 34.650989239755781 ], [ -76.537701003243413, 34.646823376677148 ], [ -76.537427048111908, 34.644603709311838 ], [ -76.535762463940728, 34.642101236152698 ], [ -76.534924350952835, 34.635715624924572 ], [ -76.539364421074112, 34.632374364043031 ] ] ] ] } },
{ "type": "Feature", "properties": { "fid": 21, "AREA": 0.00047, "PERIMETER": 0.10806, "ULMUALAT_": 22, "ULMUALAT_I": 3, "CODE": 1 }, "geometry": { "type": "MultiPolygon", "coordinates": [ [ [ [ -77.16106582008814, 34.626818468277932 ], [ -77.163567510849504, 34.62793276925246 ], [ -77.164117307743751, 34.631541692644426 ], [ -77.15995120539732, 34.637102616589829 ], [ -77.129112510387131, 34.647104934271859 ], [ -77.121330105787351, 34.647654422156208 ], [ -77.117728383256818, 34.644877078639475 ], [ -77.119117702759326, 34.640993403500701 ], [ -77.122719323413023, 34.63682086452242 ], [ -77.126059945478545, 34.637377864587833 ], [ -77.129386797728827, 34.635157609443979 ], [ -77.13661966536678, 34.633768903861352 ], [ -77.156060467772207, 34.627100777206927 ], [ -77.16106582008814, 34.626818468277932 ] ] ] ] } },
{ "type": "Feature", "properties": { "fid": 22, "AREA": 0.00072, "PERIMETER": 0.21973, "ULMUALAT_": 23, "ULMUALAT_I": 3, "CODE": 1 }, "geometry": { "type": "MultiPolygon", "coordinates": [ [ [ [ -77.320236972348056, 34.53293290831683 ], [ -77.321075867474448, 34.533772156086265 ], [ -77.323303119130742, 34.537663007270986 ], [ -77.323013594266399, 34.54182960229749 ], [ -77.319137964771414, 34.545994890927915 ], [ -77.312180031823402, 34.54877235171822 ], [ -77.289122344946023, 34.561825746521961 ], [ -77.284956054741471, 34.565158900679783 ], [ -77.279676677762865, 34.56766146599886 ], [ -77.273007746419793, 34.572658736744003 ], [ -77.270520541762565, 34.575718396241236 ], [ -77.261349654499341, 34.580158110406998 ], [ -77.243007628886389, 34.592654811570782 ], [ -77.236889067329628, 34.595706702356139 ], [ -77.236064815138889, 34.592654521211131 ], [ -77.239116678399611, 34.588206563330388 ], [ -77.243283477581258, 34.585712460722149 ], [ -77.244747715768085, 34.583880759111317 ], [ -77.246334451140001, 34.582103172923432 ], [ -77.252468562706724, 34.579044402945605 ], [ -77.268018051994147, 34.566830387642995 ], [ -77.311065734056328, 34.540997527931367 ], [ -77.315506347854239, 34.536823797023352 ], [ -77.316345462860994, 34.53488671192703 ], [ -77.320236972348056, 34.53293290831683 ] ] ] ] } },
{ "type": "Feature", "properties": { "fid": 23, "AREA": 0.00387, "PERIMETER": 0.6699, "ULMUALAT_": 24, "ULMUALAT_I": 3, "CODE": 1 }, "geometry": { "type": "MultiPolygon", "coordinates": [ [ [ [ -77.632462768679332, 34.361550123754405 ], [ -77.634141888891989, 34.364052381089522 ], [ -77.632188090278945, 34.368493083514515 ], [ -77.62440569228086, 34.376823653869899 ], [ -77.615524908208286, 34.383499577920432 ], [ -77.612472445391816, 34.388496991013611 ], [ -77.604964606567563, 34.396828462280006 ], [ -77.582761776131392, 34.414322444243545 ], [ -77.577192850210963, 34.417381814250852 ], [ -77.568860402336426, 34.423492512157956 ], [ -77.563580710212648, 34.425995032454232 ], [ -77.554959511939629, 34.432662564492453 ], [ -77.544964931969176, 34.437660179642606 ], [ -77.540523738962008, 34.440993629583424 ], [ -77.530254229858571, 34.445991730798738 ], [ -77.525797943916416, 34.449324621224328 ], [ -77.511637694020109, 34.456549808741428 ], [ -77.502482151794666, 34.462378931935909 ], [ -77.451910865827244, 34.487379399121927 ], [ -77.446341964971126, 34.488493354094601 ], [ -77.427175015041001, 34.497937969307415 ], [ -77.421620815910273, 34.499601397384083 ], [ -77.402745632888255, 34.507940044488279 ], [ -77.393573810581486, 34.510159942900351 ], [ -77.382739409439083, 34.514325853914649 ], [ -77.367739670602163, 34.521825268153172 ], [ -77.36162074758667, 34.523488370427664 ], [ -77.356905756168118, 34.525991565639963 ], [ -77.349962224820644, 34.526265895183037 ], [ -77.348572830864143, 34.52460265431457 ], [ -77.349672157108358, 34.520437354541144 ], [ -77.354952254651721, 34.517934763900193 ], [ -77.358568011756645, 34.514607584678018 ], [ -77.370516253942782, 34.508497315846355 ], [ -77.375232433804072, 34.507383171099335 ], [ -77.38551628948818, 34.502385990368452 ], [ -77.391070898130039, 34.50071507963996 ], [ -77.425512093399547, 34.483496152842854 ], [ -77.431066651955831, 34.481825927635903 ], [ -77.471916276202705, 34.46321818763672 ], [ -77.482461233587003, 34.459052646065111 ], [ -77.501093657321661, 34.454330369372201 ], [ -77.511087527741338, 34.44932544949765 ], [ -77.516642077736208, 34.445990530243925 ], [ -77.52469991153032, 34.439323598320037 ], [ -77.536632402562063, 34.427657612121777 ], [ -77.545239054958998, 34.420998016240894 ], [ -77.599425423258609, 34.380989572992 ], [ -77.619415377011563, 34.370995200909618 ], [ -77.632462768679332, 34.361550123754405 ] ] ] ] } },
{ "type": "Feature", "properties": { "fid": 24, "AREA": 0.00052, "PERIMETER": 0.10132, "ULMUALAT_": 25, "ULMUALAT_I": 3, "CODE": 1 }, "geometry": { "type": "MultiPolygon", "coordinates": [ [ [ [ -77.696354893928458, 34.310990396043884 ], [ -77.700261259959547, 34.311830207443464 ], [ -77.701649731020979, 34.312936443526681 ], [ -77.70387799612007, 34.317384144369591 ], [ -77.70026134405181, 34.325997516660848 ], [ -77.696644618010637, 34.330162559525981 ], [ -77.680255811362429, 34.345162446528199 ], [ -77.675250570277129, 34.347656761336026 ], [ -77.6735874671772, 34.347382516000373 ], [ -77.671924350884069, 34.344880057300564 ], [ -77.674137147570264, 34.33905181054002 ], [ -77.675799445215546, 34.337105735972564 ], [ -77.677753043849961, 34.330445542599278 ], [ -77.679691567134583, 34.326829038120906 ], [ -77.691074576227649, 34.313492502856491 ], [ -77.696354893928458, 34.310990396043884 ] ] ] ] } },
{ "type": "Feature", "properties": { "fid": 25, "AREA": 0.00053, "PERIMETER": 0.10855, "ULMUALAT_": 26, "ULMUALAT_I": 3, "CODE": 1 }, "geometry": { "type": "MultiPolygon", "coordinates": [ [ [ [ -77.751930077104291, 34.255441456316909 ], [ -77.754982762182564, 34.256555366486658 ], [ -77.754707391642498, 34.262940570167771 ], [ -77.748862908781149, 34.271547026745502 ], [ -77.745246643704618, 34.281274077813158 ], [ -77.742759560251287, 34.283776571440434 ], [ -77.740531663494068, 34.288216791010285 ], [ -77.736365539257335, 34.29155148769533 ], [ -77.733023789247994, 34.292939482141442 ], [ -77.727194673764473, 34.29322210617331 ], [ -77.723028027539527, 34.289605523665294 ], [ -77.721639471986492, 34.285996837886827 ], [ -77.724706888711268, 34.280992113965183 ], [ -77.727484947388916, 34.279886067001399 ], [ -77.726919319928342, 34.279329037815515 ], [ -77.728308033766965, 34.277940409927211 ], [ -77.728583189364841, 34.275995288527881 ], [ -77.731924551441253, 34.274606295388317 ], [ -77.739691287108613, 34.268220907610747 ], [ -77.740530753420799, 34.265718509539305 ], [ -77.748039620134648, 34.257387170844261 ], [ -77.751930077104291, 34.255441456316909 ] ] ] ] } },
{ "type": "Feature", "properties": { "fid": 26, "AREA": 0.00109, "PERIMETER": 0.22746, "ULMUALAT_": 27, "ULMUALAT_I": 3, "CODE": 1 }, "geometry": { "type": "MultiPolygon", "coordinates": [ [ [ [ -77.869702429109168, 34.082668236189093 ], [ -77.869152769302318, 34.088214978194522 ], [ -77.866101278738654, 34.091831448402075 ], [ -77.866360568541324, 34.094051480534311 ], [ -77.864146850333753, 34.09849988766188 ], [ -77.863323304756307, 34.101833358042384 ], [ -77.863598520811294, 34.104610606651846 ], [ -77.857754076245513, 34.117663724606075 ], [ -77.858043550914431, 34.122660889703575 ], [ -77.855816072549146, 34.133220105745728 ], [ -77.857479835545703, 34.143497525499257 ], [ -77.855541704482434, 34.149333412988732 ], [ -77.853587441145351, 34.150439912065792 ], [ -77.851925369791985, 34.152942339982303 ], [ -77.848048375457424, 34.154331025466995 ], [ -77.837763963756956, 34.162662086884694 ], [ -77.836375213754835, 34.165164378928097 ], [ -77.824991772309332, 34.175722771154064 ], [ -77.823603551249676, 34.17627276748123 ], [ -77.820552172100022, 34.175440625955922 ], [ -77.817209632079908, 34.172663448015911 ], [ -77.816935035827058, 34.170718843374701 ], [ -77.819437693129231, 34.166835057457263 ], [ -77.823039573432922, 34.164050380992606 ], [ -77.822214367421253, 34.164050570684495 ], [ -77.823328511024968, 34.16349362368021 ], [ -77.828319181659666, 34.154604985896015 ], [ -77.839152777063219, 34.141277023277922 ], [ -77.846370314231038, 34.125163757331634 ], [ -77.851375060826157, 34.111278590195354 ], [ -77.853878406162011, 34.10767010930855 ], [ -77.856364961214155, 34.101833225633342 ], [ -77.869702429109168, 34.082668236189093 ] ] ] ] } },
{ "type": "Feature", "properties": { "fid": 27, "AREA": 0.00243, "PERIMETER": 0.23004, "ULMUALAT_": 28, "ULMUALAT_I": 3, "CODE": 1 }, "geometry": { "type": "MultiPolygon", "coordinates": [ [ [ [ -77.967208871936577, 33.847946443301389 ], [ -77.976105070806184, 33.849892014053481 ], [ -77.98054566687631, 33.852111249243897 ], [ -78.004442347748309, 33.858779209912804 ], [ -78.013047855572864, 33.863227193613078 ], [ -78.016664499333601, 33.869613640482569 ], [ -78.016114303674513, 33.874335968089646 ], [ -78.013047702246212, 33.877944558523154 ], [ -78.00888198837724, 33.881278656932516 ], [ -78.003052595594838, 33.88378109798667 ], [ -78.000001151266005, 33.886001076600465 ], [ -77.992477977691692, 33.894332380080463 ], [ -77.987213932007862, 33.896834438292395 ], [ -77.984986337085488, 33.899054127212771 ], [ -77.978591741933258, 33.897947918609631 ], [ -77.975540318193168, 33.896559955508735 ], [ -77.971938924219003, 33.891006046386565 ], [ -77.968322870955475, 33.889609605891749 ], [ -77.962219559806172, 33.89266846935552 ], [ -77.957488892058052, 33.896560080044601 ], [ -77.952499347433573, 33.90821704054472 ], [ -77.949431285710091, 33.913221907465449 ], [ -77.944701477540548, 33.910993965340531 ], [ -77.944700776112967, 33.905440596872054 ], [ -77.949141942103907, 33.892944173526409 ], [ -77.948317634377304, 33.892669277231207 ], [ -77.950545915863202, 33.887671875230005 ], [ -77.953887116502315, 33.871276429809278 ], [ -77.954435991357926, 33.863227203340706 ], [ -77.956374452444166, 33.856559429370648 ], [ -77.960539644803504, 33.850173906872755 ], [ -77.966110098294678, 33.849334725306733 ], [ -77.967208871936577, 33.847946443301389 ] ] ] ] } },
{ "type": "Feature", "properties": { "fid": 28, "AREA": 0.00062, "PERIMETER": 0.18536, "ULMUALAT_": 29, "ULMUALAT_I": 3, "CODE": 1 }, "geometry": { "type": "MultiPolygon", "coordinates": [ [ [ [ -78.480014728220283, 33.866559079388352 ], [ -78.48167912281292, 33.869053724669307 ], [ -78.480014925678276, 33.872105628161897 ], [ -78.47278213008677, 33.876553649741417 ], [ -78.468891018974887, 33.877659429154136 ], [ -78.465014988648861, 33.879887197233174 ], [ -78.461399085798632, 33.88044434880937 ], [ -78.450565163016421, 33.886281316170916 ], [ -78.445269667028327, 33.886555153925471 ], [ -78.43472568214591, 33.891003754968615 ], [ -78.426393083341424, 33.892941744489171 ], [ -78.415560056675346, 33.898502999295246 ], [ -78.410844896798139, 33.899610097175014 ], [ -78.408066977853338, 33.901272288021886 ], [ -78.400010969367315, 33.901829672466739 ], [ -78.398072654901227, 33.899334748379268 ], [ -78.400559645741396, 33.89711470135115 ], [ -78.405838797861875, 33.894329603180168 ], [ -78.409166130726845, 33.89378085793507 ], [ -78.422228262869154, 33.886555364525023 ], [ -78.450289823575105, 33.877659458183103 ], [ -78.465839376744285, 33.871549177810962 ], [ -78.475559796277636, 33.866558941530499 ], [ -78.480014728220283, 33.866559079388352 ] ] ] ] } },
{ "type": "Feature", "properties": { "fid": 29, "AREA": 0.00093, "PERIMETER": 0.16341, "ULMUALAT_": 30, "ULMUALAT_I": 3, "CODE": 1 }, "geometry": { "type": "MultiPolygon", "coordinates": [ [ [ [ -79.367548526834028, 33.002389788021212 ], [ -79.369776774006795, 33.003495647772311 ], [ -79.370051768490896, 33.005167191473134 ], [ -79.368937029276438, 33.00682991537105 ], [ -79.369227781246849, 33.009057701216832 ], [ -79.365610804763463, 33.016832203985224 ], [ -79.363947531221882, 33.018494938890811 ], [ -79.36367204843144, 33.026825815381471 ], [ -79.359781840441599, 33.032380651562761 ], [ -79.362558177375405, 33.04349660047248 ], [ -79.361169224592302, 33.045441935629306 ], [ -79.360895101637794, 33.050163829773467 ], [ -79.346734628744244, 33.062103976802362 ], [ -79.345330639470205, 33.064880662131166 ], [ -79.343118089692595, 33.066552178629422 ], [ -79.335899320958475, 33.06738289309699 ], [ -79.336174855573049, 33.066552227028858 ], [ -79.334785849615216, 33.065712954516322 ], [ -79.335334927042211, 33.06015796464942 ], [ -79.336999027120257, 33.057664203066537 ], [ -79.336449901344636, 33.05626731948918 ], [ -79.339501707345946, 33.054604664041264 ], [ -79.338676809920955, 33.054604867339663 ], [ -79.339775715988097, 33.049889469090793 ], [ -79.339501724915195, 33.045441575849715 ], [ -79.34172959372755, 33.039604850424993 ], [ -79.35366213026451, 33.017381404958428 ], [ -79.360605008944617, 33.006829942642646 ], [ -79.364786974620515, 33.003220954733266 ], [ -79.367548526834028, 33.002389788021212 ] ] ] ] } },
{ "type": "Feature", "properties": { "fid": 30, "AREA": 0.03415, "PERIMETER": 0.66667, "ULMUALAT_": 31, "ULMUALAT_I": 12, "CODE": 1 }, "geometry": { "type": "MultiPolygon", "coordinates": [ [ [ [ -81.052577788457739, 32.614174307879061 ], [ -81.033740260773541, 32.619158412371057 ], [ -80.986275662768193, 32.617833140269319 ], [ -80.941600141143681, 32.601887521454906 ], [ -80.907060584016506, 32.579793451016215 ], [ -80.89474536725271, 32.55068685511322 ], [ -80.889645644823489, 32.515057481914575 ], [ -80.898601158380302, 32.483810285195673 ], [ -80.927865759776239, 32.455287450616183 ], [ -80.947014750974745, 32.432892224195513 ], [ -80.980195683878804, 32.414867664665358 ], [ -81.00676897118251, 32.415921634912145 ], [ -81.060979246113888, 32.428135384645081 ], [ -81.095494831082718, 32.450188265100934 ], [ -81.099154993267788, 32.478123626194069 ], [ -81.102358593655595, 32.508492029304868 ], [ -81.097914389080557, 32.547826402188711 ], [ -81.083214991990303, 32.578315581906793 ], [ -81.066517426921422, 32.603548057786774 ], [ -81.052577788457739, 32.614174307879061 ] ] ] ] } },
{ "type": "Feature", "properties": { "fid": 31, "AREA": 0.02499, "PERIMETER": 0.58497, "ULMUALAT_": 32, "ULMUALAT_I": 13, "CODE": 1 }, "geometry": { "type": "MultiPolygon", "coordinates": [ [ [ [ -98.207366892714433, 32.179863652927999 ], [ -98.19440760272802, 32.203005793420509 ], [ -98.181128557187279, 32.214707472849646 ], [ -98.120262696095622, 32.227310804135108 ], [ -98.065437394671122, 32.211161280549412 ], [ -98.044463194776014, 32.188654862625768 ], [ -98.036794674057461, 32.15445955480029 ], [ -98.049205690597816, 32.108452837351898 ], [ -98.069125211764359, 32.090919751571029 ], [ -98.129743545856996, 32.072620503407798 ], [ -98.190490447520006, 32.060008763032435 ], [ -98.22472454188285, 32.070785138124855 ], [ -98.239252453344292, 32.10483790479082 ], [ -98.233422620147223, 32.139292064596411 ], [ -98.207366892714433, 32.179863652927999 ] ] ] ] } },
{ "type": "Feature", "properties": { "fid": 32, "AREA": 0.04323, "PERIMETER": 0.98868, "ULMUALAT_": 33, "ULMUALAT_I": 14, "CODE": 1 }, "geometry": { "type": "MultiPolygon", "coordinates": [ [ [ [ -89.846048676582612, 30.133364747933229 ], [ -89.845904964725051, 30.132972399505558 ], [ -89.843402508124925, 30.129916834274436 ], [ -89.8428380063758, 30.127693015020171 ], [ -89.829241422700775, 30.109916630062006 ], [ -89.817293156761281, 30.101860271340524 ], [ -89.811997963815088, 30.099361882159382 ], [ -89.808530092905045, 30.098257732977491 ], [ -89.801090977938628, 30.085328010851427 ], [ -89.792755016988693, 30.064858243301554 ], [ -89.791623133637202, 30.052058457213345 ], [ -89.794594596173809, 30.052454895307719 ], [ -89.808465275389807, 30.047828063443127 ], [ -89.814704565469015, 30.040607458616364 ], [ -89.826463867031663, 30.034364625610646 ], [ -89.829241027927438, 30.031866120045802 ], [ -89.839865141960047, 30.014405900459657 ], [ -89.849085734001093, 30.010448835353579 ], [ -89.847437299603769, 30.009808009604502 ], [ -89.845843007524763, 30.007981040946596 ], [ -89.845308482952262, 30.005696193560837 ], [ -89.843721990733187, 30.004784492361107 ], [ -89.842637936304357, 29.997921868754219 ], [ -89.840509450199264, 29.992892170872008 ], [ -89.83889242094034, 29.983283344838739 ], [ -89.837282216199284, 29.976421152161503 ], [ -89.83674099720487, 29.972303025773723 ], [ -89.830369917841963, 29.961334072570864 ], [ -89.829309735168991, 29.959964645314628 ], [ -89.827196111525069, 29.957223864901312 ], [ -89.825601690058107, 29.954481336897675 ], [ -89.824680309299552, 29.953862938026532 ], [ -89.824510456732284, 29.953251191690658 ], [ -89.819231037988857, 29.945198935904127 ], [ -89.818241003103196, 29.944625935426107 ], [ -89.819288534817616, 29.930647266616393 ], [ -89.842156248241494, 29.910507995099245 ], [ -89.867967078248356, 29.894815683338564 ], [ -89.936675065144399, 29.898655907284436 ], [ -89.978381279171217, 29.912395375725637 ], [ -90.039131985257896, 29.91287333967103 ], [ -90.066030437448305, 29.904338946985703 ], [ -90.091083496105782, 29.898555451918199 ], [ -90.110412731328054, 29.903886350699576 ], [ -90.128934635627743, 29.920598501608652 ], [ -90.128951368696562, 29.943455171474739 ], [ -90.118432728147539, 29.975742400287487 ], [ -90.098687213045181, 29.998959135843524 ], [ -90.074833499179505, 30.010522946505809 ], [ -90.043191708733545, 30.015944330582244 ], [ -89.980103259537856, 30.023914184057926 ], [ -89.962884569115957, 30.034391188913382 ], [ -89.937257658818623, 30.047256067494732 ], [ -89.91088670644406, 30.070071633280563 ], [ -89.887252653817583, 30.100174343892569 ], [ -89.872333434685174, 30.123618596540265 ], [ -89.850052157280075, 30.13522195937734 ], [ -89.846048676582612, 30.133364747933229 ] ] ] ] } },
{ "type": "Feature", "properties": { "fid": 33, "AREA": 0.00016, "PERIMETER": 0.05551, "ULMUALAT_": 34, "ULMUALAT_I": 3, "CODE": 1 }, "geometry": { "type": "MultiPolygon", "coordinates": [ [ [ [ -84.353285163705621, 30.029533800579959 ], [ -84.350453337619285, 30.033259327528562 ], [ -84.35100288128362, 30.04020214462631 ], [ -84.349628907711377, 30.045756116740023 ], [ -84.34489910216692, 30.046313608291541 ], [ -84.342960651405278, 30.043814970786762 ], [ -84.342121209333087, 30.039645335817426 ], [ -84.344059049389685, 30.028815459859459 ], [ -84.347441880508953, 30.02333450925974 ], [ -84.353285163705621, 30.029533800579959 ] ] ] ] } },
{ "type": "Feature", "properties": { "fid": 34, "AREA": 0.03314, "PERIMETER": 0.66889, "ULMUALAT_": 35, "ULMUALAT_I": 15, "CODE": 1 }, "geometry": { "type": "MultiPolygon", "coordinates": [ [ [ [ -90.682565100545816, 29.728560720815064 ], [ -90.694501487178215, 29.746236096005834 ], [ -90.697378020535254, 29.803347907004575 ], [ -90.67525765261037, 29.842145978759397 ], [ -90.635013493275849, 29.857262870134299 ], [ -90.6016509472569, 29.867009706519287 ], [ -90.529880520289936, 29.863434586538574 ], [ -90.484969546382928, 29.849779402567474 ], [ -90.460780950760451, 29.820067465511386 ], [ -90.463443198462883, 29.780319060922668 ], [ -90.492538729684838, 29.736209228350798 ], [ -90.520476077247125, 29.709126444605566 ], [ -90.593596027320089, 29.689988725373777 ], [ -90.645684803413175, 29.6925640690454 ], [ -90.682565100545816, 29.728560720815064 ] ] ] ] } },
{ "type": "Feature", "properties": { "fid": 35, "AREA": 0.00032, "PERIMETER": 0.07479, "ULMUALAT_": 36, "ULMUALAT_I": 3, "CODE": 1 }, "geometry": { "type": "MultiPolygon", "coordinates": [ [ [ [ -83.032619434210886, 29.135518559463037 ], [ -83.04317912152554, 29.140519515644247 ], [ -83.046229851807908, 29.138852210479826 ], [ -83.052059169565197, 29.140518893267732 ], [ -83.054013424909485, 29.143017543658246 ], [ -83.052898975707109, 29.148296817654757 ], [ -83.049573120249931, 29.152741004410466 ], [ -83.044003110329996, 29.153294052873093 ], [ -83.038738711837638, 29.151630870113447 ], [ -83.035961399610756, 29.153293956863571 ], [ -83.035122268800919, 29.151074279422147 ], [ -83.028453909389938, 29.144406062785485 ], [ -83.027065128951591, 29.140240616251592 ], [ -83.028727630362653, 29.135518550367514 ], [ -83.032619434210886, 29.135518559463037 ] ] ] ] } },
{ "type": "Feature", "properties": { "fid": 36, "AREA": 0.00075, "PERIMETER": 0.12597, "ULMUALAT_": 37, "ULMUALAT_I": 3, "CODE": 1 }, "geometry": { "type": "MultiPolygon", "coordinates": [ [ [ [ -82.718712928880592, 28.825534241895514 ], [ -82.72010046736176, 28.827200914071771 ], [ -82.718437231160564, 28.831644768567443 ], [ -82.712883484152229, 28.838587344746248 ], [ -82.708168418319531, 28.839144181769036 ], [ -82.680931152678554, 28.854421640284549 ], [ -82.676216269016606, 28.853586743418791 ], [ -82.67592664316831, 28.849142508704752 ], [ -82.677040407661394, 28.847475589362887 ], [ -82.676216114729925, 28.846643974941173 ], [ -82.677604695677289, 28.841090141928319 ], [ -82.676490765189826, 28.841643165171053 ], [ -82.678153625992906, 28.838309058837222 ], [ -82.677879409060012, 28.831366682476567 ], [ -82.691199535362443, 28.824424295942794 ], [ -82.696204579996987, 28.823867292248835 ], [ -82.700935696457975, 28.826922827046655 ], [ -82.707878554947328, 28.828589438681064 ], [ -82.713722002118743, 28.827479397058372 ], [ -82.718712928880592, 28.825534241895514 ] ] ] ] } },
{ "type": "Feature", "properties": { "fid": 37, "AREA": 0.00028, "PERIMETER": 0.07631, "ULMUALAT_": 38, "ULMUALAT_I": 3, "CODE": 1 }, "geometry": { "type": "MultiPolygon", "coordinates": [ [ [ [ -82.675375334844418, 28.756094328169542 ], [ -82.679816062891405, 28.758314152043351 ], [ -82.681768774448599, 28.767759233816676 ], [ -82.684821500323949, 28.771646421372282 ], [ -82.689811402664532, 28.774701878088177 ], [ -82.690101316813781, 28.776647250296229 ], [ -82.687034029588389, 28.779702423556021 ], [ -82.682043564383903, 28.781647848478464 ], [ -82.67815326508547, 28.78164818296354 ], [ -82.679816106324651, 28.78053784404219 ], [ -82.669821144451731, 28.767759226245499 ], [ -82.668158261612078, 28.759149752512169 ], [ -82.670370760671744, 28.756647737760531 ], [ -82.675375334844418, 28.756094328169542 ] ] ] ] } },
{ "type": "Feature", "properties": { "fid": 38, "AREA": 0.02626, "PERIMETER": 0.58327, "ULMUALAT_": 39, "ULMUALAT_I": 17, "CODE": 1 }, "geometry": { "type": "MultiPolygon", "coordinates": [ [ [ [ -80.955008867826905, 27.370780017934639 ], [ -80.949526301585365, 27.401747465663977 ], [ -80.924344452570907, 27.433402467073776 ], [ -80.894567949513373, 27.446746716733269 ], [ -80.848149401552718, 27.443559539191003 ], [ -80.810597901881408, 27.434582296179119 ], [ -80.801611542193854, 27.419159919809342 ], [ -80.784382772201397, 27.40606523779201 ], [ -80.771474699826854, 27.368888608794148 ], [ -80.772591653315359, 27.340811795821399 ], [ -80.781944674292276, 27.310403955234573 ], [ -80.807142828404864, 27.278772114499567 ], [ -80.843879955719487, 27.269995005372397 ], [ -80.908643245795844, 27.27938481335784 ], [ -80.930285608980384, 27.289572483940496 ], [ -80.945686524125051, 27.312972436737912 ], [ -80.950875293313089, 27.327837506912786 ], [ -80.955457038161953, 27.346142995267808 ], [ -80.955008867826905, 27.370780017934639 ] ] ] ] } }
]
}
