{
"type": "FeatureCollection",
"name": "Yellow birch",
"crs": { "type": "name", "properties": { "name": "urn:ogc:def:crs:OGC:1.3:CRS84" } },
"features": [
{ "type": "Feature", "properties": { "fid": 1, "AREA": 0.14937, "PERIMETER": 1.98952, "BETUALLE_": 2, "BETUALLE_I": 3, "CODE": 1 }, "geometry": { "type": "MultiPolygon", "coordinates": [ [ [ [ -63.743742755906162, 49.873796068454674 ], [ -63.737342472886944, 49.866934950080875 ], [ -63.719995894168321, 49.818942764591142 ], [ -63.678532539911984, 49.754843971900947 ], [ -63.682112350233126, 49.705281005839886 ], [ -63.703196175271103, 49.653229335992968 ], [ -63.743107263595164, 49.613462699162206 ], [ -63.825188835584768, 49.629587698527779 ], [ -63.835802015719999, 49.635277559028474 ], [ -63.841355767511317, 49.639168422463769 ], [ -63.86830570489191, 49.651940703621904 ], [ -63.881360048547712, 49.659165279615834 ], [ -63.917752477127394, 49.674446420658725 ], [ -63.990256007518127, 49.694160265880434 ], [ -64.014983687724126, 49.702499704926375 ], [ -64.030811025628978, 49.708891644862277 ], [ -64.059420107391375, 49.713889475114655 ], [ -64.067203856290334, 49.714163254630819 ], [ -64.08609220179774, 49.716665257995096 ], [ -64.109426362123429, 49.72555351914378 ], [ -64.126912879208788, 49.730826919943041 ], [ -64.145542569473804, 49.733609819610621 ], [ -64.154149384209376, 49.733886228275537 ], [ -64.201925006728274, 49.741667293813187 ], [ -64.238030849990821, 49.751668460612898 ], [ -64.245261979669323, 49.754720732557253 ], [ -64.251380850471193, 49.758336253003598 ], [ -64.266091609986262, 49.764447797613911 ], [ -64.278039327803, 49.771381547009597 ], [ -64.286646501165265, 49.773884697613845 ], [ -64.306375184165674, 49.777494270436627 ], [ -64.313044142213286, 49.781110347106029 ], [ -64.317775271829632, 49.785000053039262 ], [ -64.323603031657569, 49.793615085342417 ], [ -64.325543231359418, 49.798337716954286 ], [ -64.332209915566807, 49.806943492057897 ], [ -64.341381813503403, 49.814716610221566 ], [ -64.347484853294006, 49.818332409551246 ], [ -64.353604130647412, 49.821666369675405 ], [ -64.362211055122202, 49.824443601734011 ], [ -64.380537390125525, 49.826107753011492 ], [ -64.386657166662332, 49.823056724780749 ], [ -64.387221044529326, 49.817502364641399 ], [ -64.383328596055662, 49.808047889252208 ], [ -64.376645349568989, 49.799169174308773 ], [ -64.375821102464897, 49.794162193513991 ], [ -64.381652025382479, 49.789441124856523 ], [ -64.389432987535372, 49.789723240430334 ], [ -64.417768856406582, 49.801662413240017 ], [ -64.434431413444798, 49.812495865697542 ], [ -64.443877055769022, 49.821110354085697 ], [ -64.452225254214113, 49.834437002282741 ], [ -64.456101632605282, 49.838328713158937 ], [ -64.46943720959078, 49.84471460247925 ], [ -64.504441795500341, 49.855272672475472 ], [ -64.510561949326245, 49.858607606962231 ], [ -64.513338233149398, 49.863611830574932 ], [ -64.509723050938831, 49.868602001939486 ], [ -64.500552348547544, 49.878047415836697 ], [ -64.495549072839495, 49.883052428821159 ], [ -64.490269188347114, 49.886942678500503 ], [ -64.472216121210025, 49.89583002110534 ], [ -64.458057251569855, 49.900829124929558 ], [ -64.444979357712114, 49.904437350350236 ], [ -64.421937191381204, 49.907494872037496 ], [ -64.407777621124978, 49.911105220928746 ], [ -64.378036665364547, 49.91666501219008 ], [ -64.355270408428339, 49.919716888536186 ], [ -64.330275430787864, 49.92027471369299 ], [ -64.322767508125196, 49.921381339052566 ], [ -64.310257199337627, 49.925829859372868 ], [ -64.295271261415962, 49.928606887835841 ], [ -64.270552262609073, 49.928880347822272 ], [ -64.254436865016444, 49.931109100876022 ], [ -64.242766780158334, 49.936655402372722 ], [ -64.232496021860712, 49.945269656492805 ], [ -64.226376311561424, 49.948327534021054 ], [ -64.203045686418989, 49.950273085967325 ], [ -64.193583964347482, 49.948876084137424 ], [ -64.167490741826867, 49.947488301839179 ], [ -64.142208512775994, 49.948046177915849 ], [ -64.132487789469337, 49.947213877390425 ], [ -64.123315390735286, 49.94526904441117 ], [ -64.089990196680603, 49.934160640477494 ], [ -64.063592159853144, 49.926386333244174 ], [ -64.045540628680854, 49.924441969871218 ], [ -64.037484573622365, 49.924997757323176 ], [ -64.028602753682748, 49.924442688988194 ], [ -64.005269277015074, 49.915545029289646 ], [ -63.996374066301847, 49.913052168866948 ], [ -63.990538162415795, 49.909436013512419 ], [ -63.98219821485921, 49.906100816923377 ], [ -63.958316002002263, 49.898052787921316 ], [ -63.943868323311712, 49.891940831381575 ], [ -63.938030642058742, 49.887776441226578 ], [ -63.93025452391619, 49.88527403333449 ], [ -63.867478545575608, 49.880826538486161 ], [ -63.85942110432844, 49.881106845282979 ], [ -63.851921559885618, 49.882496429009798 ], [ -63.836081842906658, 49.882497079376435 ], [ -63.82720206858523, 49.881940339065679 ], [ -63.789146792270529, 49.875553572282001 ], [ -63.769696288926212, 49.874165447592041 ], [ -63.762481465690406, 49.874713819250161 ], [ -63.743742755906162, 49.873796068454674 ] ] ] ] } },
{ "type": "Feature", "properties": { "fid": 2, "AREA": 32.85841, "PERIMETER": 56.61417, "BETUALLE_": 3, "BETUALLE_I": 38, "CODE": 1 }, "geometry": { "type": "MultiPolygon", "coordinates": [ [ [ [ -89.176932055934188, 48.425712826543133 ], [ -89.184171058941644, 48.409268372511129 ], [ -89.164678752617277, 48.377223392117408 ], [ -89.159185551069243, 48.342756759625509 ], [ -89.162466132757018, 48.311833022928113 ], [ -89.174508438654172, 48.28445025920972 ], [ -89.186866781844756, 48.253979811982994 ], [ -89.207972890986753, 48.227044445056968 ], [ -89.219331107810262, 48.205849578006571 ], [ -89.234897482709769, 48.18796702902933 ], [ -89.254993975530283, 48.170301510625634 ], [ -89.277009049737842, 48.134094950076616 ], [ -89.293183619649085, 48.110030124070157 ], [ -89.331053944976432, 48.096321432647962 ], [ -89.34624546856071, 48.081523823015722 ], [ -89.389251609248149, 48.061839839773633 ], [ -89.428015396585025, 48.038840279547244 ], [ -89.475496955726967, 48.019346653561719 ], [ -89.522331218749713, 48.00601506289604 ], [ -89.578814116663665, 47.986910185768721 ], [ -89.644920681308136, 47.962019176928898 ], [ -89.688359123321547, 47.936076027311877 ], [ -89.708853799159726, 47.912186555852294 ], [ -89.724215065537322, 47.894267144302447 ], [ -89.753126298858689, 47.876959971381169 ], [ -89.837126153465888, 47.852799888765489 ], [ -89.902125971791889, 47.837063952130379 ], [ -90.013114551738965, 47.813988428171996 ], [ -90.129656854613032, 47.778665289637132 ], [ -90.19957593994026, 47.75680833428207 ], [ -90.250857980691649, 47.740345522015929 ], [ -90.333962347827068, 47.722073543258645 ], [ -90.453362530989878, 47.702113031445563 ], [ -90.517805154457676, 47.689186462960741 ], [ -90.578487656366789, 47.666790866384531 ], [ -90.675938275416158, 47.636497363601343 ], [ -90.722501812966627, 47.619697524794631 ], [ -90.81203728478998, 47.573536024441317 ], [ -90.855483513324046, 47.538006742149676 ], [ -90.921848866403352, 47.497120136218982 ], [ -91.002795916805539, 47.441269796170189 ], [ -91.045579865100024, 47.411867678308177 ], [ -91.116644885655845, 47.364899099225937 ], [ -91.182667029284303, 47.323915476089944 ], [ -91.239415932799588, 47.285679535706244 ], [ -91.282213595501489, 47.253137115637585 ], [ -91.329669116887729, 47.217649174744537 ], [ -91.377290845121905, 47.179067365076186 ], [ -91.415693492414974, 47.143258310568925 ], [ -91.45405372625703, 47.107445225336285 ], [ -91.500250008652316, 47.087332535971889 ], [ -91.568969355905764, 47.064843538113927 ], [ -91.619773078281483, 47.04175419253626 ], [ -91.670948002659784, 47.012482091024793 ], [ -91.763044222652411, 46.972108782474201 ], [ -91.800326137368884, 46.948545739094399 ], [ -91.837776778409975, 46.921892119011545 ], [ -91.898063593896552, 46.886651936922227 ], [ -91.940084936579609, 46.857029360527072 ], [ -92.009162910193297, 46.82201108638013 ], [ -92.041819179229208, 46.798264803547184 ], [ -92.075371523386679, 46.759109398902396 ], [ -92.072578802124013, 46.73125617357762 ], [ -92.042933138579102, 46.705718030366569 ], [ -92.021266393077042, 46.695833119743099 ], [ -91.955358693071503, 46.681562559470471 ], [ -91.892961156445324, 46.682792007561517 ], [ -91.843891215895667, 46.684398081321241 ], [ -91.808541337813438, 46.680235225459185 ], [ -91.750386604960582, 46.684613327580905 ], [ -91.695862463350466, 46.701428080552141 ], [ -91.65020088443822, 46.718502132123518 ], [ -91.604309732261811, 46.738641896551997 ], [ -91.549912199738259, 46.75231857498418 ], [ -91.487230330224889, 46.756443529813531 ], [ -91.432793638934882, 46.770077154002969 ], [ -91.360104022325828, 46.78924696931869 ], [ -91.314294610169043, 46.806213688841552 ], [ -91.259114250312379, 46.829019434096544 ], [ -91.207450406850896, 46.864280779741158 ], [ -91.194088246382478, 46.863813670486138 ], [ -91.150915514223996, 46.84376658124765 ], [ -91.123514786518555, 46.852061351796785 ], [ -91.090273202115, 46.878672846436174 ], [ -91.026044254920137, 46.901071548632999 ], [ -90.980778192481793, 46.908690459525076 ], [ -90.922606710146866, 46.90964205920389 ], [ -90.889733538743002, 46.930048271419238 ], [ -90.8573226650349, 46.944288379981622 ], [ -90.808278789358695, 46.942444291947993 ], [ -90.765416495764057, 46.919190580191163 ], [ -90.754261802398048, 46.890959496655704 ], [ -90.76142032885295, 46.857251131831951 ], [ -90.7868602312668, 46.818066655271586 ], [ -90.831028314442847, 46.767237508181474 ], [ -90.842578233137274, 46.733706194779352 ], [ -90.835866447104806, 46.7056662201961 ], [ -90.837316308620814, 46.687198139766195 ], [ -90.852566535097367, 46.663076177618471 ], [ -90.876921698221651, 46.636208870706362 ], [ -90.905217276388811, 46.615660083972813 ], [ -90.912269671037947, 46.581973785780754 ], [ -90.89057574079655, 46.574995003186693 ], [ -90.813751582859837, 46.590620422407468 ], [ -90.752671046152898, 46.631502411086061 ], [ -90.685120762458794, 46.641245905250699 ], [ -90.623749147702043, 46.629588335924304 ], [ -90.567850869702724, 46.605773321305513 ], [ -90.489053886650197, 46.590274047574439 ], [ -90.41446612401262, 46.577989481969588 ], [ -90.316155370933359, 46.583199479900685 ], [ -90.202905887186787, 46.606234413884223 ], [ -90.107318685450338, 46.629942421990769 ], [ -90.04715724329445, 46.655133681413211 ], [ -89.954749624288254, 46.691237484197515 ], [ -89.907224267652651, 46.723113850615746 ], [ -89.841303338244643, 46.760331493588367 ], [ -89.806137563404732, 46.802009925987925 ], [ -89.782158358766125, 46.819466836840107 ], [ -89.735631041564744, 46.83898435463211 ], [ -89.686107519552323, 46.842896159584875 ], [ -89.592994309624814, 46.835487181374333 ], [ -89.512634820834492, 46.834801206521874 ], [ -89.408496856655361, 46.848382647997809 ], [ -89.313213375607745, 46.862319806246838 ], [ -89.276363535799916, 46.872887791230376 ], [ -89.248401884720991, 46.883882391248989 ], [ -89.214236288942303, 46.891196149892394 ], [ -89.186993239491997, 46.913930806049343 ], [ -89.154062069234939, 46.943258849946275 ], [ -89.141824186157351, 46.965016599259435 ], [ -89.123219620408406, 46.976132746021037 ], [ -89.067970849273976, 46.980237546177598 ], [ -88.95175906756441, 46.994973098305515 ], [ -88.920162986168208, 47.010560553417989 ], [ -88.895062214931983, 47.035085760369505 ], [ -88.853373795956642, 47.074240676697826 ], [ -88.793876702803445, 47.11590379316754 ], [ -88.732771557455848, 47.148854434334297 ], [ -88.630462129391006, 47.214041886504134 ], [ -88.568840179093129, 47.227960639501397 ], [ -88.532456964120456, 47.239777135617345 ], [ -88.494879384949343, 47.261860218611361 ], [ -88.448817901954413, 47.292086158371127 ], [ -88.376209246558702, 47.334628857399387 ], [ -88.307212965246094, 47.367000421051372 ], [ -88.277368916233343, 47.386024991510908 ], [ -88.170665986053109, 47.417947942346849 ], [ -88.040803733980951, 47.432938844336924 ], [ -87.925633074902095, 47.450398737246402 ], [ -87.872194065860711, 47.455885982872438 ], [ -87.796730800760173, 47.456598336896569 ], [ -87.728965562590631, 47.456003292109024 ], [ -87.724196136657511, 47.453991320907399 ], [ -87.71303581532284, 47.44296984787578 ], [ -87.707083911252454, 47.430532544146224 ], [ -87.712410390461542, 47.408422737209861 ], [ -87.747409310690685, 47.389819092120916 ], [ -87.783151138682499, 47.385053584209501 ], [ -87.819103638867674, 47.378566293791678 ], [ -87.859815609505688, 47.374076737955598 ], [ -87.89283678297754, 47.370848829706951 ], [ -87.911336000122532, 47.363311420276034 ], [ -87.92548603791559, 47.350344056355397 ], [ -87.958959583159839, 47.322984789832759 ], [ -87.991774537868679, 47.300755269950379 ], [ -88.06582876430501, 47.268836737216681 ], [ -88.098580597715326, 47.246586230389383 ], [ -88.139180035410803, 47.221330523992947 ], [ -88.166708330941873, 47.200494843967725 ], [ -88.182003170512374, 47.177239698210357 ], [ -88.191501961239453, 47.160546382009919 ], [ -88.220822110048104, 47.124301222924423 ], [ -88.241899409698121, 47.115154285983202 ], [ -88.27558149630562, 47.10499227099357 ], [ -88.290008298929664, 47.08857470112838 ], [ -88.310194377118734, 47.065589569010555 ], [ -88.323328876399543, 47.038766780926601 ], [ -88.330293306908359, 47.021932775462048 ], [ -88.34964472846184, 47.005790241930399 ], [ -88.371065073117421, 46.993206393969487 ], [ -88.398423756206611, 46.972339798821764 ], [ -88.41318732229405, 46.952496553780051 ], [ -88.415960525408366, 46.928547110319428 ], [ -88.416455130164664, 46.902753953983634 ], [ -88.423578815502509, 46.884211950677781 ], [ -88.442561904896522, 46.849115803273882 ], [ -88.450262777213467, 46.82544606090525 ], [ -88.445211020696718, 46.804517895553417 ], [ -88.419219760323429, 46.792756416111395 ], [ -88.376434447772482, 46.797264937113084 ], [ -88.365161147159199, 46.80868477554219 ], [ -88.343201245800557, 46.826389270199449 ], [ -88.330117388420291, 46.853197558553902 ], [ -88.308333831328667, 46.869188303909681 ], [ -88.280988718117911, 46.890030047326285 ], [ -88.224989752541845, 46.921300609537347 ], [ -88.203565375489589, 46.933858582306101 ], [ -88.183154317252757, 46.937861913061255 ], [ -88.163353770674561, 46.936732149004442 ], [ -88.165603777136056, 46.917921108691438 ], [ -88.185780132730997, 46.894967425947925 ], [ -88.216441831446346, 46.867445271086673 ], [ -88.231033328774032, 46.849336431353109 ], [ -88.222971445075984, 46.833387114051064 ], [ -88.192299693153444, 46.840249716141138 ], [ -88.147215493525309, 46.863496511672665 ], [ -88.125589634944092, 46.87775042960822 ], [ -88.099214403379165, 46.890006198293818 ], [ -88.066237209515435, 46.894988816384526 ], [ -87.970000128275842, 46.887663274430167 ], [ -87.928175735675012, 46.88348448596404 ], [ -87.827453662017817, 46.872350658497872 ], [ -87.73482488627441, 46.856464119232371 ], [ -87.689828358080845, 46.83824313649226 ], [ -87.613847074699635, 46.809502420923408 ], [ -87.543262643408482, 46.75866615473295 ], [ -87.525692937151419, 46.721421537896788 ], [ -87.516014731036066, 46.700159839044758 ], [ -87.465568203038998, 46.667754069363859 ], [ -87.438902139182204, 46.643707292023691 ], [ -87.426800839281739, 46.622292410532502 ], [ -87.405757631117979, 46.593430230608611 ], [ -87.374224767021602, 46.56906660192282 ], [ -87.350314753537106, 46.543457695976052 ], [ -87.34563392592429, 46.522509320214105 ], [ -87.320851918859432, 46.50372512313627 ], [ -87.286259943301033, 46.484310299305122 ], [ -87.283803986328437, 46.484153370510462 ], [ -87.20811281759218, 46.479245648066112 ], [ -87.132214129968744, 46.487325792282007 ], [ -87.08260833180934, 46.49449022995028 ], [ -87.013040096819466, 46.510721411705426 ], [ -86.966408033548575, 46.523239727764661 ], [ -86.948567283472727, 46.516856703477771 ], [ -86.943630179126217, 46.498331423379248 ], [ -86.923867627153257, 46.478818763815518 ], [ -86.848527483574671, 46.455585841850827 ], [ -86.795930853517945, 46.457241998931153 ], [ -86.779666950712382, 46.466543331973021 ], [ -86.731490742189351, 46.463277028883574 ], [ -86.711799744756618, 46.443736914544509 ], [ -86.685441459759389, 46.418540901659249 ], [ -86.630631080171923, 46.409584181826759 ], [ -86.5795581447003, 46.426864416774613 ], [ -86.552539508069685, 46.458799905631658 ], [ -86.517711910713174, 46.492792669966597 ], [ -86.479882975090376, 46.521370727638981 ], [ -86.443143925432153, 46.542217467743995 ], [ -86.381542082464804, 46.553500871400786 ], [ -86.294999293032518, 46.581204151362776 ], [ -86.251128193758319, 46.598896682403996 ], [ -86.203519736725909, 46.616312303629861 ], [ -86.162542197572833, 46.639398423070269 ], [ -86.130126001081152, 46.65528469644044 ], [ -86.087716228210979, 46.662628410732786 ], [ -86.039429952725072, 46.659118289299506 ], [ -85.97139997735232, 46.661954596101019 ], [ -85.899648057817885, 46.664482552931368 ], [ -85.85879581661095, 46.661457282892535 ], [ -85.799380485495519, 46.657035141230374 ], [ -85.784127159703189, 46.658501434991301 ], [ -85.781193217184239, 46.656595541840133 ], [ -85.717874584059174, 46.661145644180969 ], [ -85.648677027555735, 46.674525697460325 ], [ -85.594172750407083, 46.679690563156456 ], [ -85.562739753682791, 46.680395059733875 ], [ -85.522465621699098, 46.680414806071255 ], [ -85.467454811113399, 46.688591351567261 ], [ -85.425693023091199, 46.69777509408047 ], [ -85.383920728041304, 46.70694421847692 ], [ -85.337215782553031, 46.718822237371178 ], [ -85.255113302918545, 46.727905962190889 ], [ -85.181324305546511, 46.740702110801017 ], [ -85.12621718138584, 46.748743195788087 ], [ -85.076541520557242, 46.750986956775975 ], [ -84.995387471219942, 46.753788064789028 ], [ -84.969367728731982, 46.748585217429877 ], [ -84.949323617262081, 46.734549360959235 ], [ -84.95345371213439, 46.710051043004725 ], [ -84.971864576343478, 46.680501415527729 ], [ -84.977526713394127, 46.646820535394994 ], [ -84.967885182782737, 46.624319451140025 ], [ -84.974058402679816, 46.587585385401255 ], [ -84.98801687120374, 46.557687922701085 ], [ -84.993147488693126, 46.527079886561708 ], [ -84.980138118262772, 46.498110406084386 ], [ -84.949524495855329, 46.467715667400476 ], [ -84.915846365090616, 46.455671852974859 ], [ -84.877778842745016, 46.443260582426397 ], [ -84.833767684508146, 46.439656695740553 ], [ -84.782525803105258, 46.426138005146335 ], [ -84.736436783628733, 46.434737566033427 ], [ -84.679956785332791, 46.451767066945528 ], [ -84.638238719108571, 46.460702470858756 ], [ -84.567828474414441, 46.454805992085944 ], [ -84.561156954972716, 46.441832342993898 ], [ -84.543956968248182, 46.412459375840591 ], [ -84.504382908147463, 46.409120199694449 ], [ -84.447864592546551, 46.426054113657578 ], [ -84.379277822013321, 46.460556950031808 ], [ -84.31556511516267, 46.49234895025868 ], [ -84.254524462379166, 46.508826559410323 ], [ -84.20885879205612, 46.514193558220462 ], [ -84.130180460567146, 46.504249159793858 ], [ -84.116448996640941, 46.481314998622707 ], [ -84.119789044930769, 46.438139445127682 ], [ -84.118203896217523, 46.372808211756137 ], [ -84.111103286260189, 46.338045445290923 ], [ -84.099622608033073, 46.302899076858843 ], [ -84.082662962287571, 46.273480348502062 ], [ -84.074485904343675, 46.244833155844091 ], [ -84.049895287137176, 46.208538433001749 ], [ -83.996838721220087, 46.182132441420464 ], [ -83.980511846486436, 46.149658414720079 ], [ -83.968018328211627, 46.120627175199253 ], [ -83.938045939342189, 46.090040322796725 ], [ -83.885581225306524, 46.085356318222473 ], [ -83.860916521893756, 46.098661180712377 ], [ -83.801257343974626, 46.108812988483578 ], [ -83.738908570665956, 46.109388739559421 ], [ -83.703929902538704, 46.10621681899935 ], [ -83.628467189375172, 46.105550018793664 ], [ -83.572215018454344, 46.097293664770234 ], [ -83.530817253411229, 46.081069687320444 ], [ -83.50979956887835, 46.051196847972541 ], [ -83.492707032399807, 46.009810370353357 ], [ -83.473125955017906, 45.999468048453245 ], [ -83.457610814527385, 45.98092049587278 ], [ -83.439431485473477, 45.962125980580225 ], [ -83.417526755687575, 45.948682485453446 ], [ -83.384411878349454, 45.951297127121251 ], [ -83.358592020845805, 45.958388163117803 ], [ -83.33651056102326, 45.960121824686865 ], [ -83.294859511199547, 45.950509928545372 ], [ -83.262669820795139, 45.934168953602182 ], [ -83.222489928708654, 45.917066021247059 ], [ -83.183550348414457, 45.907671434222053 ], [ -83.16319103328496, 45.928553939003621 ], [ -83.123770159457507, 45.949517846729137 ], [ -83.097440934930347, 45.945104955161455 ], [ -83.07294206442343, 45.931351635659979 ], [ -83.036421759925105, 45.937358692000068 ], [ -83.007533703378499, 45.945993922903106 ], [ -82.962535069625133, 45.939754239816899 ], [ -82.925917199979821, 45.932410139552914 ], [ -82.88256455374615, 45.945323196926452 ], [ -82.836962909239105, 45.969420557767194 ], [ -82.810332414158395, 45.980139679877738 ], [ -82.784759082952206, 45.971934146958489 ], [ -82.782356267447014, 45.943161398849988 ], [ -82.778408616153044, 45.908532074457405 ], [ -82.764975661366705, 45.880585155332227 ], [ -82.737530664477106, 45.868378788136589 ], [ -82.697562724489345, 45.864442554257906 ], [ -82.650737692175881, 45.854107972928858 ], [ -82.60468285313091, 45.84002825414052 ], [ -82.56702443385926, 45.83818203068099 ], [ -82.534316048310274, 45.852043448830827 ], [ -82.521763939712343, 45.87362168429452 ], [ -82.496638228273795, 45.90345773510262 ], [ -82.46007212081814, 45.922629990721639 ], [ -82.421603087019747, 45.924474334944108 ], [ -82.380824523192416, 45.937494628068464 ], [ -82.338487540319804, 45.957963397035044 ], [ -82.317500852054351, 45.967261425843795 ], [ -82.279002071562317, 45.969065612604936 ], [ -82.27594800141766, 45.970657766570206 ], [ -82.250168080951397, 45.944396433075596 ], [ -82.218268602174959, 45.923376416278025 ], [ -82.192450981918824, 45.908045945732525 ], [ -82.177297562279676, 45.893803680332184 ], [ -82.159641134384074, 45.874227791396159 ], [ -82.12373494110355, 45.855309092057162 ], [ -82.079592108030184, 45.858371425488158 ], [ -82.06370913342495, 45.8821097031094 ], [ -82.043214569744862, 45.910450059847541 ], [ -81.996259960237694, 45.943662369976664 ], [ -81.959537375334918, 45.962695832162545 ], [ -81.922951755814907, 45.963963573171917 ], [ -81.896126440855497, 45.953542483446874 ], [ -81.888824387804561, 45.919768324960614 ], [ -81.873373054361252, 45.890221787911763 ], [ -81.836473234228549, 45.876191944604201 ], [ -81.808284644752405, 45.855452730067206 ], [ -81.8070608238733, 45.827394799385267 ], [ -81.791131995411376, 45.800328287242614 ], [ -81.786908834166113, 45.769418594315759 ], [ -81.791709471573256, 45.747080502475654 ], [ -81.787297062394614, 45.733922245675167 ], [ -81.754373223184501, 45.735515539638406 ], [ -81.737868050764689, 45.761691601447353 ], [ -81.714053154882947, 45.804865979848771 ], [ -81.683339171258851, 45.829533314167691 ], [ -81.662160144991461, 45.860293879391591 ], [ -81.633562042028359, 45.875025326964817 ], [ -81.612285223353581, 45.87275477843874 ], [ -81.610061767421072, 45.849659369136234 ], [ -81.624716069179868, 45.815669960761376 ], [ -81.630114475967503, 45.790851317654443 ], [ -81.608566121214537, 45.77331271575089 ], [ -81.589486214364442, 45.761114826856215 ], [ -81.56741667543136, 45.74605195876002 ], [ -81.582609055181891, 45.709595719868858 ], [ -81.591010893992149, 45.687647663626159 ], [ -81.61324659945339, 45.651949318310137 ], [ -81.656882259459621, 45.600776897385714 ], [ -81.67445170820406, 45.569661560276053 ], [ -81.706119533151352, 45.540050767347878 ], [ -81.747809084100112, 45.514039579417783 ], [ -81.774099808168842, 45.509220530102219 ], [ -81.809377774392345, 45.512956969818141 ], [ -81.866187158042251, 45.534173518321872 ], [ -81.917551689779387, 45.547181603339943 ], [ -81.962925128619929, 45.554470124202922 ], [ -82.001770027503639, 45.558526087132826 ], [ -82.047681000038281, 45.563304891244833 ], [ -82.087984708250033, 45.577631667588442 ], [ -82.123731488208378, 45.596545885548515 ], [ -82.161479850119477, 45.62326276079866 ], [ -82.190716475279359, 45.638950809197325 ], [ -82.223502554203165, 45.65499554178313 ], [ -82.240161233879988, 45.66177278924112 ], [ -82.274001841605497, 45.672838230377714 ], [ -82.305854997514899, 45.676085433962541 ], [ -82.330631286816754, 45.678605823974628 ], [ -82.341879574050381, 45.678559262585502 ], [ -82.349845269829046, 45.679367905826624 ], [ -82.384370276056131, 45.682867116116881 ], [ -82.417368184020731, 45.693813117750814 ], [ -82.451510370188359, 45.712471073173063 ], [ -82.499342333333871, 45.730594630217738 ], [ -82.54187646653159, 45.734853592904933 ], [ -82.593541956532505, 45.747615182958747 ], [ -82.689324479109516, 45.770428386280557 ], [ -82.731522805938113, 45.776493977896877 ], [ -82.787408218748951, 45.781985733262083 ], [ -82.8512886114747, 45.788233705136719 ], [ -82.908749416895617, 45.799531629404086 ], [ -82.947219112002045, 45.810866297476196 ], [ -82.980006699938755, 45.823542798891879 ], [ -83.016203483293012, 45.832736933781689 ], [ -83.082454991239217, 45.840998426936515 ], [ -83.129700667819435, 45.849318429339306 ], [ -83.155035314528078, 45.872642584751084 ], [ -83.181834686811285, 45.888497516873755 ], [ -83.20050600460749, 45.890269380845609 ], [ -83.229344380749112, 45.881596711520132 ], [ -83.25730697742047, 45.863330153390422 ], [ -83.290382964741298, 45.860747067404468 ], [ -83.33038299663292, 45.864508457913161 ], [ -83.403283511104902, 45.880834333108865 ], [ -83.426766459286256, 45.900128720998168 ], [ -83.449908745906399, 45.921286298681267 ], [ -83.478020738672839, 45.916292451092296 ], [ -83.507479104340305, 45.907735769151508 ], [ -83.54731245887082, 45.899510709025108 ], [ -83.585388402917857, 45.909219117612054 ], [ -83.614184370131682, 45.921170200491638 ], [ -83.635411961009524, 45.926217314025031 ], [ -83.674083663552381, 45.93285350820755 ], [ -83.704609018603179, 45.935634868849128 ], [ -83.752581507903443, 45.939991666845017 ], [ -83.782548850687164, 45.945806278342701 ], [ -83.814071486927119, 45.967261613389667 ], [ -83.827030044243671, 45.993243470894967 ], [ -83.832950563164843, 46.009284982179935 ], [ -83.832821174632528, 46.034089771351042 ], [ -83.840995424720461, 46.037927050660237 ], [ -83.860712911477023, 46.027290449015709 ], [ -83.865198305817032, 46.002877952629312 ], [ -83.876285280957475, 45.966651642134572 ], [ -83.910181993825276, 45.951080067992351 ], [ -83.950007883361764, 45.951534896155884 ], [ -84.009992162223142, 45.963070955037374 ], [ -84.051986115331658, 45.97608976811258 ], [ -84.081996589014253, 45.981839264655079 ], [ -84.14367715215819, 45.984160226259085 ], [ -84.194986007221416, 45.970047304840101 ], [ -84.231548169843435, 45.963933145266637 ], [ -84.26701803826019, 45.963917206007714 ], [ -84.31833683166245, 45.974556711804951 ], [ -84.363085308579386, 45.972215727098984 ], [ -84.451506816148594, 45.973593012048568 ], [ -84.486450964619948, 45.97657105757304 ], [ -84.524706576717577, 45.986019717233567 ], [ -84.539535806287859, 46.00277076202277 ], [ -84.583389703348786, 46.031269970115424 ], [ -84.601933109736365, 46.026633793652692 ], [ -84.630794009805214, 46.013567172522102 ], [ -84.645310353102786, 45.980700218335457 ], [ -84.668363811448728, 45.923770066254072 ], [ -84.683885528043135, 45.88479916149921 ], [ -84.681610158393198, 45.872220017013227 ], [ -84.684741606638937, 45.853896819245961 ], [ -84.730435009654641, 45.845329185618219 ], [ -84.769385057901118, 45.876445696742564 ], [ -84.790911211198576, 45.906107135287378 ], [ -84.817856808127985, 45.930018824700177 ], [ -84.843028783286343, 45.938292805051013 ], [ -84.896221915009562, 45.964350136936247 ], [ -84.950478770501746, 45.984276717334872 ], [ -84.979040589596636, 45.998995518664145 ], [ -85.041593238634178, 46.022654974928855 ], [ -85.084329029423458, 46.032300341341092 ], [ -85.132457970691831, 46.036169460098812 ], [ -85.194221295230221, 46.038011974408917 ], [ -85.245743459100765, 46.048302450610684 ], [ -85.284148154733543, 46.057537772750969 ], [ -85.350259200905271, 46.087519697207718 ], [ -85.384319757289532, 46.096383729361492 ], [ -85.414987312992977, 46.098780322138083 ], [ -85.4602662218483, 46.09301581488306 ], [ -85.496283142592773, 46.061753766965737 ], [ -85.508438819039171, 46.041024408639814 ], [ -85.530307867752427, 46.014855163315843 ], [ -85.568694027626577, 45.996149525290996 ], [ -85.601723495857769, 45.98321304139705 ], [ -85.666312205595773, 45.966494546798117 ], [ -85.71005099839185, 45.969824618317794 ], [ -85.745992624101746, 45.96636155851597 ], [ -85.782403766089601, 45.959832526932068 ], [ -85.824592409836924, 45.944444467026187 ], [ -85.852706682774141, 45.934181021964619 ], [ -85.862388333394762, 45.92871883458519 ], [ -85.879878166648609, 45.93002702964349 ], [ -85.934665356800622, 45.953708381828406 ], [ -85.976237394776547, 45.964338966910397 ], [ -86.011454048348881, 45.969458209449755 ], [ -86.079089240566361, 45.974427669276345 ], [ -86.123296335639594, 45.96759212400201 ], [ -86.168602183762772, 45.953278585361261 ], [ -86.213888861132119, 45.938948287431408 ], [ -86.247749854431191, 45.928814936007605 ], [ -86.26956033718406, 45.902717790271673 ], [ -86.273576783588538, 45.875344626106283 ], [ -86.268023767600241, 45.839739906038247 ], [ -86.272037387780273, 45.812369239339361 ], [ -86.312280539999918, 45.782574714461433 ], [ -86.342495049847571, 45.772168289966714 ], [ -86.37943864142008, 45.764748965047247 ], [ -86.412825816996701, 45.757065758099174 ], [ -86.447635302227482, 45.739424741005841 ], [ -86.470713234393145, 45.728486641608598 ], [ -86.490590962387941, 45.714809485262585 ], [ -86.514716640369372, 45.696403230097502 ], [ -86.545213942694218, 45.683463715802411 ], [ -86.566120898909986, 45.662313800209091 ], [ -86.574249581111445, 45.630219828481245 ], [ -86.595131079068182, 45.609066288287842 ], [ -86.630554801376249, 45.611531396347857 ], [ -86.65220765289412, 45.635642991189357 ], [ -86.67033065152404, 45.659505305758479 ], [ -86.65515050200662, 45.69111657824557 ], [ -86.617577550731184, 45.703588438376549 ], [ -86.608373430854869, 45.718024354576229 ], [ -86.597757491686977, 45.742415768309165 ], [ -86.56653763492146, 45.760343715286091 ], [ -86.515768453066315, 45.789465261281542 ], [ -86.494448298640947, 45.813105201529744 ], [ -86.496565448753003, 45.848445834954454 ], [ -86.513977867547084, 45.877322696399688 ], [ -86.55629889057316, 45.882795948786992 ], [ -86.609971429608422, 45.858879082606826 ], [ -86.633765132857405, 45.842931290526323 ], [ -86.671064279462044, 45.832941548566438 ], [ -86.703470828305527, 45.857791575097451 ], [ -86.731570174210091, 45.862232116085316 ], [ -86.751780545454309, 45.84602219273593 ], [ -86.754123116575229, 45.803459204269018 ], [ -86.762525579973854, 45.768853122060982 ], [ -86.80252153023406, 45.738916171561222 ], [ -86.843628621642523, 45.726633882214692 ], [ -86.884721652112916, 45.714337127560192 ], [ -86.925459492067247, 45.704519333372737 ], [ -86.937278537030963, 45.722895444778125 ], [ -86.933203842879408, 45.752768597948197 ], [ -86.929464701273275, 45.780153920449486 ], [ -86.929276240003489, 45.807779463748169 ], [ -86.945009349136285, 45.823908250236961 ], [ -86.962783835300925, 45.825096529514738 ], [ -86.997143912355241, 45.809800368936216 ], [ -87.022511511891878, 45.781338265209357 ], [ -87.038881740514952, 45.739719843349711 ], [ -87.055230470917422, 45.698103315452414 ], [ -87.087290339052799, 45.672596136799868 ], [ -87.125089593300899, 45.657506297853971 ], [ -87.14646670065784, 45.631290590977862 ], [ -87.160739745109012, 45.604606981962689 ], [ -87.207614618057647, 45.547422323633263 ], [ -87.23311964144753, 45.516452964844341 ], [ -87.243795010972818, 45.489538726213929 ], [ -87.262187916490745, 45.458107969486235 ], [ -87.28698405408386, 45.432110665217095 ], [ -87.300509235717371, 45.410404029250806 ], [ -87.324949539820992, 45.386890687219285 ], [ -87.361255101634086, 45.354103795746269 ], [ -87.386936460591087, 45.320632167937283 ], [ -87.404575858589254, 45.294172199794041 ], [ -87.44527438407502, 45.254133887945692 ], [ -87.482082752513335, 45.216351163972078 ], [ -87.5028648555042, 45.192593516572998 ], [ -87.544385387272996, 45.145075185959982 ], [ -87.570520781339894, 45.106612686976554 ], [ -87.574899107767081, 45.071797536032236 ], [ -87.578023796584233, 45.046930610991566 ], [ -87.581146181905495, 45.022065077986625 ], [ -87.590670022210901, 45.002616747342799 ], [ -87.609793527382877, 44.99128729937825 ], [ -87.642342499789947, 44.985802996015103 ], [ -87.686041623339065, 44.975995180928862 ], [ -87.733545603479456, 44.963903809786473 ], [ -87.774314401146668, 44.948876367317794 ], [ -87.791096969166205, 44.927361952127761 ], [ -87.798555155078276, 44.89525489918055 ], [ -87.81942992831101, 44.868980482652695 ], [ -87.8402893259574, 44.842704436317256 ], [ -87.848016281994319, 44.808115161112788 ], [ -87.868243941722525, 44.78681167603493 ], [ -87.896063157701164, 44.760958000974682 ], [ -87.916560354954015, 44.737161566977441 ], [ -87.922149854752149, 44.719975268937873 ], [ -87.928331788069059, 44.697816472769532 ], [ -87.93060162099826, 44.695524764512854 ], [ -87.956387927314992, 44.669471925179394 ], [ -87.966050467874169, 44.647524623913412 ], [ -87.972211250893764, 44.625369561720213 ], [ -87.98476658005022, 44.608603227435403 ], [ -88.008386023836053, 44.587495351955788 ], [ -88.015703649434329, 44.55540217854093 ], [ -87.992440649389835, 44.54399450234326 ], [ -87.964510720956724, 44.542312878216215 ], [ -87.924622297072219, 44.552415715217244 ], [ -87.907165019335025, 44.551356509920161 ], [ -87.853595905732448, 44.558102570278741 ], [ -87.850894889345483, 44.580464689870929 ], [ -87.851686079160487, 44.603039184177142 ], [ -87.835303533272551, 44.622063510493362 ], [ -87.802944693471403, 44.627587788735084 ], [ -87.757424501673142, 44.644632872070396 ], [ -87.751279959770528, 44.646932179255444 ], [ -87.698668183520994, 44.673714158940754 ], [ -87.682655167736982, 44.717788631331779 ], [ -87.639227388138949, 44.75514511489677 ], [ -87.612646637341527, 44.79856264195422 ], [ -87.606972058503814, 44.815738589256632 ], [ -87.590780397383256, 44.832254067927877 ], [ -87.567569599753924, 44.84832851323268 ], [ -87.518861570152353, 44.87030118977237 ], [ -87.479345502845263, 44.875305361252472 ], [ -87.444279066554003, 44.873066847095338 ], [ -87.40921496436026, 44.870819172897022 ], [ -87.372561996139609, 44.853424707969154 ], [ -87.327637487806783, 44.845507351331094 ], [ -87.320924283301707, 44.870129575820933 ], [ -87.324727225790213, 44.895435563382286 ], [ -87.338739599873634, 44.923907549276052 ], [ -87.342872806349547, 44.946730865175027 ], [ -87.335834179954844, 44.973845036345075 ], [ -87.306424807867899, 45.00953662206058 ], [ -87.275087230391605, 45.032565258704238 ], [ -87.246269194016008, 45.063276758802971 ], [ -87.234686734885756, 45.097620832146639 ], [ -87.218268502029119, 45.141680787547465 ], [ -87.194207215709866, 45.162674305174292 ], [ -87.16407291615333, 45.175740275896302 ], [ -87.123361835699541, 45.188101778067306 ], [ -87.093863181831068, 45.196182570026792 ], [ -87.075795363872643, 45.225081597477519 ], [ -87.069283651075153, 45.247226683557308 ], [ -87.056713803318559, 45.261441396893403 ], [ -87.011400787764529, 45.280997882770372 ], [ -86.964888230818801, 45.282897205095047 ], [ -86.954645817177422, 45.2796995320791 ], [ -86.946762053234053, 45.259098094743131 ], [ -86.957176126700176, 45.234709731205783 ], [ -86.977814254168649, 45.213518032916241 ], [ -86.990726670759798, 45.196825950645298 ], [ -86.998596937623446, 45.164744301185564 ], [ -87.005457922709525, 45.14012144965772 ], [ -87.023199996179144, 45.113723268483668 ], [ -87.047629296905498, 45.09027737667251 ], [ -87.079402674285078, 45.064811128287701 ], [ -87.096765773056291, 45.040893221891942 ], [ -87.11642143876611, 44.999576615461237 ], [ -87.12486598887017, 44.962532674366521 ], [ -87.140973702979807, 44.920986869137124 ], [ -87.172958351628807, 44.893023980473885 ], [ -87.189266711150694, 44.876554724531232 ], [ -87.202062024766064, 44.859855763686404 ], [ -87.223156945992955, 44.833676868470519 ], [ -87.250270551634145, 44.815410309299402 ], [ -87.280549705511902, 44.799849471635468 ], [ -87.29302291379129, 44.758072496684754 ], [ -87.315974005013388, 44.716980601640849 ], [ -87.333803607798217, 44.688080564451241 ], [ -87.35035528770247, 44.641567413432441 ], [ -87.392912245782739, 44.584218507595722 ], [ -87.416692116039513, 44.535675377840711 ], [ -87.434745943420467, 44.504290320958738 ], [ -87.457211293975021, 44.465679285905033 ], [ -87.47143094542534, 44.43655248188989 ], [ -87.502378174993197, 44.385972499428483 ], [ -87.51339301631279, 44.354140902232594 ], [ -87.520919331406304, 44.322088534934387 ], [ -87.495231907933757, 44.275404205021431 ], [ -87.481289070010178, 44.246987618034069 ], [ -87.474928825712752, 44.214052324346461 ], [ -87.482146445504682, 44.184493179744258 ], [ -87.495052074497252, 44.165306882645794 ], [ -87.551439627919024, 44.133894412571806 ], [ -87.595835937270252, 44.114205711694964 ], [ -87.611856602520348, 44.097712213457143 ], [ -87.629399698252072, 44.068812549904649 ], [ -87.644685393299852, 44.029766332362207 ], [ -87.664024424667488, 43.985975273908856 ], [ -87.678664117217366, 43.95189559818197 ], [ -87.696141645507339, 43.922993217454 ], [ -87.700381266638288, 43.888260697231885 ], [ -87.694251278557601, 43.852878729379583 ], [ -87.679870302434864, 43.815750221092443 ], [ -87.678374285463633, 43.811885467383838 ], [ -87.667901704605285, 43.783729882292143 ], [ -87.66737081183534, 43.731212427147682 ], [ -87.690057101230451, 43.687663023566259 ], [ -87.709702105152232, 43.668909049338566 ], [ -87.728596921866767, 43.627620534686947 ], [ -87.739686264328753, 43.593338623886915 ], [ -87.744183078828996, 43.556146969279901 ], [ -87.768553795175606, 43.497723874404592 ], [ -87.791099044799296, 43.454173710683854 ], [ -87.82018431950867, 43.413531773084586 ], [ -87.83657811380543, 43.392077972871306 ], [ -87.851005430036636, 43.358014600019303 ], [ -87.877174360296152, 43.312196841476691 ], [ -87.878151569961091, 43.274806652196681 ], [ -87.879713490349928, 43.232462466110881 ], [ -87.863575683042654, 43.194014986511355 ], [ -87.866905230988081, 43.136807896685056 ], [ -87.865539409609113, 43.119251575527599 ], [ -87.881650971326025, 43.070332963594723 ], [ -87.892281908712533, 43.0385503315783 ], [ -87.892078797255778, 43.011085514625286 ], [ -87.873939092494481, 42.989992767492417 ], [ -87.851811982550757, 42.973641520561266 ], [ -87.843925095977326, 42.953183918893686 ], [ -87.846564437705126, 42.930891319987367 ], [ -87.849495310902569, 42.906120357317789 ], [ -87.842496150950637, 42.878234543078882 ], [ -87.822468271540686, 42.844544772556581 ], [ -87.79699595952151, 42.827971979653363 ], [ -87.775824995316938, 42.804182897267275 ], [ -87.761175571345291, 42.783295667950576 ], [ -87.760730197766208, 42.758316908829649 ], [ -87.772254000227065, 42.719127951543328 ], [ -87.78405847254956, 42.677464146920371 ], [ -87.78772343768614, 42.617828627353099 ], [ -87.794213441199787, 42.563131060100432 ], [ -87.821711449371008, 42.550619734775935 ], [ -87.883874656070958, 42.546334720701473 ], [ -87.927443006066213, 42.557235571502289 ], [ -87.962627318872606, 42.592158573495233 ], [ -87.988980898466068, 42.655177398261294 ], [ -87.986546594009155, 42.72461059482962 ], [ -87.98316281667374, 42.802179633284489 ], [ -87.97607309414397, 42.863152825587186 ], [ -87.961478862175397, 42.940048184025279 ], [ -87.951027412943347, 43.029493810894799 ], [ -87.97753706536929, 43.092553751499018 ], [ -88.012074497933554, 43.135623498976777 ], [ -88.080352476113973, 43.180729452259243 ], [ -88.154804753789662, 43.222071748688784 ], [ -88.226489235024829, 43.238631328221288 ], [ -88.298208198877489, 43.255152246499335 ], [ -88.377396008231713, 43.255685494826075 ], [ -88.457926671788798, 43.24396350895335 ], [ -88.516826339715607, 43.222771507172517 ], [ -88.566210340325654, 43.184639203757989 ], [ -88.606058656895087, 43.129581109027285 ], [ -88.670020626764369, 43.059501129876168 ], [ -88.743774327955336, 43.002225614061615 ], [ -88.818766732043599, 42.985907156559236 ], [ -88.908857065098516, 42.986734901708907 ], [ -88.977774947864589, 42.974090672502122 ], [ -89.019065038451387, 42.955847021033314 ], [ -89.075501626869638, 42.954759660625051 ], [ -89.160759008819724, 42.946978795862314 ], [ -89.229590392533993, 42.934202987175745 ], [ -89.276786903382344, 42.912100172782978 ], [ -89.319931292373553, 42.873416549054745 ], [ -89.331036196343831, 42.81673185792669 ], [ -89.338496521759055, 42.739421315206464 ], [ -89.337225148040773, 42.694380323092354 ], [ -89.304056789425331, 42.631351286375576 ], [ -89.286088597211361, 42.585454383339872 ], [ -89.239898303510216, 42.542179473497633 ], [ -89.226369502283376, 42.508771449322481 ], [ -89.185830649093063, 42.465772640284158 ], [ -89.144538214264074, 42.430896384533547 ], [ -89.109652233741599, 42.388171850210988 ], [ -89.096619713074062, 42.350691041897925 ], [ -89.085219370931526, 42.296948502632908 ], [ -89.083715096517437, 42.255997589666421 ], [ -89.093702124497895, 42.211576327558596 ], [ -89.099345539766389, 42.154666680229248 ], [ -89.110915714149741, 42.093991364659978 ], [ -89.110203359411258, 42.044922703551336 ], [ -89.115018121521061, 41.996151837479694 ], [ -89.119826047146887, 41.947382483395955 ], [ -89.124227388841376, 41.902679644163328 ], [ -89.13413837835391, 41.858273130738581 ], [ -89.138126397007639, 41.817637684893761 ], [ -89.163351634872924, 41.786304122036135 ], [ -89.209795817770711, 41.764258813031276 ], [ -89.26448849357746, 41.771219448503764 ], [ -89.285355321637567, 41.784562864043615 ], [ -89.320824788630148, 41.819082134056202 ], [ -89.349654046657278, 41.865500950096674 ], [ -89.351306299752935, 41.906429818832265 ], [ -89.353734105908302, 41.939231249338583 ], [ -89.344051519227648, 42.040852492106907 ], [ -89.337061864482209, 42.114026050429644 ], [ -89.315383450187909, 42.166018972323499 ], [ -89.307960117215075, 42.24326799953046 ], [ -89.301695942793813, 42.308325229079657 ], [ -89.30810105053223, 42.357695722102065 ], [ -89.331975337007549, 42.399794073404117 ], [ -89.37968103819118, 42.426758998826699 ], [ -89.396508523421986, 42.484834584851725 ], [ -89.414137193381293, 42.534777384697641 ], [ -89.422188581896123, 42.567885386857256 ], [ -89.469277346683668, 42.602960167999179 ], [ -89.501205497585858, 42.620910198954718 ], [ -89.54837011114698, 42.655958810916893 ], [ -89.611205396172778, 42.70402299997258 ], [ -89.680088669726857, 42.748261776822361 ], [ -89.749427890906347, 42.788396286798147 ], [ -89.813616540458526, 42.824160220964671 ], [ -89.894665863188067, 42.860681602405812 ], [ -89.987003994434573, 42.897671218925616 ], [ -90.069281628041992, 42.921872596290818 ], [ -90.168779752436549, 42.942701618142877 ], [ -90.239617640541795, 42.970369096620573 ], [ -90.322070491550193, 42.994413850551098 ], [ -90.395012695001498, 42.997559956972957 ], [ -90.456082773659858, 43.008337094541915 ], [ -90.522785136934075, 43.019321284668855 ], [ -90.610373042037011, 43.051568751884489 ], [ -90.665275524642325, 43.070166297003276 ], [ -90.747373719261304, 43.102095767260344 ], [ -90.803891840366148, 43.1002628059179 ], [ -90.839145653169865, 43.081221562361996 ], [ -90.896550368913296, 43.067124291168646 ], [ -90.952737040643029, 43.069302280845328 ], [ -90.968402598819594, 43.086251645483003 ], [ -90.960097214724854, 43.122713694585919 ], [ -90.918026679869357, 43.157872675277545 ], [ -90.89310218471401, 43.189603349321658 ], [ -90.828738658738501, 43.219783070414081 ], [ -90.780908249155161, 43.254681607055716 ], [ -90.716121229870552, 43.28888537685124 ], [ -90.673824468113352, 43.323975739696095 ], [ -90.613919953653934, 43.366514173933851 ], [ -90.523435287753827, 43.436390575402001 ], [ -90.445395022882963, 43.490384164849608 ], [ -90.396179153670587, 43.537389021984033 ], [ -90.363537251832184, 43.589183936961128 ], [ -90.353838103436459, 43.637870165318439 ], [ -90.355797511516329, 43.68296689951017 ], [ -90.391786639401502, 43.729517486638017 ], [ -90.422816434825407, 43.767665327089489 ], [ -90.470583961091663, 43.810601314025583 ], [ -90.497001113675182, 43.836261986941956 ], [ -90.557209593547114, 43.867406501876147 ], [ -90.59292592120137, 43.886582937916167 ], [ -90.618128915991818, 43.893775851015576 ], [ -90.664749412056423, 43.901829464292447 ], [ -90.725182230475312, 43.898087927097549 ], [ -90.80344063783717, 43.885773610459928 ], [ -90.876465407271738, 43.885539644160446 ], [ -90.944067150309365, 43.900468290628638 ], [ -91.007865292016547, 43.909054157833353 ], [ -91.061775321696132, 43.935732040570983 ], [ -91.127270931008411, 43.981307101033991 ], [ -91.189867089276433, 44.008251726674388 ], [ -91.272693729412666, 44.05438358601598 ], [ -91.308368831324472, 44.098805613756404 ], [ -91.360657225253846, 44.153051034375416 ], [ -91.418369253316712, 44.192051081419187 ], [ -91.518590010478135, 44.241717524219872 ], [ -91.589793493961793, 44.274931865904833 ], [ -91.639910507234731, 44.30125171842036 ], [ -91.718888542242411, 44.350069319193857 ], [ -91.785415507737127, 44.392280160726727 ], [ -91.843199595628363, 44.437270652477359 ], [ -91.88057457878773, 44.463103907335849 ], [ -91.96046976458662, 44.502559303578565 ], [ -92.027841705384304, 44.53542526079319 ], [ -92.103757626749953, 44.571591459279375 ], [ -92.209205893313992, 44.623980036936089 ], [ -92.276649459737186, 44.659809323331096 ], [ -92.399720358840099, 44.712539998675034 ], [ -92.476033393565544, 44.74850905412535 ], [ -92.530397627697852, 44.790039002068518 ], [ -92.576450586617412, 44.825165363572459 ], [ -92.605160727003266, 44.859839215530926 ], [ -92.655803350078074, 44.891971819607726 ], [ -92.74145966634822, 44.921856055491887 ], [ -92.844753902780084, 44.949014453104027 ], [ -92.913144356919318, 44.978381157445988 ], [ -92.968660048382475, 45.00433749324749 ], [ -93.024764074333362, 45.017938494331744 ], [ -93.094501999404983, 45.019465570855822 ], [ -93.16014464423148, 45.014696909717138 ], [ -93.221840080197779, 45.013482640867238 ], [ -93.257967117418104, 45.011391873140852 ], [ -93.293978055698673, 45.012122139458967 ], [ -93.337992270246687, 45.01300157646218 ], [ -93.465826681861273, 45.021140280513642 ], [ -93.537345557815172, 45.03663648767597 ], [ -93.592171484209246, 45.071630230448157 ], [ -93.617898643634248, 45.13726250218474 ], [ -93.624413792768351, 45.17988784395888 ], [ -93.610664287906346, 45.227828002928433 ], [ -93.585148854151981, 45.267057960436389 ], [ -93.580006535091186, 45.298149442359282 ], [ -93.594453707608167, 45.343770495809949 ], [ -93.621194641535638, 45.383941088798252 ], [ -93.679982728675114, 45.430336385815785 ], [ -93.718897855321373, 45.470703925673824 ], [ -93.745956163947611, 45.505193476794972 ], [ -93.799594115129679, 45.591176817365302 ], [ -93.854375162396735, 45.645961936097791 ], [ -93.913289762964098, 45.700795100864617 ], [ -93.96334105333527, 45.783857495636042 ], [ -94.002464524216677, 45.829853797944352 ], [ -94.037587374393368, 45.875786197998146 ], [ -94.105295459802477, 45.919334004554919 ], [ -94.161228198365123, 45.951335405178114 ], [ -94.229624461192344, 45.974960103655732 ], [ -94.29437132638823, 45.984307028558675 ], [ -94.351365323986684, 45.979331079957319 ], [ -94.384264793910404, 45.962689063089996 ], [ -94.421475914070726, 45.934733565939652 ], [ -94.450477079665689, 45.909515866781028 ], [ -94.491428090450938, 45.892943581958285 ], [ -94.548205152931061, 45.893562556295997 ], [ -94.61703212144451, 45.899958619296868 ], [ -94.762469504892522, 45.932589758013727 ], [ -94.859474024670789, 45.956151149964732 ], [ -94.952486094612922, 45.979613388093881 ], [ -95.053729036715254, 46.000231309773064 ], [ -95.13065247969044, 46.02062122548368 ], [ -95.223816021758822, 46.046741669213638 ], [ -95.28433462053323, 46.089672077254889 ], [ -95.332691629868862, 46.135361775791843 ], [ -95.364875755913346, 46.175283926990886 ], [ -95.401122846357495, 46.220902962687923 ], [ -95.449656279771915, 46.266568103981292 ], [ -95.486012225749263, 46.312176666658473 ], [ -95.534671499768734, 46.357823870061424 ], [ -95.550738668630871, 46.397671334772369 ], [ -95.577481198472924, 46.448837317912101 ], [ -95.582695606686059, 46.459872217147776 ], [ -95.582276856105779, 46.525991925395637 ], [ -95.592515910441264, 46.581133711936936 ], [ -95.613543378934992, 46.606916205167977 ], [ -95.634546250526697, 46.640047347662211 ], [ -95.666155697315844, 46.676880248718298 ], [ -95.713668373728524, 46.72477178110973 ], [ -95.745319782670407, 46.772625443641942 ], [ -95.792900613662354, 46.83889002504187 ], [ -95.835256655358506, 46.905145784706541 ], [ -95.909614563327551, 47.000859621952976 ], [ -95.946884088207895, 47.037673572366032 ], [ -95.946844099191281, 47.085512835683495 ], [ -95.925463720438387, 47.118626692270198 ], [ -95.893361599460732, 47.16277633654731 ], [ -95.834451439352719, 47.221622371011911 ], [ -95.807565551882078, 47.273138266666201 ], [ -95.732153015454656, 47.394559962491911 ], [ -95.710397704104395, 47.46452099367832 ], [ -95.710117514671566, 47.527170861725743 ], [ -95.709869940824959, 47.582461553896266 ], [ -95.725810946339664, 47.626734907245435 ], [ -95.763186088301765, 47.704242197612885 ], [ -95.768268148662798, 47.789088751299794 ], [ -95.773273163065426, 47.899794959228558 ], [ -95.778447513837776, 47.966243804364048 ], [ -95.810732518503102, 48.021671696839306 ], [ -95.843035572938746, 48.09187671981983 ], [ -95.859151974856431, 48.154688702305208 ], [ -95.859012380632791, 48.217498055021203 ], [ -95.864306677998385, 48.280328020409357 ], [ -95.880476671897156, 48.350577309752516 ], [ -95.907601588165718, 48.402361992061806 ], [ -95.929325496943719, 48.450450606525685 ], [ -95.983795305468078, 48.50965097492346 ], [ -96.011072964386841, 48.572548571178288 ], [ -96.038406278793872, 48.639158045643043 ], [ -96.071278395556476, 48.716884249066339 ], [ -96.076814379442382, 48.77242455571853 ], [ -96.065958839584795, 48.868735433540429 ], [ -96.04958064225201, 48.968792562438608 ], [ -96.000143070945214, 49.120810415277219 ], [ -95.95605953592937, 49.172732052816855 ], [ -95.928444933170098, 49.228371264920611 ], [ -95.873219775760688, 49.265440582200448 ], [ -95.817962749500623, 49.291359283158613 ], [ -95.735123939950924, 49.298651996708905 ], [ -95.668908664745743, 49.291090146397437 ], [ -95.619378761118028, 49.264987362230784 ], [ -95.591976975210486, 49.235224762941847 ], [ -95.570163493881452, 49.19805706336318 ], [ -95.570536746780377, 49.142414997796195 ], [ -95.565456796732605, 49.07935354741133 ], [ -95.565733051149863, 49.038569149629438 ], [ -95.538826660587731, 48.956932966389232 ], [ -95.506504824974499, 48.875299806177658 ], [ -95.403261664155195, 48.77118168867721 ], [ -95.332616292732268, 48.719022018820503 ], [ -95.256576553886248, 48.670511253976628 ], [ -95.186021711298793, 48.629402144662336 ], [ -95.099073077137845, 48.59556133293659 ], [ -95.017900905547421, 48.54691063572043 ], [ -94.905681508236597, 48.509531846079177 ], [ -94.826224656986724, 48.477865793533205 ], [ -94.621716279361706, 48.421718801752455 ], [ -94.519327496339073, 48.405164406203269 ], [ -94.360531682700696, 48.364627990848362 ], [ -94.21225891154171, 48.362808251658691 ], [ -94.029781166272386, 48.360352692149107 ], [ -93.881275954648373, 48.365931022822707 ], [ -93.732473701333504, 48.379099878724446 ], [ -93.572203657970888, 48.391910755245817 ], [ -93.399525818543765, 48.427573610749292 ], [ -93.261577374862739, 48.448202816999228 ], [ -93.111427865016751, 48.483962011904609 ], [ -92.995035014844689, 48.528059034359217 ], [ -92.868558153845584, 48.540803445104231 ], [ -92.731385657206388, 48.537665288725897 ], [ -92.605654783868843, 48.534675616346732 ], [ -92.52565066710072, 48.532714425607018 ], [ -92.206583827050707, 48.508908558815556 ], [ -92.080929512546419, 48.505445627233563 ], [ -91.965739456499946, 48.517695615533405 ], [ -91.840081513950508, 48.514016978114533 ], [ -91.691595968482119, 48.509524238439575 ], [ -91.509954114077374, 48.488287170099575 ], [ -91.430044448226951, 48.485699721178051 ], [ -91.281091120429707, 48.488518485389257 ], [ -91.142373060400104, 48.507064830489469 ], [ -90.969922985230838, 48.516504022036713 ], [ -90.799298849441456, 48.502501443938691 ], [ -90.605278550748025, 48.495156572491886 ], [ -90.458271982905103, 48.473876759651127 ], [ -90.298588673143485, 48.467458578941127 ], [ -90.138234157129872, 48.468596266809044 ], [ -89.920133046048377, 48.474820148997743 ], [ -89.770409892851418, 48.483769911097134 ], [ -89.690588845203678, 48.480190819717713 ], [ -89.576575287544344, 48.47499920951212 ], [ -89.46336526995033, 48.461979658008723 ], [ -89.407173484552999, 48.45156822011451 ], [ -89.282647854318995, 48.43786538466945 ], [ -89.176932055934188, 48.425712826543133 ] ], [ [ -88.561835794402541, 44.028475670049083 ], [ -88.559122185193786, 44.023681552438305 ], [ -88.560700838861564, 43.979679503836024 ], [ -88.541973560855155, 43.943817669501733 ], [ -88.51582441789725, 43.916815999264948 ], [ -88.493416830967703, 43.885383764341434 ], [ -88.486577297666599, 43.859472776203077 ], [ -88.494617229986034, 43.815848613471253 ], [ -88.477650899239705, 43.794003810135152 ], [ -88.441590245742574, 43.798904177839781 ], [ -88.432357567518764, 43.823896059382513 ], [ -88.428514173317893, 43.858478871840646 ], [ -88.404359286805416, 43.90117835337022 ], [ -88.379025966278249, 43.925247358675875 ], [ -88.364465462811353, 43.968502778259094 ], [ -88.378222118202842, 43.990184093758202 ], [ -88.399578737133382, 44.030867476079919 ], [ -88.393638433421316, 44.083915597185026 ], [ -88.372604273887333, 44.126813216805601 ], [ -88.372456801600705, 44.15698673806429 ], [ -88.393223865876337, 44.174431876250907 ], [ -88.428455828705154, 44.178769310888121 ], [ -88.466662749729522, 44.185587908255684 ], [ -88.4962167246033, 44.182619387627369 ], [ -88.521350302342213, 44.160822769302584 ], [ -88.53679352590909, 44.138478248674268 ], [ -88.542554922317152, 44.115589217595264 ], [ -88.557220818092333, 44.10016730645944 ], [ -88.562972014432461, 44.077279155741465 ], [ -88.561835794402541, 44.028475670049083 ] ] ] ] } },
{ "type": "Feature", "properties": { "fid": 3, "AREA": 133.27088, "PERIMETER": 228.3648, "BETUALLE_": 4, "BETUALLE_I": 4, "CODE": 1 }, "geometry": { "type": "MultiPolygon", "coordinates": [ [ [ [ -67.499490184195707, 48.85843898034836 ], [ -67.481163543651832, 48.858904518534132 ], [ -67.458931082254367, 48.862513096556349 ], [ -67.45116431799714, 48.863069280009213 ], [ -67.429771832921475, 48.867509456658873 ], [ -67.41643514496667, 48.873063563075149 ], [ -67.411704132212108, 48.876397598971643 ], [ -67.37726499812274, 48.895286852656831 ], [ -67.358374325489336, 48.903337372240998 ], [ -67.338385009823824, 48.909447447229056 ], [ -67.330328312512407, 48.910561874083513 ], [ -67.316991826470939, 48.913895133022713 ], [ -67.293934243429547, 48.916398202003712 ], [ -67.278659413106681, 48.919175393945359 ], [ -67.266147892188414, 48.923341130665797 ], [ -67.209214911336403, 48.935838453956414 ], [ -67.201984820393434, 48.938058171051495 ], [ -67.165315096019697, 48.944450892232496 ], [ -67.144486489195842, 48.949173760312803 ], [ -67.122256152869667, 48.952507781899669 ], [ -67.115877669744677, 48.955009419424997 ], [ -67.087266863369607, 48.96084009107954 ], [ -67.066985720789987, 48.966948751713652 ], [ -67.048369915790943, 48.974723276724831 ], [ -67.015319204893174, 48.986954659935293 ], [ -66.991147808654731, 48.99917663731366 ], [ -66.985028645333912, 49.00084704436793 ], [ -66.960310440931181, 49.011955284115686 ], [ -66.922256093711056, 49.026671511979039 ], [ -66.91587740265787, 49.028891134909166 ], [ -66.908644226360991, 49.030288690409328 ], [ -66.881423591852496, 49.039450122388772 ], [ -66.861417453421126, 49.044730156281084 ], [ -66.847255341857903, 49.047507004104482 ], [ -66.840861245188378, 49.050010093077738 ], [ -66.826426896595734, 49.052786909730003 ], [ -66.806134320655261, 49.058898098796341 ], [ -66.761149375035856, 49.075841481115596 ], [ -66.746975112321152, 49.080008448115478 ], [ -66.721980506568173, 49.090002519743237 ], [ -66.686685094637852, 49.097501430081721 ], [ -66.667811018066132, 49.105283314074725 ], [ -66.638651703386984, 49.120839835472154 ], [ -66.602807594001874, 49.118062672510639 ], [ -66.595589744456333, 49.119451615420054 ], [ -66.589195769953491, 49.121945348587083 ], [ -66.574760481644859, 49.124724389995109 ], [ -66.563086250390214, 49.131117447107144 ], [ -66.549749809180014, 49.135563965144563 ], [ -66.540856034164904, 49.135838573494922 ], [ -66.523366471749185, 49.133893975341181 ], [ -66.505041391263944, 49.133062774980374 ], [ -66.490299866606222, 49.134450628010427 ], [ -66.470022682073278, 49.140287383982873 ], [ -66.452260034210795, 49.149733105102889 ], [ -66.447241533027423, 49.153615868450665 ], [ -66.434744493187281, 49.159169403702521 ], [ -66.421131086488217, 49.162777114546181 ], [ -66.389470135456165, 49.166676206191184 ], [ -66.326969391962763, 49.181118287595908 ], [ -66.320313924259736, 49.183614303276087 ], [ -66.305574303844907, 49.186947475977306 ], [ -66.224473810744882, 49.200840062810741 ], [ -66.185852531648834, 49.203618832853003 ], [ -66.177244434691218, 49.203336609363518 ], [ -66.161407431289092, 49.204449136363024 ], [ -66.137527350297603, 49.207509241640693 ], [ -66.117522292943647, 49.212781816038635 ], [ -66.088634714134201, 49.218608251476688 ], [ -66.081143048099648, 49.218335044995833 ], [ -66.073637361274919, 49.219723590530869 ], [ -66.056681536518283, 49.219166769415921 ], [ -66.007241436280921, 49.221387371862313 ], [ -65.9302893945368, 49.218610232151569 ], [ -65.905847514075219, 49.219166482584988 ], [ -65.860282288075823, 49.225003841783845 ], [ -65.84723472494737, 49.229442884891235 ], [ -65.831962016240539, 49.231389350520793 ], [ -65.823081034688315, 49.231114388301449 ], [ -65.804723456685778, 49.226392152353931 ], [ -65.796683456687177, 49.226948999055509 ], [ -65.77667593086197, 49.233617474221226 ], [ -65.761678580822249, 49.235562882172516 ], [ -65.752522023095096, 49.234447650876788 ], [ -65.744723590483034, 49.231389920891743 ], [ -65.738893908122776, 49.228055786790122 ], [ -65.729740715796069, 49.226666055616789 ], [ -65.721682923102151, 49.227224435372953 ], [ -65.708072225153288, 49.232502002378887 ], [ -65.691392291391836, 49.241948773138141 ], [ -65.683887289396338, 49.243336169558951 ], [ -65.677784261271427, 49.245557891864479 ], [ -65.669726850804295, 49.246114068534069 ], [ -65.651124131347103, 49.243619286330528 ], [ -65.643068860948944, 49.244169611455334 ], [ -65.631397310221573, 49.250286631174937 ], [ -65.618057746874015, 49.254726279537778 ], [ -65.609729272576445, 49.255840740241403 ], [ -65.595567733296946, 49.260007083774518 ], [ -65.587508873885625, 49.260563649049374 ], [ -65.571121092605921, 49.260006851899973 ], [ -65.554444006744333, 49.260838399436643 ], [ -65.54611196538508, 49.260006487756641 ], [ -65.536665678379464, 49.260838781060556 ], [ -65.529450293043098, 49.26000786083349 ], [ -65.496395709139833, 49.261678452534611 ], [ -65.446667838829796, 49.262226140211069 ], [ -65.393902797774757, 49.25973296556306 ], [ -65.359170434120301, 49.256673765184729 ], [ -65.331126087897218, 49.253065085679012 ], [ -65.301110463059032, 49.246670861273394 ], [ -65.286109827054943, 49.241391675231007 ], [ -65.266669455962571, 49.236395113760814 ], [ -65.258338982038993, 49.235564335129659 ], [ -65.22888783365913, 49.230002448962772 ], [ -65.211659442522858, 49.22917089063057 ], [ -65.171939377145463, 49.231673149519466 ], [ -65.163335468126306, 49.231115843921806 ], [ -65.155278609109331, 49.231672187661992 ], [ -65.111942337764148, 49.229726258072063 ], [ -65.093325432456609, 49.227225893516838 ], [ -65.054428561137158, 49.21945135846827 ], [ -65.020555655315817, 49.218893685793752 ], [ -64.996385137107552, 49.22028178309084 ], [ -64.971375068775686, 49.220000281103822 ], [ -64.941922438982687, 49.214453072409945 ], [ -64.916089657113233, 49.206672378103661 ], [ -64.87748241824363, 49.197500747706144 ], [ -64.851651319074222, 49.189727521230772 ], [ -64.824990973890593, 49.187781084719411 ], [ -64.80526114220531, 49.183341756163991 ], [ -64.794703034636157, 49.176117865921533 ], [ -64.791373969342885, 49.171677438157083 ], [ -64.774146757400743, 49.160004948143509 ], [ -64.76276335953294, 49.154176458200183 ], [ -64.748313189307453, 49.148063209551729 ], [ -64.731376160802526, 49.142235368066032 ], [ -64.713051149684802, 49.138901359906377 ], [ -64.694416552800732, 49.134179199880187 ], [ -64.66025252251309, 49.123063686651349 ], [ -64.640536595033439, 49.11889704082683 ], [ -64.606082652055022, 49.117226357439499 ], [ -64.587480625300699, 49.112229939213044 ], [ -64.55775433212645, 49.095009600999425 ], [ -64.547195231980538, 49.087511937955668 ], [ -64.529417105162281, 49.077235673099075 ], [ -64.514982086392024, 49.070567622960155 ], [ -64.509154602477381, 49.066958077173773 ], [ -64.49357418351552, 49.060840101393346 ], [ -64.48580822004908, 49.058903118295987 ], [ -64.47247246421891, 49.052508464256711 ], [ -64.462202285908603, 49.044459770373884 ], [ -64.454143026991531, 49.036959960864912 ], [ -64.450817059420288, 49.032512560925838 ], [ -64.445247423198381, 49.028347659908178 ], [ -64.424419987432074, 49.01945819851538 ], [ -64.405253258263869, 49.015849335841352 ], [ -64.391916230921964, 49.009456024249644 ], [ -64.375801307081133, 48.997792196930206 ], [ -64.369132612436346, 48.990009871922567 ], [ -64.35524817979811, 48.978063272651958 ], [ -64.349144326427165, 48.974729168392329 ], [ -64.342186225368508, 48.971676900808951 ], [ -64.323036084199416, 48.968069085917335 ], [ -64.307454894672944, 48.961682347666518 ], [ -64.302739834157293, 48.958624420545483 ], [ -64.299139315592498, 48.954181981306554 ], [ -64.295249753241848, 48.944729903499834 ], [ -64.288852494388493, 48.935842246604189 ], [ -64.279697712033695, 48.928069216318072 ], [ -64.265246816660778, 48.921957062070845 ], [ -64.248293684170122, 48.916684743535718 ], [ -64.234957500840352, 48.91029264282048 ], [ -64.221071303368106, 48.898353024489992 ], [ -64.213854933132282, 48.889455853566943 ], [ -64.208301003909909, 48.880567943253062 ], [ -64.204408762887127, 48.860847223304994 ], [ -64.204134865316291, 48.854735817075898 ], [ -64.20524729506802, 48.844177299335037 ], [ -64.207186439573888, 48.838066034684488 ], [ -64.211350847261158, 48.832518598117822 ], [ -64.213302878942272, 48.826408383551232 ], [ -64.20941336443218, 48.816963850335227 ], [ -64.201630107176996, 48.808624371548284 ], [ -64.183836478705032, 48.792520101017431 ], [ -64.178572776855248, 48.789184772841679 ], [ -64.175505048602005, 48.784745435832491 ], [ -64.155790073557625, 48.769464844951386 ], [ -64.151625460090571, 48.765024064466061 ], [ -64.151898648172377, 48.760020102203832 ], [ -64.157451672443145, 48.75612740125738 ], [ -64.167171945552965, 48.758356019625985 ], [ -64.208298489606833, 48.782793018767983 ], [ -64.21273698986154, 48.786681712256495 ], [ -64.229401905166398, 48.797517748126268 ], [ -64.243562937007695, 48.803627522128735 ], [ -64.260804872016763, 48.808907754245169 ], [ -64.289691708306876, 48.82112903594691 ], [ -64.29829711345414, 48.823905429385626 ], [ -64.314960939266001, 48.828902150777012 ], [ -64.329144375649292, 48.832399176288739 ], [ -64.353292403801433, 48.838348991910621 ], [ -64.376624214740403, 48.846403889122392 ], [ -64.386634065528838, 48.84835110833221 ], [ -64.395255753732684, 48.851126258416897 ], [ -64.449133188216678, 48.857238260830798 ], [ -64.46747705331957, 48.86195929758037 ], [ -64.491906289384957, 48.870291623477733 ], [ -64.511636978601231, 48.874731390344714 ], [ -64.52997958054867, 48.877233770207219 ], [ -64.548305163114378, 48.878348782467171 ], [ -64.55691057313733, 48.880292612273529 ], [ -64.54274926458956, 48.873624308034294 ], [ -64.532189195919742, 48.866958152211055 ], [ -64.527475649533557, 48.863073086978567 ], [ -64.51275108711971, 48.85696259154539 ], [ -64.501093563141779, 48.850021271308258 ], [ -64.496362058236897, 48.846120913742048 ], [ -64.488014628061535, 48.843344515659261 ], [ -64.476357968332593, 48.836402950489152 ], [ -64.472739816917738, 48.832236157441876 ], [ -64.486075760608799, 48.827796261942474 ], [ -64.493857515419023, 48.827514110092615 ], [ -64.520807517711646, 48.830574464241238 ], [ -64.529412945727742, 48.830847305210582 ], [ -64.536630395417887, 48.829741381295712 ], [ -64.541911480282437, 48.82585020896154 ], [ -64.538856487624344, 48.821403305216158 ], [ -64.532739608238131, 48.817793690335591 ], [ -64.522745120545054, 48.815848581410052 ], [ -64.505805040074364, 48.814735854286312 ], [ -64.490517199805936, 48.816687358022946 ], [ -64.47080308844302, 48.823074624101857 ], [ -64.463859827090545, 48.824462401309226 ], [ -64.447181302963386, 48.824188060857885 ], [ -64.42357672407735, 48.825576020189118 ], [ -64.414967880980058, 48.823074858865482 ], [ -64.400518434475956, 48.816962659637539 ], [ -64.388584498995741, 48.810013902517341 ], [ -64.37939781650779, 48.801956285410448 ], [ -64.373019951646754, 48.793351161117577 ], [ -64.373571088997224, 48.787796800499429 ], [ -64.37912566490148, 48.78390506511721 ], [ -64.388019106634687, 48.785294747518492 ], [ -64.395527026358408, 48.788352278098237 ], [ -64.403858305236582, 48.788627917633896 ], [ -64.418293485283115, 48.786132007303507 ], [ -64.429693842852188, 48.779184070533553 ], [ -64.427738810911634, 48.774460694920776 ], [ -64.417744584741385, 48.772241614566212 ], [ -64.401907578548403, 48.773071719834682 ], [ -64.394414809484061, 48.775016992122332 ], [ -64.378284507491259, 48.774460148472656 ], [ -64.368564154702852, 48.772241030590642 ], [ -64.364277112906819, 48.769687928401083 ], [ -64.356905558043039, 48.765297159928693 ], [ -64.336353195925327, 48.755577452650797 ], [ -64.318863464207425, 48.744463373189959 ], [ -64.294954607617896, 48.731400907095647 ], [ -64.290786606624607, 48.727235318693452 ], [ -64.266068435335185, 48.713350539951968 ], [ -64.26135211429559, 48.709184878304406 ], [ -64.256360350773349, 48.706126147103646 ], [ -64.240233247288089, 48.684458785362608 ], [ -64.2177387742028, 48.664736628219764 ], [ -64.212183818946031, 48.662791902468612 ], [ -64.202464904580253, 48.661960213222997 ], [ -64.196621807097998, 48.658625816635663 ], [ -64.172450470892571, 48.639460773284469 ], [ -64.165796817294037, 48.631404718608657 ], [ -64.161341134160978, 48.627514579426574 ], [ -64.159402953324175, 48.622791068876808 ], [ -64.166346157631835, 48.621403789767456 ], [ -64.192455876879677, 48.62363091680529 ], [ -64.240505434969549, 48.622241411937686 ], [ -64.254406197092976, 48.618625702774317 ], [ -64.260234540317072, 48.615856189459983 ], [ -64.264689602702404, 48.610851621041597 ], [ -64.269131954361455, 48.604740213386613 ], [ -64.270796638561478, 48.599185970088278 ], [ -64.274121756521367, 48.592793176401784 ], [ -64.276074476373722, 48.58668172602323 ], [ -64.276623670187476, 48.581135230988693 ], [ -64.27996391336815, 48.575299773871009 ], [ -64.281901783082631, 48.569187841776866 ], [ -64.282727093936629, 48.563634623195334 ], [ -64.278576427464444, 48.554189892777025 ], [ -64.272730526669164, 48.55057193343832 ], [ -64.263577096428108, 48.549191097504114 ], [ -64.254971073872866, 48.548909899653999 ], [ -64.245233809285537, 48.546688144500777 ], [ -64.230507906954571, 48.53474874922891 ], [ -64.218561993702423, 48.528356101687365 ], [ -64.199960271593341, 48.524740949228189 ], [ -64.191887280579508, 48.525297474380423 ], [ -64.188561198312954, 48.520857213704126 ], [ -64.200233300047813, 48.51474541012837 ], [ -64.209130553625698, 48.504468190997819 ], [ -64.212181640430302, 48.498076907268782 ], [ -64.217737080584897, 48.494185477730014 ], [ -64.224116293008379, 48.491964553494846 ], [ -64.245782770078321, 48.488074675298158 ], [ -64.279122758561158, 48.478354359065428 ], [ -64.303279515948034, 48.467239111787876 ], [ -64.308831905351425, 48.463355363131249 ], [ -64.321909217761842, 48.448072679057987 ], [ -64.321071318795731, 48.442795418054899 ], [ -64.321908668051847, 48.437239151428962 ], [ -64.317177749176579, 48.433356220733316 ], [ -64.310786731079062, 48.424742668908564 ], [ -64.314950728057298, 48.41918807911437 ], [ -64.3213444573272, 48.416969334123507 ], [ -64.328578271150107, 48.415572633863974 ], [ -64.351893186593685, 48.414467511979453 ], [ -64.403851133998018, 48.406409321464423 ], [ -64.42579333930324, 48.404190531030991 ], [ -64.455243116016106, 48.399749263164495 ], [ -64.463027388124445, 48.399467518994001 ], [ -64.477737592194899, 48.396132546977455 ], [ -64.492460241524142, 48.394470571122106 ], [ -64.506071057581451, 48.391692619183935 ], [ -64.526626128140947, 48.385582724228534 ], [ -64.544951278377354, 48.378631069462422 ], [ -64.5652321528855, 48.373077735128035 ], [ -64.572738265337748, 48.371962597940623 ], [ -64.586349380230288, 48.368355816803131 ], [ -64.605790746942546, 48.361969114176993 ], [ -64.617462825554526, 48.355859172759025 ], [ -64.637193356306241, 48.349189430066964 ], [ -64.657457956882595, 48.343635576122963 ], [ -64.685793657193699, 48.338355683017873 ], [ -64.710527778524281, 48.338913032091206 ], [ -64.718569418870658, 48.338355048830572 ], [ -64.723024773739994, 48.33363250164799 ], [ -64.718295499204842, 48.329749748983112 ], [ -64.712464645395926, 48.326416888469161 ], [ -64.696901326296313, 48.320580237273028 ], [ -64.692460716918148, 48.316696139133853 ], [ -64.693010140922738, 48.311134088096267 ], [ -64.696902629353517, 48.305581647985846 ], [ -64.70163282222687, 48.300859660557784 ], [ -64.722185381429213, 48.28530138177431 ], [ -64.730790337968941, 48.274743375985757 ], [ -64.734133399131366, 48.26835695241909 ], [ -64.74189996552731, 48.256974607072451 ], [ -64.744952082460358, 48.250581214411469 ], [ -64.749695839133494, 48.245858706237058 ], [ -64.753298777900781, 48.240022740423903 ], [ -64.759965744341187, 48.227243375584329 ], [ -64.767473155573128, 48.202806344921818 ], [ -64.770798417839913, 48.196413586367001 ], [ -64.778017519258356, 48.195025830219038 ], [ -64.786913128872357, 48.196413959750892 ], [ -64.794680260489415, 48.195857200794094 ], [ -64.803287066311185, 48.196415057426407 ], [ -64.818299617357411, 48.194469106017294 ], [ -64.825243071999665, 48.193353225881665 ], [ -64.844959266961411, 48.18668589362543 ], [ -64.858571500495643, 48.183360366510435 ], [ -64.872731874964828, 48.180582376158817 ], [ -64.895527776239064, 48.178362404921465 ], [ -64.931081341645665, 48.171695580485114 ], [ -64.939686047138721, 48.172252149786111 ], [ -64.94801968863456, 48.174745620994507 ], [ -64.953298930545529, 48.183908772542004 ], [ -64.959143980046832, 48.187242716885308 ], [ -64.965521903198777, 48.185022541735698 ], [ -64.967473996971449, 48.178912374283676 ], [ -64.964132645355278, 48.163912720490949 ], [ -64.96219430081635, 48.159190530795698 ], [ -64.958853551836725, 48.154743504168657 ], [ -64.947454003271943, 48.14725084585983 ], [ -64.945240561691719, 48.143085114004634 ], [ -64.952200472461016, 48.141971112404342 ], [ -64.971915195518889, 48.135303032800863 ], [ -64.977466840718435, 48.132244486782945 ], [ -64.984960127321344, 48.130306472333245 ], [ -64.996358232222207, 48.124742890992252 ], [ -65.021354687805299, 48.115306535735186 ], [ -65.027196972504683, 48.112247091146571 ], [ -65.040792842487733, 48.107250203979497 ], [ -65.058294749417698, 48.099467511705505 ], [ -65.089972446692286, 48.087528533827296 ], [ -65.114127981215745, 48.075588012768399 ], [ -65.129692711793737, 48.065303331620591 ], [ -65.152473402257399, 48.052250776807831 ], [ -65.165810407868022, 48.047253134354627 ], [ -65.196070332645789, 48.033642939875286 ], [ -65.202203213949474, 48.031415044668556 ], [ -65.216074432251304, 48.028082233982161 ], [ -65.228861763394164, 48.023641743432961 ], [ -65.236080064922874, 48.022252069966129 ], [ -65.269419385888725, 48.012807451033943 ], [ -65.305247782662434, 48.005589775691533 ], [ -65.326366326847065, 48.002256527269807 ], [ -65.343305947656177, 48.00281273257724 ], [ -65.370253345224327, 48.006696732631077 ], [ -65.378018850226084, 48.006140225321751 ], [ -65.399413586891072, 48.001972977953614 ], [ -65.407193974673334, 48.001698032927372 ], [ -65.42469630051923, 48.003086761749564 ], [ -65.439972243011439, 48.002256204855733 ], [ -65.454985594472319, 48.000310690652874 ], [ -65.463317895913505, 48.002812627164296 ], [ -65.472199929119967, 48.01141918772236 ], [ -65.478027833143273, 48.019749970629547 ], [ -65.484146704902457, 48.033916867485779 ], [ -65.490527268388618, 48.042530086382257 ], [ -65.503604643373762, 48.048916748282451 ], [ -65.531651153670751, 48.053356822940735 ], [ -65.549702489242762, 48.05807831962899 ], [ -65.568881743987433, 48.061413164035173 ], [ -65.576925523712902, 48.063914928639846 ], [ -65.616643201399782, 48.071414659347361 ], [ -65.623861217059471, 48.073917829896629 ], [ -65.633596200752393, 48.075863255683984 ], [ -65.653876816302798, 48.085301292033563 ], [ -65.669698748592396, 48.090862771208691 ], [ -65.688592890383561, 48.093913150594204 ], [ -65.718042240403364, 48.100306123142211 ], [ -65.726921431510775, 48.101420863568812 ], [ -65.763878667694158, 48.11002684431903 ], [ -65.801646419015285, 48.11641999331404 ], [ -65.809979009723051, 48.116694732940466 ], [ -65.817209788796546, 48.119747033450068 ], [ -65.821941123195586, 48.123638171924817 ], [ -65.824992462959884, 48.127802318478629 ], [ -65.829998576728499, 48.131692512117368 ], [ -65.833876005447195, 48.136972405735136 ], [ -65.850827765085498, 48.146692986886727 ], [ -65.855268177155125, 48.150577124250319 ], [ -65.871658330843061, 48.161410033330185 ], [ -65.883604992382587, 48.168084751653417 ], [ -65.891113632222314, 48.171136513272074 ], [ -65.896391351669635, 48.180025696534955 ], [ -65.890275055556614, 48.193078110304498 ], [ -65.888334869671695, 48.199189275643306 ], [ -65.887771041333068, 48.2047435291326 ], [ -65.889433729125116, 48.21530280703243 ], [ -65.892777336744714, 48.219468128073743 ], [ -65.899718676335866, 48.218079887792612 ], [ -65.903611371003336, 48.205857142875843 ], [ -65.906661126997719, 48.199463390979396 ], [ -65.911101308622207, 48.194740787874402 ], [ -65.916930848915413, 48.191407165697882 ], [ -65.924438959278817, 48.190858796905793 ], [ -65.941924881868559, 48.192521661264585 ], [ -65.949432390601984, 48.191133992679056 ], [ -65.955828368027824, 48.188913665097594 ], [ -65.95999346051812, 48.184191450386706 ], [ -65.96305961472298, 48.177522866432 ], [ -65.968598218660091, 48.172798854764061 ], [ -65.980272425486902, 48.16835949724387 ], [ -65.987488739049851, 48.166970342360784 ], [ -66.000549448124062, 48.162241838453532 ], [ -66.006396143425391, 48.159189580008118 ], [ -66.014999508388939, 48.149470097417179 ], [ -66.018603549936728, 48.143914978147151 ], [ -66.024157381622985, 48.139194295880181 ], [ -66.031115715480297, 48.128635254988204 ], [ -66.03444139679408, 48.121966774632462 ], [ -66.038879602363053, 48.117244322048585 ], [ -66.053880057539402, 48.105303041848295 ], [ -66.066102587596646, 48.100031757759162 ], [ -66.079438481601755, 48.096416661047861 ], [ -66.101382013736824, 48.09141185221106 ], [ -66.109439745366501, 48.092526300230567 ], [ -66.11526666978348, 48.095859561247764 ], [ -66.124150707248731, 48.104198324746072 ], [ -66.12915442665944, 48.107250569918449 ], [ -66.137500449075503, 48.109752686513481 ], [ -66.180546056050417, 48.112246464954225 ], [ -66.203055414128443, 48.109751879648869 ], [ -66.211660605850724, 48.110026913152957 ], [ -66.221105086701911, 48.112804024041857 ], [ -66.229162082072932, 48.11364342877232 ], [ -66.242208691719483, 48.109194439124273 ], [ -66.249167740384763, 48.107807143891584 ], [ -66.266670085381733, 48.10919482287008 ], [ -66.284997090865971, 48.113643523209397 ], [ -66.292778386178483, 48.113085948165249 ], [ -66.296944658103968, 48.108364211122932 ], [ -66.294990725357053, 48.103641411056593 ], [ -66.288888565284822, 48.100307176350888 ], [ -66.275551669767921, 48.10391588142285 ], [ -66.268332831617101, 48.101137666621966 ], [ -66.267508288981972, 48.095859840003065 ], [ -66.274162828742945, 48.077251399297225 ], [ -66.274453080822042, 48.071414374260989 ], [ -66.278618103470009, 48.066701097559971 ], [ -66.284721792074208, 48.063640175198024 ], [ -66.293053080303906, 48.063915386158108 ], [ -66.297784318589279, 48.067531512460377 ], [ -66.299719495574834, 48.072254459988677 ], [ -66.305549813830666, 48.075862087418713 ], [ -66.315544752959653, 48.077807828586877 ], [ -66.322776699853151, 48.080583983544315 ], [ -66.332221561579473, 48.088359761710493 ], [ -66.338891019580942, 48.096973159021701 ], [ -66.351938668492807, 48.103084843281209 ], [ -66.381388458758238, 48.10919410048178 ], [ -66.395839496394956, 48.115031986318684 ], [ -66.405834792888115, 48.116419315119707 ], [ -66.431943300664685, 48.118633435127634 ], [ -66.439724145948631, 48.118081994929 ], [ -66.453060336123912, 48.114475290847743 ], [ -66.46278160130754, 48.116420025268354 ], [ -66.470289791564255, 48.119470981020719 ], [ -66.477232592707722, 48.118083826627114 ], [ -66.483609450875107, 48.115581721961647 ], [ -66.494991906549927, 48.109469792557427 ], [ -66.505843310425874, 48.102253081131096 ], [ -66.525008254685488, 48.085583661356218 ], [ -66.529446826579701, 48.080585683223347 ], [ -66.531124756449287, 48.074749057865446 ], [ -66.530560065381735, 48.069477554885516 ], [ -66.528333467963051, 48.064747866313894 ], [ -66.531125274425676, 48.058078793266688 ], [ -66.537504282015192, 48.055857964835546 ], [ -66.552502369463923, 48.053914312908965 ], [ -66.57917576024154, 48.056416154260951 ], [ -66.585279578892639, 48.054195422270496 ], [ -66.590559962934947, 48.050304790486344 ], [ -66.59500056379963, 48.045307462453977 ], [ -66.601944400769355, 48.043919413658521 ], [ -66.61027269073368, 48.044194302310835 ], [ -66.626114224918325, 48.049473039718499 ], [ -66.635573808550205, 48.050030659814688 ], [ -66.642516270973445, 48.048642724965767 ], [ -66.647507839885947, 48.045306812516273 ], [ -66.65583647771453, 48.035588103882077 ], [ -66.660844003020344, 48.03141564933307 ], [ -66.66667026321187, 48.028363657197424 ], [ -66.673066892643817, 48.026135216500329 ], [ -66.688049568768207, 48.02335768112286 ], [ -66.73277456348363, 48.018918143056197 ], [ -66.740005989340219, 48.017529916278093 ], [ -66.763171988604356, 48.00626064550017 ], [ -66.790835458351367, 48.004200590300265 ], [ -66.801118028709112, 48.00253115209226 ], [ -66.825566327362409, 48.000311010345264 ], [ -66.833071674029625, 48.000585797299934 ], [ -66.843159795155415, 47.996686168301963 ], [ -66.841952084045516, 47.992254037434911 ], [ -66.836122865903548, 47.988920004892066 ], [ -66.828340615801324, 47.987248730940827 ], [ -66.82057535566814, 47.987806544933704 ], [ -66.811662381591475, 47.991140640042495 ], [ -66.797794052073982, 47.99336103784735 ], [ -66.790284367427446, 47.991140041554836 ], [ -66.784729896372752, 47.987249158305417 ], [ -66.777238657610525, 47.984196419708219 ], [ -66.7494525539677, 47.980024102119515 ], [ -66.72833191984887, 47.984472223698852 ], [ -66.709457101331779, 47.992803048029764 ], [ -66.693330428667366, 48.002255775331321 ], [ -66.673890845900203, 48.009754971180477 ], [ -66.66694693660628, 48.011418928630128 ], [ -66.659180707522466, 48.011975646428503 ], [ -66.625547305161817, 48.010031041871521 ], [ -66.610273991133042, 48.011143662599764 ], [ -66.584181082260187, 48.019475035217823 ], [ -66.572783486822829, 48.025862090839858 ], [ -66.552776905322389, 48.031697501261988 ], [ -66.54000489240218, 48.0364189647253 ], [ -66.485560496260547, 48.050305598043195 ], [ -66.472773348012538, 48.054745917077746 ], [ -66.465846734719662, 48.056134597549978 ], [ -66.433878783433073, 48.067531251658018 ], [ -66.419718019674022, 48.070583520323211 ], [ -66.394997346001887, 48.070583201141282 ], [ -66.363611586781957, 48.073359490212361 ], [ -66.356104236693412, 48.073360490072169 ], [ -66.350273371286292, 48.069750695542254 ], [ -66.349435941839204, 48.064746524325322 ], [ -66.355828538710327, 48.045865458670079 ], [ -66.356941433498662, 48.034756074503207 ], [ -66.355828668021772, 48.029470508302566 ], [ -66.353615277098967, 48.024748071691384 ], [ -66.350549382273925, 48.020581294973354 ], [ -66.338614462779901, 48.013645392093999 ], [ -66.310554409990743, 48.007253322718995 ], [ -66.274160373429737, 48.002530125959893 ], [ -66.265553376685943, 48.002255565479992 ], [ -66.25861097885813, 47.999472000959464 ], [ -66.249440307937675, 47.991139592238888 ], [ -66.244436255270301, 47.987806255025987 ], [ -66.237216985159719, 47.985029157963872 ], [ -66.228323094627171, 47.985303142529091 ], [ -66.222218553233233, 47.986974985006803 ], [ -66.205006495974601, 47.985586662138566 ], [ -66.196383851775309, 47.983082755855726 ], [ -66.190540780801442, 47.979749393679256 ], [ -66.181932107643263, 47.9772474444691 ], [ -66.155549256334993, 47.974469088045083 ], [ -66.145555231344218, 47.972524923626587 ], [ -66.123871395582725, 47.963643177639213 ], [ -66.098875922484012, 47.955587353524272 ], [ -66.089156281609533, 47.948636237306388 ], [ -66.07526997287404, 47.936972228427557 ], [ -66.065537127881939, 47.935026421137998 ], [ -66.050259099474019, 47.936141181818641 ], [ -66.041655632925924, 47.935858620595816 ], [ -66.023603917601321, 47.933363230913287 ], [ -66.013881599827329, 47.931418101146193 ], [ -65.988323240562892, 47.923917830191364 ], [ -65.969708728785463, 47.920866735163209 ], [ -65.936365440753548, 47.920866301135256 ], [ -65.921657478973174, 47.922804765062253 ], [ -65.906382106618992, 47.923360417894166 ], [ -65.879710232391801, 47.920584536365141 ], [ -65.853311177112801, 47.913360743311763 ], [ -65.843315847284742, 47.911414752792318 ], [ -65.818046518490291, 47.903913803844027 ], [ -65.810812447650562, 47.900862644326402 ], [ -65.793037680728744, 47.890869026952984 ], [ -65.78748121283131, 47.886695141411543 ], [ -65.784156190174855, 47.883087155828058 ], [ -65.772206120907995, 47.876417653108241 ], [ -65.76221097795549, 47.868361726922188 ], [ -65.756933678681833, 47.865310551201368 ], [ -65.745808700546007, 47.852814079958101 ], [ -65.743869996222173, 47.848083182170164 ], [ -65.740255997238762, 47.84364277556336 ], [ -65.72914448017977, 47.831421784134093 ], [ -65.72443052554803, 47.827529594892113 ], [ -65.718037974326208, 47.818923907244177 ], [ -65.713869440461906, 47.809471781354269 ], [ -65.713046467511347, 47.804200141104921 ], [ -65.713594465290285, 47.79864634596747 ], [ -65.71193148415999, 47.793092270717096 ], [ -65.712207568799073, 47.788087989747034 ], [ -65.709979070296654, 47.772531211044743 ], [ -65.701921317322117, 47.753092117568677 ], [ -65.696367848767693, 47.733088212051442 ], [ -65.689131761683583, 47.71947761818889 ], [ -65.682191713713138, 47.710863256868834 ], [ -65.66081332223807, 47.691141763285579 ], [ -65.649154850216178, 47.684199532083532 ], [ -65.639707080467602, 47.676700257254851 ], [ -65.628018947126094, 47.669755946139574 ], [ -65.634703871439982, 47.667536193364683 ], [ -65.642196745372701, 47.666980341176512 ], [ -65.646650007927221, 47.66224888064604 ], [ -65.649703663302191, 47.655864968493745 ], [ -65.656080215489681, 47.653644080975873 ], [ -65.670805141018164, 47.65169891132274 ], [ -65.671354389932219, 47.64586909015626 ], [ -65.66718916061501, 47.641423156528695 ], [ -65.643582542724985, 47.628642295716027 ], [ -65.634154064594341, 47.620869911452509 ], [ -65.627745499930029, 47.623088868044029 ], [ -65.616634969660311, 47.640033291900579 ], [ -65.612194611094537, 47.644756952757049 ], [ -65.61135531540414, 47.656138736265 ], [ -65.606076011215137, 47.660030885570549 ], [ -65.580808801144087, 47.668924981298574 ], [ -65.566647848329282, 47.671703619303486 ], [ -65.543301300690516, 47.67309213777888 ], [ -65.525814913036911, 47.672259908028195 ], [ -65.503595629086504, 47.673922308832942 ], [ -65.489406258060725, 47.676699575543687 ], [ -65.475808584014914, 47.680865787930834 ], [ -65.464701696488959, 47.68641989672863 ], [ -65.443855545152815, 47.701144800836111 ], [ -65.416069556871904, 47.718363017547269 ], [ -65.411356244872621, 47.722255085731682 ], [ -65.405528333908038, 47.725305406707129 ], [ -65.389413326420481, 47.736148541143201 ], [ -65.384423850221623, 47.740314189451801 ], [ -65.350516933666015, 47.760035426402752 ], [ -65.332189841698792, 47.766977641678132 ], [ -65.324973662880254, 47.768364518320894 ], [ -65.316366543516665, 47.768639720638177 ], [ -65.310234469157905, 47.770028095671194 ], [ -65.298025515711529, 47.775308305618836 ], [ -65.274968676925454, 47.787538480613243 ], [ -65.270530485860263, 47.792534516183864 ], [ -65.253302758031467, 47.801699140713794 ], [ -65.240241787283011, 47.806695894853064 ], [ -65.202199129678348, 47.818643522319512 ], [ -65.166906569231983, 47.825310443687506 ], [ -65.159412368615861, 47.825592362612468 ], [ -65.100802602629884, 47.833642452692544 ], [ -65.044128276161118, 47.844476284411471 ], [ -65.020248017454719, 47.845032629188488 ], [ -64.984406423248899, 47.841416426478915 ], [ -64.976347334933621, 47.838082810781799 ], [ -64.979965545072517, 47.833093395683377 ], [ -64.993562092956637, 47.82892034262057 ], [ -64.999406126807941, 47.825868971729335 ], [ -65.018569998259537, 47.819483036784092 ], [ -65.023851430115784, 47.815583740599628 ], [ -65.058563882223211, 47.797256863495775 ], [ -65.062181315076145, 47.79142148961644 ], [ -65.061616182691949, 47.786425647378216 ], [ -65.071350578076277, 47.776979993979438 ], [ -65.064681485465258, 47.777811823002082 ], [ -65.05828767488174, 47.779756505386601 ], [ -65.045516620649877, 47.784203817813811 ], [ -65.039688970013032, 47.787256692277893 ], [ -65.01246596661646, 47.783648218384492 ], [ -65.003860338596425, 47.783646921914197 ], [ -64.984405093489798, 47.788927308207001 ], [ -64.952740020806417, 47.800585215054653 ], [ -64.938567319093266, 47.803086221177622 ], [ -64.922177188562813, 47.803918678938871 ], [ -64.870785774713454, 47.81058808617064 ], [ -64.823022704545835, 47.811418402076875 ], [ -64.814953295906307, 47.8111433751424 ], [ -64.804958008190695, 47.808923592981458 ], [ -64.796626492008755, 47.806420463430385 ], [ -64.792171209309274, 47.802529632388847 ], [ -64.786066476106186, 47.793094294137489 ], [ -64.78633844322998, 47.788088878724714 ], [ -64.784675778550763, 47.782809641702663 ], [ -64.785514068418863, 47.772257660674349 ], [ -64.794669999318529, 47.762812613438946 ], [ -64.80022545561016, 47.759759721538572 ], [ -64.806893582291096, 47.757540308186712 ], [ -64.839122460061063, 47.756700933032363 ], [ -64.845238320590767, 47.755313274687396 ], [ -64.862452708727588, 47.755313533242123 ], [ -64.846353594812058, 47.744479535201883 ], [ -64.839120635110532, 47.741702579013349 ], [ -64.830240056794608, 47.740314187196297 ], [ -64.82134346726059, 47.740588965744401 ], [ -64.800225866041799, 47.744479690366163 ], [ -64.79078029180981, 47.742258254827512 ], [ -64.786613535979058, 47.737812211710825 ], [ -64.78412663581733, 47.722804136890232 ], [ -64.780234634101049, 47.713366327038528 ], [ -64.776617559863197, 47.709758726422727 ], [ -64.7696766264106, 47.706700529017809 ], [ -64.759955616520799, 47.706698887183215 ], [ -64.75385083113288, 47.708086885271555 ], [ -64.750510300935829, 47.714755402749368 ], [ -64.752462905070615, 47.719477986830348 ], [ -64.760796208839238, 47.732806996702685 ], [ -64.764686408522152, 47.742260334533469 ], [ -64.762732442425659, 47.74837068424484 ], [ -64.758016480332145, 47.752261853199322 ], [ -64.737998207533764, 47.758088967283975 ], [ -64.73271999378882, 47.76198023530636 ], [ -64.726340695814145, 47.763926825769225 ], [ -64.718559579879681, 47.764482867794513 ], [ -64.712730218330563, 47.761150378199403 ], [ -64.712179576871208, 47.755870701719331 ], [ -64.712727863972447, 47.750316682906565 ], [ -64.705784536302318, 47.747256990363425 ], [ -64.696051816419484, 47.745035474912108 ], [ -64.681890020093377, 47.73892563314908 ], [ -64.676061698854426, 47.735591177801524 ], [ -64.669666105809398, 47.726977107488402 ], [ -64.672718438114288, 47.720310073659235 ], [ -64.678835782479197, 47.716701891785036 ], [ -64.697163635698033, 47.710033182134467 ], [ -64.703007891567722, 47.706980535153463 ], [ -64.722173627690879, 47.700587401083943 ], [ -64.730229360886966, 47.700039853155253 ], [ -64.739112841455793, 47.701427327041365 ], [ -64.746894093568713, 47.700314578595822 ], [ -64.752738345956047, 47.69725351561992 ], [ -64.756627652118837, 47.691417253966414 ], [ -64.75717893442264, 47.685863661931705 ], [ -64.759132539963531, 47.679759776776081 ], [ -64.764959720733501, 47.676699786661786 ], [ -64.773290552545646, 47.679477984054351 ], [ -64.777732087736638, 47.683369111164097 ], [ -64.784948605565802, 47.681979580196241 ], [ -64.791344792295135, 47.679759600198629 ], [ -64.806052108199523, 47.678088493737043 ], [ -64.811895642932683, 47.675038091129984 ], [ -64.809944255987645, 47.670315680483853 ], [ -64.802724806224148, 47.667256177266374 ], [ -64.800788963938075, 47.662532402169049 ], [ -64.805227804729782, 47.657810685406908 ], [ -64.811057111520583, 47.654750458784982 ], [ -64.813010990189341, 47.648647951954295 ], [ -64.811057185055049, 47.643925270678743 ], [ -64.806617414132148, 47.640033613436067 ], [ -64.799950021569003, 47.63642543419482 ], [ -64.80272510503471, 47.630589187851292 ], [ -64.807438989052784, 47.625035822218493 ], [ -64.818016135440146, 47.60809005891528 ], [ -64.827458780874736, 47.599202405050548 ], [ -64.840505804472031, 47.595036311713237 ], [ -64.846899684211763, 47.590590340340704 ], [ -64.850226066649469, 47.585591781382718 ], [ -64.859123463144243, 47.576704035043797 ], [ -64.893288836071108, 47.556982000948551 ], [ -64.894675693694765, 47.551427304891845 ], [ -64.889395322195682, 47.542539117904923 ], [ -64.888847914064513, 47.537260729517612 ], [ -64.892736164099432, 47.531706026357881 ], [ -64.904395858127387, 47.522811175970162 ], [ -64.900503697317504, 47.513372703673873 ], [ -64.892173851234475, 47.512815783130449 ], [ -64.878835175511853, 47.516432541012676 ], [ -64.870504062977687, 47.515876453902756 ], [ -64.869666195819107, 47.510872125457901 ], [ -64.879950346901197, 47.502823218025682 ], [ -64.884404992771366, 47.498092446648684 ], [ -64.885517977645051, 47.486983476114169 ], [ -64.89107392632998, 47.482254158391726 ], [ -64.895789041576208, 47.479202367089286 ], [ -64.903280948597668, 47.476981635408812 ], [ -64.923833584310842, 47.473922301981283 ], [ -64.925787226674515, 47.467811404846969 ], [ -64.924398201443594, 47.457259573007782 ], [ -64.927725477125534, 47.450874178506332 ], [ -64.920781398888806, 47.452262299487451 ], [ -64.918844413182981, 47.458374288598414 ], [ -64.911612717189058, 47.470313608663879 ], [ -64.907173177718505, 47.475867017849332 ], [ -64.889393703087748, 47.472533210639824 ], [ -64.87744689073179, 47.477812608653082 ], [ -64.866337606481864, 47.484763895382116 ], [ -64.870228918733829, 47.472534674653346 ], [ -64.87410554025989, 47.466979559863148 ], [ -64.874943486715807, 47.460868665278973 ], [ -64.878560380956998, 47.449202957778169 ], [ -64.880221631081795, 47.432541803116209 ], [ -64.885794386582589, 47.414199861215366 ], [ -64.892171631709132, 47.401147808755539 ], [ -64.899387814555809, 47.389207299356698 ], [ -64.903004978160098, 47.376984484623954 ], [ -64.90384339266555, 47.370592064662915 ], [ -64.909397625869403, 47.3530970439325 ], [ -64.912448467060713, 47.357544385434174 ], [ -64.913015021740748, 47.3628166128372 ], [ -64.903570366974947, 47.393097386669851 ], [ -64.909672133677532, 47.396431532639106 ], [ -64.91579154750498, 47.394203554624568 ], [ -64.922719151276709, 47.392815923700361 ], [ -64.928562967376735, 47.390038459294686 ], [ -64.940496457861627, 47.373926330541408 ], [ -64.946891113981238, 47.360871523876092 ], [ -64.957738574849884, 47.343095036144412 ], [ -64.959675794039612, 47.336984229027834 ], [ -64.958838574208016, 47.331987115020688 ], [ -64.959400828111214, 47.326150850033486 ], [ -64.95689729117835, 47.316431759177753 ], [ -64.95744607512367, 47.310595049596188 ], [ -64.955783919444457, 47.305315250486828 ], [ -64.957445951618965, 47.299769280362462 ], [ -64.965503576311733, 47.289484943385389 ], [ -64.97133198825307, 47.286433468211463 ], [ -64.978277120960968, 47.285045806821287 ], [ -64.99438879046069, 47.285045168117918 ], [ -65.015235267837596, 47.281153048942038 ], [ -65.032461421238523, 47.27198195334752 ], [ -65.037450552334477, 47.268098917579913 ], [ -65.059668369216922, 47.255046822295704 ], [ -65.084953428531549, 47.235316404720834 ], [ -65.0918948472371, 47.233929001606889 ], [ -65.099386015759976, 47.233654307856064 ], [ -65.104666286154767, 47.229762175109826 ], [ -65.105231901003549, 47.223368290957794 ], [ -65.108285122229049, 47.217540008047237 ], [ -65.116339206639864, 47.206989571431194 ], [ -65.137459939320777, 47.192264640918602 ], [ -65.148568197517491, 47.186153667743397 ], [ -65.166344948624811, 47.177822045707472 ], [ -65.172720423294024, 47.175602757732477 ], [ -65.201349359096213, 47.160320469397767 ], [ -65.226341697773108, 47.140880970546419 ], [ -65.233009705540098, 47.138096381707982 ], [ -65.237727386364327, 47.134769997809045 ], [ -65.26273609491129, 47.124487196667019 ], [ -65.339122103134258, 47.099485262562389 ], [ -65.344677859353951, 47.096434146409464 ], [ -65.363568376088907, 47.089765318468743 ], [ -65.369395692109251, 47.086704844084927 ], [ -65.364681957835032, 47.08282193128224 ], [ -65.349390731221803, 47.083927325854695 ], [ -65.324121502662379, 47.081990791026591 ], [ -65.308831886366903, 47.076436666885442 ], [ -65.303004346066601, 47.072820246256839 ], [ -65.287727974190602, 47.067266098956864 ], [ -65.280784543649673, 47.068654690765648 ], [ -65.277733102061234, 47.075322806667749 ], [ -65.278573679294112, 47.080328673927042 ], [ -65.27301865858449, 47.085043424216053 ], [ -65.24800830556353, 47.082265693297991 ], [ -65.233284669475097, 47.08421216243692 ], [ -65.219124656376223, 47.087546394471204 ], [ -65.204123733552095, 47.087819316536475 ], [ -65.203573485396376, 47.082547494507388 ], [ -65.204124376774729, 47.076994531500233 ], [ -65.20328421894412, 47.071715290213817 ], [ -65.204123005115477, 47.066152977728962 ], [ -65.20773918589056, 47.060597972517812 ], [ -65.212730869680939, 47.056708521024952 ], [ -65.218285795052978, 47.053655063386039 ], [ -65.218848474931491, 47.047826780906533 ], [ -65.211906508971779, 47.045050457842535 ], [ -65.204122612054149, 47.04532487121012 ], [ -65.190222042036396, 47.048101639304029 ], [ -65.182714158699, 47.048658261783089 ], [ -65.173835297700478, 47.047270653281139 ], [ -65.166050910031103, 47.047826581471348 ], [ -65.152180407056846, 47.050320926156928 ], [ -65.13384041671759, 47.057822107831441 ], [ -65.106890813020357, 47.074766141535655 ], [ -65.100499024336358, 47.076995170844768 ], [ -65.086063277413999, 47.07893155281463 ], [ -65.077733176955491, 47.078383604111025 ], [ -65.069948435770755, 47.078932736922297 ], [ -65.038559849050728, 47.0897659978733 ], [ -65.02467618452917, 47.091985571970859 ], [ -65.016620579697133, 47.091428982559094 ], [ -65.006897117621975, 47.089208977158705 ], [ -65.002458778960474, 47.085599568072332 ], [ -65.001892638053647, 47.080329037890053 ], [ -65.002458581631473, 47.074766924993675 ], [ -64.998552879528148, 47.065046005555914 ], [ -64.994386187025668, 47.060597848306287 ], [ -64.988282854494088, 47.057822727586924 ], [ -64.978837674800275, 47.055602562512448 ], [ -64.971329208465932, 47.056150540388309 ], [ -64.957168785828983, 47.058936651297429 ], [ -64.951614682472865, 47.061987525321776 ], [ -64.946335691918279, 47.065878062052271 ], [ -64.942717751033612, 47.071433496609785 ], [ -64.942994203682275, 47.077269798867327 ], [ -64.939667465530391, 47.082266122682064 ], [ -64.932159682159337, 47.084211236577595 ], [ -64.917450305377997, 47.084485429992483 ], [ -64.89272851348953, 47.083105629135119 ], [ -64.877441447634268, 47.084211571533437 ], [ -64.861600720313433, 47.084212346704973 ], [ -64.82856465168561, 47.082548982875579 ], [ -64.813273943101251, 47.083379810419387 ], [ -64.804943893166154, 47.083106205897188 ], [ -64.797999626555665, 47.080047105813087 ], [ -64.814939405718036, 47.070883059644402 ], [ -64.820232856947058, 47.066991809770698 ], [ -64.824107494716827, 47.061430744856771 ], [ -64.825221784842455, 47.050047061020905 ], [ -64.823832600507004, 47.039770435577964 ], [ -64.82189725863644, 47.035048399250066 ], [ -64.82132957493792, 47.029769362713125 ], [ -64.814387878417406, 47.015885224310736 ], [ -64.806038836891275, 47.002548023849954 ], [ -64.802163899021167, 46.993102451873028 ], [ -64.802714911044461, 46.987549754453909 ], [ -64.806605491915619, 46.981713522986951 ], [ -64.811593356176544, 46.977820251071101 ], [ -64.817455061831794, 46.974213580499971 ], [ -64.835215734296554, 46.965882562023708 ], [ -64.856607804356315, 46.952827833867666 ], [ -64.861048648480946, 46.948097313353728 ], [ -64.871316836765942, 46.939484475286086 ], [ -64.879663071242419, 46.93060427510899 ], [ -64.887445394391563, 46.919495363625678 ], [ -64.889673874867228, 46.914208012611773 ], [ -64.891612197714707, 46.914491195014641 ], [ -64.895503795863959, 46.908935987075999 ], [ -64.898556258084781, 46.902544824739984 ], [ -64.904384084210193, 46.883662024682259 ], [ -64.90577063717447, 46.872545244203948 ], [ -64.903560732340679, 46.867822297378005 ], [ -64.903560316963961, 46.856995777517568 ], [ -64.904382599976543, 46.851160525519013 ], [ -64.902995633908958, 46.840884165363136 ], [ -64.899942895890817, 46.835879965165674 ], [ -64.888834527740613, 46.824769805638198 ], [ -64.882151146624636, 46.816157732161429 ], [ -64.879373459663285, 46.811160248460624 ], [ -64.879098121248489, 46.800882891218045 ], [ -64.876595582371635, 46.791164618395364 ], [ -64.8724296990233, 46.782268807912182 ], [ -64.863271993819424, 46.774494417041247 ], [ -64.856605086192005, 46.771435163247077 ], [ -64.848273894777321, 46.768939779871658 ], [ -64.843834206004303, 46.765056855062724 ], [ -64.837713432252144, 46.755610618338281 ], [ -64.827993483607585, 46.743381990606856 ], [ -64.810767537763567, 46.73310428722943 ], [ -64.794653343896684, 46.727826419908432 ], [ -64.787984149492829, 46.724218177250563 ], [ -64.793262318565965, 46.721989735284943 ], [ -64.809650188024165, 46.722821216490658 ], [ -64.817449710317177, 46.721713748993174 ], [ -64.839665505936608, 46.710049676198146 ], [ -64.85271208630472, 46.705051762272099 ], [ -64.855489835758547, 46.699214829388701 ], [ -64.851598951460574, 46.689771045157933 ], [ -64.855489216965935, 46.677829749116512 ], [ -64.853827858785237, 46.672277528905731 ], [ -64.847158423736317, 46.67310828011388 ], [ -64.841053898286432, 46.685879128159236 ], [ -64.831611115896905, 46.694492653734628 ], [ -64.816884293834946, 46.696438321367168 ], [ -64.808263339575674, 46.69505033182346 ], [ -64.800207329380655, 46.692548096039047 ], [ -64.773547306720104, 46.688657559340228 ], [ -64.766880151484216, 46.685048001532472 ], [ -64.764666510707897, 46.680883623864879 ], [ -64.764102328280003, 46.675611686458375 ], [ -64.76466846092336, 46.670049080100647 ], [ -64.760501917775628, 46.666157345446493 ], [ -64.752170099487842, 46.663664714427036 ], [ -64.746324619849247, 46.666721931600016 ], [ -64.755772484993685, 46.680333245451152 ], [ -64.754106609168645, 46.685605156622465 ], [ -64.750491177970616, 46.691160228064973 ], [ -64.748263997997213, 46.697270283718836 ], [ -64.747988774423391, 46.702833301320055 ], [ -64.739658756303896, 46.702549428886591 ], [ -64.725770524320779, 46.696439894375651 ], [ -64.720217601650134, 46.693105558737791 ], [ -64.712709628574046, 46.684216040448739 ], [ -64.710496359031225, 46.68005007067817 ], [ -64.707994427848192, 46.670048918942015 ], [ -64.704378426093996, 46.638387592501459 ], [ -64.705766867589375, 46.627272669661842 ], [ -64.709931136487029, 46.609495816415375 ], [ -64.720488396322324, 46.59227714208064 ], [ -64.722993496794132, 46.580611400121228 ], [ -64.719101859996869, 46.571165744430886 ], [ -64.714095375444487, 46.562270971644814 ], [ -64.709931341163852, 46.558386796102411 ], [ -64.682141738934959, 46.523940436690189 ], [ -64.672697749127593, 46.500893766055157 ], [ -64.674376116683845, 46.494774898627355 ], [ -64.707425824356733, 46.485054613514357 ], [ -64.710769040992631, 46.480049151798021 ], [ -64.70687713731013, 46.47560946274686 ], [ -64.684370640552274, 46.456719533665584 ], [ -64.677702137795237, 46.458109130073829 ], [ -64.669642223655828, 46.468385553520818 ], [ -64.661312200515823, 46.468109090854718 ], [ -64.650204006405261, 46.460610605628467 ], [ -64.644100725972336, 46.451722780977789 ], [ -64.621301740671456, 46.427279261985554 ], [ -64.619364406393174, 46.42311303559957 ], [ -64.612985388422146, 46.414500561555364 ], [ -64.611307039638575, 46.409776101939734 ], [ -64.61298562049268, 46.403666052624139 ], [ -64.614375289772227, 46.392557728110944 ], [ -64.612986084240248, 46.381998077746466 ], [ -64.61242022929342, 46.366167124652392 ], [ -64.615473033157301, 46.359782908938293 ], [ -64.622981245222036, 46.348391095373337 ], [ -64.631310516759356, 46.338108418618923 ], [ -64.636040024926004, 46.334224370057917 ], [ -64.642984746017461, 46.332836817249529 ], [ -64.658531303038913, 46.332836232334081 ], [ -64.679927912608662, 46.329782970696094 ], [ -64.694911390507031, 46.328943882558995 ], [ -64.701046032741559, 46.326724923290634 ], [ -64.697978062734805, 46.322559360567965 ], [ -64.689358059684977, 46.321170195944319 ], [ -64.666863250517494, 46.322559042155362 ], [ -64.657709949211991, 46.319782541062551 ], [ -64.650475986320629, 46.319507291183726 ], [ -64.644922459841709, 46.322558534614245 ], [ -64.631309628512184, 46.325060512712838 ], [ -64.624916686181763, 46.327281961178784 ], [ -64.607140974309459, 46.335331162662285 ], [ -64.599922828614211, 46.335886787775394 ], [ -64.587149994331384, 46.329502385163806 ], [ -64.578544633899284, 46.328114119436655 ], [ -64.573537576016349, 46.332004381060145 ], [ -64.575476449565514, 46.347551576819335 ], [ -64.573540565173388, 46.353670688193098 ], [ -64.559089405381869, 46.366168593687497 ], [ -64.551031005334792, 46.363391507894647 ], [ -64.54686761609041, 46.359499563366775 ], [ -64.534093083117327, 46.342280679484027 ], [ -64.52103351540444, 46.33061564860904 ], [ -64.51798177608282, 46.326449599981451 ], [ -64.516592105619736, 46.320895761773556 ], [ -64.517981292450045, 46.315609244933448 ], [ -64.52130616670911, 46.30839287201259 ], [ -64.532980175653094, 46.303943116323246 ], [ -64.546866768748558, 46.301450006298126 ], [ -64.55963932910538, 46.296451201647578 ], [ -64.567984685870513, 46.287564132460432 ], [ -64.567709883363193, 46.281728305168727 ], [ -64.559637181839975, 46.268390747047725 ], [ -64.55879716167415, 46.263120480094898 ], [ -64.560185982662802, 46.252003693127186 ], [ -64.559635555735554, 46.235890585055564 ], [ -64.561026280123755, 46.223943620985231 ], [ -64.558796539693049, 46.220052223941806 ], [ -64.547138876814714, 46.225058334697749 ], [ -64.533252251342262, 46.227833067827696 ], [ -64.518526722612648, 46.228665724689805 ], [ -64.514088932578218, 46.233396062582536 ], [ -64.517139197881178, 46.237561804098149 ], [ -64.517704484652754, 46.242833703942601 ], [ -64.510488116645163, 46.243115682717885 ], [ -64.503543193344882, 46.240339841743811 ], [ -64.494630961670595, 46.238950907798127 ], [ -64.478244892658182, 46.238668853406224 ], [ -64.473527197418619, 46.235333833962471 ], [ -64.46547054377055, 46.235058738686519 ], [ -64.444628039990107, 46.238949547254371 ], [ -64.437409782707789, 46.239224791047512 ], [ -64.401582132018774, 46.233114487865315 ], [ -64.396025942748452, 46.22977908621597 ], [ -64.392974687543457, 46.225331977492935 ], [ -64.384919591577543, 46.222829759369873 ], [ -64.36796384867904, 46.220891482161832 ], [ -64.35546905026726, 46.22533243453713 ], [ -64.33935480449675, 46.224225389964559 ], [ -64.32380561069904, 46.224225771050016 ], [ -64.296308293828488, 46.229499111590648 ], [ -64.288251622291469, 46.228941259754762 ], [ -64.280742463949053, 46.229498018566751 ], [ -64.273801370371459, 46.23061155360589 ], [ -64.267421689780903, 46.232831457956237 ], [ -64.253245119723232, 46.23450405907014 ], [ -64.243801305420519, 46.232274449895158 ], [ -64.23685803426622, 46.229224871322714 ], [ -64.222680560705243, 46.217833458886979 ], [ -64.217127240352383, 46.214505824329187 ], [ -64.191841980107839, 46.206450508326377 ], [ -64.174065528854385, 46.202284789499487 ], [ -64.166009262663351, 46.199499578138578 ], [ -64.153525737261234, 46.193114180449371 ], [ -64.151571864133601, 46.188392104274996 ], [ -64.156304401717577, 46.183671033857266 ], [ -64.163246897618109, 46.182280731487097 ], [ -64.166847316779837, 46.176726494779814 ], [ -64.161857633462688, 46.167564685141564 ], [ -64.152685801301047, 46.165337297114725 ], [ -64.145743655764846, 46.162276447350933 ], [ -64.145467931084681, 46.157279639314034 ], [ -64.137412948943989, 46.156722892774859 ], [ -64.12573795205958, 46.173393284604188 ], [ -64.116292760818155, 46.182005708780665 ], [ -64.107396729475482, 46.180892477433147 ], [ -64.103230553798284, 46.170898175735928 ], [ -64.098515497650794, 46.167839288532846 ], [ -64.090460207030233, 46.165062654373315 ], [ -64.081302519974059, 46.151451034540962 ], [ -64.07158263104985, 46.15866889375777 ], [ -64.067127759640996, 46.163390911856062 ], [ -64.066304809662029, 46.169510957603997 ], [ -64.062671809555226, 46.175063600163057 ], [ -64.055180106238623, 46.179229882567085 ], [ -64.056843433811721, 46.180344108038085 ], [ -64.034901445289321, 46.18228201476478 ], [ -64.00102614542142, 46.179229712342746 ], [ -63.970177567488854, 46.180618598974696 ], [ -63.953790787998926, 46.178115331074892 ], [ -63.945733816017501, 46.175622199539184 ], [ -63.93295369282319, 46.169510755405575 ], [ -63.916009944427152, 46.159225849142338 ], [ -63.902672750367593, 46.153114891297932 ], [ -63.894622113880182, 46.150337433159599 ], [ -63.876562197955145, 46.146729394771484 ], [ -63.844892171430601, 46.145615972399185 ], [ -63.829625106811037, 46.146456018599757 ], [ -63.821567517582302, 46.143953529418603 ], [ -63.809337070924272, 46.137285718939069 ], [ -63.804059111171796, 46.133119056817932 ], [ -63.775731210004395, 46.121171672307177 ], [ -63.772396061705237, 46.117562573619182 ], [ -63.770448992251545, 46.112840093476812 ], [ -63.771839636630787, 46.108117522989481 ], [ -63.776286541287774, 46.103394929303072 ], [ -63.782397740626024, 46.09978681649924 ], [ -63.798784493704986, 46.091447481549785 ], [ -63.804897296105288, 46.089227269532877 ], [ -63.819064937306756, 46.086176313678337 ], [ -63.841840940098209, 46.086450466953274 ], [ -63.855450295915773, 46.083949336661476 ], [ -63.860729591967718, 46.080347637285101 ], [ -63.869336894921837, 46.07090278127643 ], [ -63.885730745132804, 46.060893164661259 ], [ -63.891844499606854, 46.05895501618474 ], [ -63.907673212023553, 46.058955403528408 ], [ -63.918791397152042, 46.053117515427139 ], [ -63.926290159144564, 46.052561084312977 ], [ -63.934340165231426, 46.053118135058618 ], [ -63.943786446565262, 46.05533922095654 ], [ -63.959898854945308, 46.056169486096465 ], [ -63.967398529697292, 46.055895064340788 ], [ -63.9879548283348, 46.052004569019594 ], [ -63.995453916165367, 46.051728604174855 ], [ -64.022675768439996, 46.057565535655016 ], [ -64.042681333401831, 46.052843234182653 ], [ -64.051286247580379, 46.054232537989698 ], [ -64.058230383391276, 46.057282476391237 ], [ -64.067416984792686, 46.059504465474916 ], [ -64.071855729425991, 46.05478159765994 ], [ -64.07101805365869, 46.044512837546385 ], [ -64.074632708068876, 46.038675529702004 ], [ -64.079072591278802, 46.033953444529345 ], [ -64.089068677142677, 46.026454106351522 ], [ -64.093233473273983, 46.02173189159388 ], [ -64.064348142599343, 46.004786663543179 ], [ -64.057390431058778, 46.001460909561878 ], [ -64.042131659031327, 45.991969704135016 ], [ -64.032409187847477, 45.989787148883941 ], [ -64.027130233260579, 45.993679352605099 ], [ -64.022675053760949, 45.998400489450994 ], [ -64.011856010113519, 46.005901534416573 ], [ -64.004624683002206, 46.005626894782537 ], [ -63.982955996235368, 45.996730784220922 ], [ -63.965734345768233, 45.992007722191538 ], [ -63.939063430657676, 45.987010951344509 ], [ -63.912394926505087, 45.980060823477636 ], [ -63.887677148897254, 45.967006820251648 ], [ -63.879619125955259, 45.964229582382657 ], [ -63.871560713603976, 45.963681318827504 ], [ -63.863505470691571, 45.961178110805115 ], [ -63.858783670148348, 45.952007515393497 ], [ -63.860726899273359, 45.945896613776085 ], [ -63.869060324578122, 45.935621188902132 ], [ -63.868500947398715, 45.930623524305567 ], [ -63.853227918164713, 45.932010636344131 ], [ -63.845446620253931, 45.93089780778562 ], [ -63.822672787129669, 45.922291553457114 ], [ -63.814055605986404, 45.914510146962478 ], [ -63.807944149065172, 45.905896400415543 ], [ -63.805168556062711, 45.890904369187105 ], [ -63.803222550247099, 45.885900439571067 ], [ -63.790450299033701, 45.889234230462669 ], [ -63.782110623224476, 45.889509070765435 ], [ -63.774893655007375, 45.887013944817724 ], [ -63.765172897894537, 45.879788517015967 ], [ -63.758505540052674, 45.876456111478262 ], [ -63.725107760521588, 45.870035290724076 ], [ -63.718495494439551, 45.867010006392682 ], [ -63.714056186286044, 45.863127336379272 ], [ -63.718494037043051, 45.858403468307735 ], [ -63.727383827557937, 45.85979296447475 ], [ -63.735722327073532, 45.85951014244619 ], [ -63.73294613697891, 45.85034948505217 ], [ -63.747944432094059, 45.849509207438793 ], [ -63.752950917606817, 45.845618152873662 ], [ -63.75239387976837, 45.840621867337575 ], [ -63.748501176007373, 45.835899275577596 ], [ -63.740720382259596, 45.834791982327424 ], [ -63.735721309554357, 45.838674729744291 ], [ -63.728772532545683, 45.839790159726569 ], [ -63.72071531876778, 45.839506386489852 ], [ -63.714052970328467, 45.84062038772781 ], [ -63.697107771537112, 45.849509226852419 ], [ -63.690167383270115, 45.850622841933678 ], [ -63.681835074952787, 45.84867836819933 ], [ -63.673778234724054, 45.846175815818448 ], [ -63.667108285380685, 45.843123211218675 ], [ -63.675439828330759, 45.832845943253055 ], [ -63.675997309077786, 45.827018588303645 ], [ -63.6743330038164, 45.822295567072018 ], [ -63.669329301324034, 45.818129719877227 ], [ -63.663491842909529, 45.815344923359049 ], [ -63.660158448307364, 45.821737705022308 ], [ -63.654605243486166, 45.824790615896177 ], [ -63.645164868813822, 45.833404183590339 ], [ -63.645441307533304, 45.838400089078974 ], [ -63.654047237353772, 45.846457831358627 ], [ -63.657108659622814, 45.850622801894382 ], [ -63.657665350649438, 45.855903115042032 ], [ -63.663495109931944, 45.865072413551367 ], [ -63.661545832367317, 45.870620231551705 ], [ -63.65571993409884, 45.872565586680643 ], [ -63.648774477313381, 45.869513285632927 ], [ -63.637666566347946, 45.862571223659309 ], [ -63.63099877934448, 45.85951246426302 ], [ -63.623499862142594, 45.859794289353978 ], [ -63.599611513212793, 45.870062851838874 ], [ -63.579887698175199, 45.874511740347465 ], [ -63.556273460279577, 45.87395282491476 ], [ -63.53849704613733, 45.870345294026563 ], [ -63.523214605633463, 45.871452004934554 ], [ -63.496549562873092, 45.876730962061217 ], [ -63.481825159211006, 45.877289045921316 ], [ -63.473766889188155, 45.877012693481639 ], [ -63.456548124948355, 45.874237723806466 ], [ -63.419603859726315, 45.865072806400981 ], [ -63.405986494603532, 45.858963238324989 ], [ -63.403208195266735, 45.854515213780999 ], [ -63.40793149807358, 45.850623084757544 ], [ -63.449604706468136, 45.855072076512187 ], [ -63.457935094449688, 45.854789817986983 ], [ -63.474040900454547, 45.857574916520406 ], [ -63.48209802171111, 45.858124001515797 ], [ -63.476819664125962, 45.854515586608287 ], [ -63.468211534240957, 45.846732388484213 ], [ -63.461545745638922, 45.843398296517975 ], [ -63.453769714366793, 45.840905169114201 ], [ -63.435708613017155, 45.837288713440152 ], [ -63.429325188422688, 45.833403924295176 ], [ -63.425715979924512, 45.829796123386664 ], [ -63.427935568626296, 45.823684230083266 ], [ -63.433765558086726, 45.820907984907045 ], [ -63.440434094223242, 45.819519472280064 ], [ -63.45543079472094, 45.818962971264007 ], [ -63.487376671789214, 45.820908362188611 ], [ -63.512662168184193, 45.824242273848938 ], [ -63.520160776855448, 45.823960235166325 ], [ -63.525159596291282, 45.820068340025173 ], [ -63.525990705414209, 45.814514605237903 ], [ -63.522937979962258, 45.810067243691897 ], [ -63.514883121457217, 45.807290528941479 ], [ -63.506277819215427, 45.805900432780433 ], [ -63.498210795920137, 45.805626052239795 ], [ -63.475988282583899, 45.806457556267468 ], [ -63.432932592588735, 45.799515859854623 ], [ -63.424881777487862, 45.799240905562783 ], [ -63.419604508384261, 45.802849992759413 ], [ -63.415431484766351, 45.807571804874001 ], [ -63.409600643846154, 45.810624131534681 ], [ -63.401544898667325, 45.810067180858013 ], [ -63.392382270098039, 45.807846221111681 ], [ -63.376542301168968, 45.802293573204018 ], [ -63.35849024223284, 45.798684936034839 ], [ -63.342652786238723, 45.797570090114533 ], [ -63.327658788935707, 45.798410284827497 ], [ -63.286543181189472, 45.805628075180437 ], [ -63.280430318716782, 45.807847330690166 ], [ -63.273489707596482, 45.808961616568467 ], [ -63.250431669649437, 45.809793557276706 ], [ -63.234317538023618, 45.808677990498524 ], [ -63.228757363068119, 45.805071266024264 ], [ -63.232646864942666, 45.799515203858022 ], [ -63.238207561745831, 45.796465402838557 ], [ -63.250714625971511, 45.792574798714831 ], [ -63.264599619860341, 45.789515328546578 ], [ -63.283491829838887, 45.783128648994627 ], [ -63.29459885030942, 45.777291133718919 ], [ -63.313208462770355, 45.769518489284096 ], [ -63.319045677977982, 45.76812893840377 ], [ -63.341260848000324, 45.767015707426793 ], [ -63.355154113604137, 45.764520587226279 ], [ -63.371545447215901, 45.766465408446138 ], [ -63.379318761217405, 45.766182624249183 ], [ -63.381264216507951, 45.760072649458813 ], [ -63.375984596088351, 45.755907865208755 ], [ -63.367651521362468, 45.753960661259569 ], [ -63.363486629209547, 45.750079307196884 ], [ -63.360433670524614, 45.745623156827193 ], [ -63.353766349481951, 45.742572042344925 ], [ -63.330436164872779, 45.742013959397568 ], [ -63.31293204047801, 45.73701690093808 ], [ -63.293767257813514, 45.722009838982977 ], [ -63.285709800139955, 45.721452340980647 ], [ -63.281819703303, 45.733409473113433 ], [ -63.277929093529607, 45.738963681823975 ], [ -63.267093885213676, 45.745904152009331 ], [ -63.262654444474556, 45.750627096367772 ], [ -63.257655158986665, 45.754243170092302 ], [ -63.255985839771824, 45.749513982389225 ], [ -63.257932019957344, 45.743685689086263 ], [ -63.258763232562607, 45.737849638222173 ], [ -63.253208994254607, 45.734515155804139 ], [ -63.246264331907668, 45.735629786267559 ], [ -63.231256838353382, 45.747018395273095 ], [ -63.224872137751774, 45.749239602962369 ], [ -63.218204717310172, 45.750353805847837 ], [ -63.205421977883212, 45.755076500474317 ], [ -63.195978135776883, 45.763689881083167 ], [ -63.191812685533591, 45.76923484971487 ], [ -63.186258792321475, 45.772296163541647 ], [ -63.17765239474847, 45.770623846892981 ], [ -63.178485259847633, 45.765078273179448 ], [ -63.189591417284333, 45.757853318364774 ], [ -63.197924184871979, 45.747568389261012 ], [ -63.199870620721903, 45.741457525082097 ], [ -63.19792218558085, 45.736735238252109 ], [ -63.189034855349021, 45.734515908614569 ], [ -63.170700830069443, 45.741458817170404 ], [ -63.146813818244745, 45.752299833767154 ], [ -63.120148045772311, 45.759517795895235 ], [ -63.106261165483218, 45.760355688400963 ], [ -63.090979807912923, 45.760073834987814 ], [ -63.082091967884956, 45.758684659603773 ], [ -63.072927864124317, 45.756181519825773 ], [ -63.06486327750688, 45.755633540091473 ], [ -63.064314708536116, 45.761463201154008 ], [ -63.066259660159339, 45.771181272704681 ], [ -63.068205316616734, 45.776180115378615 ], [ -63.070983117659104, 45.780353201850666 ], [ -63.07514857085129, 45.784518253680758 ], [ -63.089865127733894, 45.790353303070184 ], [ -63.115150937597662, 45.797853812282753 ], [ -63.117921294760848, 45.802293731704829 ], [ -63.114038264720193, 45.80784824120623 ], [ -63.107094631692554, 45.808961129062467 ], [ -63.099038981731731, 45.808404689826965 ], [ -63.082093016249033, 45.803400742731483 ], [ -63.064316263052454, 45.799799454066296 ], [ -63.04015084304298, 45.798127476699392 ], [ -63.025144653297971, 45.798685560885559 ], [ -62.993216970457304, 45.796463201946089 ], [ -62.984626493792781, 45.79507254581825 ], [ -62.957760457394322, 45.788953619467271 ], [ -62.949725692444702, 45.786447357041652 ], [ -62.941964840252083, 45.782829894954816 ], [ -62.907613764401468, 45.775600461056413 ], [ -62.899579737615255, 45.775042325613775 ], [ -62.877424428051704, 45.776140282950841 ], [ -62.853327966051495, 45.774469812211876 ], [ -62.785181110561773, 45.763622092405292 ], [ -62.761640526731263, 45.762775738191252 ], [ -62.723610928140324, 45.764159883696159 ], [ -62.708892662006349, 45.763885175934867 ], [ -62.695548946405317, 45.766388840031013 ], [ -62.672774578522159, 45.767768037420545 ], [ -62.677779646148259, 45.764159380011634 ], [ -62.695001263555035, 45.756942447522562 ], [ -62.71611106385464, 45.752776331728576 ], [ -62.723053529600165, 45.753051545796417 ], [ -62.732496372655717, 45.755272340402158 ], [ -62.738892318505378, 45.758605687344328 ], [ -62.746949641696624, 45.759162366903361 ], [ -62.75387987790338, 45.758049342940346 ], [ -62.741386787707192, 45.746101169687776 ], [ -62.735277006961311, 45.73721256818046 ], [ -62.729997218299857, 45.733879313327272 ], [ -62.721938980274999, 45.733047445170193 ], [ -62.714723535493825, 45.734992547547314 ], [ -62.702782885606659, 45.739989793732242 ], [ -62.696388662861203, 45.74054627549684 ], [ -62.688606069252714, 45.739989261154612 ], [ -62.680558456489976, 45.737214057163349 ], [ -62.673890233577701, 45.733878932305949 ], [ -62.665831680137231, 45.731375365524904 ], [ -62.645835866667603, 45.721931071412818 ], [ -62.638055143721722, 45.719153883356299 ], [ -62.636115259687635, 45.714439502846069 ], [ -62.647223950285337, 45.706938658946193 ], [ -62.664443721833784, 45.69971480000109 ], [ -62.676109324529961, 45.693877975112429 ], [ -62.694441805642057, 45.687766827650556 ], [ -62.726944809612526, 45.67943521370244 ], [ -62.740837649216516, 45.676940287506788 ], [ -62.761915911660076, 45.674441828659155 ], [ -62.774930993702355, 45.671112453272428 ], [ -62.779361575431189, 45.666391775678747 ], [ -62.781299762777579, 45.660554337708348 ], [ -62.789334480132709, 45.649449859430469 ], [ -62.791272920440228, 45.643339934243414 ], [ -62.791002410036846, 45.638341632513367 ], [ -62.785735630364968, 45.641948697603702 ], [ -62.78268427640419, 45.648340371466851 ], [ -62.777976268722341, 45.653053949350223 ], [ -62.772437330146865, 45.656104968327142 ], [ -62.750835232772239, 45.657769262773243 ], [ -62.743057220097377, 45.654990419241074 ], [ -62.738892292490917, 45.650543303726174 ], [ -62.738334703420612, 45.645827429662035 ], [ -62.738891849968212, 45.640273789942839 ], [ -62.751171520518689, 45.623154578154988 ], [ -62.753051544945009, 45.617767590213049 ], [ -62.752496719246743, 45.612496823982767 ], [ -62.743887266898938, 45.611107021154076 ], [ -62.73889123007833, 45.61471511459559 ], [ -62.734168029544961, 45.619437516349024 ], [ -62.728051388779527, 45.63165983165797 ], [ -62.714446033443856, 45.645546502728997 ], [ -62.709441370110753, 45.649437788236426 ], [ -62.703887217998293, 45.652488543313595 ], [ -62.695830067559427, 45.649719480432765 ], [ -62.690552475228351, 45.646103418479889 ], [ -62.684441369375442, 45.637215240676376 ], [ -62.673613464135933, 45.630270674980011 ], [ -62.665833537692059, 45.627486321031618 ], [ -62.657776053077384, 45.626937487976939 ], [ -62.650833969377835, 45.628045460790965 ], [ -62.646392462253097, 45.632767319958539 ], [ -62.649444925453004, 45.637215780475991 ], [ -62.654717151728164, 45.640549980673462 ], [ -62.662499533601533, 45.643325842808508 ], [ -62.668335182241435, 45.646942976773126 ], [ -62.672500292688426, 45.650825651400332 ], [ -62.675276784418514, 45.655264519987256 ], [ -62.676949513351516, 45.659987823769036 ], [ -62.676949526957941, 45.665824862169274 ], [ -62.675277141037938, 45.671378878994204 ], [ -62.6702805168092, 45.674996554830877 ], [ -62.663328716321956, 45.67610164879359 ], [ -62.63805231007143, 45.670547741865917 ], [ -62.631941738275465, 45.672492951326582 ], [ -62.626946399617061, 45.676383218574237 ], [ -62.609444294226755, 45.684159130171942 ], [ -62.590835245603103, 45.67943594518033 ], [ -62.575005284330338, 45.678330678150864 ], [ -62.557220032412957, 45.67471306082777 ], [ -62.553055930533631, 45.670547419503464 ], [ -62.549995969191585, 45.660545775326781 ], [ -62.544721809276879, 45.65693737945093 ], [ -62.537225312260162, 45.65360180522768 ], [ -62.528884905760073, 45.651383315670515 ], [ -62.52083580311448, 45.650826512644031 ], [ -62.506110320918886, 45.65277034955313 ], [ -62.487778369638264, 45.658325203298247 ], [ -62.4802782185632, 45.658600914134581 ], [ -62.473608964691778, 45.655546703195085 ], [ -62.473327203247003, 45.650267878025211 ], [ -62.483329508129401, 45.642769568161746 ], [ -62.49500348107884, 45.63638401938119 ], [ -62.503889329300627, 45.62748715191438 ], [ -62.507782039785518, 45.621932933577185 ], [ -62.509728620944777, 45.61610402092326 ], [ -62.50833734357235, 45.611381428389492 ], [ -62.503059194639732, 45.607771656535235 ], [ -62.495003452976817, 45.604994978000732 ], [ -62.486387573853357, 45.603607301177782 ], [ -62.473328177813116, 45.606658910099213 ], [ -62.461944143821235, 45.612495244356737 ], [ -62.44138493257163, 45.627486760290068 ], [ -62.433607894713219, 45.638604065247456 ], [ -62.414443013331606, 45.643883381924219 ], [ -62.402222173464722, 45.648880294382167 ], [ -62.383614926943416, 45.654709053779008 ], [ -62.36639351139214, 45.663604071245963 ], [ -62.361389765436165, 45.667212597163974 ], [ -62.356950023075044, 45.671936663707854 ], [ -62.355834172360623, 45.677489323030848 ], [ -62.364448265410374, 45.679161652241532 ], [ -62.371941717259013, 45.678877888955554 ], [ -62.38583198533027, 45.676384160300543 ], [ -62.391945489518086, 45.674439259805482 ], [ -62.39722266139097, 45.670548025333588 ], [ -62.414162101371431, 45.6619339076789 ], [ -62.427224102201848, 45.658882342622697 ], [ -62.439718314784166, 45.654709244820928 ], [ -62.438889277896735, 45.66026992136382 ], [ -62.43499761870747, 45.665825050264885 ], [ -62.424721458398515, 45.673323630123093 ], [ -62.418334546175423, 45.675551562177027 ], [ -62.411668053669075, 45.676658704935249 ], [ -62.361389903164756, 45.681106131542222 ], [ -62.319726198983645, 45.687209603819696 ], [ -62.299729135711011, 45.691375316109372 ], [ -62.268333480938558, 45.701386329024778 ], [ -62.250282560494433, 45.708328428451814 ], [ -62.245002073874033, 45.712211665308878 ], [ -62.211112635999505, 45.73110216312061 ], [ -62.196107098495212, 45.741660302129233 ], [ -62.184440677917941, 45.748048043295121 ], [ -62.153884537731358, 45.758331488795591 ], [ -62.141387706146588, 45.766105468517146 ], [ -62.136389668760245, 45.767767814781259 ], [ -62.131666772044717, 45.770827703144981 ], [ -62.119720327803947, 45.775826317000906 ], [ -62.092772802030105, 45.781105859100691 ], [ -62.079726422931031, 45.785827009412671 ], [ -62.064163079844775, 45.795547803237888 ], [ -62.053328961798002, 45.803604658134653 ], [ -62.049446428872663, 45.807770056118656 ], [ -62.044166096435504, 45.811377708917064 ], [ -62.03500399920005, 45.820830867304764 ], [ -62.01500790556603, 45.836654377818824 ], [ -62.009170869051999, 45.83943134564737 ], [ -62.004173376934048, 45.843322120508418 ], [ -61.991944340503046, 45.848045278936702 ], [ -61.982499691034455, 45.856658269440516 ], [ -61.978880851860389, 45.863052029810291 ], [ -61.973327494357747, 45.867210752695854 ], [ -61.961112778043258, 45.870826180648855 ], [ -61.949165518828387, 45.875549669702451 ], [ -61.931390438675997, 45.884719591458797 ], [ -61.92555957310833, 45.886107091590326 ], [ -61.917504603505712, 45.885552269017033 ], [ -61.903054938324857, 45.879432415982002 ], [ -61.898054714647081, 45.875267610976671 ], [ -61.896109643656153, 45.871101583977513 ], [ -61.898054239730499, 45.865273237031424 ], [ -61.903326448729828, 45.861381664207578 ], [ -61.914718355428988, 45.855552223981363 ], [ -61.919448272081269, 45.851104673172372 ], [ -61.923331672688953, 45.845542997152258 ], [ -61.925558642108989, 45.839431351004286 ], [ -61.925277166531643, 45.834433473144493 ], [ -61.91916794976386, 45.814437186413947 ], [ -61.917220325903045, 45.810271358788093 ], [ -61.916665436460775, 45.805266767405932 ], [ -61.909439279465175, 45.79166511097651 ], [ -61.90721808133847, 45.776382676031602 ], [ -61.909165369770868, 45.765273345637596 ], [ -61.899995483547713, 45.762771560108227 ], [ -61.893332759798092, 45.759719058207288 ], [ -61.891668807041739, 45.754997360530403 ], [ -61.893890019033044, 45.748879029057058 ], [ -61.892227425089871, 45.744155367513592 ], [ -61.888053999636078, 45.74027366524215 ], [ -61.885278420629739, 45.735824382440882 ], [ -61.883331467310434, 45.725823453601187 ], [ -61.883331855134053, 45.719986734961708 ], [ -61.889999127561339, 45.701385655090512 ], [ -61.885559439459179, 45.690544328466608 ], [ -61.881385256296689, 45.686652173246536 ], [ -61.865280493047734, 45.681662811739244 ], [ -61.850836013300054, 45.675827308731705 ], [ -61.841666350411991, 45.673323221219356 ], [ -61.833611121136848, 45.672768732656074 ], [ -61.825279981974141, 45.671104732448654 ], [ -61.819724182447253, 45.667496620014497 ], [ -61.816949058706598, 45.663047319160782 ], [ -61.815550723088833, 45.658324222907694 ], [ -61.812501216000264, 45.653876863464092 ], [ -61.804168680179842, 45.646103730578567 ], [ -61.792228600083575, 45.639160580522052 ], [ -61.783333634311909, 45.636658538362489 ], [ -61.774719251103747, 45.635268649053856 ], [ -61.759445998441961, 45.636382670207595 ], [ -61.751112020837084, 45.634163562254038 ], [ -61.741668852901164, 45.626655651272827 ], [ -61.734999535572953, 45.623322285800484 ], [ -61.724997934377456, 45.620825386074976 ], [ -61.679999785933347, 45.619712300894115 ], [ -61.665551087076217, 45.621101207113938 ], [ -61.6599973894768, 45.623877847010306 ], [ -61.657776425433696, 45.629715916071497 ], [ -61.652495426015442, 45.63360657646772 ], [ -61.646109833159926, 45.635551320061509 ], [ -61.632499139430863, 45.637771392751425 ], [ -61.626105735403222, 45.634437326348568 ], [ -61.631941956976881, 45.631103709881344 ], [ -61.646394153108098, 45.631104168634629 ], [ -61.653327996702082, 45.630272104890587 ], [ -61.655555637842419, 45.624161536441811 ], [ -61.648885610448417, 45.620827364466571 ], [ -61.641114857462924, 45.618049586547635 ], [ -61.632500180050357, 45.616661238961363 ], [ -61.626105801525554, 45.613326560512 ], [ -61.618057870009523, 45.610550361528908 ], [ -61.616110886842606, 45.621657855805005 ], [ -61.61389284040947, 45.627768816125077 ], [ -61.609443099880686, 45.632208942845658 ], [ -61.603890109680279, 45.635268330999843 ], [ -61.590552063458283, 45.638329413775878 ], [ -61.585829195035579, 45.642769047713593 ], [ -61.581672047789333, 45.648331371619328 ], [ -61.578886645903061, 45.659988439148322 ], [ -61.574174186345189, 45.664436114638001 ], [ -61.569998998149053, 45.669989403261148 ], [ -61.565001677375967, 45.673882522636951 ], [ -61.559166118033794, 45.676659726034011 ], [ -61.546112436667151, 45.68110693774117 ], [ -61.539726777894224, 45.681662498181787 ], [ -61.526107990828855, 45.685264753665692 ], [ -61.504447191190259, 45.686935099294743 ], [ -61.488890737682794, 45.686934042446993 ], [ -61.471383180912738, 45.682495870450104 ], [ -61.466110219549151, 45.678878753922717 ], [ -61.445831854671582, 45.658881798254747 ], [ -61.442772046350797, 45.654433657811659 ], [ -61.437501289219973, 45.650824907830241 ], [ -61.433609738850947, 45.646659802878844 ], [ -61.428337095882732, 45.643049969244757 ], [ -61.401939309915747, 45.630272181173979 ], [ -61.396392169643264, 45.626654433006266 ], [ -61.386948770482604, 45.61888216294777 ], [ -61.379441209632702, 45.610276296014703 ], [ -61.374717383568992, 45.606940182258654 ], [ -61.373327859203286, 45.602218965478002 ], [ -61.373054227894826, 45.596939420066022 ], [ -61.374998820643327, 45.591659436692325 ], [ -61.374169113459658, 45.581109350459634 ], [ -61.369446408513305, 45.576942234794075 ], [ -61.363892675957494, 45.573883702412324 ], [ -61.355835198279451, 45.571107113392202 ], [ -61.35083665828855, 45.566939645057552 ], [ -61.347778606247338, 45.563049155118534 ], [ -61.342498877567458, 45.553604259126693 ], [ -61.332778458815831, 45.540833541656554 ], [ -61.31972654695732, 45.534439455029506 ], [ -61.310555550088267, 45.53193759170027 ], [ -61.297498801346165, 45.52555120937788 ], [ -61.285558965368757, 45.518601127576019 ], [ -61.260003538643673, 45.510276235228773 ], [ -61.251397545091102, 45.508605160818021 ], [ -61.244446172050317, 45.508330462241744 ], [ -61.234444862001332, 45.505554913482314 ], [ -61.229163799581762, 45.501937713141999 ], [ -61.231665956273865, 45.495269786808933 ], [ -61.234726922583555, 45.490272529887299 ], [ -61.235557013121372, 45.484717689777426 ], [ -61.235274982140972, 45.479431738127012 ], [ -61.23361169226397, 45.474708171726881 ], [ -61.230828782106833, 45.470268116214399 ], [ -61.230827686529416, 45.464995332845753 ], [ -61.234168100131583, 45.458602536406175 ], [ -61.238892060633042, 45.454162782329242 ], [ -61.249725980510647, 45.447487218863706 ], [ -61.255279210494038, 45.444708674228082 ], [ -61.274171516178733, 45.438880887441336 ], [ -61.294167306900363, 45.434716031407795 ], [ -61.312774584364092, 45.427216542006462 ], [ -61.325561256742283, 45.42499509821095 ], [ -61.33805159664378, 45.421104213406579 ], [ -61.343886834812501, 45.418327368805585 ], [ -61.359444320158303, 45.406935871888194 ], [ -61.365006392054276, 45.404160013392378 ], [ -61.369162570656641, 45.408325877257937 ], [ -61.368057375564526, 45.413880366552355 ], [ -61.37471821419242, 45.416939774876987 ], [ -61.388610396833201, 45.414153482728963 ], [ -61.394164619760822, 45.411932785314903 ], [ -61.400834702986984, 45.410819972809598 ], [ -61.413330239644424, 45.406937575799219 ], [ -61.416389610309061, 45.395545383089882 ], [ -61.42917006548997, 45.391380559917707 ], [ -61.449440347706791, 45.388329450555545 ], [ -61.462218151849463, 45.38443846022907 ], [ -61.471106641914396, 45.374992052109917 ], [ -61.477494184532659, 45.373048244293322 ], [ -61.481666195699404, 45.367766306648313 ], [ -61.478880662639021, 45.363327866236752 ], [ -61.469717922207053, 45.360823380515299 ], [ -61.464446802150739, 45.357214901150329 ], [ -61.463890998968061, 45.346940509589373 ], [ -61.45722149256688, 45.343603881186247 ], [ -61.442497654232959, 45.343878692667481 ], [ -61.435827831338251, 45.344993878471179 ], [ -61.420837528275001, 45.345543837522897 ], [ -61.412774853019371, 45.344710665443607 ], [ -61.390281843088779, 45.344436702713232 ], [ -61.323890492193371, 45.346383218431178 ], [ -61.299170434710383, 45.344153799107623 ], [ -61.282501044363379, 45.340271366865338 ], [ -61.265556743520548, 45.334990540705213 ], [ -61.257781360256963, 45.334159736473858 ], [ -61.251395455964101, 45.336380614694313 ], [ -61.239999180846013, 45.34193467621018 ], [ -61.226387699564448, 45.344154921764705 ], [ -61.188604649596968, 45.343322656786945 ], [ -61.166390728683588, 45.345268517762719 ], [ -61.15332730139103, 45.348326598480028 ], [ -61.139441146104545, 45.348877504056603 ], [ -61.131669497138759, 45.348327077486047 ], [ -61.122496891124335, 45.345826083274304 ], [ -61.100281433889052, 45.33693713517075 ], [ -61.077224093849388, 45.335548568753254 ], [ -61.063055589849654, 45.336937267108148 ], [ -61.047224622902945, 45.33554795707262 ], [ -61.005003483320543, 45.328330852784966 ], [ -60.996390359717424, 45.327492269300798 ], [ -60.988335556687048, 45.32527213723769 ], [ -60.98055375415445, 45.324439245776084 ], [ -60.970550290613716, 45.321663354310004 ], [ -60.966109709321941, 45.31832846317306 ], [ -60.964721326546076, 45.313050267318772 ], [ -60.970833608395694, 45.309433781136924 ], [ -60.970833872806985, 45.304435115431467 ], [ -60.965553007153929, 45.300545840686681 ], [ -60.965280079051468, 45.295547483187526 ], [ -60.970549501402594, 45.291663467702129 ], [ -60.976104137508216, 45.288886198501139 ], [ -60.969445213109928, 45.274711593408057 ], [ -60.970274944169567, 45.269715164807636 ], [ -60.976387057757563, 45.267769986385481 ], [ -60.984999910760884, 45.269438378678792 ], [ -60.987503012368769, 45.273879247579437 ], [ -60.990837351658101, 45.283332249389531 ], [ -60.996948828741942, 45.286658365626913 ], [ -61.003890438989593, 45.285551862377957 ], [ -61.011117061182773, 45.285553933712997 ], [ -61.020278188992023, 45.288047922502109 ], [ -61.026947022233152, 45.291106900905298 ], [ -61.036391660270489, 45.293052479688235 ], [ -61.031669202208313, 45.284439275251508 ], [ -61.019447020070835, 45.272492301368196 ], [ -61.016945974899947, 45.268050752751222 ], [ -61.019164139869467, 45.261938931889098 ], [ -61.023057212790107, 45.256386490761251 ], [ -61.029723660721501, 45.2538821543233 ], [ -61.035560596277016, 45.252775899718479 ], [ -61.043893346031112, 45.252776791865514 ], [ -61.047500816957438, 45.247773189134456 ], [ -61.04834064812615, 45.237213746791674 ], [ -61.050835345674948, 45.231101019252442 ], [ -61.057502259264737, 45.229988890359877 ], [ -61.066391503548914, 45.232491411657669 ], [ -61.074448462666282, 45.233329074056172 ], [ -61.07417240637605, 45.228041592437741 ], [ -61.072775741150345, 45.223319237926759 ], [ -61.07778193779054, 45.219435693938514 ], [ -61.090278065732988, 45.215546485668561 ], [ -61.097221940246094, 45.214715369161659 ], [ -61.109727265052953, 45.210822626381997 ], [ -61.123329489263398, 45.208601809322488 ], [ -61.139724462435886, 45.210823855433723 ], [ -61.142226932381078, 45.215270892311651 ], [ -61.142503261756609, 45.220542253850184 ], [ -61.144166872165826, 45.225265069639114 ], [ -61.15222000181835, 45.228042620949076 ], [ -61.152221790582786, 45.233331004978609 ], [ -61.145552908956937, 45.234434920964368 ], [ -61.140280829966521, 45.23804360021866 ], [ -61.13805436590178, 45.244156410775275 ], [ -61.13444516471867, 45.250275059072486 ], [ -61.130278602366083, 45.254438944472959 ], [ -61.124169113333721, 45.257775034932578 ], [ -61.119996814202345, 45.261665266351763 ], [ -61.12027868040672, 45.266936787411268 ], [ -61.121941876175484, 45.271660414778907 ], [ -61.12860761706176, 45.270827759419682 ], [ -61.133331624646374, 45.266106485190967 ], [ -61.138336952783995, 45.262497086727393 ], [ -61.144446043013652, 45.260552230684837 ], [ -61.165548362554318, 45.258049526503243 ], [ -61.171385229008912, 45.255271579379666 ], [ -61.173614564313084, 45.249436457162354 ], [ -61.174446042619316, 45.243880338432774 ], [ -61.178055996994203, 45.237494739249286 ], [ -61.180280875827435, 45.231377170388754 ], [ -61.178611596439666, 45.226653925211501 ], [ -61.170553855851665, 45.218596801056052 ], [ -61.166946294311963, 45.213882700047144 ], [ -61.165001985789203, 45.209717826574568 ], [ -61.167504715073513, 45.203880753219835 ], [ -61.174447518531835, 45.202773917621336 ], [ -61.183327451531824, 45.205268235799686 ], [ -61.191107761272477, 45.213326283857327 ], [ -61.19666141821827, 45.221931681133604 ], [ -61.196944580504358, 45.227210922071656 ], [ -61.194717244780243, 45.233329997610191 ], [ -61.194999929505407, 45.238327599866032 ], [ -61.200553479019419, 45.241934502333997 ], [ -61.204445505100622, 45.246100370073414 ], [ -61.212502642019317, 45.246659304872097 ], [ -61.216391618366778, 45.241379405443439 ], [ -61.222222854011697, 45.238326780621215 ], [ -61.228880612433166, 45.237495531090694 ], [ -61.2452774651371, 45.239714571238856 ], [ -61.25222680737015, 45.238602332663788 ], [ -61.258338200221985, 45.236656938585874 ], [ -61.265555706435592, 45.236381981917525 ], [ -61.269723668980866, 45.240547197872104 ], [ -61.267502995077777, 45.246383780403775 ], [ -61.263061396163593, 45.251105820088817 ], [ -61.268057507602464, 45.254714739198 ], [ -61.274444717154545, 45.252777729811932 ], [ -61.291390972138117, 45.244156177457214 ], [ -61.298613863983867, 45.242492095518635 ], [ -61.313057332497465, 45.242767345866547 ], [ -61.323890954892512, 45.236107689920409 ], [ -61.333059628335064, 45.226937105896091 ], [ -61.338889382376372, 45.224160021771219 ], [ -61.360000748890222, 45.209992591543582 ], [ -61.368330786511578, 45.199997598377564 ], [ -61.373611823402889, 45.196379645537654 ], [ -61.373329059485975, 45.191100185175969 ], [ -61.365554160909454, 45.188323302642132 ], [ -61.349722914669229, 45.18693568631042 ], [ -61.340836422506598, 45.184432451878479 ], [ -61.344163158833823, 45.17804670051548 ], [ -61.34944220469454, 45.174439089191843 ], [ -61.35500483322452, 45.171660843774617 ], [ -61.368055808458557, 45.168602586301105 ], [ -61.379440643112645, 45.162766347750534 ], [ -61.384444697608401, 45.159156434993115 ], [ -61.397497846307026, 45.156097016112277 ], [ -61.404997674635005, 45.15582337035611 ], [ -61.412772765384446, 45.156655127459373 ], [ -61.421944407322329, 45.158881686035869 ], [ -61.43472282703658, 45.165542499608335 ], [ -61.438887595207596, 45.159988645510175 ], [ -61.444443444580827, 45.147491380845608 ], [ -61.450836589955621, 45.145545013084572 ], [ -61.458609429564063, 45.14471455408448 ], [ -61.492499146919059, 45.154709021796421 ], [ -61.500556898302861, 45.155265100264288 ], [ -61.508896097054667, 45.156937119137986 ], [ -61.516114749975031, 45.156654085372914 ], [ -61.523330018449201, 45.154989910215356 ], [ -61.533332482857894, 45.147490837426005 ], [ -61.543891570837744, 45.141662432322278 ], [ -61.551665761327463, 45.144440001311686 ], [ -61.554716619862241, 45.148879464157467 ], [ -61.561941600982564, 45.148605570627048 ], [ -61.566392206074262, 45.143882336851547 ], [ -61.580002244036578, 45.14166163872963 ], [ -61.595831854103153, 45.14305201606367 ], [ -61.612777984637006, 45.146103808118255 ], [ -61.62055143572168, 45.148878731807521 ], [ -61.626106155252373, 45.15248749743639 ], [ -61.629998449855101, 45.156653760147464 ], [ -61.631667162293923, 45.16137680623487 ], [ -61.63194140151456, 45.166664473019878 ], [ -61.635833783674407, 45.170546868201562 ], [ -61.640281366998593, 45.165825940791628 ], [ -61.641388274595108, 45.160270598492893 ], [ -61.644722446798205, 45.153878159652244 ], [ -61.651665805958508, 45.152772144770481 ], [ -61.659439799542852, 45.153603048188202 ], [ -61.66610777031417, 45.15665377274496 ], [ -61.671388057907812, 45.160270765435691 ], [ -61.681947020523111, 45.173324619779933 ], [ -61.687500268607927, 45.176383884863213 ], [ -61.696104652903188, 45.1777720044037 ], [ -61.701109112092418, 45.174164171723319 ], [ -61.699996539603966, 45.168601707655171 ], [ -61.696662551900573, 45.164993529400633 ], [ -61.684165855009873, 45.158043257178669 ], [ -61.676666061916087, 45.150269548532307 ], [ -61.674171266037533, 45.145827232504502 ], [ -61.640837604631777, 45.124435636065627 ], [ -61.638054683323759, 45.120270634982468 ], [ -61.642775724826251, 45.115547326348612 ], [ -61.672502015337116, 45.114158255285226 ], [ -61.671943703156856, 45.10943529006434 ], [ -61.666391205955343, 45.105826687971508 ], [ -61.653327897523745, 45.099432935464058 ], [ -61.637777536740877, 45.08860062915474 ], [ -61.642227027847582, 45.084158837734584 ], [ -61.675277675149857, 45.08943131419646 ], [ -61.683058833939882, 45.088326079977506 ], [ -61.693611219076715, 45.082495725933946 ], [ -61.698607564877726, 45.08665367067681 ], [ -61.699166439632691, 45.091378370312086 ], [ -61.698333721463158, 45.096939992665135 ], [ -61.700551967942829, 45.101936930471112 ], [ -61.70639193334884, 45.104995859868495 ], [ -61.713615663326422, 45.104712542340593 ], [ -61.718055654821299, 45.092765961593216 ], [ -61.724714646335585, 45.091659373949661 ], [ -61.738892422041843, 45.097489072704001 ], [ -61.748052999558396, 45.099999206440657 ], [ -61.75500473597004, 45.098877763863214 ], [ -61.757223868983246, 45.092216614163277 ], [ -61.747222187081917, 45.080275938747157 ], [ -61.754174483003048, 45.079162484785371 ], [ -61.762778569634001, 45.080551290271622 ], [ -61.79361751528505, 45.091659901442434 ], [ -61.808052405137531, 45.097769984256765 ], [ -61.819725958118767, 45.104438156671719 ], [ -61.825560960109357, 45.101662459239371 ], [ -61.821387244904869, 45.092491661572481 ], [ -61.812774100634009, 45.079437132358031 ], [ -61.813613858935682, 45.073881886501368 ], [ -61.819724759662378, 45.07193684258737 ], [ -61.837501793629613, 45.075828485450636 ], [ -61.853889514964578, 45.077773732721923 ], [ -61.859442164851487, 45.074997161662985 ], [ -61.856393528426075, 45.070548853273444 ], [ -61.839438334145726, 45.060272156769642 ], [ -61.836663168758534, 45.055823688479144 ], [ -61.834997927757648, 45.051101239071599 ], [ -61.838333916425732, 45.044714902161253 ], [ -61.844718823836843, 45.042770571554662 ], [ -61.851943442651667, 45.042496437313638 ], [ -61.877777865128536, 45.049995337506481 ], [ -61.882773834939677, 45.046387123469884 ], [ -61.88388772334288, 45.04444126718117 ], [ -61.878608515178215, 45.034995619047912 ], [ -61.879166977562811, 45.029991413701481 ], [ -61.883056877175271, 45.024436674152028 ], [ -61.890000769088061, 45.023323444635004 ], [ -61.898338045433228, 45.024993673443028 ], [ -61.924169984306552, 45.038330514947141 ], [ -61.932501809621549, 45.046386116353638 ], [ -61.938050477938276, 45.043609398338354 ], [ -61.94055041732188, 45.036941827823718 ], [ -61.938331740488671, 45.027488642904054 ], [ -61.943328735347542, 45.023879946361411 ], [ -61.950835134739755, 45.02665792176402 ], [ -61.955003242307278, 45.030547296854905 ], [ -61.96166906078836, 45.033607977861799 ], [ -61.968886901451199, 45.033606838754409 ], [ -61.975556705305927, 45.032493500526293 ], [ -61.986391007305308, 45.025825079700653 ], [ -61.999167691112831, 45.011107203395653 ], [ -62.006951116716223, 45.013885446606125 ], [ -62.007508050764173, 45.018882574654526 ], [ -62.006669014241282, 45.024436468265357 ], [ -62.011946803814979, 45.02804578249642 ], [ -62.017502575611076, 45.025269050960617 ], [ -62.026663757116559, 45.016106018007228 ], [ -62.031670246580845, 45.012215122130904 ], [ -62.043616944633833, 45.006661262343847 ], [ -62.051109644244981, 45.006386154211057 ], [ -62.033614317329985, 45.002495531623929 ], [ -62.009443721817973, 45.00138898559689 ], [ -62.005665562441507, 45.000001129689814 ], [ -62.001112422922091, 44.998328955968361 ], [ -61.975554132681786, 44.985824190149536 ], [ -61.981383189269707, 44.983047767942594 ], [ -62.003334332139424, 44.97998838294297 ], [ -62.019720693668766, 44.982207715879035 ], [ -62.026666386212113, 44.984718192265291 ], [ -62.033332247995538, 44.98360500469996 ], [ -62.037779670904072, 44.978874098677458 ], [ -62.044447849635041, 44.976379958705721 ], [ -62.051941303366661, 44.977484705431884 ], [ -62.059441011207397, 44.977485222767321 ], [ -62.062218989539261, 44.965827250309125 ], [ -62.070838325768541, 44.967209347199812 ], [ -62.079727600295506, 44.969712208176389 ], [ -62.087776163454635, 44.970268629501781 ], [ -62.101944105567604, 44.968322611520691 ], [ -62.113890826878816, 44.964996100830255 ], [ -62.128053560668867, 44.963607392533397 ], [ -62.13666434729258, 44.964997103097808 ], [ -62.143058428937003, 44.968323806944383 ], [ -62.151389698651748, 44.976096066278004 ], [ -62.156945104148939, 44.973321254248908 ], [ -62.159439342275263, 44.966660423274291 ], [ -62.163054972664575, 44.961936842889223 ], [ -62.168335944613879, 44.957496019838743 ], [ -62.186111610306313, 44.951102487065846 ], [ -62.193329111463818, 44.950827931286902 ], [ -62.19999613874316, 44.954163323531539 ], [ -62.202499117626104, 44.958327508836589 ], [ -62.211387136627138, 44.959159650986116 ], [ -62.216660143587234, 44.956939461726755 ], [ -62.224165537167366, 44.956657317626203 ], [ -62.232772868223854, 44.958327176582941 ], [ -62.239996134776391, 44.958046675883139 ], [ -62.24083624335568, 44.952490574744367 ], [ -62.239164502770642, 44.947769802601485 ], [ -62.245003239996024, 44.944710540285399 ], [ -62.252228736538072, 44.944435164844968 ], [ -62.257783316334645, 44.941657948503035 ], [ -62.265008019691962, 44.929717273692077 ], [ -62.271667883127463, 44.928605274300807 ], [ -62.279440700978967, 44.929160097129063 ], [ -62.286391279025558, 44.928047081557274 ], [ -62.31444491343062, 44.913605648909069 ], [ -62.321112386715917, 44.912491469227589 ], [ -62.32916951982525, 44.913046447095034 ], [ -62.337217815532505, 44.921104185238192 ], [ -62.340551672213778, 44.914711453216192 ], [ -62.341667740793412, 44.908324655623211 ], [ -62.341109027216866, 44.903877239964494 ], [ -62.33527346939546, 44.894996184573834 ], [ -62.338606218224662, 44.888603885786765 ], [ -62.34638956166318, 44.891380845464646 ], [ -62.358055162163744, 44.898047426451591 ], [ -62.367775957892903, 44.905822145886304 ], [ -62.373329870733606, 44.914435377492431 ], [ -62.381111056752424, 44.913605084473168 ], [ -62.385832700989589, 44.910544657189455 ], [ -62.391944473279416, 44.908324256555225 ], [ -62.403054829032975, 44.902488192344592 ], [ -62.408332725514207, 44.898881055186898 ], [ -62.410278165896784, 44.89276996734025 ], [ -62.408609343633003, 44.888045868570636 ], [ -62.404442390364508, 44.884162364062931 ], [ -62.402777482245853, 44.879431964814621 ], [ -62.408888845840124, 44.877211728766262 ], [ -62.421943661049269, 44.874161277397391 ], [ -62.44249749538794, 44.858329138961928 ], [ -62.446663726935498, 44.854439030341723 ], [ -62.448608475389698, 44.848326679025675 ], [ -62.448883237765969, 44.837769169167601 ], [ -62.45111054368045, 44.831664012266359 ], [ -62.457223814945706, 44.829719091355848 ], [ -62.469161069701151, 44.836378939652221 ], [ -62.467499358255289, 44.847487736466 ], [ -62.473883489017652, 44.850547319014176 ], [ -62.474443107206952, 44.855826950502873 ], [ -62.469994292032105, 44.860550850199346 ], [ -62.467773634316323, 44.866385413958007 ], [ -62.466942258206451, 44.872216566753714 ], [ -62.476388867846111, 44.895545396727549 ], [ -62.48082702770494, 44.890832000589889 ], [ -62.484168760881346, 44.884437368695195 ], [ -62.497497894213183, 44.870543495017294 ], [ -62.505003710587026, 44.859436867484085 ], [ -62.51500706542717, 44.851937066254521 ], [ -62.521942967660387, 44.850830464626171 ], [ -62.530555395353517, 44.852218161822421 ], [ -62.5355601293818, 44.855826209757595 ], [ -62.542229621851298, 44.858886527470567 ], [ -62.551392573036502, 44.861382506674417 ], [ -62.554168863825616, 44.849716687177441 ], [ -62.56138607822335, 44.837767367914303 ], [ -62.559723682971814, 44.83305461035421 ], [ -62.549446228077599, 44.82527276238892 ], [ -62.546111085512116, 44.821662243462626 ], [ -62.537505332465017, 44.808601199399597 ], [ -62.533332094529108, 44.804436720748797 ], [ -62.535559894231142, 44.7986057677807 ], [ -62.542229848003473, 44.797492641319117 ], [ -62.550277403224442, 44.798049165024871 ], [ -62.55805135286942, 44.800828017938123 ], [ -62.563330796435231, 44.804159905464978 ], [ -62.566666339352281, 44.813881961215536 ], [ -62.567506690786722, 44.824164817916923 ], [ -62.576949277923021, 44.831665314732064 ], [ -62.58388632379733, 44.831381949822529 ], [ -62.595275952655733, 44.825553887008418 ], [ -62.599439961687239, 44.829437821875118 ], [ -62.603890506854697, 44.838600967093718 ], [ -62.611945362774215, 44.839156719207942 ], [ -62.616393687621006, 44.833878654992638 ], [ -62.620276861238672, 44.822493546948962 ], [ -62.623887029935823, 44.817215691568165 ], [ -62.629996555369054, 44.813606232454646 ], [ -62.641386162579501, 44.809158571249746 ], [ -62.655831119581784, 44.807213524010415 ], [ -62.661109963816784, 44.804992267665632 ], [ -62.659440071031732, 44.799996192655421 ], [ -62.653610342682931, 44.791382714251036 ], [ -62.660278133570891, 44.790275816276761 ], [ -62.664442619430886, 44.794159528799291 ], [ -62.675277709076163, 44.801383456976787 ], [ -62.682777975080164, 44.803879399766473 ], [ -62.691384825767571, 44.805549961265186 ], [ -62.706390389677658, 44.794158218039755 ], [ -62.712500463092127, 44.791938420687579 ], [ -62.719162196213176, 44.790832038028739 ], [ -62.742224766087503, 44.791664435083518 ], [ -62.748886292499698, 44.789160667990522 ], [ -62.752220739853492, 44.784165301192196 ], [ -62.757204923524931, 44.780276654774937 ], [ -62.764964519229913, 44.781110622295145 ], [ -62.78684560760481, 44.780005687309782 ], [ -62.794879685602218, 44.780564965922295 ], [ -62.800963490166872, 44.778621907771196 ], [ -62.797366374288075, 44.769175340976091 ], [ -62.799587295333794, 44.763072600782877 ], [ -62.803178593183517, 44.757519437111682 ], [ -62.813706031129321, 44.750856705132726 ], [ -62.820082203014785, 44.748906024572008 ], [ -62.825346224489778, 44.74446824994034 ], [ -62.824509001554432, 44.739744518640464 ], [ -62.818416752637575, 44.736134462995679 ], [ -62.809828516149146, 44.734740829555477 ], [ -62.803178218713967, 44.732229820567547 ], [ -62.797648383442343, 44.728618726076164 ], [ -62.795981510638143, 44.723893906630209 ], [ -62.801518536657568, 44.720844985949419 ], [ -62.807613707683942, 44.718901537266511 ], [ -62.81453704740818, 44.717791847903825 ], [ -62.833372264753834, 44.712525308860613 ], [ -62.840021762805485, 44.711140442116076 ], [ -62.847773926959881, 44.713921216439402 ], [ -62.85082728568959, 44.718361387161352 ], [ -62.851654552960703, 44.728638726343696 ], [ -62.853322227061746, 44.733369209604838 ], [ -62.86245838518127, 44.735035672724379 ], [ -62.867166527407363, 44.73197984126849 ], [ -62.86938014049894, 44.72586938164968 ], [ -62.87464525291503, 44.723094140214045 ], [ -62.895695527588344, 44.731433342880294 ], [ -62.913147482410132, 44.733667984622706 ], [ -62.928105852828189, 44.733948571428101 ], [ -62.941676802442089, 44.731451777036099 ], [ -62.953864089386322, 44.72756455967582 ], [ -62.963282430965108, 44.720625634257679 ], [ -62.971590682732874, 44.710360063635179 ], [ -62.976298155935503, 44.706471170620929 ], [ -62.989317212577902, 44.703141363446683 ], [ -62.997075030944991, 44.70370254816261 ], [ -62.998736741179862, 44.70869906539707 ], [ -62.998179866855217, 44.714254575464537 ], [ -62.995965640077173, 44.72008193005508 ], [ -62.996246141604288, 44.725361938984889 ], [ -63.004569620736412, 44.733143892314914 ], [ -63.006242181773025, 44.737866632744023 ], [ -63.006797555832279, 44.743145255952314 ], [ -63.002349876598501, 44.765926339944492 ], [ -63.006517380682226, 44.769809450332005 ], [ -63.012070473463226, 44.773417655507274 ], [ -63.019844868206285, 44.773975715560681 ], [ -63.026788407816291, 44.772030303987968 ], [ -63.034570226694022, 44.762592534339838 ], [ -63.041239608628395, 44.761478972779237 ], [ -63.04790702690444, 44.764537902456546 ], [ -63.050685197708567, 44.768695388487721 ], [ -63.05485164233648, 44.772862483085696 ], [ -63.061792539212789, 44.771473517956871 ], [ -63.061236495149707, 44.766484648989533 ], [ -63.05957342583995, 44.761761120730576 ], [ -63.056795195289794, 44.75731267962621 ], [ -63.042908773991755, 44.740085934186581 ], [ -63.017068006103045, 44.722585031314395 ], [ -63.011796160338776, 44.713423658526963 ], [ -63.011238742604149, 44.70814253113614 ], [ -63.012908846955796, 44.702870344264426 ], [ -63.017624637854723, 44.697583381685874 ], [ -63.022346205417826, 44.694250813348688 ], [ -63.038733068320923, 44.685644759013719 ], [ -63.047630003767701, 44.676199006969512 ], [ -63.054010085681838, 44.673423304455298 ], [ -63.064295305585503, 44.685362072870348 ], [ -63.065957981811039, 44.690366689021708 ], [ -63.065127323248923, 44.695920416344769 ], [ -63.058733353500521, 44.708700129567305 ], [ -63.057901874785109, 44.7142540381816 ], [ -63.062068061286062, 44.718144179425124 ], [ -63.080125264126139, 44.722859694175291 ], [ -63.08679550408683, 44.725920059119808 ], [ -63.096239880686717, 44.733425986333714 ], [ -63.100132370647806, 44.737867108723954 ], [ -63.103740588152242, 44.7467535546932 ], [ -63.104016396014394, 44.752034714804971 ], [ -63.10262568551871, 44.763150262471761 ], [ -63.100688414703512, 44.769251990553293 ], [ -63.101238810947898, 44.774257624339697 ], [ -63.102909400973665, 44.778972318466614 ], [ -63.1056872710272, 44.783428468340695 ], [ -63.111241664254294, 44.787036133154963 ], [ -63.118183974116114, 44.786754415701544 ], [ -63.122624683351063, 44.782032694999749 ], [ -63.120960860378233, 44.761204458335634 ], [ -63.119290763839359, 44.7564809671631 ], [ -63.118740526758273, 44.751201477446145 ], [ -63.115131171849889, 44.741757126800742 ], [ -63.114574428746344, 44.731473499353406 ], [ -63.117625297167685, 44.7250873415813 ], [ -63.131512098732919, 44.711200834065401 ], [ -63.134852630900482, 44.704808211297056 ], [ -63.13541167652226, 44.699255078077648 ], [ -63.137631057208473, 44.693143794679877 ], [ -63.1420700104551, 44.688695919169355 ], [ -63.149844020456158, 44.691197932324329 ], [ -63.155957462889461, 44.695088117976709 ], [ -63.159291617382877, 44.698696717109129 ], [ -63.160963082823912, 44.70341909947021 ], [ -63.161512187321428, 44.70869920383192 ], [ -63.156239072135911, 44.721195773632452 ], [ -63.155684533659148, 44.726750025591137 ], [ -63.163182102061192, 44.72564317702988 ], [ -63.166516493147768, 44.720921265786046 ], [ -63.176517231007409, 44.713147541216323 ], [ -63.178463246264542, 44.707309952216086 ], [ -63.176794551355407, 44.702314407032276 ], [ -63.172910368305722, 44.69786682482011 ], [ -63.172070874755008, 44.693417148513007 ], [ -63.183737133898127, 44.688420350977488 ], [ -63.193181822077683, 44.679813724615812 ], [ -63.203740617979506, 44.673147364926272 ], [ -63.211516698960111, 44.67370430899016 ], [ -63.215405240013624, 44.678144193989084 ], [ -63.21595662117663, 44.682590782241491 ], [ -63.215405283563264, 44.688421009314801 ], [ -63.212074491595217, 44.694806198175691 ], [ -63.214017444025387, 44.699529460781882 ], [ -63.221794029030249, 44.707866894842162 ], [ -63.223738214883184, 44.712031969424906 ], [ -63.232353507918006, 44.725086251823896 ], [ -63.23429875151691, 44.729809538196051 ], [ -63.238190784243123, 44.73370031473663 ], [ -63.24513172690498, 44.7325854663111 ], [ -63.248742498841423, 44.727031555052925 ], [ -63.254303843484415, 44.703977592835258 ], [ -63.251799175020302, 44.698971693552458 ], [ -63.242073612712716, 44.692028976144385 ], [ -63.239021338651426, 44.687863325909412 ], [ -63.237348612225041, 44.683147826104744 ], [ -63.239295314619959, 44.677037173522542 ], [ -63.246794368253596, 44.665922120404069 ], [ -63.259855814545737, 44.651754284976562 ], [ -63.270965230609697, 44.645924999818511 ], [ -63.277633818276911, 44.644810844365388 ], [ -63.2840271568449, 44.642033302733608 ], [ -63.28457778679563, 44.637037057760217 ], [ -63.281798721294159, 44.632031618178871 ], [ -63.282355756903598, 44.627308950105942 ], [ -63.300132392568223, 44.630369919647386 ], [ -63.326250179872844, 44.636755366752574 ], [ -63.351802333921874, 44.64037063291817 ], [ -63.359584557009221, 44.640928293178867 ], [ -63.395138168409673, 44.638983429503241 ], [ -63.402912204255131, 44.641757959174221 ], [ -63.407077611203043, 44.645642149050296 ], [ -63.409854279510412, 44.649814916900581 ], [ -63.410411562618783, 44.655088223158792 ], [ -63.406803058473663, 44.660641827320056 ], [ -63.401798773577369, 44.664532678908714 ], [ -63.389026533048288, 44.667591201976045 ], [ -63.387080689228711, 44.673702991721399 ], [ -63.396526644498842, 44.681202076131314 ], [ -63.40569147930524, 44.683422511241169 ], [ -63.41151768967076, 44.681203148128844 ], [ -63.421804482436976, 44.673702773565495 ], [ -63.428191290856532, 44.672588184804212 ], [ -63.444853576070372, 44.673703240948775 ], [ -63.450696356043146, 44.672313976661748 ], [ -63.451527953757925, 44.666759385768479 ], [ -63.445966998077068, 44.663143412437613 ], [ -63.438190799912867, 44.660641103483407 ], [ -63.425136639285846, 44.654256660248315 ], [ -63.420970934661788, 44.650363748029818 ], [ -63.412356678144008, 44.636754068184892 ], [ -63.411519171968429, 44.632306053107399 ], [ -63.414302711620387, 44.620640063981512 ], [ -63.417635583224801, 44.614254820067544 ], [ -63.427355532572939, 44.606480544906589 ], [ -63.432910216720607, 44.603705044324556 ], [ -63.433743700672366, 44.598142189579541 ], [ -63.433185275773234, 44.592862541644173 ], [ -63.439296943402724, 44.5909243730393 ], [ -63.448184321943536, 44.593145309175497 ], [ -63.46430528093866, 44.603704370357178 ], [ -63.470968795599781, 44.606755943986485 ], [ -63.479855059532348, 44.608983307851048 ], [ -63.494307232231179, 44.614811186255132 ], [ -63.506256636619568, 44.621197357643034 ], [ -63.52097253943834, 44.632305658116195 ], [ -63.537918365506115, 44.647870163515407 ], [ -63.545701934585828, 44.656476373620428 ], [ -63.557916120739677, 44.664532757703974 ], [ -63.557359538273609, 44.663701360850176 ], [ -63.575701777288543, 44.667308621785288 ], [ -63.591808287902019, 44.672030926404226 ], [ -63.602640528337176, 44.67897312541416 ], [ -63.60625730420751, 44.683695836103418 ], [ -63.615145922274451, 44.702585468649104 ], [ -63.634313560466381, 44.711474782708315 ], [ -63.642088367831832, 44.714250519401233 ], [ -63.650417138985269, 44.715640638956565 ], [ -63.657644003232342, 44.715090635967819 ], [ -63.659864874645798, 44.708423013243888 ], [ -63.652362805689272, 44.695087444993163 ], [ -63.648754658770102, 44.686198700948339 ], [ -63.639866806083575, 44.673144282019557 ], [ -63.634867546132099, 44.668979980956408 ], [ -63.627085991529768, 44.666477299138492 ], [ -63.605416788406345, 44.668980109946787 ], [ -63.597917526347842, 44.667866241686966 ], [ -63.591249647237156, 44.664805782721814 ], [ -63.582917199082566, 44.657032431856074 ], [ -63.580141127251309, 44.652585033311695 ], [ -63.571533798475933, 44.644810197009562 ], [ -63.561524492069644, 44.632306782760381 ], [ -63.556808812004924, 44.623142731262597 ], [ -63.559584740245199, 44.611478472036076 ], [ -63.547087767349829, 44.599811891349063 ], [ -63.541250084626533, 44.591199359414979 ], [ -63.540693298545243, 44.585920384100675 ], [ -63.541533221941535, 44.5803729120857 ], [ -63.545697977106357, 44.567593743918373 ], [ -63.548750514826665, 44.56203208899715 ], [ -63.549301147311155, 44.556197573962102 ], [ -63.544860024334739, 44.546485395261563 ], [ -63.523747519766147, 44.521758640494475 ], [ -63.520138575919098, 44.51287012358857 ], [ -63.519581185890601, 44.50787228125936 ], [ -63.524579183872227, 44.495368845226288 ], [ -63.532637301911478, 44.485091457820467 ], [ -63.5420825816121, 44.476477875644832 ], [ -63.552359397191111, 44.469810914917559 ], [ -63.558468611418469, 44.467863720776229 ], [ -63.570142100506828, 44.462035493493147 ], [ -63.57597084258235, 44.46064787757566 ], [ -63.583189635501618, 44.460373564299459 ], [ -63.584861673972014, 44.465094233568735 ], [ -63.58430368228489, 44.470641579967911 ], [ -63.577359635143736, 44.482589339807561 ], [ -63.579031815734162, 44.487310305215331 ], [ -63.587081923896939, 44.487869103576152 ], [ -63.593467630816505, 44.486480471756785 ], [ -63.599030460045576, 44.483702678183747 ], [ -63.607086898613552, 44.473419074504712 ], [ -63.612921605057323, 44.455367874623121 ], [ -63.616524098767705, 44.4498143204125 ], [ -63.62458083795407, 44.439529784650958 ], [ -63.630417389701527, 44.435921561664941 ], [ -63.637917357010359, 44.43703481566267 ], [ -63.642082210516001, 44.440926265622686 ], [ -63.641533705270234, 44.446753244338389 ], [ -63.630974867276734, 44.464255755723727 ], [ -63.62902734840884, 44.470084779118807 ], [ -63.633194776260076, 44.473974664255657 ], [ -63.640145647529074, 44.473700749848589 ], [ -63.65319234471373, 44.470367616185371 ], [ -63.673753075261693, 44.467590404384225 ], [ -63.689858754444266, 44.469533613078468 ], [ -63.697084025233103, 44.468978550192531 ], [ -63.697916857150972, 44.463423781777081 ], [ -63.699861223424733, 44.457594584576583 ], [ -63.70402818578431, 44.452872805648177 ], [ -63.712367837862239, 44.454261656741622 ], [ -63.715419427121304, 44.458426170902406 ], [ -63.718752197932837, 44.467863791567495 ], [ -63.725413252516091, 44.470923062334911 ], [ -63.732365532075889, 44.47064011372688 ], [ -63.738474348262102, 44.468695381705011 ], [ -63.747645682881277, 44.470923601185966 ], [ -63.752644066593298, 44.475088370488301 ], [ -63.755977793635104, 44.478696367920705 ], [ -63.758482358796307, 44.483702066698307 ], [ -63.760145094430065, 44.493422010559229 ], [ -63.762930267897595, 44.497586666268511 ], [ -63.770146986669801, 44.497312794359075 ], [ -63.774587485607178, 44.492591119063746 ], [ -63.778196519654358, 44.487037244179703 ], [ -63.781255346486411, 44.480643369074315 ], [ -63.779591249958123, 44.47592102795214 ], [ -63.779034831389652, 44.47064175326684 ], [ -63.783199872788586, 44.465925212433568 ], [ -63.790982831415434, 44.466483315516683 ], [ -63.79765207661216, 44.469535482582955 ], [ -63.802924553138517, 44.472859945184808 ], [ -63.806814101873137, 44.477583354676518 ], [ -63.809035270017311, 44.481757085105635 ], [ -63.80847646723663, 44.487310288828823 ], [ -63.80209269334329, 44.500098337215924 ], [ -63.790151719458706, 44.516484600029926 ], [ -63.785703915760628, 44.521200563297938 ], [ -63.78264489576096, 44.527585883255746 ], [ -63.790700239511345, 44.528141655750204 ], [ -63.806532568321664, 44.507596023655729 ], [ -63.813756291221516, 44.50731418367814 ], [ -63.817923515979345, 44.511204830100148 ], [ -63.823759413509514, 44.519810489389187 ], [ -63.829039330735313, 44.523420344592886 ], [ -63.837090044432237, 44.52314423921279 ], [ -63.841255861147701, 44.519253677509461 ], [ -63.842087788621349, 44.51342641172009 ], [ -63.841253461966488, 44.50842835738775 ], [ -63.841536497310351, 44.497586796165301 ], [ -63.850709023882303, 44.499813671174948 ], [ -63.858481405567538, 44.500371248243056 ], [ -63.862090078123614, 44.494809407765878 ], [ -63.866814788813308, 44.489529538163815 ], [ -63.873757710656996, 44.489531490393901 ], [ -63.8984847828727, 44.492865039016934 ], [ -63.906259035741684, 44.495365916280313 ], [ -63.912927906444615, 44.498700561060858 ], [ -63.92348614696963, 44.506200768068958 ], [ -63.931817766045427, 44.513424144656334 ], [ -63.934872425295715, 44.517590394119097 ], [ -63.943203001721784, 44.536206508754795 ], [ -63.941813245507788, 44.547313560773887 ], [ -63.934039823586502, 44.571476774435197 ], [ -63.926815877732928, 44.582591845177788 ], [ -63.923762502413432, 44.588977634953842 ], [ -63.924037961005823, 44.594248678585508 ], [ -63.933484979330053, 44.602312718777164 ], [ -63.934873370684357, 44.611757697046919 ], [ -63.937924652706968, 44.616198698863371 ], [ -63.937091799800996, 44.621752320752442 ], [ -63.929319861448946, 44.621195794251811 ], [ -63.923208856519537, 44.623415482496569 ], [ -63.91903986099387, 44.628139368369844 ], [ -63.915705906869874, 44.634532424789718 ], [ -63.916265418463375, 44.639810763691365 ], [ -63.922931984001323, 44.638421768589268 ], [ -63.927373205258114, 44.642313011984307 ], [ -63.918485695605547, 44.651750943036596 ], [ -63.91376177545397, 44.655642333176495 ], [ -63.908756759648796, 44.659525445674376 ], [ -63.897656492833008, 44.665361121965098 ], [ -63.888759458215006, 44.673976054143409 ], [ -63.885982087966561, 44.685639526340317 ], [ -63.886541077345946, 44.690638138010769 ], [ -63.894040266026344, 44.689806638540148 ], [ -63.902370208078977, 44.680918341582618 ], [ -63.907926006993108, 44.67814058914945 ], [ -63.921261513322129, 44.675644679633706 ], [ -63.927373438300727, 44.673419102283916 ], [ -63.936535171566632, 44.664804608545985 ], [ -63.941817454150957, 44.661753457609812 ], [ -63.948758402188574, 44.660638046790048 ], [ -63.957654929741807, 44.661196528209992 ], [ -63.964042008314195, 44.66063940225775 ], [ -63.973486746645854, 44.651476267196507 ], [ -63.978200962490853, 44.648423323042444 ], [ -63.984597322676763, 44.647035413290205 ], [ -63.993766828426082, 44.649255712453446 ], [ -64.000999688297981, 44.648974243720083 ], [ -64.007666307165763, 44.647585974175236 ], [ -64.019875921653025, 44.643418684447859 ], [ -64.030707814569553, 44.637307830310597 ], [ -64.037650909329798, 44.63564483484334 ], [ -64.044594111997171, 44.635919584653713 ], [ -64.051262175841856, 44.638979041569492 ], [ -64.058754868904302, 44.638421679188632 ], [ -64.062371262073242, 44.632859330942559 ], [ -64.054588892950761, 44.619532326334571 ], [ -64.052652738657372, 44.614809442406425 ], [ -64.052100807042933, 44.609529313480721 ], [ -64.061256611934681, 44.600924007737333 ], [ -64.06487377268617, 44.595362787826808 ], [ -64.063212060026828, 44.590639543861037 ], [ -64.05847788805734, 44.581760102143441 ], [ -64.054312580203899, 44.577869494643394 ], [ -64.038765702378043, 44.572589411349419 ], [ -64.032937273378039, 44.563143664691154 ], [ -64.024602320141895, 44.545367744769983 ], [ -64.020986025433615, 44.535922405752622 ], [ -64.020437208090186, 44.530643049330472 ], [ -64.018485002630086, 44.525922490002777 ], [ -64.012656104676893, 44.517307135810746 ], [ -64.008489217496546, 44.513425491345686 ], [ -64.009328860895209, 44.507871456420716 ], [ -64.017095839496889, 44.51037220381253 ], [ -64.02654188606428, 44.517864656824557 ], [ -64.032384788528745, 44.520641099876329 ], [ -64.040991346672385, 44.521197420162515 ], [ -64.046271632131962, 44.518978612765615 ], [ -64.05542693406278, 44.51037337464593 ], [ -64.059043749179168, 44.50481202134403 ], [ -64.062643877744577, 44.497867950811113 ], [ -64.06598751571552, 44.486477159135042 ], [ -64.073217620655868, 44.475086172756434 ], [ -64.077384278489248, 44.470363483643766 ], [ -64.082389008191257, 44.466754789212168 ], [ -64.091269138085863, 44.468976906993099 ], [ -64.102105133532916, 44.475919373865928 ], [ -64.109871731874279, 44.478421646438392 ], [ -64.120981174809728, 44.485363245494121 ], [ -64.11153452440567, 44.493978058104766 ], [ -64.113214189069382, 44.498699172429006 ], [ -64.119041212719324, 44.502032915789876 ], [ -64.123207511725852, 44.505923726519043 ], [ -64.12487029340457, 44.510647479055159 ], [ -64.122933853909259, 44.516757168325277 ], [ -64.122370624946484, 44.522311782331393 ], [ -64.122934456092523, 44.527582884510942 ], [ -64.119042181162271, 44.53953210793302 ], [ -64.120980815178669, 44.544253257599607 ], [ -64.126810803406329, 44.552867779186833 ], [ -64.135158168450332, 44.560641929511796 ], [ -64.145441813682297, 44.56842212043167 ], [ -64.159329580420192, 44.573702390671713 ], [ -64.164609430881555, 44.577310517864774 ], [ -64.166270901201798, 44.582033005598433 ], [ -64.169597462746211, 44.586200426945375 ], [ -64.175427299883992, 44.584254628369266 ], [ -64.179042985551618, 44.578699833181332 ], [ -64.185711835666496, 44.577310830283707 ], [ -64.193766887118457, 44.577868511002229 ], [ -64.200160944004935, 44.576479815479203 ], [ -64.205717725052068, 44.573420105098364 ], [ -64.209606660845651, 44.567866419118261 ], [ -64.21126947553752, 44.56202849036265 ], [ -64.212109024669289, 44.556193809381298 ], [ -64.21127079164593, 44.551196442888028 ], [ -64.21265924209915, 44.540087634621521 ], [ -64.216824050556298, 44.535365650775539 ], [ -64.223767011061938, 44.533977397443692 ], [ -64.239881714547593, 44.535646990713524 ], [ -64.247662324767134, 44.538424770452856 ], [ -64.260724678910549, 44.544535043166093 ], [ -64.274611258026937, 44.555643034315636 ], [ -64.287657136497799, 44.562303633419269 ], [ -64.295715936703687, 44.564250634134318 ], [ -64.301268645087021, 44.561472375154459 ], [ -64.300721703315858, 44.556192683809471 ], [ -64.295165352927356, 44.552865341578723 ], [ -64.290161146297166, 44.548699972584167 ], [ -64.290708435544161, 44.543704323521659 ], [ -64.299315888942033, 44.544252495188239 ], [ -64.305710609784526, 44.543703510989431 ], [ -64.307373475125658, 44.537866896815736 ], [ -64.304595790836075, 44.53342693254902 ], [ -64.298215733224538, 44.51897788948741 ], [ -64.297378332329984, 44.514536519003826 ], [ -64.297943054239028, 44.508982821588539 ], [ -64.301542443046756, 44.496753778447584 ], [ -64.308484731879176, 44.484813351953719 ], [ -64.32377522330377, 44.47341519402309 ], [ -64.315429436119658, 44.47202629682981 ], [ -64.307661362316949, 44.471753013818564 ], [ -64.298764312537216, 44.468975368319342 ], [ -64.296828054732501, 44.463978077185402 ], [ -64.320447670712085, 44.45314400447063 ], [ -64.326551408545555, 44.451199528846743 ], [ -64.332944628490992, 44.449810646870489 ], [ -64.349059775576094, 44.450091673381493 ], [ -64.354888854664168, 44.448695789494671 ], [ -64.355163006673465, 44.442858635415497 ], [ -64.343216545776826, 44.436473388527347 ], [ -64.334883740152833, 44.428701026395657 ], [ -64.334332756023798, 44.423702521721637 ], [ -64.334884286754843, 44.417867256395667 ], [ -64.33683519656168, 44.412030685507773 ], [ -64.330167794427183, 44.408977675159704 ], [ -64.309049544148365, 44.410916124065949 ], [ -64.301265623696096, 44.410641603416359 ], [ -64.287379846081706, 44.412304448673602 ], [ -64.264050560405224, 44.410916076428165 ], [ -64.256283918113624, 44.408140007131657 ], [ -64.260998742794783, 44.404530485752154 ], [ -64.267101547091002, 44.402311511470067 ], [ -64.281826112650648, 44.400922663250952 ], [ -64.292934403648175, 44.396200131532261 ], [ -64.295987984762533, 44.389814626448114 ], [ -64.300716003449168, 44.385923008761097 ], [ -64.308211609016368, 44.38564741228754 ], [ -64.308758593709229, 44.380086538323752 ], [ -64.304592477718614, 44.376196201558564 ], [ -64.296826068854713, 44.375646975838116 ], [ -64.289317985411628, 44.376196390643415 ], [ -64.279048482828273, 44.382863284664815 ], [ -64.255718907273888, 44.375089951703771 ], [ -64.230432499148577, 44.371198811720411 ], [ -64.215982936392095, 44.365644675133964 ], [ -64.210718897763343, 44.362035963560835 ], [ -64.214333792773786, 44.356481545054393 ], [ -64.222102245473366, 44.3570391494587 ], [ -64.243204525126629, 44.354810314439611 ], [ -64.251001823224357, 44.355368614614186 ], [ -64.260158039546738, 44.35759495339537 ], [ -64.275722854964869, 44.362593288528402 ], [ -64.290157062330948, 44.368420991798438 ], [ -64.299054758084608, 44.370641786276678 ], [ -64.305707539535035, 44.369253852641606 ], [ -64.310712946670094, 44.365369353805889 ], [ -64.316556944820832, 44.363149728987651 ], [ -64.333768146563997, 44.365370193728239 ], [ -64.341001233356323, 44.364812521599752 ], [ -64.345991791149046, 44.362592494887565 ], [ -64.345441028316372, 44.357312360886951 ], [ -64.340162453285359, 44.35397978103272 ], [ -64.331829389665856, 44.346196421804045 ], [ -64.329891804651737, 44.341473308567572 ], [ -64.331830422990834, 44.335364519127154 ], [ -64.336834803924191, 44.331480046102158 ], [ -64.334880382006929, 44.326757721027938 ], [ -64.329053029272089, 44.328978797426039 ], [ -64.319881507627088, 44.326757895770747 ], [ -64.31043818628703, 44.319258098421827 ], [ -64.302654671473391, 44.316763849163486 ], [ -64.294597176461053, 44.316197868536015 ], [ -64.289882575371678, 44.3200909096985 ], [ -64.291545433342549, 44.324811383339792 ], [ -64.299311859098481, 44.327589239644183 ], [ -64.304882637527641, 44.330922902740646 ], [ -64.308757914880573, 44.335646184164062 ], [ -64.307096305631944, 44.340926205574398 ], [ -64.300427137967972, 44.342031601620846 ], [ -64.288495588151179, 44.335645571633627 ], [ -64.272943669509814, 44.330373101676592 ], [ -64.259882718142507, 44.324264322947258 ], [ -64.2640489304016, 44.319540334009382 ], [ -64.270716167312827, 44.317869268942346 ], [ -64.281551445318314, 44.312307721945018 ], [ -64.289316241756268, 44.302030849383897 ], [ -64.288768493969869, 44.297042687172521 ], [ -64.286828343022705, 44.292320077267242 ], [ -64.280436323418499, 44.289261183464333 ], [ -64.27321753187158, 44.289534624075387 ], [ -64.255716126177234, 44.2967600930873 ], [ -64.238764141929238, 44.294256744941087 ], [ -64.243476951386228, 44.288702898192355 ], [ -64.247933101903058, 44.285652210280539 ], [ -64.252390976774862, 44.28092090662193 ], [ -64.252663471517266, 44.275366116800541 ], [ -64.25737901939938, 44.270088685941751 ], [ -64.273216492734406, 44.261764516387501 ], [ -64.282648889226195, 44.253151998409649 ], [ -64.288765642679905, 44.256202569707604 ], [ -64.296275716829427, 44.264259837844932 ], [ -64.318783082788514, 44.264815045873043 ], [ -64.324335739678816, 44.268148768345696 ], [ -64.329326274102655, 44.272313989191943 ], [ -64.342936615300459, 44.288428248992034 ], [ -64.333217423488506, 44.296202669992624 ], [ -64.33738323869099, 44.300092200810525 ], [ -64.344053173085968, 44.303144973356552 ], [ -64.368772438032792, 44.310645350636598 ], [ -64.389617639666696, 44.319259069499118 ], [ -64.414048600595137, 44.326482936009093 ], [ -64.423216843344548, 44.339528949991887 ], [ -64.429884830696466, 44.338140029333701 ], [ -64.423766570384402, 44.329533581672351 ], [ -64.406829461329792, 44.318982755299864 ], [ -64.402663527899136, 44.315091738742105 ], [ -64.392669447864805, 44.308425211956795 ], [ -64.36627093851753, 44.296202848141476 ], [ -64.357938894460659, 44.288428410501702 ], [ -64.35598527064478, 44.283704693905875 ], [ -64.355159353724162, 44.273420884546141 ], [ -64.358761302688777, 44.261480259119736 ], [ -64.362944517013361, 44.256758264731552 ], [ -64.369320628291391, 44.255371052816088 ], [ -64.39044139265809, 44.253424803441504 ], [ -64.395718595283867, 44.248144323065461 ], [ -64.399060631938184, 44.241760053088548 ], [ -64.403213016216171, 44.237037486249314 ], [ -64.407943082104552, 44.233145565011043 ], [ -64.414046556891023, 44.230918683349309 ], [ -64.421262429912801, 44.230643342656457 ], [ -64.427382022675161, 44.22842237011961 ], [ -64.431547480982928, 44.223700583854971 ], [ -64.435149221643414, 44.211760639013079 ], [ -64.436536150400613, 44.199813719638534 ], [ -64.439879705116979, 44.195091543195929 ], [ -64.444046240096966, 44.190368294214871 ], [ -64.4682150522504, 44.181763749317319 ], [ -64.472946444545585, 44.177872143066061 ], [ -64.475996205661033, 44.171479164213018 ], [ -64.48683263316839, 44.154533322921189 ], [ -64.488220618557165, 44.143424828215032 ], [ -64.493484925832149, 44.140374065442863 ], [ -64.517944930410493, 44.147873953694699 ], [ -64.537660593744079, 44.156753433737869 ], [ -64.546280407896219, 44.158141617241625 ], [ -64.552110658835247, 44.155922613568187 ], [ -64.55404774227371, 44.149818740736215 ], [ -64.557663966812811, 44.144255583282231 ], [ -64.564881823196615, 44.143982503376762 ], [ -64.572663777199779, 44.146484001616749 ], [ -64.577944393968295, 44.149819470499466 ], [ -64.582111240998884, 44.153701571080376 ], [ -64.588778622068062, 44.156753229448221 ], [ -64.597108884600289, 44.158142676302539 ], [ -64.603503575146931, 44.156752525832886 ], [ -64.607104088105388, 44.151199218925598 ], [ -64.604328307586499, 44.147040706565669 ], [ -64.59906190493389, 44.143425577148371 ], [ -64.603502534976755, 44.139534269122194 ], [ -64.617388869626325, 44.137871750593561 ], [ -64.615725938820773, 44.133147342179804 ], [ -64.599061916039901, 44.128426627578861 ], [ -64.593493505539001, 44.12509246923431 ], [ -64.589325901026427, 44.121201007311882 ], [ -64.580446502486211, 44.129814800812703 ], [ -64.574893552408383, 44.132865657006619 ], [ -64.568498992307596, 44.13398133730545 ], [ -64.559602058153004, 44.131202944927409 ], [ -64.548769229660763, 44.125093253051588 ], [ -64.542663151575979, 44.11648611405252 ], [ -64.542390740210521, 44.110650471072432 ], [ -64.544875876095574, 44.10481256839595 ], [ -64.552657287663607, 44.094537262743458 ], [ -64.554596644847777, 44.088425642869332 ], [ -64.555710752392784, 44.077317610256948 ], [ -64.561264009002755, 44.074266498557847 ], [ -64.565994453479718, 44.070375324917919 ], [ -64.569611404060566, 44.064814172552929 ], [ -64.574891707258971, 44.061762241468472 ], [ -64.579055951403035, 44.065644489646012 ], [ -64.582108505992906, 44.070092514557494 ], [ -64.588777004187648, 44.072868615441692 ], [ -64.594880346029782, 44.070930660417197 ], [ -64.601824292813632, 44.070374592414367 ], [ -64.617937940210822, 44.072038012452914 ], [ -64.632099735411913, 44.058983868668008 ], [ -64.646838104968211, 44.048981400141635 ], [ -64.653507588954398, 44.047592940860667 ], [ -64.661838991397133, 44.050369897608675 ], [ -64.678501319375499, 44.053703754536947 ], [ -64.701833356814817, 44.054260622939317 ], [ -64.709340982308845, 44.053704855689681 ], [ -64.714893849705931, 44.052315103015715 ], [ -64.713232168539747, 44.047594163963304 ], [ -64.705447474576602, 44.045099213298421 ], [ -64.68793079217707, 44.041481178522737 ], [ -64.67488457203882, 44.035652756528741 ], [ -64.66960527208866, 44.032036863006013 ], [ -64.662385738023943, 44.023980694066793 ], [ -64.659334782432836, 44.019815697088724 ], [ -64.658222321068209, 44.008706930213926 ], [ -64.665727659323295, 43.990374126255844 ], [ -64.670719267046806, 43.986482833106649 ], [ -64.68155160332276, 43.993424608511312 ], [ -64.687929615087569, 43.996485083170256 ], [ -64.693776070762354, 43.994257220180891 ], [ -64.701830929605336, 43.983979934505967 ], [ -64.706286914259877, 43.980089417360354 ], [ -64.712115075605638, 43.976480481724607 ], [ -64.720173502839501, 43.967592622206162 ], [ -64.723774289225489, 43.962038321220732 ], [ -64.726551509177114, 43.955652404765956 ], [ -64.731555861254648, 43.951761307167082 ], [ -64.737386159463426, 43.949533783383004 ], [ -64.744604172243243, 43.948976825959193 ], [ -64.77573269410594, 43.950929901489133 ], [ -64.805440767129014, 43.950648176379254 ], [ -64.812108706690452, 43.949534193163281 ], [ -64.817404716338345, 43.946481975989272 ], [ -64.819067015576351, 43.940371391595463 ], [ -64.822957752560157, 43.934816758742386 ], [ -64.825736406484708, 43.928431988464197 ], [ -64.831566540166676, 43.926203987063452 ], [ -64.838233020510003, 43.924814429604353 ], [ -64.844612531482525, 43.922038240275214 ], [ -64.845999924410009, 43.916765661673992 ], [ -64.841834743020556, 43.912868132547963 ], [ -64.824897300892758, 43.910372304563637 ], [ -64.814337405002604, 43.903422633971296 ], [ -64.811271682432945, 43.899264177200713 ], [ -64.805988856584307, 43.895648250723077 ], [ -64.7982225660853, 43.895374470778464 ], [ -64.794058399482168, 43.891481962836437 ], [ -64.792102841830442, 43.886760669653164 ], [ -64.791554072833392, 43.881481195890039 ], [ -64.78654986089586, 43.87259269666886 ], [ -64.78488665724629, 43.867869318521421 ], [ -64.792103502448612, 43.867314149614131 ], [ -64.808767376409804, 43.869816300629566 ], [ -64.815160782225618, 43.8687011003557 ], [ -64.820181247349254, 43.864818766164106 ], [ -64.819341238005123, 43.859537602645538 ], [ -64.813498380793931, 43.850933716338922 ], [ -64.817953607876319, 43.845647139344102 ], [ -64.829062831302693, 43.841205459977338 ], [ -64.832951772127089, 43.836483625254942 ], [ -64.834891204371345, 43.830378907070099 ], [ -64.834339579962574, 43.825100169863312 ], [ -64.840443532430811, 43.822323519859417 ], [ -64.848226423080519, 43.824818784039621 ], [ -64.850440367754274, 43.828983472745314 ], [ -64.855994216246827, 43.848980378001954 ], [ -64.858222186896697, 43.853152975309364 ], [ -64.865166249619506, 43.861210253661461 ], [ -64.877112825792594, 43.868427526046318 ], [ -64.898233251107186, 43.876200627896964 ], [ -64.907112666424482, 43.878427646181734 ], [ -64.912393993794836, 43.875368484574217 ], [ -64.912958539419236, 43.870372486315468 ], [ -64.909066998231083, 43.865931313683006 ], [ -64.880440711623677, 43.838984735150227 ], [ -64.879891219722381, 43.833979688609531 ], [ -64.883506415446732, 43.828433233767761 ], [ -64.888235894720324, 43.824543204747791 ], [ -64.883232078011432, 43.809536350028608 ], [ -64.885459999928173, 43.803708774215302 ], [ -64.890449009659037, 43.799823447615644 ], [ -64.897118557545625, 43.798709828821075 ], [ -64.90572273585758, 43.800647139658182 ], [ -64.914346122906721, 43.808431203115155 ], [ -64.920175256401166, 43.817043328588397 ], [ -64.928217212262183, 43.825375161879059 ], [ -64.930444919817234, 43.829540673939114 ], [ -64.934609122498443, 43.833429839573668 ], [ -64.943781413719421, 43.846202415360295 ], [ -64.946559158094146, 43.861209189722899 ], [ -64.948497003343817, 43.865930704346738 ], [ -64.951564626688835, 43.870089244887787 ], [ -64.957956930094241, 43.873148807804881 ], [ -64.965448492184294, 43.872866526544549 ], [ -64.969065416047826, 43.868700835713341 ], [ -64.970178946188199, 43.862315283566332 ], [ -64.970455570236794, 43.856760421204449 ], [ -64.968500682020547, 43.85203783796176 ], [ -64.965449886603409, 43.848430568277159 ], [ -64.960168621347265, 43.844257021300969 ], [ -64.953515583241554, 43.842035210640681 ], [ -64.947107490866372, 43.838429127046126 ], [ -64.943779159448312, 43.834819739244153 ], [ -64.941826250949205, 43.824268628584569 ], [ -64.93961484895739, 43.82009561486008 ], [ -64.932397870538381, 43.812039036366478 ], [ -64.927940850940828, 43.802318640079271 ], [ -64.929329242693143, 43.797046413580155 ], [ -64.932945478603997, 43.791484134414191 ], [ -64.943216548789806, 43.783986666577235 ], [ -64.951287209464695, 43.77509675072929 ], [ -64.960732532520822, 43.756489165189492 ], [ -64.964622313023099, 43.751767802403627 ], [ -64.972389743068646, 43.752324462500766 ], [ -64.980172378016917, 43.754819445694729 ], [ -64.985452714109101, 43.758708784258403 ], [ -64.992670829824917, 43.766208245553514 ], [ -64.998773448443728, 43.774814972968748 ], [ -65.000454077906184, 43.779538391648508 ], [ -65.003795320751948, 43.783986466170866 ], [ -65.010737576246157, 43.802876035326776 ], [ -65.018794584109969, 43.815927611144261 ], [ -65.022670977642463, 43.820651389460572 ], [ -65.032666045336754, 43.827044478342252 ], [ -65.039623311712916, 43.826762136802607 ], [ -65.039334250753726, 43.82093445713987 ], [ -65.03545660150931, 43.812038475698429 ], [ -65.032407246841842, 43.807873180985361 ], [ -65.030726665221806, 43.803150638549489 ], [ -65.027675635988274, 43.798710337637566 ], [ -65.024059398283782, 43.789264542388246 ], [ -65.01435355743395, 43.770648992927484 ], [ -65.007684614086841, 43.747043774707514 ], [ -65.008235376448553, 43.741207458494699 ], [ -65.00989761733338, 43.735371836023873 ], [ -65.024621891859837, 43.724537551977704 ], [ -65.026559775721864, 43.718426395851694 ], [ -65.024621674762059, 43.713712277187518 ], [ -65.024897261331631, 43.708150337811809 ], [ -65.02990087848265, 43.704267612008735 ], [ -65.036556034051259, 43.707318295343967 ], [ -65.040172621867924, 43.71676304463503 ], [ -65.042948432166, 43.720928105626506 ], [ -65.050730743403207, 43.721477346473819 ], [ -65.05572254814588, 43.716763096767203 ], [ -65.055996054508313, 43.712040686071077 ], [ -65.0576736838361, 43.705930626929025 ], [ -65.061276574039155, 43.700375698974256 ], [ -65.066004782236064, 43.696484539854588 ], [ -65.073788386442459, 43.69897943404964 ], [ -65.076290211725407, 43.708707056122741 ], [ -65.074063949828869, 43.731206268283152 ], [ -65.072399972618726, 43.737317559481482 ], [ -65.071849268789094, 43.742871361005008 ], [ -65.072401234559351, 43.747876852704358 ], [ -65.07545286558414, 43.752322790941449 ], [ -65.082958450091269, 43.752598746836412 ], [ -65.087125386044448, 43.747874548953931 ], [ -65.089064248259064, 43.741763649071061 ], [ -65.0976858097941, 43.72259137671896 ], [ -65.105175246144384, 43.712040818364258 ], [ -65.110456856821742, 43.707601616441998 ], [ -65.118222931503155, 43.698704959297721 ], [ -65.121839224145958, 43.693150622431943 ], [ -65.12461562855222, 43.686756899638411 ], [ -65.123228595271058, 43.676488993982069 ], [ -65.124051484906659, 43.670652878631294 ], [ -65.144896990407176, 43.679266023724622 ], [ -65.14907699804769, 43.683155177988866 ], [ -65.152128890483567, 43.687314704669284 ], [ -65.151565367804992, 43.692868290145505 ], [ -65.147964165590039, 43.698705456077363 ], [ -65.135742605391712, 43.723423189152776 ], [ -65.134078426385784, 43.729533738485927 ], [ -65.133238557174906, 43.735926731691706 ], [ -65.133788061362594, 43.740932595684853 ], [ -65.138244572742749, 43.744259800858266 ], [ -65.145737346333505, 43.743153262019199 ], [ -65.149627113520225, 43.738987799910788 ], [ -65.151290484600807, 43.722316561846299 ], [ -65.158233038343226, 43.710925823417298 ], [ -65.168229751158037, 43.703983320180356 ], [ -65.174895201243359, 43.702595886693032 ], [ -65.179901822169796, 43.706761384534886 ], [ -65.187943335538449, 43.720089353671213 ], [ -65.194337455743735, 43.733706257810795 ], [ -65.197952942743228, 43.737316923312832 ], [ -65.203798870775941, 43.745928824592646 ], [ -65.210467698008259, 43.759539658339506 ], [ -65.21351994135722, 43.763987445691491 ], [ -65.217119625097681, 43.77342470144503 ], [ -65.219620909899703, 43.783152304353074 ], [ -65.222398054574697, 43.788150268846259 ], [ -65.230182780810694, 43.795648583285498 ], [ -65.236560804043165, 43.798708401225014 ], [ -65.241291722256989, 43.794818784205333 ], [ -65.240727214682664, 43.788988716988861 ], [ -65.238787644561981, 43.784822101977319 ], [ -65.238238965728684, 43.77981841191329 ], [ -65.242679579994117, 43.775927771480099 ], [ -65.250460882807388, 43.778429595700246 ], [ -65.256304691174918, 43.776202741926433 ], [ -65.256014753038059, 43.77093096509391 ], [ -65.251299529579825, 43.761210654734683 ], [ -65.244892193517188, 43.753428926924073 ], [ -65.232960130822221, 43.735651845321151 ], [ -65.22628955288188, 43.722591162430049 ], [ -65.222672205599721, 43.712597385565552 ], [ -65.222963525854325, 43.707600514536971 ], [ -65.237673590563361, 43.696758696161602 ], [ -65.238513296397699, 43.690646792424978 ], [ -65.241563579035343, 43.679264617410212 ], [ -65.251026199185816, 43.671207465163825 ], [ -65.261858574625123, 43.665371078178502 ], [ -65.26880197267964, 43.664815350184782 ], [ -65.284349654493937, 43.669818723592513 ], [ -65.296300481583742, 43.676204878110873 ], [ -65.323245753301947, 43.69314959023351 ], [ -65.32629843829578, 43.697588559931368 ], [ -65.327961355219912, 43.702319136982474 ], [ -65.326574329666556, 43.708149341183251 ], [ -65.322972896781522, 43.71371154616817 ], [ -65.318242222757632, 43.726198925070037 ], [ -65.314900730552552, 43.738430338391957 ], [ -65.314901038580061, 43.748980371976003 ], [ -65.317417871981306, 43.75898983112203 ], [ -65.323524218305963, 43.767596254560274 ], [ -65.33185260344375, 43.768702646164471 ], [ -65.335471971145509, 43.763155238570278 ], [ -65.337682715954031, 43.751490327190155 ], [ -65.336293918886511, 43.741205074139998 ], [ -65.337134515058054, 43.735651826966098 ], [ -65.343237920233761, 43.734262545956611 ], [ -65.351568185345727, 43.735652475953806 ], [ -65.357122903654385, 43.738985586350857 ], [ -65.364904186596888, 43.741480503849097 ], [ -65.367682459429119, 43.735096020064638 ], [ -65.363517400667888, 43.731204231353352 ], [ -65.356572071618885, 43.722316399661565 ], [ -65.348517248428919, 43.709818447566498 ], [ -65.341572548444319, 43.685368379989271 ], [ -65.334904009124728, 43.682316193535577 ], [ -65.325184670722948, 43.675099095682363 ], [ -65.325184761855297, 43.664539144815699 ], [ -65.328526701215097, 43.652317616351951 ], [ -65.331302782806944, 43.645932094135659 ], [ -65.338522484143738, 43.634540776300582 ], [ -65.339910072239434, 43.617872326766019 ], [ -65.341572829114014, 43.611767527729363 ], [ -65.348516534497634, 43.60982272797613 ], [ -65.354619483724065, 43.6092649122929 ], [ -65.359349287698464, 43.605374549863306 ], [ -65.357686079137437, 43.600101852013658 ], [ -65.354618461255484, 43.596203459890347 ], [ -65.344897469636265, 43.588986084245455 ], [ -65.341023474885674, 43.584538697134775 ], [ -65.341570744886909, 43.578985392069299 ], [ -65.344898499253276, 43.573988434943679 ], [ -65.345737579849356, 43.562872696916557 ], [ -65.337956079861328, 43.549543395182226 ], [ -65.341846410762088, 43.544821961442253 ], [ -65.348514645949734, 43.547880849767189 ], [ -65.356007517319966, 43.561765397120098 ], [ -65.362124721724854, 43.570379743513485 ], [ -65.366292702941323, 43.574271166396393 ], [ -65.3746238354084, 43.575375907252031 ], [ -65.379627524842888, 43.572874244619697 ], [ -65.383794499956466, 43.568159260187628 ], [ -65.385471805590953, 43.562040285390587 ], [ -65.39073569987606, 43.559263494331567 ], [ -65.398518195019804, 43.559538512190912 ], [ -65.405736909728503, 43.56259609645965 ], [ -65.415747659741371, 43.569266063047699 ], [ -65.419621708914534, 43.573712550751516 ], [ -65.444069234702852, 43.596484961149272 ], [ -65.449636835901543, 43.59982042791944 ], [ -65.454627498757262, 43.596760436414662 ], [ -65.452965283929316, 43.592038727683168 ], [ -65.449913894151976, 43.587316633761816 ], [ -65.44991257309222, 43.577045941150153 ], [ -65.445181314685442, 43.567602302748817 ], [ -65.43295945599661, 43.56176427120176 ], [ -65.42296385193913, 43.555097115818896 ], [ -65.411566573651868, 43.543433348430149 ], [ -65.405738358481486, 43.534825989980902 ], [ -65.40352493258078, 43.530095605590894 ], [ -65.403234684040228, 43.524266931414559 ], [ -65.406299328214331, 43.512877259075076 ], [ -65.405735751946793, 43.507604024353483 ], [ -65.403797205694019, 43.502883109480628 ], [ -65.407690450284363, 43.496764833477378 ], [ -65.413241905097067, 43.495101590788032 ], [ -65.418233110904666, 43.499267135317758 ], [ -65.42018631453081, 43.503157710168324 ], [ -65.419623420731341, 43.508993204548418 ], [ -65.421010188099586, 43.519818696187258 ], [ -65.42073606642515, 43.524817153392753 ], [ -65.425742655274718, 43.544547161505349 ], [ -65.427679961672922, 43.549269513620594 ], [ -65.430730996157493, 43.553425843553299 ], [ -65.434897910562256, 43.557316398103112 ], [ -65.441564552318511, 43.560095100343474 ], [ -65.448509685443298, 43.559819032937646 ], [ -65.452689796433418, 43.555097019648564 ], [ -65.454078583301879, 43.548985172555135 ], [ -65.450462973066109, 43.539540494612183 ], [ -65.452139527275492, 43.533436562977897 ], [ -65.460181085415456, 43.523985659295441 ], [ -65.465185854864188, 43.520094840316538 ], [ -65.471579848127007, 43.518704318268966 ], [ -65.486291023998476, 43.518706428784128 ], [ -65.483238891408959, 43.514266197108803 ], [ -65.475180829831615, 43.505933931166325 ], [ -65.471289242394889, 43.497321442160384 ], [ -65.470190511558499, 43.486487587425565 ], [ -65.471578707042525, 43.480924468689672 ], [ -65.469902418649781, 43.476202519539463 ], [ -65.470190030985762, 43.470649119464916 ], [ -65.473791311017024, 43.465103001805602 ], [ -65.480734306148065, 43.464546238886605 ], [ -65.491568783202808, 43.471479481270528 ], [ -65.4935063136043, 43.475928301688121 ], [ -65.494621029157869, 43.486486245625578 ], [ -65.496300936416105, 43.490934574773831 ], [ -65.502419631239832, 43.499541344577146 ], [ -65.520195847012161, 43.509267343990864 ], [ -65.523799239992599, 43.513715463887173 ], [ -65.551844739613202, 43.535100568630277 ], [ -65.544901910900833, 43.546490673860674 ], [ -65.54462689573343, 43.55203716940018 ], [ -65.547404074384715, 43.556203827964346 ], [ -65.556010497885111, 43.563985016846956 ], [ -65.558788867577888, 43.568158606680427 ], [ -65.567973120451853, 43.570377230079878 ], [ -65.574917184622464, 43.569820367147642 ], [ -65.584088254457356, 43.560376976861107 ], [ -65.590741088302352, 43.549824979936055 ], [ -65.60323841715595, 43.534826604628591 ], [ -65.611568132410895, 43.526204660778205 ], [ -65.61685040040615, 43.523709386950344 ], [ -65.635753878001381, 43.518155318444258 ], [ -65.645476470378952, 43.512045034127866 ], [ -65.648252764059251, 43.505377472055123 ], [ -65.651578397560314, 43.49342954304705 ], [ -65.65685968028049, 43.490376817994218 ], [ -65.664641363351222, 43.492871364156073 ], [ -65.672683314301295, 43.506207222098098 ], [ -65.680190890102821, 43.506490895198056 ], [ -65.687956306237894, 43.505375474381559 ], [ -65.694076331740476, 43.503988197024519 ], [ -65.699355858609223, 43.501492543839838 ], [ -65.712144409407259, 43.49870837433334 ], [ -65.719910806806993, 43.499266143471779 ], [ -65.7251883449742, 43.50259927657585 ], [ -65.729080684927354, 43.507046043036269 ], [ -65.73130808678539, 43.510929313570934 ], [ -65.732970712116312, 43.516491855284968 ], [ -65.732682698145041, 43.521206253444227 ], [ -65.733523078732574, 43.526486086715543 ], [ -65.73297261497747, 43.532039122688687 ], [ -65.728533046534153, 43.55537122944623 ], [ -65.732423763652491, 43.564815027955859 ], [ -65.738526389600338, 43.573154192874817 ], [ -65.742694317809779, 43.577045093781528 ], [ -65.74936098721831, 43.580097367289945 ], [ -65.752429786592955, 43.573429615884265 ], [ -65.75158971084673, 43.568430681124084 ], [ -65.746860317059316, 43.558703988048769 ], [ -65.746020527903767, 43.554264029364141 ], [ -65.750201444793191, 43.549542519003403 ], [ -65.754931136189271, 43.549267149274485 ], [ -65.762697550361466, 43.551761889052763 ], [ -65.776583629989474, 43.562594105013225 ], [ -65.782688968361811, 43.571208877927617 ], [ -65.783252632700965, 43.576488209141871 ], [ -65.781316636869434, 43.587870041123658 ], [ -65.778248505662972, 43.60010167390697 ], [ -65.772417934183267, 43.612872180873012 ], [ -65.770480552317267, 43.624537957604325 ], [ -65.76881825427941, 43.641481872927052 ], [ -65.76936711437051, 43.647043927752549 ], [ -65.767428334855794, 43.658144302917414 ], [ -65.768254365751673, 43.663423119408939 ], [ -65.76770565533262, 43.668984734439569 ], [ -65.769092844865398, 43.679262747378758 ], [ -65.774921942232709, 43.688425270711747 ], [ -65.779362437602103, 43.69147480894754 ], [ -65.787694942089743, 43.692589152025228 ], [ -65.791309738633359, 43.687036380976444 ], [ -65.792134807491777, 43.675926862033414 ], [ -65.795476636821618, 43.670373489318443 ], [ -65.80130521913425, 43.657312308499101 ], [ -65.802695466518202, 43.651200593425031 ], [ -65.801029586974281, 43.646485616886288 ], [ -65.788807965222034, 43.64037432513944 ], [ -65.789081041890725, 43.623979544101218 ], [ -65.792699264128302, 43.611766844765583 ], [ -65.79686364302944, 43.606485196686016 ], [ -65.802694060158615, 43.60926245942931 ], [ -65.805470597833619, 43.613429100399479 ], [ -65.812978860940504, 43.621477399642039 ], [ -65.817708323231344, 43.630371842163029 ], [ -65.818822281551704, 43.635651350097561 ], [ -65.817985100211757, 43.657594862060087 ], [ -65.818822250998451, 43.662592067627976 ], [ -65.814917306443377, 43.691200158560633 ], [ -65.816596742273063, 43.701486446901903 ], [ -65.823264072268998, 43.715095798191712 ], [ -65.826590934848042, 43.719254754683512 ], [ -65.838540115531586, 43.725646339503051 ], [ -65.841589608493777, 43.729812254544107 ], [ -65.843253467298709, 43.734535246220069 ], [ -65.844641733328842, 43.74564347875252 ], [ -65.850471895051825, 43.754814447449462 ], [ -65.851311117082176, 43.75926245612159 ], [ -65.850473909389265, 43.770369136853006 ], [ -65.851310667757431, 43.775649208900298 ], [ -65.854363163768411, 43.779815210945351 ], [ -65.857981293830704, 43.789260816279878 ], [ -65.860192832000806, 43.804532814543336 ], [ -65.866860995986585, 43.80314494407726 ], [ -65.86936408441548, 43.796758561106891 ], [ -65.868250378376601, 43.7864819629416 ], [ -65.865471233503527, 43.776756087218857 ], [ -65.861580617740017, 43.767310393299532 ], [ -65.865196529523274, 43.761482019786719 ], [ -65.874078719528924, 43.763708848769149 ], [ -65.878534213190321, 43.767311005386745 ], [ -65.886592057700398, 43.780645476748631 ], [ -65.890207789185538, 43.790090946878749 ], [ -65.900767330193034, 43.802312857874831 ], [ -65.910487789916587, 43.809529809148209 ], [ -65.907144647221756, 43.821760497022737 ], [ -65.911585989709238, 43.82536908561859 ], [ -65.917979631078197, 43.828427379219342 ], [ -65.932139620401912, 43.827314713513019 ], [ -65.938260542223773, 43.825093998435968 ], [ -65.941861271492797, 43.819540757822139 ], [ -65.943251090352803, 43.813420761185618 ], [ -65.927700209172414, 43.80842475468323 ], [ -65.931591684240701, 43.802313133598105 ], [ -65.942134961077187, 43.797591355972223 ], [ -65.945751656202745, 43.792035389051144 ], [ -65.947414802757436, 43.78592591240993 ], [ -65.950771110314548, 43.78037025043983 ], [ -65.955488525748621, 43.776197986321009 ], [ -65.962156943427701, 43.774808909511549 ], [ -65.971874158514964, 43.782033760492851 ], [ -65.977430624031797, 43.79120379091826 ], [ -65.979366756581385, 43.795928040699472 ], [ -65.980481134434768, 43.80036735237826 ], [ -65.982985492897114, 43.826757268586334 ], [ -65.981595629033208, 43.843418553606575 ], [ -65.985761387599396, 43.847310184285853 ], [ -65.993819464831176, 43.847036044822254 ], [ -66.0043777689542, 43.840642661222162 ], [ -66.006881069885935, 43.834812359532584 ], [ -66.007429493236046, 43.82925933850678 ], [ -66.006882109704392, 43.823423492765919 ], [ -66.006041892002571, 43.818982993511298 ], [ -66.000487198613726, 43.804808291264784 ], [ -65.997145543939737, 43.784261887373376 ], [ -65.994368048095524, 43.780088002313136 ], [ -65.97798053830779, 43.770086893054973 ], [ -65.971875256410286, 43.750099133440578 ], [ -65.966319611871725, 43.741758621774188 ], [ -65.965206437070321, 43.730919093809234 ], [ -65.968257763928307, 43.719536152843695 ], [ -65.971036661604032, 43.712867761060267 ], [ -65.974377602534517, 43.707312285021793 ], [ -65.98243362613681, 43.697868254622065 ], [ -65.987973780945183, 43.701202361697447 ], [ -65.98353198167446, 43.713707282604901 ], [ -65.98269410921894, 43.72480616461953 ], [ -65.984372203489897, 43.730087083319248 ], [ -65.988813426385548, 43.733428870786291 ], [ -65.99464124619476, 43.731200770308448 ], [ -65.99853365419203, 43.726196201660308 ], [ -66.005217097653428, 43.702316955805962 ], [ -66.007991632888817, 43.695640912091392 ], [ -66.012709106873501, 43.691757000523666 ], [ -66.01992594897817, 43.691200914404746 ], [ -66.025205419686458, 43.694533190007029 ], [ -66.02715789809109, 43.699257248955867 ], [ -66.027983810653168, 43.704537032200314 ], [ -66.027707959160907, 43.720640146409622 ], [ -66.028822514365302, 43.731757450763354 ], [ -66.029938165070917, 43.736205037328773 ], [ -66.032988004278053, 43.740370913621234 ], [ -66.041594173217987, 43.748144495256042 ], [ -66.049927146739918, 43.749258756034585 ], [ -66.054091182440956, 43.744535937094497 ], [ -66.055757025531392, 43.737867914230456 ], [ -66.056029851034609, 43.732862592009056 ], [ -66.05520735473695, 43.727584100798254 ], [ -66.051315010381757, 43.718147589510693 ], [ -66.055480982514013, 43.713423559544928 ], [ -66.06214849830468, 43.716482843308455 ], [ -66.073545954499494, 43.728141137932937 ], [ -66.079666576654603, 43.737311018940382 ], [ -66.080765619376336, 43.74203396300954 ], [ -66.077165453651162, 43.7475867109981 ], [ -66.071610496909983, 43.760649692612468 ], [ -66.074936061936555, 43.764814865911831 ], [ -66.080216036626979, 43.768148262654762 ], [ -66.087983889811966, 43.768422560648553 ], [ -66.093828358874262, 43.766203325117736 ], [ -66.097717348190372, 43.761481082848285 ], [ -66.107149820499316, 43.753425176549918 ], [ -66.110489612934884, 43.747870065060738 ], [ -66.111039727626093, 43.7423153286312 ], [ -66.115205043331954, 43.737592032112545 ], [ -66.122423531670165, 43.74064412574527 ], [ -66.123538527332244, 43.745091737220008 ], [ -66.123261452257367, 43.750646527431741 ], [ -66.121310277975851, 43.756757292036646 ], [ -66.121035926706767, 43.762312888497597 ], [ -66.123537230158149, 43.772313254798995 ], [ -66.128817543422471, 43.781202654734678 ], [ -66.134935653473207, 43.789533311130995 ], [ -66.136889527794978, 43.794254487870248 ], [ -66.136325287514168, 43.800091290096546 ], [ -66.134938140901852, 43.805919835805376 ], [ -66.130755079820517, 43.810916563827796 ], [ -66.121310686190824, 43.818700072890927 ], [ -66.118823466154879, 43.825092204018048 ], [ -66.111879332556697, 43.836476483587489 ], [ -66.107715607502584, 43.841197663413702 ], [ -66.109652305846325, 43.845920492171203 ], [ -66.116320499916498, 43.848698623610751 ], [ -66.123538322125256, 43.848140335264098 ], [ -66.12936775574947, 43.845921435786131 ], [ -66.132998481392605, 43.84036609697084 ], [ -66.133274176067744, 43.834812495834797 ], [ -66.134937384643266, 43.828701521306364 ], [ -66.139666823579304, 43.824260702943214 ], [ -66.146608578854767, 43.824261832081085 ], [ -66.149662560481303, 43.828426435511496 ], [ -66.147999400598053, 43.850926236165662 ], [ -66.149936193473863, 43.855647868434666 ], [ -66.157719258077762, 43.855921629422625 ], [ -66.166325418539586, 43.858700694757069 ], [ -66.167439254886858, 43.863147524302832 ], [ -66.161886000756567, 43.87619445404804 ], [ -66.163548184623139, 43.88647664799857 ], [ -66.166326645770496, 43.891200738213016 ], [ -66.167440935349561, 43.895640752621773 ], [ -66.166876464407352, 43.90147596971434 ], [ -66.165211251865856, 43.907304673209012 ], [ -66.151327058482849, 43.919253959836325 ], [ -66.14966407541759, 43.925364051889581 ], [ -66.149373522815409, 43.930917305595784 ], [ -66.151600448216598, 43.941469105656431 ], [ -66.160771278592648, 43.958978484500719 ], [ -66.164662855090896, 43.968416181053414 ], [ -66.164100402256381, 43.973970036214965 ], [ -66.161596684245453, 43.980637157874398 ], [ -66.152714842856867, 43.989251604999176 ], [ -66.149375503166297, 43.994805297862612 ], [ -66.148549474338992, 44.001198777073711 ], [ -66.149113342657358, 44.011201795772791 ], [ -66.152166922863586, 44.015365744939231 ], [ -66.161887193562904, 44.022584443752564 ], [ -66.169654113576726, 44.030639536681058 ], [ -66.171607406343028, 44.035362418591383 ], [ -66.169654330079439, 44.041472927169835 ], [ -66.165779033890615, 44.046196110812431 ], [ -66.165489266672324, 44.051750695850792 ], [ -66.170768236823122, 44.055085279567948 ], [ -66.179375484410016, 44.062858364420556 ], [ -66.181327476532573, 44.067587798277778 ], [ -66.181877437862227, 44.072585504961495 ], [ -66.181328067024353, 44.083968207868026 ], [ -66.183266754359963, 44.088416390739049 ], [ -66.191047310382331, 44.090918497494087 ], [ -66.197991119651249, 44.090361873069817 ], [ -66.203834746398527, 44.086744660629634 ], [ -66.209388373414541, 44.085082396471662 ], [ -66.211326175285592, 44.089805313900108 ], [ -66.211053792184117, 44.095358972373845 ], [ -66.209388956093392, 44.101478299497352 ], [ -66.206046707632524, 44.107031813428684 ], [ -66.196602510948608, 44.115087303985334 ], [ -66.192984609648931, 44.127858910077634 ], [ -66.189934363894352, 44.150633501198989 ], [ -66.18715754438476, 44.162024470137965 ], [ -66.180213145833918, 44.173413248099976 ], [ -66.172156758755932, 44.182858605128217 ], [ -66.166603720504241, 44.186742928495342 ], [ -66.163000611746881, 44.190914763026413 ], [ -66.157722121206419, 44.193966751686517 ], [ -66.152991925469635, 44.197858082031949 ], [ -66.149666140483305, 44.203412521695974 ], [ -66.146047693342041, 44.215633953666952 ], [ -66.142157836370714, 44.220357390472913 ], [ -66.137441777012484, 44.224247574524654 ], [ -66.133826550909959, 44.229801330313499 ], [ -66.130757852165502, 44.242024287774122 ], [ -66.129661488987722, 44.253139710502793 ], [ -66.128256468360064, 44.259252135399201 ], [ -66.128819729221959, 44.265088180739347 ], [ -66.12743443711679, 44.270358674021985 ], [ -66.126595216129815, 44.281749284471168 ], [ -66.122992070210074, 44.294529477550391 ], [ -66.119652354018513, 44.299526030736544 ], [ -66.11354631652415, 44.318142164085899 ], [ -66.118262643908977, 44.33258368080071 ], [ -66.117989510282115, 44.33812990399678 ], [ -66.113823200766603, 44.342852971574587 ], [ -66.108266727209781, 44.346743867076455 ], [ -66.104376098933628, 44.350917609507583 ], [ -66.093269473961527, 44.367578749761421 ], [ -66.089376658170394, 44.371745140816678 ], [ -66.084113609281943, 44.374795885604073 ], [ -66.076055474551438, 44.384523645933555 ], [ -66.071051610734145, 44.388415550951301 ], [ -66.064093210196489, 44.388972175745636 ], [ -66.057148704340761, 44.39091685044054 ], [ -66.052709184501296, 44.394243495145489 ], [ -66.042715390112875, 44.410358033292646 ], [ -66.03688611444673, 44.423410665583923 ], [ -66.032704943736675, 44.428133474046923 ], [ -66.018545051273449, 44.440630495527053 ], [ -66.008547915788114, 44.447855033970733 ], [ -66.000492968707363, 44.456742301090713 ], [ -65.995213453278566, 44.45980287851139 ], [ -65.981053044791992, 44.47145936280473 ], [ -65.976872346125134, 44.478411208349819 ], [ -65.976323490182466, 44.477570461363413 ], [ -65.966601676837513, 44.486192762667727 ], [ -65.956042015422256, 44.491746524335419 ], [ -65.949665513288494, 44.49313442674643 ], [ -65.943820345082912, 44.489800832266354 ], [ -65.937426841968062, 44.491188920033288 ], [ -65.922152712865952, 44.502579469409888 ], [ -65.899370550867701, 44.523133484447143 ], [ -65.888550268271203, 44.529245323250827 ], [ -65.882706952599364, 44.531464281717206 ], [ -65.876038080285596, 44.532852615767531 ], [ -65.865206225003732, 44.538972652895012 ], [ -65.841049956479083, 44.568689181499096 ], [ -65.840760210779322, 44.574251060059204 ], [ -65.843828123457129, 44.578416958775072 ], [ -65.848266586117063, 44.582298093209666 ], [ -65.854647627173733, 44.585907372441447 ], [ -65.862153694586823, 44.587022031142283 ], [ -65.869371531318919, 44.586464983988712 ], [ -65.880755178640257, 44.581193840517379 ], [ -65.892992829368836, 44.576744941302458 ], [ -65.899661700399861, 44.575357062639334 ], [ -65.90742676591546, 44.575639212816974 ], [ -65.921878483065555, 44.580910584635625 ], [ -65.930482760561333, 44.582298349553312 ], [ -65.942432094472267, 44.577858773495436 ], [ -65.952440489989783, 44.57063367785068 ], [ -65.95799599904251, 44.567581512983701 ], [ -65.976321504099161, 44.550912075416512 ], [ -65.981877686744127, 44.547302606008223 ], [ -66.003835568754653, 44.535911330162889 ], [ -66.018544697561893, 44.524796280614801 ], [ -66.03410742311533, 44.514802202192044 ], [ -66.043539949658694, 44.506745637344082 ], [ -66.048819049258213, 44.503694200533282 ], [ -66.062431466843904, 44.491188563447366 ], [ -66.074667193896218, 44.476739968257903 ], [ -66.079107550872948, 44.472847172831763 ], [ -66.091055846560053, 44.468406580454925 ], [ -66.096609997574603, 44.465081032390174 ], [ -66.110771062175573, 44.453408085317456 ], [ -66.122702850214765, 44.44895993224555 ], [ -66.126044070136103, 44.443132278951538 ], [ -66.12715915307173, 44.432023063158681 ], [ -66.13243758177606, 44.428963797126144 ], [ -66.144110896936795, 44.424523821099207 ], [ -66.155221071797584, 44.417581984351401 ], [ -66.16300325045863, 44.408685373385595 ], [ -66.177164070118948, 44.396745543919131 ], [ -66.18520644068289, 44.38730091804949 ], [ -66.189936197525299, 44.383418343383632 ], [ -66.196604829575193, 44.386194286302462 ], [ -66.196817411617531, 44.402352790429148 ], [ -66.197993517646424, 44.412851915604961 ], [ -66.190486127299081, 44.423410140115571 ], [ -66.176325962920515, 44.435074591852015 ], [ -66.160774652453242, 44.445907500380329 ], [ -66.157160391100703, 44.450082106412225 ], [ -66.147437395785218, 44.457856467571304 ], [ -66.138833607999871, 44.466743990337378 ], [ -66.129371113747055, 44.474517304181447 ], [ -66.125480005222244, 44.479515217030425 ], [ -66.119651100029856, 44.483132329889898 ], [ -66.102441227859927, 44.500083921370717 ], [ -66.089104275795535, 44.502862214143313 ], [ -66.07688105895862, 44.517021215167809 ], [ -66.067452045355765, 44.525078179606638 ], [ -66.062156153367482, 44.528129150446624 ], [ -66.047431937365374, 44.538970265338918 ], [ -66.031056791455939, 44.548965142214975 ], [ -66.026051603378491, 44.55368847809001 ], [ -66.02271189314682, 44.558685245251816 ], [ -66.000784673830523, 44.570076480351219 ], [ -65.986593279126964, 44.581748436199646 ], [ -65.971042342922857, 44.59201793884629 ], [ -65.952166835676309, 44.60785694347657 ], [ -65.946034307164368, 44.61007663149217 ], [ -65.940753340775004, 44.613136726378606 ], [ -65.920765241672456, 44.617850919627166 ], [ -65.904650474456986, 44.615630158478154 ], [ -65.898823186039792, 44.617850864543698 ], [ -65.893543107183376, 44.622572996228364 ], [ -65.890490766692807, 44.627571107912921 ], [ -65.881046303431063, 44.635352675533213 ], [ -65.864093164436952, 44.643691170397233 ], [ -65.840211403654763, 44.652573423207969 ], [ -65.834931329558358, 44.655631720643918 ], [ -65.826600066618596, 44.665352287966819 ], [ -65.821045634517873, 44.668410238989843 ], [ -65.809097354430747, 44.672850405808688 ], [ -65.803819303120349, 44.675911146254002 ], [ -65.790205848884, 44.688407930308017 ], [ -65.784379542242576, 44.69062893892621 ], [ -65.771043624624852, 44.684241633271043 ], [ -65.761322961653619, 44.672019081401935 ], [ -65.75965803625617, 44.666748673305854 ], [ -65.758544757714589, 44.656464361980397 ], [ -65.756330804836423, 44.651741376121507 ], [ -65.755217811602435, 44.6470255986819 ], [ -65.750486406691607, 44.638129907516415 ], [ -65.751325957898246, 44.627022208367912 ], [ -65.752990362700245, 44.620912771459452 ], [ -65.756332301221533, 44.615357125233608 ], [ -65.755767128365989, 44.610077471313879 ], [ -65.752439708711279, 44.605911337582071 ], [ -65.744643954976667, 44.605637261351205 ], [ -65.738265088758865, 44.606744219479772 ], [ -65.732143702400833, 44.608972492683264 ], [ -65.718259524339274, 44.610909184046569 ], [ -65.69659221871909, 44.612580304110892 ], [ -65.689648243659704, 44.614526545730982 ], [ -65.684367158019086, 44.617021418874238 ], [ -65.679929623085002, 44.620912834978078 ], [ -65.672145604512295, 44.631188388784608 ], [ -65.662152347612349, 44.637583353223292 ], [ -65.657710151214516, 44.641464272286754 ], [ -65.652156066278536, 44.644523550393266 ], [ -65.642710805555581, 44.652297720278604 ], [ -65.624644253662325, 44.658966644117996 ], [ -65.616313341462188, 44.668686177214482 ], [ -65.605753528757788, 44.685631271700856 ], [ -65.601587999304812, 44.690353043026754 ], [ -65.593256634334807, 44.688964707262478 ], [ -65.585765772985525, 44.689514373552363 ], [ -65.569924635812384, 44.700356004288551 ], [ -65.566034394365644, 44.704522743111994 ], [ -65.551582879810695, 44.716744087695226 ], [ -65.530755794005159, 44.729797411696161 ], [ -65.521875099484518, 44.737855129376975 ], [ -65.515207475435957, 44.73924235740828 ], [ -65.499093819361306, 44.739242718890431 ], [ -65.492698033390809, 44.740075566504679 ], [ -65.480751299543883, 44.744239963218988 ], [ -65.453820835350996, 44.759521304394823 ], [ -65.439917713982467, 44.772300000537435 ], [ -65.434639178329192, 44.775352501391723 ], [ -65.427695873255203, 44.776742611507238 ], [ -65.435753714395403, 44.779244316149708 ], [ -65.443243748825566, 44.778685904493031 ], [ -65.459372697564945, 44.769523121287193 ], [ -65.474082373881728, 44.758689823424284 ], [ -65.486307292418473, 44.752579535423791 ], [ -65.49213472240649, 44.750358442763819 ], [ -65.504371585934138, 44.747574505839886 ], [ -65.518821261401243, 44.746468506208345 ], [ -65.523811413821875, 44.742577407608437 ], [ -65.530481630807614, 44.741462385925004 ], [ -65.547982965801793, 44.733964173351794 ], [ -65.569377115116538, 44.721458370272366 ], [ -65.586316089320874, 44.713134648341914 ], [ -65.600199745123248, 44.711465436728496 ], [ -65.615200347621027, 44.711190401330036 ], [ -65.627422977352396, 44.706741951311869 ], [ -65.641599603243293, 44.695076106157764 ], [ -65.647151330725521, 44.692017647162857 ], [ -65.662700079208719, 44.692574098434442 ], [ -65.671307179039673, 44.693963288882159 ], [ -65.686033344007868, 44.69229998550604 ], [ -65.704099422303969, 44.676467783835747 ], [ -65.714933711959532, 44.670074397649287 ], [ -65.721037263820676, 44.667855186710298 ], [ -65.727704910044281, 44.666748965809425 ], [ -65.736312753571511, 44.667855604915374 ], [ -65.75077676692554, 44.673133756326656 ], [ -65.754103744951721, 44.6775738757919 ], [ -65.755766787478748, 44.682295707457676 ], [ -65.756330168051761, 44.687294360759019 ], [ -65.753830645838534, 44.693961275050761 ], [ -65.745482674371289, 44.703405692837421 ], [ -65.74047818112119, 44.707297676092175 ], [ -65.718824595370535, 44.720352206448055 ], [ -65.717146171067924, 44.722015880498056 ], [ -65.714934720039764, 44.722296932995675 ], [ -65.709930037647339, 44.726181540567786 ], [ -65.672421813071281, 44.74757384483356 ], [ -65.667141764076732, 44.750915821949917 ], [ -65.657711353515538, 44.758690005792175 ], [ -65.646328092477944, 44.765357834507256 ], [ -65.603818456188876, 44.779518036929886 ], [ -65.570215655745656, 44.796188530841775 ], [ -65.564372834565944, 44.798414687676733 ], [ -65.54798394812272, 44.8075774761665 ], [ -65.530209087916219, 44.815627497645195 ], [ -65.520488467290321, 44.8220220544979 ], [ -65.508812776638365, 44.827300205672749 ], [ -65.475763312634214, 44.844795648296795 ], [ -65.452156371600921, 44.854522800548665 ], [ -65.44158203733862, 44.860633269046517 ], [ -65.4299254929618, 44.865630855751562 ], [ -65.419089866646473, 44.871740430855354 ], [ -65.38770185929863, 44.892020049566938 ], [ -65.382988485111454, 44.895911025194451 ], [ -65.371300227164909, 44.901183050030454 ], [ -65.352150448593491, 44.905905673898253 ], [ -65.339926625887259, 44.910353000816855 ], [ -65.319371765015887, 44.913405955160925 ], [ -65.306860039216602, 44.917022624518083 ], [ -65.299350877908111, 44.928412241570769 ], [ -65.288532314029183, 44.935073338720336 ], [ -65.283254326451484, 44.937576191539947 ], [ -65.251865792129649, 44.946739113815106 ], [ -65.233525914956516, 44.953405517639915 ], [ -65.222690198524816, 44.959242616641134 ], [ -65.217973769488054, 44.96340829599238 ], [ -65.201861222435909, 44.97395986458033 ], [ -65.192415862397212, 44.981183796773628 ], [ -65.165759319418825, 44.997855474920925 ], [ -65.160714850205309, 45.000082233114917 ], [ -65.153810329064456, 45.003134209483719 ], [ -65.121292341815831, 45.010633174250685 ], [ -65.113527190536999, 45.011748058973346 ], [ -65.101577547010791, 45.015356987962086 ], [ -65.08908146208465, 45.020354649392189 ], [ -65.063523351557734, 45.036741096185146 ], [ -65.056304204419931, 45.037023622281602 ], [ -65.049088843463224, 45.038969072892471 ], [ -65.030746803611521, 45.045631334924458 ], [ -65.009094464397506, 45.057852418746172 ], [ -64.997969845698265, 45.062293541325062 ], [ -64.976028674606823, 45.074521689017509 ], [ -64.964368682846654, 45.079801192623393 ], [ -64.959637702469919, 45.083686126309736 ], [ -64.948238494406922, 45.090353762475374 ], [ -64.938518212619627, 45.098128040277814 ], [ -64.933514934268402, 45.100355512554898 ], [ -64.917416065700436, 45.111190015585969 ], [ -64.880457711373253, 45.128957643624901 ], [ -64.878796284649397, 45.130903869607884 ], [ -64.861292846089938, 45.139799444059484 ], [ -64.819360749110274, 45.15507315981931 ], [ -64.814067033262063, 45.158126057963813 ], [ -64.807964181945351, 45.16035277401398 ], [ -64.776574642871012, 45.170071652643472 ], [ -64.763254882012333, 45.172848704370367 ], [ -64.744346252647659, 45.178410335721047 ], [ -64.710183117355086, 45.183958563105357 ], [ -64.650182895293838, 45.196737006491361 ], [ -64.644079303683995, 45.198682881533031 ], [ -64.636861715812216, 45.199240200033714 ], [ -64.589632846661672, 45.208128170139993 ], [ -64.549900048988292, 45.216740794296669 ], [ -64.506304605846282, 45.231183894082818 ], [ -64.499345160578969, 45.232846045454593 ], [ -64.494340468833869, 45.23534877616828 ], [ -64.487671237045177, 45.236738655498336 ], [ -64.468232797066932, 45.242849683347082 ], [ -64.450745854497839, 45.249516654337519 ], [ -64.439897267199711, 45.255635711926857 ], [ -64.433778065568674, 45.257580826348061 ], [ -64.417113256786735, 45.266745124652601 ], [ -64.39684967933816, 45.281187570136019 ], [ -64.393232256747496, 45.287023352269138 ], [ -64.391294361890502, 45.292852070159377 ], [ -64.390455498530159, 45.298413395155208 ], [ -64.392410009533336, 45.303403888407416 ], [ -64.40101479418982, 45.311185881947665 ], [ -64.406296312964997, 45.314519196825913 ], [ -64.413237934833049, 45.31757821428986 ], [ -64.430177438442087, 45.32230207871266 ], [ -64.454071659276138, 45.323690131047407 ], [ -64.461565615639287, 45.323132221448887 ], [ -64.470185937909292, 45.324521541975535 ], [ -64.487398511758514, 45.329243740512631 ], [ -64.494066919220103, 45.332295356070539 ], [ -64.48851316539421, 45.335347243709684 ], [ -64.465182387712701, 45.334797659297621 ], [ -64.439898764693979, 45.331745425645721 ], [ -64.395460919336173, 45.322576273657454 ], [ -64.352399941117028, 45.31618291661389 ], [ -64.337676138800276, 45.310353680102764 ], [ -64.326842229254311, 45.303404142204734 ], [ -64.320738361937728, 45.294798260192593 ], [ -64.317120339667042, 45.285352389628144 ], [ -64.316571509977777, 45.280355451664924 ], [ -64.317119360951864, 45.274520106306355 ], [ -64.321287011687048, 45.269797228566475 ], [ -64.326840613425759, 45.267018599533479 ], [ -64.342405917520281, 45.256185889660792 ], [ -64.352674289837324, 45.239241557188841 ], [ -64.354338410338769, 45.233130470947145 ], [ -64.353224692410791, 45.222845273139775 ], [ -64.354900460168281, 45.210905572679302 ], [ -64.363233880484643, 45.2014689239559 ], [ -64.368222636052323, 45.197570816131801 ], [ -64.365169557619154, 45.19340354893972 ], [ -64.356291344950975, 45.191184081038806 ], [ -64.353221608361181, 45.186736412034506 ], [ -64.355173861625516, 45.180908446137714 ], [ -64.351285754614111, 45.171188192948982 ], [ -64.353221757104606, 45.165351818555287 ], [ -64.357387146824337, 45.160628427304623 ], [ -64.362393219906238, 45.15673818669012 ], [ -64.373225833542705, 45.150627498553042 ], [ -64.380170347167493, 45.149521520102113 ], [ -64.385174271665022, 45.145630536183312 ], [ -64.382108640764244, 45.141189731787065 ], [ -64.377666570066296, 45.137299688937951 ], [ -64.379619674887493, 45.131187816833972 ], [ -64.375437957640685, 45.127296961908336 ], [ -64.368786166289922, 45.124245920079517 ], [ -64.360163417061642, 45.116744356281245 ], [ -64.357112893067793, 45.112299122455774 ], [ -64.359064135706276, 45.106187180935926 ], [ -64.363231344219955, 45.101472854481983 ], [ -64.359066636071091, 45.097573351848219 ], [ -64.351557700912636, 45.098129925528625 ], [ -64.346292121354807, 45.101189196904556 ], [ -64.336556815091754, 45.108688765854502 ], [ -64.333230622323953, 45.115356434408532 ], [ -64.333781307557757, 45.120354158233035 ], [ -64.332668242434806, 45.131744039603745 ], [ -64.32851597189493, 45.136467153840364 ], [ -64.323725872262216, 45.139426663909084 ], [ -64.310724056230384, 45.141464165743869 ], [ -64.295174706057352, 45.141464199581513 ], [ -64.283226639879928, 45.134804346382474 ], [ -64.276009819158133, 45.126740460976464 ], [ -64.268227746799738, 45.12785442722808 ], [ -64.26128537546866, 45.12757296812525 ], [ -64.243492746962545, 45.123964248797655 ], [ -64.239327340451197, 45.12007356802166 ], [ -64.233771502022421, 45.116745463518448 ], [ -64.220450200722013, 45.110635322696332 ], [ -64.20961714852892, 45.103692867035875 ], [ -64.196555598464144, 45.08619037814929 ], [ -64.191547761286756, 45.077577215572703 ], [ -64.176824498512445, 45.072024561511242 ], [ -64.170443666904006, 45.068415769724368 ], [ -64.15655860853164, 45.057025500136938 ], [ -64.146288246526566, 45.04452723232248 ], [ -64.144885355664343, 45.034807528526379 ], [ -64.146562515457831, 45.028689938641406 ], [ -64.150728178731896, 45.022578936132 ], [ -64.154054412708021, 45.011196408055874 ], [ -64.153506250999285, 45.005915647632307 ], [ -64.151553971540565, 45.001192920956782 ], [ -64.151698362401419, 45.000086611661352 ], [ -64.153779986832362, 44.98452311965228 ], [ -64.155717967949784, 44.978411463047081 ], [ -64.151828990364351, 44.983966139177305 ], [ -64.147113989699236, 44.996470781815646 ], [ -64.141556864373399, 44.999523512251407 ], [ -64.12626992305978, 44.999522559377347 ], [ -64.111544280374332, 44.993693553713165 ], [ -64.103211293332834, 44.992305383981545 ], [ -64.106277929624824, 44.996745523084179 ], [ -64.109856406732291, 45.000086506788676 ], [ -64.110446125810327, 45.000636515203901 ], [ -64.116272373219672, 45.009250005334465 ], [ -64.117388583496918, 45.019528008231489 ], [ -64.113773003912314, 45.025355545212072 ], [ -64.111834208508441, 45.031192325989629 ], [ -64.111268886762474, 45.0367469704453 ], [ -64.113223413769333, 45.041469296013481 ], [ -64.113497461603217, 45.046748022213563 ], [ -64.10182329548563, 45.051745121151214 ], [ -64.098223541185348, 45.057582106602624 ], [ -64.105164875852793, 45.056186450991433 ], [ -64.121264246178413, 45.058131092713197 ], [ -64.132952859861064, 45.070077520132457 ], [ -64.135731332645207, 45.074526356064823 ], [ -64.141009623864534, 45.078691314350657 ], [ -64.152118791565215, 45.08480303144411 ], [ -64.161839589969958, 45.092301598284273 ], [ -64.187658263284376, 45.104799337184396 ], [ -64.191823777166547, 45.108690090593207 ], [ -64.197942538291159, 45.117295497455672 ], [ -64.198216502983072, 45.122575648847011 ], [ -64.195166347734016, 45.150628048162048 ], [ -64.18904742567635, 45.152572898071242 ], [ -64.174048356386351, 45.153406243716759 ], [ -64.163230111943321, 45.159516155607982 ], [ -64.159611996589177, 45.16507820664431 ], [ -64.159888483914841, 45.170074777167599 ], [ -64.163777946247365, 45.179802917541949 ], [ -64.162955119100872, 45.185348078017817 ], [ -64.155723027920672, 45.189239511384571 ], [ -64.15212253570219, 45.192847872836381 ], [ -64.139622490418205, 45.197571598548222 ], [ -64.117665124934106, 45.2089702952468 ], [ -64.110721879147093, 45.210906076110575 ], [ -64.105444204539722, 45.213408729289476 ], [ -64.099324928706579, 45.215354136614572 ], [ -64.065158616804609, 45.222298655888927 ], [ -64.04960809514705, 45.231460981030693 ], [ -64.042666701044269, 45.232849574138079 ], [ -64.027666567005568, 45.232573569693351 ], [ -64.01988390223724, 45.233689249056567 ], [ -64.007388614538669, 45.236465546632481 ], [ -63.996279268613051, 45.242303143186895 ], [ -63.98849615680578, 45.243407805230888 ], [ -63.981545572382373, 45.243133891405968 ], [ -63.967102799843509, 45.245354640202528 ], [ -63.955996396720188, 45.25147208483213 ], [ -63.949883455452913, 45.25340961063241 ], [ -63.94433003122932, 45.256469219196376 ], [ -63.889054249787819, 45.275634814892747 ], [ -63.882103201508144, 45.276740812141142 ], [ -63.873495434459585, 45.275353129987685 ], [ -63.861548167833504, 45.268966345868741 ], [ -63.854048154127135, 45.269241183458313 ], [ -63.848767200732169, 45.272301628382486 ], [ -63.844325843376296, 45.277024111384144 ], [ -63.838766179018414, 45.27980083207941 ], [ -63.810993739085816, 45.283966797309418 ], [ -63.804600148558805, 45.286742874540231 ], [ -63.802654468069228, 45.292855058659143 ], [ -63.804883492470353, 45.29702722137327 ], [ -63.805158467972902, 45.302017857825987 ], [ -63.801550187316408, 45.307579143019993 ], [ -63.789051236268655, 45.311744553178563 ], [ -63.781825804812698, 45.312294685537509 ], [ -63.774044180630568, 45.311745414991584 ], [ -63.764606367131115, 45.309517819722551 ], [ -63.7434872426902, 45.300629809632831 ], [ -63.73488193565889, 45.299248157963241 ], [ -63.728760977078487, 45.301467443730232 ], [ -63.723763469493584, 45.305351740232005 ], [ -63.721818852379485, 45.311188669930658 ], [ -63.718212182990349, 45.316750095399797 ], [ -63.712939530634095, 45.320632816190994 ], [ -63.705713216266922, 45.321190978728325 ], [ -63.687929762452455, 45.317581431972535 ], [ -63.647377233943338, 45.313965456253527 ], [ -63.625426670114159, 45.315078464564948 ], [ -63.617651649022591, 45.316184231535267 ], [ -63.595427420012712, 45.315628267132503 ], [ -63.580710665257307, 45.316467734344343 ], [ -63.552930810740769, 45.320634538836117 ], [ -63.548206520843699, 45.324249777620281 ], [ -63.544599841564711, 45.330636133955565 ], [ -63.538489138691318, 45.33341258304975 ], [ -63.52154259715816, 45.330079897337583 ], [ -63.492372597253528, 45.318687742528653 ], [ -63.488208698373612, 45.31452344916439 ], [ -63.482088878698974, 45.305908508260153 ], [ -63.480424988131652, 45.301187691375048 ], [ -63.480144046768203, 45.295914405377978 ], [ -63.478197192631825, 45.291191728354626 ], [ -63.470147938244033, 45.290635240030532 ], [ -63.466531582754897, 45.29618977619328 ], [ -63.467089700600063, 45.301468551814509 ], [ -63.470424001043632, 45.310907829364112 ], [ -63.470979543366212, 45.316186026719471 ], [ -63.470148572856885, 45.32174859353951 ], [ -63.465976661158862, 45.326469878728005 ], [ -63.460145553017362, 45.32952135136324 ], [ -63.446534469857625, 45.333962257815678 ], [ -63.420427916659825, 45.33896799219972 ], [ -63.415420799694118, 45.341461662320661 ], [ -63.402923810543285, 45.345628338438431 ], [ -63.383485418364366, 45.350914596747572 ], [ -63.371255198048132, 45.35507967988319 ], [ -63.364869273088296, 45.357857897569602 ], [ -63.360144347301279, 45.360908745859817 ], [ -63.367920949295964, 45.363693782797021 ], [ -63.397653051447818, 45.3617485290833 ], [ -63.405701927813013, 45.362854118171306 ], [ -63.435146208985692, 45.361466009604349 ], [ -63.442927126216276, 45.362022051842423 ], [ -63.45070837468819, 45.364525674935869 ], [ -63.455148986249334, 45.368682155011022 ], [ -63.457927735851612, 45.372848480948498 ], [ -63.464595862349974, 45.375906970882248 ], [ -63.472644159455385, 45.376465881448127 ], [ -63.486263594180528, 45.373962833699785 ], [ -63.497098681670266, 45.370910930726076 ], [ -63.49653960574684, 45.371742198163631 ], [ -63.512097101207146, 45.371742138173126 ], [ -63.521541706340898, 45.373404636311641 ], [ -63.528484911984705, 45.375907624309541 ], [ -63.54681892049026, 45.380354951057811 ], [ -63.572096149450864, 45.383688908765571 ], [ -63.580993210747991, 45.385908734475336 ], [ -63.589042758533935, 45.388412345378491 ], [ -63.594598271928277, 45.392019728544128 ], [ -63.597374839096005, 45.396469186602232 ], [ -63.605987858451257, 45.397857080775097 ], [ -63.615432834414314, 45.389242610942233 ], [ -63.621544507410931, 45.387022728293694 ], [ -63.62904505359802, 45.386740660592558 ], [ -63.645431617331873, 45.388687103735798 ], [ -63.660151221836152, 45.3945216162222 ], [ -63.668490707074767, 45.394241179192846 ], [ -63.687372191254056, 45.389516501592034 ], [ -63.694597702053812, 45.388969077517991 ], [ -63.738217361401333, 45.396742192679412 ], [ -63.754888734874839, 45.398131934684372 ], [ -63.796552775643519, 45.392850749045131 ], [ -63.837103437574335, 45.385632771517386 ], [ -63.850999432187479, 45.382291891510036 ], [ -63.867935657879812, 45.375073870874807 ], [ -63.872383808017098, 45.370352326459653 ], [ -63.876273501309633, 45.358130136968512 ], [ -63.876824584188313, 45.352577433033957 ], [ -63.883218468277761, 45.350630892068814 ], [ -63.900720017630213, 45.353964096386633 ], [ -63.90766230373751, 45.357023312211851 ], [ -63.912944304254843, 45.360631833693056 ], [ -63.914606705073112, 45.365353988943184 ], [ -63.910995229847906, 45.370909733179346 ], [ -63.91015904120453, 45.376463162936261 ], [ -63.912102365318916, 45.381185836432088 ], [ -63.916276233532905, 45.385351684294129 ], [ -63.922944742487076, 45.388410811244995 ], [ -63.958498234165468, 45.397573018505277 ], [ -63.966831216247073, 45.397298977473348 ], [ -63.972102374675138, 45.395077711296722 ], [ -63.982104397305086, 45.38729691125522 ], [ -63.987386144120151, 45.384520507165334 ], [ -63.994336430858375, 45.383129891758628 ], [ -64.001560806085593, 45.382847693312712 ], [ -64.017675385593222, 45.383688413180714 ], [ -64.035452803145205, 45.387297282120336 ], [ -64.050162397137782, 45.392849781850124 ], [ -64.045721380641353, 45.397571717306967 ], [ -64.039892531699536, 45.401182682224821 ], [ -64.044332096547052, 45.404514569737337 ], [ -64.05350240970445, 45.406735092586317 ], [ -64.060446902055048, 45.409793854729941 ], [ -64.069069138405581, 45.41035137112398 ], [ -64.08295457457865, 45.40951260255158 ], [ -64.089621469138166, 45.408123420496565 ], [ -64.119331420913014, 45.406735642237358 ], [ -64.140726181620153, 45.404514486074184 ], [ -64.162667950154244, 45.403957850987297 ], [ -64.205728732443689, 45.399799653545685 ], [ -64.214059754397681, 45.399800501100295 ], [ -64.227398900864159, 45.397297788603318 ], [ -64.234066898453634, 45.394519746353005 ], [ -64.235454079776147, 45.388964900961035 ], [ -64.232403431237188, 45.384800502119525 ], [ -64.246564398513954, 45.383131046937919 ], [ -64.29823292394488, 45.390911740830759 ], [ -64.307111570145665, 45.393130246940743 ], [ -64.314055998756103, 45.396182874432121 ], [ -64.312117322185372, 45.391459727028426 ], [ -64.31295561974855, 45.385907490557422 ], [ -64.320188722846993, 45.374516621494934 ], [ -64.326567327312944, 45.372571697418223 ], [ -64.329345584461777, 45.376735145400204 ], [ -64.334623320161299, 45.380900960651161 ], [ -64.342407817179293, 45.382015239514217 ], [ -64.357117376043533, 45.381184865975882 ], [ -64.36988980892086, 45.377849538171205 ], [ -64.384902147567047, 45.36618456853666 ], [ -64.39823862067567, 45.372296064428916 ], [ -64.42517158047589, 45.377849636967305 ], [ -64.433231487731334, 45.380626166509359 ], [ -64.439623665720219, 45.384243467694517 ], [ -64.441561031691421, 45.388964620878419 ], [ -64.442112065755921, 45.393406214786879 ], [ -64.44795550244433, 45.397022796473735 ], [ -64.457124605087628, 45.398960431940679 ], [ -64.464360320382724, 45.398684822214712 ], [ -64.484073359311836, 45.393961750891307 ], [ -64.492115883917307, 45.394520181846893 ], [ -64.529349261813223, 45.40812152321682 ], [ -64.546851262125145, 45.410898759332333 ], [ -64.56267427393955, 45.411738601054779 ], [ -64.576850375618605, 45.410067205159876 ], [ -64.636300142253262, 45.396737819704178 ], [ -64.673517205715029, 45.383126971336985 ], [ -64.700753623665051, 45.368678339671312 ], [ -64.709361321923382, 45.358966543518179 ], [ -64.713252582977574, 45.352855464979982 ], [ -64.713524516408469, 45.347850305064263 ], [ -64.709909902258048, 45.338404892946535 ], [ -64.706857451311436, 45.33395613901731 ], [ -64.697963149226467, 45.326182672980167 ], [ -64.702417705162006, 45.32146048157562 ], [ -64.717965832392608, 45.321460061819543 ], [ -64.724360208230166, 45.320354962747288 ], [ -64.736856445997972, 45.315906991756457 ], [ -64.747965683107395, 45.309794388155233 ], [ -64.751580750069408, 45.304240430955637 ], [ -64.75436038884645, 45.29785617735017 ], [ -64.754085222756956, 45.292575917839173 ], [ -64.759363143796975, 45.289514993264476 ], [ -64.76742189085364, 45.292300775315809 ], [ -64.770474149274662, 45.296466855641718 ], [ -64.772412102886733, 45.301182102553668 ], [ -64.773523966357885, 45.311458997876777 ], [ -64.771861856104053, 45.317577644746763 ], [ -64.762416838857945, 45.326182632723111 ], [ -64.766857310949177, 45.330074354427083 ], [ -64.774640460593446, 45.332576343770569 ], [ -64.779920462916081, 45.328685259907161 ], [ -64.787685186032164, 45.331462276030727 ], [ -64.797406024093377, 45.338679801817797 ], [ -64.815182335499912, 45.348681431503685 ], [ -64.83297712078776, 45.3520147912906 ], [ -64.848525128026012, 45.352014215700272 ], [ -64.856305924234462, 45.350909368302716 ], [ -64.868803422778768, 45.348124081561927 ], [ -64.893814849128631, 45.340068648356933 ], [ -64.905745570744315, 45.335070066363777 ], [ -64.916582124175918, 45.328959351556179 ], [ -64.928802667273601, 45.324518106706456 ], [ -64.936569955637083, 45.327019878723362 ], [ -64.937408583750738, 45.332293649122818 ], [ -64.936020455666963, 45.343400627964471 ], [ -64.932679736517528, 45.355629999549066 ], [ -64.925752114822373, 45.367570625535741 ], [ -64.924073320697445, 45.373682646721569 ], [ -64.922410406140528, 45.390626495562223 ], [ -64.917131195674216, 45.408676223831925 ], [ -64.908526129524361, 45.418131434264268 ], [ -64.90353662638762, 45.422014602608442 ], [ -64.885194091169254, 45.428682155917706 ], [ -64.874071729038789, 45.434792214751319 ], [ -64.869628952130199, 45.439506508638523 ], [ -64.866852377280239, 45.445899660705493 ], [ -64.861863347182123, 45.449792249985833 ], [ -64.856307648951315, 45.452850885412879 ], [ -64.840194849280365, 45.452568373606873 ], [ -64.834915713008968, 45.455072576026105 ], [ -64.824646309091776, 45.462014882889143 ], [ -64.810745215036121, 45.464516087837779 ], [ -64.802688257773795, 45.464234724371096 ], [ -64.795195575508771, 45.465347440372369 ], [ -64.794904707804847, 45.470063222145036 ], [ -64.801573660704307, 45.473122616588562 ], [ -64.810743392884092, 45.475343055685883 ], [ -64.826307978409318, 45.475342146332757 ], [ -64.830748940674965, 45.47923245735921 ], [ -64.826309173630307, 45.483955143944456 ], [ -64.821031137908136, 45.487015970809068 ], [ -64.814362532386667, 45.489793674316957 ], [ -64.782682801451955, 45.498122870719847 ], [ -64.776581217189715, 45.500350912795298 ], [ -64.764923080763722, 45.505631171792899 ], [ -64.742413505176557, 45.518401747109493 ], [ -64.724636640545256, 45.525627668216181 ], [ -64.712142400415658, 45.528403903341129 ], [ -64.706020557623972, 45.530625294683752 ], [ -64.69851263485387, 45.531182186036887 ], [ -64.685740911072742, 45.534515126491797 ], [ -64.679912934216915, 45.538123499418809 ], [ -64.671581617038484, 45.547019252474378 ], [ -64.66047255067555, 45.553123793578948 ], [ -64.653530187359451, 45.55451166138387 ], [ -64.650188387657622, 45.559509702100065 ], [ -64.650187965923976, 45.570067670008214 ], [ -64.647977193460491, 45.576736448986516 ], [ -64.643810664254048, 45.581458120541264 ], [ -64.634363554459711, 45.588676323279117 ], [ -64.617413010243197, 45.597846117878518 ], [ -64.604623359476449, 45.601181210646786 ], [ -64.590189366141203, 45.603683928831828 ], [ -64.574077282585066, 45.602852485211137 ], [ -64.568247406155109, 45.60423960407487 ], [ -64.563242302068346, 45.608123516331666 ], [ -64.560177014245383, 45.614516477430563 ], [ -64.555461185805555, 45.620064260216772 ], [ -64.550745935681746, 45.623954007501759 ], [ -64.538798484272235, 45.628951533204678 ], [ -64.509361678434146, 45.652288994401637 ], [ -64.496576595319027, 45.657287533517525 ], [ -64.492119308707245, 45.660346933887162 ], [ -64.490183490021451, 45.666457352348061 ], [ -64.484352191961293, 45.66951565664052 ], [ -64.469902277861792, 45.670347833747279 ], [ -64.457405714478014, 45.674514462841231 ], [ -64.447960520508232, 45.683127219363953 ], [ -64.446007900107929, 45.68978671751362 ], [ -64.439628703909136, 45.701460361787561 ], [ -64.434348996474668, 45.705344303025399 ], [ -64.42990857033891, 45.710066964857816 ], [ -64.429634145413345, 45.715621547180348 ], [ -64.435738855664724, 45.724233543732836 ], [ -64.438241097609193, 45.729231276255582 ], [ -64.439339787101275, 45.733680037558273 ], [ -64.436012270780324, 45.740065539552475 ], [ -64.426292298194497, 45.747845686294241 ], [ -64.420738250663661, 45.750904731439313 ], [ -64.404625866895202, 45.750075091219273 ], [ -64.399084984440051, 45.753124833035372 ], [ -64.390463264975295, 45.762570309687284 ], [ -64.384362537023605, 45.766179800400636 ], [ -64.375450063052753, 45.77423573891717 ], [ -64.374899632371481, 45.7797897788721 ], [ -64.377952897926249, 45.783956461150417 ], [ -64.379631420739415, 45.788678514377814 ], [ -64.374900973022633, 45.792570324496602 ], [ -64.368506695778819, 45.794789646860117 ], [ -64.357124876716625, 45.800900100824698 ], [ -64.352409644187631, 45.804783559606285 ], [ -64.328238771178249, 45.814229744084173 ], [ -64.31574161442748, 45.818402973619293 ], [ -64.314901554283992, 45.818127714487176 ], [ -64.317693255747486, 45.81673937389494 ], [ -64.311010975854074, 45.819516265762914 ], [ -64.305180834142121, 45.820905848138807 ], [ -64.296010495178436, 45.818677801994447 ], [ -64.290731246692616, 45.814787198279262 ], [ -64.288792786569516, 45.810621083726993 ], [ -64.289340494271883, 45.805066850850977 ], [ -64.29295839888988, 45.799238570176449 ], [ -64.297399302197334, 45.794515593029161 ], [ -64.32964179492599, 45.774785665928171 ], [ -64.33157869096118, 45.768957555853376 ], [ -64.331029214786582, 45.763683990538468 ], [ -64.327961027104763, 45.759237997522334 ], [ -64.326025964736658, 45.75451428105201 ], [ -64.325459412543566, 45.749510535068389 ], [ -64.329075227076274, 45.743680768552537 ], [ -64.334906509268464, 45.740903914672728 ], [ -64.322406368215738, 45.745070393528344 ], [ -64.314350908356744, 45.755346204776622 ], [ -64.309345798487271, 45.759238130450157 ], [ -64.30295452141273, 45.761457027519242 ], [ -64.296010882159806, 45.763403397619271 ], [ -64.289631765151412, 45.76395961790876 ], [ -64.280733648333609, 45.762571644502188 ], [ -64.272679742619218, 45.760068374748798 ], [ -64.266009725368917, 45.76118408446731 ], [ -64.264363179030696, 45.767285592218215 ], [ -64.272678038951838, 45.775067999999671 ], [ -64.28241401945445, 45.77673124575179 ], [ -64.301837604552304, 45.772565604715979 ], [ -64.298238746632549, 45.778119058362954 ], [ -64.286856126160629, 45.784238313536832 ], [ -64.278231625191992, 45.793683983379651 ], [ -64.274907966967319, 45.800069581005012 ], [ -64.274358998377977, 45.806455220155499 ], [ -64.272405138371468, 45.811734807610499 ], [ -64.269351951839752, 45.828954784083706 ], [ -64.272283005798343, 45.835828956138762 ], [ -64.27296998833063, 45.838674212139708 ], [ -64.276021678071842, 45.842839594612805 ], [ -64.292686686198891, 45.853397486892206 ], [ -64.314354813591748, 45.862010758369678 ], [ -64.319906724896512, 45.865346292961696 ], [ -64.322973306718097, 45.869785148977769 ], [ -64.322411623715013, 45.87533893600699 ], [ -64.324075296604448, 45.88006202498952 ], [ -64.332131998581559, 45.882838517322348 ], [ -64.347129526101327, 45.882008155150594 ], [ -64.360742549124623, 45.879230630593845 ], [ -64.36629748384658, 45.876453441276702 ], [ -64.367120375306953, 45.870618117608586 ], [ -64.362678021097636, 45.866734194986329 ], [ -64.354073575472711, 45.86562078925472 ], [ -64.33852479760256, 45.865619344595032 ], [ -64.339074258556721, 45.859791418834881 ], [ -64.356849527797664, 45.851177016551041 ], [ -64.361289569404647, 45.847842548381706 ], [ -64.365747097248672, 45.843121128567759 ], [ -64.372674445223907, 45.831182160748121 ], [ -64.378228285356585, 45.828122220043596 ], [ -64.384635604296804, 45.825902317692936 ], [ -64.395194447197568, 45.818958465912921 ], [ -64.405465425116347, 45.810620663002069 ], [ -64.413795205846313, 45.801732514970347 ], [ -64.417412092990446, 45.796177264879205 ], [ -64.421852025026823, 45.791454586351279 ], [ -64.43656223791271, 45.779789853788962 ], [ -64.441843738149032, 45.775899331994751 ], [ -64.469905350858895, 45.760350349211144 ], [ -64.474068339928905, 45.75617759976781 ], [ -64.477686835960228, 45.750623620852281 ], [ -64.478235575991732, 45.745068937470698 ], [ -64.474359448706537, 45.735341578727414 ], [ -64.48130290792497, 45.723395159381838 ], [ -64.486292045479658, 45.719510764473902 ], [ -64.501032568131805, 45.718672940482683 ], [ -64.515756648391985, 45.716177884809824 ], [ -64.523250454874685, 45.71728331000611 ], [ -64.538249617453801, 45.723120090029184 ], [ -64.542689396542016, 45.727010264909758 ], [ -64.523799305126531, 45.73395214553809 ], [ -64.520472164448577, 45.738957378833547 ], [ -64.516581544497527, 45.751179379760259 ], [ -64.516018681725214, 45.756734905289804 ], [ -64.509639456988054, 45.769512262370625 ], [ -64.501581912531179, 45.780064479845848 ], [ -64.496576883002348, 45.783954253448073 ], [ -64.489345837861975, 45.795070653119367 ], [ -64.487406993938066, 45.801173976273567 ], [ -64.488520969486274, 45.811451780674325 ], [ -64.49157263399259, 45.81561618758014 ], [ -64.50130751389068, 45.823681989290819 ], [ -64.508800777474079, 45.831180413286162 ], [ -64.5143712641094, 45.834789015270701 ], [ -64.523251386148146, 45.842563110636711 ], [ -64.53185791117339, 45.850344237310146 ], [ -64.534908939276164, 45.854511634063442 ], [ -64.536299001955229, 45.865069258354119 ], [ -64.532421980916908, 45.877009742580633 ], [ -64.531857379840446, 45.882564360100083 ], [ -64.533521709416803, 45.898119912497435 ], [ -64.537961148262269, 45.893397120388798 ], [ -64.541029069510856, 45.887011214086563 ], [ -64.540741075529681, 45.881175398032966 ], [ -64.542416774411635, 45.875621563394446 ], [ -64.542967316278492, 45.870059089695609 ], [ -64.549084564487103, 45.868121236205738 ], [ -64.556012799516282, 45.870899109600856 ], [ -64.561567784578628, 45.874508163142487 ], [ -64.570206403662368, 45.882281274591101 ], [ -64.575758374084671, 45.88562209324806 ], [ -64.580201113426838, 45.889505560318028 ], [ -64.582975621892572, 45.893954697171814 ], [ -64.590470662545201, 45.90284138499284 ], [ -64.598800381694261, 45.915339091668912 ], [ -64.603533618574403, 45.924509312533139 ], [ -64.609909065566512, 45.933123252398467 ], [ -64.611573286608902, 45.937838433516482 ], [ -64.61741861679414, 45.94728170225136 ], [ -64.621293680261033, 45.950898283205674 ], [ -64.632128492526846, 45.957841504449121 ], [ -64.66158060524414, 45.974503018335568 ], [ -64.671298447335516, 45.982002797953761 ], [ -64.680743585864533, 45.994782719471054 ], [ -64.683247389004208, 46.004783976546705 ], [ -64.681310613294187, 46.021729973799417 ], [ -64.685751474947935, 46.036179694894443 ], [ -64.686299844523845, 46.041450565639146 ], [ -64.689918010364053, 46.05089480070378 ], [ -64.694357050679983, 46.054778328784131 ], [ -64.71465120506798, 46.064507016015241 ], [ -64.728247806067586, 46.075622374066967 ], [ -64.736305984475095, 46.083944605182062 ], [ -64.746864983393223, 46.090614657739287 ], [ -64.753821672071865, 46.089224775731132 ], [ -64.758538565387056, 46.08533505261488 ], [ -64.763816858806379, 46.083121455817789 ], [ -64.758810890239701, 46.078399327428983 ], [ -64.75186921253524, 46.07589603394576 ], [ -64.746314875196134, 46.072563621402537 ], [ -64.742973010765638, 46.068122860573041 ], [ -64.738531422536298, 46.064224393765606 ], [ -64.704931739064008, 46.043678593625103 ], [ -64.698796440510677, 46.035065023627283 ], [ -64.697971931849594, 46.02978570947684 ], [ -64.707416888612713, 45.999504022898925 ], [ -64.705754586221261, 45.994782144515405 ], [ -64.701315839728238, 45.990898910265862 ], [ -64.695743625859521, 45.987565793591642 ], [ -64.681858146402618, 45.981445313795788 ], [ -64.676303985592867, 45.978113001179004 ], [ -64.672139361834681, 45.973389336074995 ], [ -64.667131970554735, 45.965067068360341 ], [ -64.651035040493284, 45.949229254493495 ], [ -64.622972841710833, 45.932008558173635 ], [ -64.619355590532734, 45.92811813024435 ], [ -64.617419356930654, 45.923395152422842 ], [ -64.616302890226564, 45.913117535442431 ], [ -64.61268640636122, 45.903673431476655 ], [ -64.609909063194593, 45.898677184111428 ], [ -64.603241128086054, 45.890619116080217 ], [ -64.572981468881721, 45.863398953300283 ], [ -64.572982539602762, 45.856455381714724 ], [ -64.573256240125801, 45.850620089062232 ], [ -64.575758685271623, 45.83950308603837 ], [ -64.578535304485385, 45.833400987382163 ], [ -64.582426048221436, 45.827014645176199 ], [ -64.599912931853694, 45.807009648359461 ], [ -64.619352842265485, 45.788959951332942 ], [ -64.651581650195709, 45.76728509772898 ], [ -64.657975349298454, 45.763958590376362 ], [ -64.66880950771791, 45.756734449787132 ], [ -64.671858598213916, 45.750347950559444 ], [ -64.669906531049222, 45.745899803381917 ], [ -64.66241426545777, 45.737843344561341 ], [ -64.656019708115963, 45.734234259938589 ], [ -64.648528982356297, 45.725339541391435 ], [ -64.644361019575996, 45.721731317087254 ], [ -64.641584551528496, 45.71728191176166 ], [ -64.647412930303929, 45.713681231832489 ], [ -64.672972861223172, 45.722288198046535 ], [ -64.680190867266603, 45.722288039691072 ], [ -64.68685893622164, 45.720340743345417 ], [ -64.692413225196418, 45.716175777017561 ], [ -64.698792270678183, 45.698675405118884 ], [ -64.702149460640882, 45.69312071319267 ], [ -64.711029815486498, 45.682286035768037 ], [ -64.730195422162723, 45.662564415096725 ], [ -64.739076256546625, 45.651730952574297 ], [ -64.747696066263558, 45.634237648751679 ], [ -64.752152717764929, 45.628676782923421 ], [ -64.755752751217415, 45.622563744100425 ], [ -64.771866555213222, 45.610067005531484 ], [ -64.777695873992784, 45.60729074933441 ], [ -64.785187306351091, 45.610350908098461 ], [ -64.790742565675529, 45.613684137479012 ], [ -64.7960204287495, 45.622565241235442 ], [ -64.80102582519018, 45.62645560114688 ], [ -64.807696006076924, 45.629790528326836 ], [ -64.816591571699234, 45.632565865626248 ], [ -64.824648720440493, 45.633405017515699 ], [ -64.846866541816411, 45.633406581048071 ], [ -64.883807294440174, 45.631735425096423 ], [ -64.903539156186255, 45.627844044596621 ], [ -64.908528751354936, 45.624235557050831 ], [ -64.918248415837155, 45.615072547044527 ], [ -64.940741525811333, 45.60229435707776 ], [ -64.946585186983555, 45.598119265711169 ], [ -64.956028692095998, 45.589788509911834 ], [ -64.961309349123724, 45.58618016771657 ], [ -64.97576091043274, 45.572570596191511 ], [ -64.986028651834729, 45.564512096126911 ], [ -64.996588266433577, 45.557287698349143 ], [ -65.01438194250477, 45.54895631485654 ], [ -65.046866862732998, 45.539237275074726 ], [ -65.072992546231276, 45.534514613299542 ], [ -65.078820887609965, 45.531737371709319 ], [ -65.103815232066751, 45.525068228181588 ], [ -65.137704536919145, 45.517843078184505 ], [ -65.151591765232098, 45.516180687626381 ], [ -65.163813298647781, 45.513128730442588 ], [ -65.219922339386741, 45.493955244481789 ], [ -65.237424440417811, 45.485625393846725 ], [ -65.250484705811147, 45.481451706464775 ], [ -65.256331354142461, 45.47867434579674 ], [ -65.314084036181768, 45.461455574076503 ], [ -65.326049717927404, 45.457571977263598 ], [ -65.338821336339194, 45.452293140635099 ], [ -65.367430903695862, 45.43784233564611 ], [ -65.39383018768558, 45.41951750627976 ], [ -65.420763428392021, 45.402846025624079 ], [ -65.473268820845618, 45.378118575925484 ], [ -65.485490499984536, 45.373678298896017 ], [ -65.497149011960275, 45.368124444550254 ], [ -65.509935687114321, 45.364516540894151 ], [ -65.521609751352045, 45.358962821958876 ], [ -65.526599128565195, 45.354514943300394 ], [ -65.531329267219888, 45.342567122884496 ], [ -65.535496547792675, 45.337012700002596 ], [ -65.544652306698353, 45.327017801431317 ], [ -65.549930923189848, 45.323403143862464 ], [ -65.555759425106629, 45.320625313611316 ], [ -65.568545981875559, 45.317015112869647 ], [ -65.604375034645813, 45.315071608160302 ], [ -65.611316825195601, 45.313956452949249 ], [ -65.623813687844532, 45.310347870295018 ], [ -65.635502145875506, 45.304785706579786 ], [ -65.645499227711625, 45.296737794675344 ], [ -65.651601789609529, 45.293959805655781 ], [ -65.665213024021256, 45.29035062532553 ], [ -65.684927096088543, 45.287292805499753 ], [ -65.697714487063976, 45.28368342379801 ], [ -65.714942000147929, 45.2753441911726 ], [ -65.720221522435082, 45.271736098941481 ], [ -65.724662553811399, 45.267845356859503 ], [ -65.728827320542152, 45.262290220350323 ], [ -65.734383046464089, 45.249794360717296 ], [ -65.739096267950202, 45.245344687882977 ], [ -65.745490558421054, 45.24339948469364 ], [ -65.753274615196176, 45.244231456120879 ], [ -65.760217266583354, 45.247016422157053 ], [ -65.770502502300261, 45.254515502097497 ], [ -65.776878406434179, 45.257849243660914 ], [ -65.785211293344403, 45.259513964596749 ], [ -65.792153468114819, 45.258405981874198 ], [ -65.798549020885119, 45.25673544112145 ], [ -65.81020568658225, 45.251183068809922 ], [ -65.826609880075225, 45.241179794512618 ], [ -65.84772729299327, 45.226454894191903 ], [ -65.858822196964681, 45.220060988932524 ], [ -65.883005175970098, 45.209235669673554 ], [ -65.889384795408802, 45.207573131813454 ], [ -65.902996905999871, 45.205627334804092 ], [ -65.910212537904556, 45.205344755802855 ], [ -65.91827122690799, 45.206176773333937 ], [ -65.927441577044462, 45.20896098714254 ], [ -65.945493979062505, 45.219230810583845 ], [ -65.961895541664276, 45.221732831902784 ], [ -65.96911497982471, 45.221731408547882 ], [ -65.982709598119115, 45.219787511570239 ], [ -65.989379903209354, 45.223120374078768 ], [ -65.995498698468708, 45.228673824591084 ], [ -65.99854817659002, 45.228674307038112 ], [ -66.002455021515232, 45.238676285737718 ], [ -66.002454443587027, 45.243956602898571 ], [ -66.001066568525587, 45.24951096074053 ], [ -66.001342006110562, 45.254788808884065 ], [ -66.006346153981951, 45.258405547236279 ], [ -66.014953501438882, 45.260352057472666 ], [ -66.018843344898428, 45.264234188334974 ], [ -66.020232628032801, 45.269231421776524 ], [ -66.019395267938791, 45.274236459983378 ], [ -66.036057861143874, 45.274511337351377 ], [ -66.039110033515598, 45.278403240718653 ], [ -66.036897182188426, 45.283680690289387 ], [ -66.038558953009996, 45.288404445006165 ], [ -66.045776552786236, 45.288403938470111 ], [ -66.052721527204156, 45.285902492510473 ], [ -66.058548988261819, 45.284794457642811 ], [ -66.074954674284925, 45.285626696729977 ], [ -66.083835144934753, 45.288122183029607 ], [ -66.09994934641621, 45.290624280898598 ], [ -66.114399816200802, 45.297017038501103 ], [ -66.119388816623513, 45.300900961016474 ], [ -66.125782599814727, 45.304234221636243 ], [ -66.129672390867114, 45.308118596237016 ], [ -66.132450987012561, 45.312566180480744 ], [ -66.127447024389099, 45.317845340973776 ], [ -66.120503135370015, 45.318958669134716 ], [ -66.113284217779395, 45.318958900612358 ], [ -66.101063237949347, 45.323682394766657 ], [ -66.09189136196423, 45.332013107871688 ], [ -66.088290333281691, 45.338398980975533 ], [ -66.083285785933242, 45.342838488932962 ], [ -66.077457920287017, 45.345615858977958 ], [ -66.056887378337876, 45.34867650799896 ], [ -66.044666096898297, 45.35339732813874 ], [ -66.028842626754383, 45.364231548880973 ], [ -66.014681347404121, 45.377843712834554 ], [ -66.011063482833677, 45.384236104460825 ], [ -66.002459421248645, 45.39506973133296 ], [ -66.000229791751437, 45.401173796771552 ], [ -65.996613818507456, 45.417841837839731 ], [ -65.997166351793126, 45.433673471261912 ], [ -65.993836675147364, 45.455623966495992 ], [ -65.993837343904659, 45.460895754703152 ], [ -66.001895645176944, 45.461734820606416 ], [ -66.007740807072409, 45.458958467068342 ], [ -66.023563316629662, 45.447841187207764 ], [ -66.038287980208096, 45.435061697703453 ], [ -66.043552664216634, 45.431453790613169 ], [ -66.057164001715662, 45.417011561144783 ], [ -66.064671632139351, 45.404232602848076 ], [ -66.068851086218416, 45.398677740959087 ], [ -66.078571042714088, 45.389507598790388 ], [ -66.081074564392253, 45.383679804277179 ], [ -66.085513297982061, 45.361179427470454 ], [ -66.08772740178641, 45.355342671837704 ], [ -66.093554700379045, 45.352566928852134 ], [ -66.100499561780509, 45.351461310598793 ], [ -66.109393631901483, 45.354237797770139 ], [ -66.118000283690932, 45.355900239635965 ], [ -66.132453056695979, 45.356174746484797 ], [ -66.138844642986214, 45.354512574230164 ], [ -66.156056052523482, 45.346172359227104 ], [ -66.16994418639004, 45.344226691192965 ], [ -66.177451398531872, 45.343953048043332 ], [ -66.183830608766968, 45.34228885133863 ], [ -66.189674932796407, 45.339504655652519 ], [ -66.192723887283321, 45.333675193185826 ], [ -66.192724706049304, 45.328404292182128 ], [ -66.189948502559332, 45.323957024108829 ], [ -66.184942666880701, 45.320347160929245 ], [ -66.181064841956399, 45.316174793698224 ], [ -66.1785629141513, 45.305897160017942 ], [ -66.175495320412722, 45.302006765130741 ], [ -66.156345315490142, 45.29145427000612 ], [ -66.147450844446112, 45.283682642970426 ], [ -66.144673435556726, 45.279233547445777 ], [ -66.138003836140797, 45.275899307682231 ], [ -66.130221230901071, 45.27506811913814 ], [ -66.108003798161263, 45.275341589068724 ], [ -66.091891831263084, 45.274237526567227 ], [ -66.079392913814516, 45.277287831748971 ], [ -66.073016135452264, 45.273955379486878 ], [ -66.069124495122708, 45.270063335721687 ], [ -66.062715713802916, 45.266737013244622 ], [ -66.058823508820737, 45.262572471730714 ], [ -66.057160362324623, 45.257574863631028 ], [ -66.063005517697178, 45.254790328939421 ], [ -66.076341097164132, 45.252012747698529 ], [ -66.082170947501979, 45.249236017853434 ], [ -66.086902064147111, 45.243124069244423 ], [ -66.091066104124707, 45.239234181370527 ], [ -66.097169288832148, 45.236456232576472 ], [ -66.103838851658253, 45.235623624850405 ], [ -66.116611362713755, 45.23173322726111 ], [ -66.139680427751472, 45.220616886186171 ], [ -66.144945010852979, 45.217009671149569 ], [ -66.149127334420513, 45.211736268432915 ], [ -66.149126431048529, 45.206456313854936 ], [ -66.146348100756313, 45.202009536575105 ], [ -66.142459460955919, 45.197844488726687 ], [ -66.146622646227257, 45.192290744586565 ], [ -66.169664242573489, 45.181182458962823 ], [ -66.181886790223658, 45.176733540186412 ], [ -66.204959143623981, 45.163954114232133 ], [ -66.216052870331751, 45.159230910561803 ], [ -66.222171946268261, 45.16312363292834 ], [ -66.223012392007604, 45.178121997838268 ], [ -66.22578982430737, 45.182570519049293 ], [ -66.228840425932546, 45.193120244927684 ], [ -66.231618780323075, 45.19756170058789 ], [ -66.238560439069403, 45.205624443051754 ], [ -66.244940088522739, 45.208960579613638 ], [ -66.253011619091112, 45.209791012510117 ], [ -66.278844762297624, 45.203123695823933 ], [ -66.292731110101613, 45.201177976529834 ], [ -66.314111214420137, 45.199789137870191 ], [ -66.321343374618849, 45.198118958182214 ], [ -66.324683271517515, 45.192564403223308 ], [ -66.323294987093078, 45.187566846084998 ], [ -66.320792835152218, 45.1831255031978 ], [ -66.313009843884444, 45.180349744155002 ], [ -66.304954012787277, 45.179509369982682 ], [ -66.280782436875995, 45.188672073914077 ], [ -66.261908699733652, 45.194508770112868 ], [ -66.252736352639999, 45.191733140814108 ], [ -66.250234626148682, 45.187284783288518 ], [ -66.248554490704876, 45.182570533683503 ], [ -66.251073659505806, 45.176732380219704 ], [ -66.250800010210298, 45.171453794470764 ], [ -66.248282158708278, 45.167013544700396 ], [ -66.249393150539248, 45.161451514810906 ], [ -66.254675015002732, 45.157568154136634 ], [ -66.261066752025002, 45.155896609549067 ], [ -66.273015657893453, 45.15117411589457 ], [ -66.293553628081767, 45.146734973964065 ], [ -66.298832419085485, 45.144515220195103 ], [ -66.304953736550246, 45.141738940026563 ], [ -66.309941591775001, 45.138120585033988 ], [ -66.316624991858021, 45.135625801397474 ], [ -66.32302007151074, 45.135070000116187 ], [ -66.329399275841311, 45.13840440550625 ], [ -66.332174996732547, 45.142843961399507 ], [ -66.338843167083098, 45.146177456512341 ], [ -66.345235916882061, 45.144514723818425 ], [ -66.349679319749711, 45.139791299650291 ], [ -66.351065264203726, 45.134236790284675 ], [ -66.350501710343963, 45.118675140648257 ], [ -66.354667076070967, 45.113128662358548 ], [ -66.36051268409264, 45.110349805981784 ], [ -66.389398015633475, 45.108961183523419 ], [ -66.395514366092513, 45.107291055755852 ], [ -66.405786381327488, 45.098952816323525 ], [ -66.409675381795978, 45.093397635801189 ], [ -66.427178863230381, 45.08506793946718 ], [ -66.434944013501379, 45.077018742381306 ], [ -66.439951273958087, 45.073400866218876 ], [ -66.446893955574495, 45.072294996400764 ], [ -66.45606425700673, 45.075072181484934 ], [ -66.461068537666904, 45.078679762318579 ], [ -66.462457615923782, 45.083403895678224 ], [ -66.461343497390914, 45.095069787028933 ], [ -66.459130241767866, 45.106177360470085 ], [ -66.45913142749157, 45.111457622889567 ], [ -66.460518992881759, 45.116179319344191 ], [ -66.467463846962289, 45.129790742851952 ], [ -66.472178124871022, 45.134237893178259 ], [ -66.485515728330682, 45.140349790234062 ], [ -66.48829431659577, 45.150069115423555 ], [ -66.495784770658744, 45.149793488509999 ], [ -66.501630882538436, 45.147016056209473 ], [ -66.510525652062029, 45.138677200275268 ], [ -66.516356158402345, 45.1359007506315 ], [ -66.522731695568311, 45.138961022684647 ], [ -66.524410576511173, 45.14395722197888 ], [ -66.530789769180117, 45.1472914965508 ], [ -66.536907712785094, 45.145346135888772 ], [ -66.546902748406154, 45.137014232694177 ], [ -66.553572294005747, 45.134511309276462 ], [ -66.559400864258166, 45.133406051543595 ], [ -66.56523180118154, 45.130621098651595 ], [ -66.570800898095698, 45.126731567104116 ], [ -66.571640207749113, 45.121175929537891 ], [ -66.574125216530391, 45.115348298973224 ], [ -66.580518631332808, 45.113402975164711 ], [ -66.585523539346937, 45.117011321920977 ], [ -66.593016869473402, 45.117010285576249 ], [ -66.598298524297974, 45.11340223193389 ], [ -66.602463223847209, 45.1078480052226 ], [ -66.607453032066843, 45.104240088887515 ], [ -66.620513121520133, 45.099790709308678 ], [ -66.631621901365648, 45.094786992204824 ], [ -66.641631957340152, 45.086454445224796 ], [ -66.647462696211747, 45.083679679666631 ], [ -66.661073241741164, 45.081741429499431 ], [ -66.680514694897326, 45.077019233406155 ], [ -66.699403540914972, 45.071182396618354 ], [ -66.706638586604441, 45.071181700007344 ], [ -66.712192026274764, 45.074789709249536 ], [ -66.713581613002361, 45.079512066283982 ], [ -66.712190789082854, 45.08534206326479 ], [ -66.713854075608765, 45.090064755398167 ], [ -66.7216381301062, 45.089233630830634 ], [ -66.725239302092461, 45.084509169297604 ], [ -66.7274662578819, 45.073401543984843 ], [ -66.732181915608791, 45.068680451414608 ], [ -66.738010402536915, 45.065902559633678 ], [ -66.748295909402799, 45.058401857424471 ], [ -66.754139014630312, 45.05562462293819 ], [ -66.761633867347584, 45.055625524584279 ], [ -66.777196799605392, 45.057289522967594 ], [ -66.791906017740843, 45.055344122834704 ], [ -66.796364559018613, 45.058959012673903 ], [ -66.797462280656617, 45.063681942535922 ], [ -66.796639301942847, 45.069237518356495 ], [ -66.776358019108386, 45.086455349048109 ], [ -66.775519774496971, 45.091454068245177 ], [ -66.777197737295992, 45.096175948098519 ], [ -66.782478770599297, 45.099791910210271 ], [ -66.789971551496251, 45.102852222548222 ], [ -66.796363813570437, 45.100905199392031 ], [ -66.799964420778537, 45.094512759547818 ], [ -66.799690105304478, 45.089231724821083 ], [ -66.803856618272349, 45.083954262601715 ], [ -66.8116222579972, 45.086730442148387 ], [ -66.816917180180084, 45.090621287406648 ], [ -66.825249275069524, 45.092292869246123 ], [ -66.831917564079191, 45.089508402040209 ], [ -66.841913665300027, 45.082846697831869 ], [ -66.854409962269813, 45.075905464049796 ], [ -66.867746895246725, 45.062842675908996 ], [ -66.873301312012103, 45.059235423260887 ], [ -66.879404731786792, 45.057289843088697 ], [ -66.887204835676513, 45.060349621917489 ], [ -66.889704911693869, 45.06479010333765 ], [ -66.893582528406256, 45.06923684682215 ], [ -66.895536672836201, 45.073684711921338 ], [ -66.899410814310173, 45.07756716583787 ], [ -66.904690846032594, 45.086455645332904 ], [ -66.90803503349251, 45.100906780132874 ], [ -66.908308576200213, 45.105902834436655 ], [ -66.907194488695495, 45.111458674804396 ], [ -66.902480875859226, 45.116180026901283 ], [ -66.895537560105979, 45.11728747574255 ], [ -66.885251988658197, 45.109794301455381 ], [ -66.878292928927607, 45.110899596409652 ], [ -66.873304022119768, 45.114517001999644 ], [ -66.869138752179637, 45.120062831452856 ], [ -66.864423085406401, 45.124512149245334 ], [ -66.858029439307785, 45.126457554339183 ], [ -66.843867080655457, 45.127562399694774 ], [ -66.845256932731147, 45.13256696467603 ], [ -66.850519409940389, 45.136184377814594 ], [ -66.859141573024587, 45.137846758157458 ], [ -66.873577391839888, 45.137571774088407 ], [ -66.88218529023483, 45.139236397670402 ], [ -66.889981781332338, 45.142013148013127 ], [ -66.924972709266314, 45.157845008991089 ], [ -66.929977580130867, 45.161452516993414 ], [ -66.932741104786814, 45.165901048103713 ], [ -66.935808367731838, 45.175628288310619 ], [ -66.941088034783206, 45.179237443791614 ], [ -66.948855001310619, 45.18756741676065 ], [ -66.957476280807356, 45.189230907194492 ], [ -66.962483166242876, 45.185340122027554 ], [ -66.964984108262726, 45.17951030952505 ], [ -66.978304048495147, 45.16478725086516 ], [ -66.98219600573367, 45.158400381640618 ], [ -66.986636662774785, 45.15395255994769 ], [ -66.993579392309883, 45.152846738079894 ], [ -66.998585658842771, 45.156455932303793 ], [ -67.006658181498508, 45.164787752756133 ], [ -67.011936944295357, 45.168402557987584 ], [ -67.021367430378277, 45.170347935106136 ], [ -67.026647783351279, 45.1681284243204 ], [ -67.028876919801831, 45.162010094294487 ], [ -67.027487579461379, 45.157288414071097 ], [ -67.027211907656351, 45.14673564704065 ], [ -67.042196434135718, 45.133406599838402 ], [ -67.045812728536589, 45.127013035053714 ], [ -67.046926612440458, 45.121453577679361 ], [ -67.046652118688343, 45.116181755504662 ], [ -67.04497373788837, 45.111457867736867 ], [ -67.0344305063593, 45.093399667636838 ], [ -67.032749569153737, 45.088677354531775 ], [ -67.040258396377268, 45.088676716410625 ], [ -67.067205699544402, 45.101464261365493 ], [ -67.077766243025877, 45.108682085365338 ], [ -67.085823058347472, 45.116737641870451 ], [ -67.088600934960439, 45.121176699685144 ], [ -67.092490115896879, 45.125343946905666 ], [ -67.100532847080046, 45.138678132729332 ], [ -67.102212787694285, 45.143400964605313 ], [ -67.10608797134735, 45.147566822290045 ], [ -67.12165206176121, 45.158674418332815 ], [ -67.12720783513852, 45.167571244947311 ], [ -67.128870251210472, 45.172294329460165 ], [ -67.128595691924218, 45.192838937714029 ], [ -67.125254960291286, 45.215620129368695 ], [ -67.126645370119519, 45.220342270336957 ], [ -67.13444256216107, 45.22339561338395 ], [ -67.140270279877726, 45.220616275137779 ], [ -67.144986965607671, 45.215902271310128 ], [ -67.149990163642414, 45.212285681819985 ], [ -67.154157375865438, 45.216177042956758 ], [ -67.155821492358612, 45.226454226797649 ], [ -67.161375081493333, 45.235341318952436 ], [ -67.165267258373888, 45.239232580329677 ], [ -67.175826287873221, 45.24673208676785 ], [ -67.18193125844698, 45.244786847140332 ], [ -67.185821714917736, 45.238400466890226 ], [ -67.185255650252856, 45.227841597451949 ], [ -67.183867984693578, 45.223119170766523 ], [ -67.178313376199441, 45.214231125169476 ], [ -67.176649473312068, 45.209508840005988 ], [ -67.177761992916913, 45.203680494357187 ], [ -67.176375169801375, 45.198951162555261 ], [ -67.172483528862699, 45.194784794468482 ], [ -67.170543990378732, 45.190618610032203 ], [ -67.177763364705214, 45.190619181582711 ], [ -67.186368031440338, 45.192288861775353 ], [ -67.194152535846186, 45.191450118486365 ], [ -67.198859751295586, 45.190169600151826 ], [ -67.206390998309459, 45.188115743716111 ], [ -67.205977929165982, 45.183112356353845 ], [ -67.117932818840558, 45.066484846516921 ], [ -67.105644991317376, 45.051048761934354 ], [ -67.094115357400682, 45.034935354299456 ], [ -67.091726880720785, 45.03298034160612 ], [ -67.088431951355986, 45.027322251762541 ], [ -67.082473051147232, 45.01602812180726 ], [ -67.068220421196187, 44.997438455750626 ], [ -67.057736441466119, 44.979962475147644 ], [ -67.055181559891366, 44.973422072475394 ], [ -67.054500358831234, 44.967435159436903 ], [ -67.047161391184744, 44.963392731366156 ], [ -67.044971930628691, 44.959620271816966 ], [ -67.046535335455289, 44.956954108760705 ], [ -67.053203585110651, 44.955007498151886 ], [ -67.058202420170048, 44.956640408121487 ], [ -67.061970472714478, 44.957749645649827 ], [ -67.062939371134391, 44.954600329816664 ], [ -67.062626086328663, 44.951380036467995 ], [ -67.062285176676284, 44.942205742720112 ], [ -67.06638908432393, 44.933721767911223 ], [ -67.07260087752941, 44.92992632097711 ], [ -67.077193444332394, 44.929248091543315 ], [ -67.081237051634062, 44.927625935940448 ], [ -67.081471849008196, 44.925349649383271 ], [ -67.079962276129478, 44.921152650743096 ], [ -67.077718265856078, 44.917832877522038 ], [ -67.080517896816858, 44.915694030062411 ], [ -67.093092079485416, 44.91908858986789 ], [ -67.09781598912609, 44.923444224657075 ], [ -67.097585906181379, 44.925726162524761 ], [ -67.093946154999045, 44.929656249477866 ], [ -67.094716154287113, 44.934729158988212 ], [ -67.100868743388801, 44.937791773159759 ], [ -67.104995577872529, 44.941668176153343 ], [ -67.104483556470697, 44.946672716305351 ], [ -67.106078863284452, 44.949960655172525 ], [ -67.111960443365504, 44.94934602691967 ], [ -67.117478412826813, 44.945971290427515 ], [ -67.122766176631629, 44.944864231546255 ], [ -67.129556063097283, 44.947963024924157 ], [ -67.137726708833995, 44.950211883832829 ], [ -67.13943498360473, 44.946179386949105 ], [ -67.134752168692955, 44.941361886769847 ], [ -67.124198817919591, 44.937161700977342 ], [ -67.11956851630049, 44.931891286780534 ], [ -67.119802974870382, 44.929612764758666 ], [ -67.121961944716404, 44.927439174442149 ], [ -67.127646799205749, 44.928645081800127 ], [ -67.13513167727065, 44.931319003269991 ], [ -67.14242577718197, 44.935807350855669 ], [ -67.146881541875885, 44.936494686676056 ], [ -67.150879374150591, 44.935324246859523 ], [ -67.156023382782365, 44.935582525481784 ], [ -67.159189602439184, 44.936209388682045 ], [ -67.165575174512213, 44.936989748107983 ], [ -67.165986717213727, 44.932893575500678 ], [ -67.157227218925584, 44.923750772353422 ], [ -67.146631639595867, 44.920004212612973 ], [ -67.135605998512176, 44.920355841707092 ], [ -67.123673108491928, 44.916997578908237 ], [ -67.11991828388166, 44.90948279643446 ], [ -67.118050368777361, 44.902526009602887 ], [ -67.11787264397276, 44.897936269016689 ], [ -67.121458703060057, 44.894465364278922 ], [ -67.124673021282518, 44.894626325210062 ], [ -67.132242101460292, 44.89638763834072 ], [ -67.1350935408841, 44.893786727292536 ], [ -67.133904368796578, 44.886404729343795 ], [ -67.144043589505884, 44.888300842824272 ], [ -67.148362681892252, 44.890349433598587 ], [ -67.152025721719625, 44.898774322485991 ], [ -67.156784572983682, 44.902678285416158 ], [ -67.161653838235452, 44.90567207487851 ], [ -67.171654588902769, 44.908925642453774 ], [ -67.180514953825892, 44.910753437477155 ], [ -67.188455632648981, 44.915273936688507 ], [ -67.190844582561994, 44.917222419611605 ], [ -67.19117896124915, 44.917152440607261 ], [ -67.196115998112447, 44.91611910123283 ], [ -67.202228589941328, 44.913229755462822 ], [ -67.206629308443567, 44.914369043783459 ], [ -67.213099447383115, 44.91423659860088 ], [ -67.214526085069807, 44.912938047555357 ], [ -67.214205709388523, 44.909718407903263 ], [ -67.213245709752556, 44.906465423950863 ], [ -67.200263299182737, 44.903929809919106 ], [ -67.197404565196933, 44.903371273992342 ], [ -67.191072107996916, 44.902140011922157 ], [ -67.192728705550181, 44.898560426773606 ], [ -67.198191221237806, 44.895635900141265 ], [ -67.200579076412041, 44.891180602201423 ], [ -67.200212291442526, 44.888414235337279 ], [ -67.195856627751382, 44.886823141721429 ], [ -67.189432199696739, 44.886495986914369 ], [ -67.184574054100779, 44.883501062986056 ], [ -67.181634515373659, 44.880606549999278 ], [ -67.180032236362322, 44.877323648723845 ], [ -67.172227603610466, 44.877844918246261 ], [ -67.16723074006687, 44.876211601252855 ], [ -67.164154174153836, 44.87468173279732 ], [ -67.160173393602321, 44.869449092575877 ], [ -67.152939248068847, 44.851691298815524 ], [ -67.153246046178452, 44.829741102111655 ], [ -67.156364295, 44.824416261109839 ], [ -67.156640408698294, 44.821679546498991 ], [ -67.151871440616134, 44.81778220129177 ], [ -67.147019949160892, 44.814786401372409 ], [ -67.139365733018394, 44.813937313718696 ], [ -67.139596037227349, 44.818064526681496 ], [ -67.140366132705694, 44.823133065253508 ], [ -67.138565967364343, 44.834483722300249 ], [ -67.137726705344576, 44.842675678385056 ], [ -67.139506087657679, 44.850545843063934 ], [ -67.14467796847569, 44.863165889410077 ], [ -67.147645248268631, 44.872010579400232 ], [ -67.140945345872638, 44.87441102205451 ], [ -67.12796063725456, 44.875116105844519 ], [ -67.125571044865168, 44.873168170925567 ], [ -67.124666396168337, 44.869455312732143 ], [ -67.120919221557173, 44.861944872136498 ], [ -67.118819211464839, 44.850855638690852 ], [ -67.117081718247022, 44.848937062263069 ], [ -67.114563212813394, 44.848348806761059 ], [ -67.107774024110654, 44.851657097561315 ], [ -67.102486370144604, 44.852764141531949 ], [ -67.096901864141202, 44.850641344696704 ], [ -67.092261125052119, 44.851778958737583 ], [ -67.093314031551714, 44.854117674652819 ], [ -67.095054001423804, 44.856037253204448 ], [ -67.103263126637771, 44.857835305731577 ], [ -67.110183236862099, 44.859560326697284 ], [ -67.111784693148607, 44.862844592025887 ], [ -67.108009192070838, 44.868148641235628 ], [ -67.104017464397899, 44.869311200951572 ], [ -67.098335992933215, 44.868101653834437 ], [ -67.097831277345065, 44.866706470886164 ], [ -67.09509247454038, 44.861987153047984 ], [ -67.090361148221149, 44.864032231406185 ], [ -67.089889547548623, 44.86858353382911 ], [ -67.095162445251731, 44.873887993555186 ], [ -67.104040249990149, 44.881667483453654 ], [ -67.106047515653231, 44.887261987507053 ], [ -67.102463296267686, 44.890742338786225 ], [ -67.097325784806486, 44.890475612977639 ], [ -67.093206519827788, 44.886597970022748 ], [ -67.089537635271654, 44.884576500137065 ], [ -67.078351800647539, 44.880342940585415 ], [ -67.073363595945068, 44.87230652427445 ], [ -67.07268991803231, 44.866325264072707 ], [ -67.075490406897188, 44.864180342611277 ], [ -67.077702570237037, 44.861548965940017 ], [ -67.075278830821659, 44.860048858816469 ], [ -67.072896228417505, 44.858096444814421 ], [ -67.070463654007966, 44.856594243767148 ], [ -67.064223664769372, 44.860849681131533 ], [ -67.062888390398129, 44.861239670379021 ], [ -67.060323861655917, 44.86110625911261 ], [ -67.060429595215339, 44.85378942500337 ], [ -67.063674557723033, 44.841143296047498 ], [ -67.066306472622244, 44.834417999267551 ], [ -67.069243877732916, 44.830912910781628 ], [ -67.070808410914367, 44.828250735135725 ], [ -67.069853511912484, 44.824996680131235 ], [ -67.062008893379655, 44.825958086579512 ], [ -67.055762155040199, 44.830210817880982 ], [ -67.051489275675806, 44.834105456381479 ], [ -67.047217021175385, 44.838004950482528 ], [ -67.045818859986454, 44.845252639123522 ], [ -67.042966023048621, 44.847851359015671 ], [ -67.035031986611898, 44.849724298114843 ], [ -67.0347939761497, 44.85200438925721 ], [ -67.038176113298704, 44.856753940991425 ], [ -67.040921662989319, 44.861472091673278 ], [ -67.045445607801128, 44.867655425491208 ], [ -67.048452163508415, 44.876047827048154 ], [ -67.049764236742277, 44.88206844413132 ], [ -67.055479863792158, 44.889225404677148 ], [ -67.061743139275919, 44.897330310082026 ], [ -67.063749242832671, 44.902921356185558 ], [ -67.0557603145283, 44.905258101017978 ], [ -67.050024480883295, 44.904500977689821 ], [ -67.042837275318789, 44.899092518205556 ], [ -67.037572585265409, 44.893787046858584 ], [ -67.027308610920144, 44.886848625307593 ], [ -67.025668407986046, 44.884017601099316 ], [ -67.024762150818248, 44.880304784045187 ], [ -67.013080968368683, 44.874663924371362 ], [ -67.012677715120816, 44.872355862027135 ], [ -67.013837105746148, 44.867382578490172 ], [ -67.017659514023975, 44.861633238904197 ], [ -67.017949558724396, 44.858900758438352 ], [ -67.016299466508571, 44.856072064896416 ], [ -67.014615089928611, 44.853694820856056 ], [ -67.009975599566729, 44.854823163695173 ], [ -67.007862849341961, 44.856543688249964 ], [ -67.004910142629427, 44.860049886818224 ], [ -66.999546147075677, 44.862059409478128 ], [ -66.994449588953103, 44.86133573838255 ], [ -66.990046728510308, 44.860187529421495 ], [ -66.988270055864788, 44.85872159697383 ], [ -66.986269407219325, 44.853127143942984 ], [ -66.986697437828113, 44.849033697687084 ], [ -66.990193519694216, 44.846466392297273 ], [ -66.997173137399471, 44.841343056582801 ], [ -66.998509572609521, 44.840958727996522 ], [ -66.997653879200925, 44.836793063593227 ], [ -66.996035880777427, 44.827557295940217 ], [ -66.98836072145869, 44.820747019324372 ], [ -66.982723776889671, 44.819079713743079 ], [ -66.972269848368668, 44.820361448974282 ], [ -66.961023692655175, 44.822974645265447 ], [ -66.957215921871168, 44.822315833984327 ], [ -66.95833775373093, 44.817793669667374 ], [ -66.962472149918256, 44.815268959561045 ], [ -66.972765041196382, 44.809405326312607 ], [ -66.985193667813348, 44.807769606458976 ], [ -66.990017416455004, 44.804817022353141 ], [ -66.994200264451436, 44.801834151697882 ], [ -66.998259100815559, 44.793815830866883 ], [ -67.001790230593215, 44.790795641591181 ], [ -67.009635401637723, 44.789829262404474 ], [ -67.018020361128919, 44.789814045500798 ], [ -67.02247431557204, 44.784097042053375 ], [ -67.025937342649669, 44.775585910678629 ], [ -67.035346134230025, 44.771961681521113 ], [ -67.041936259055603, 44.770473780814946 ], [ -67.04784970636095, 44.769404260473443 ], [ -67.05331310382816, 44.766489975219741 ], [ -67.059722357235742, 44.766822860380131 ], [ -67.059304400432666, 44.770919281698852 ], [ -67.060210918681648, 44.774623843014353 ], [ -67.064513148443069, 44.776675377156579 ], [ -67.071798448766884, 44.774769097164835 ], [ -67.073271691470538, 44.773014526956146 ], [ -67.072638870900946, 44.766577484705373 ], [ -67.073800098901671, 44.761609025074613 ], [ -67.08181919580467, 44.758818966308461 ], [ -67.085899166221239, 44.756739356662223 ], [ -67.083571764467834, 44.754333163250308 ], [ -67.0777977533739, 44.754036901962195 ], [ -67.077537520477037, 44.750361550976429 ], [ -67.078453600157218, 44.747661603178607 ], [ -67.078140446235736, 44.74444286780912 ], [ -67.084089972692254, 44.742923937934954 ], [ -67.094893908107011, 44.744399831381926 ], [ -67.101121435573404, 44.746547376808287 ], [ -67.103095288164781, 44.746191656052616 ], [ -67.107078559999749, 44.745024478595646 ], [ -67.111207548884707, 44.742491877580086 ], [ -67.114594041031893, 44.740836343500938 ], [ -67.121010215323281, 44.741168289948014 ], [ -67.120735508847162, 44.737490446257354 ], [ -67.113272910589373, 44.73482404870623 ], [ -67.107833710145854, 44.731337141303356 ], [ -67.106972742558298, 44.727180320363949 ], [ -67.109634310268092, 44.720000946470392 ], [ -67.114776019083621, 44.713858939763043 ], [ -67.119447453682227, 44.712268758197368 ], [ -67.124113760600707, 44.710682032495718 ], [ -67.127739808284744, 44.706753071609988 ], [ -67.132414998503336, 44.698756811182456 ], [ -67.139831132532123, 44.695483452819779 ], [ -67.144456311455215, 44.694346058365568 ], [ -67.14940670762094, 44.683623510170371 ], [ -67.162232063316765, 44.671473079330504 ], [ -67.164521822257782, 44.667929311877735 ], [ -67.169181943692323, 44.666338364757173 ], [ -67.178834154540098, 44.666377263021076 ], [ -67.191827067798613, 44.665210373094439 ], [ -67.199830915538442, 44.662418827171741 ], [ -67.202396078767251, 44.66254656223775 ], [ -67.211585949476017, 44.660728281441216 ], [ -67.21702625747487, 44.657801750644495 ], [ -67.21085506378688, 44.65520349121779 ], [ -67.200243733345516, 44.651919333601654 ], [ -67.196861291754004, 44.647173925327237 ], [ -67.195672895577843, 44.646197130544969 ], [ -67.199105546545582, 44.644088275002886 ], [ -67.206872930048888, 44.643565842512302 ], [ -67.215974407404289, 44.642657275416589 ], [ -67.22178732648598, 44.642492479868707 ], [ -67.228364823494417, 44.641001479901178 ], [ -67.235729202960655, 44.644571677533385 ], [ -67.240709453675905, 44.646196620624956 ], [ -67.243227550937505, 44.646783573684047 ], [ -67.248262743516136, 44.647952385024574 ], [ -67.252008750667386, 44.649058460200592 ], [ -67.252330668614206, 44.652273948084975 ], [ -67.251048887509512, 44.658614194204034 ], [ -67.248126437255337, 44.662119070807158 ], [ -67.245751970025168, 44.666575695955373 ], [ -67.246990038399488, 44.667094871249162 ], [ -67.254167992880198, 44.666085718600044 ], [ -67.259425659035813, 44.664979763330926 ], [ -67.267794800604406, 44.664941887817882 ], [ -67.271999910113237, 44.661497627986613 ], [ -67.271396531908195, 44.654608089349033 ], [ -67.26933491466751, 44.649474076068842 ], [ -67.269748331333545, 44.64538013980237 ], [ -67.267596091226451, 44.641154837935609 ], [ -67.26091208413483, 44.637163786257936 ], [ -67.260591710737302, 44.633944139937753 ], [ -67.264025654267357, 44.631832225328111 ], [ -67.265986251321692, 44.631472208171317 ], [ -67.271838546436115, 44.630851040454289 ], [ -67.274491680267005, 44.630073071998162 ], [ -67.277910861266733, 44.627955334590432 ], [ -67.280878616365399, 44.623992894053238 ], [ -67.284258964885879, 44.622332066267823 ], [ -67.286868225579738, 44.622007432208882 ], [ -67.289751623458017, 44.62535018704957 ], [ -67.291493377874303, 44.627269042419805 ], [ -67.290622709432895, 44.629511978747459 ], [ -67.289621831233575, 44.633115654294642 ], [ -67.29076703025882, 44.634547315322358 ], [ -67.297032082480385, 44.636235973911504 ], [ -67.298083860200336, 44.6385755618399 ], [ -67.295719357407307, 44.643027064450102 ], [ -67.295352959432336, 44.646670276739989 ], [ -67.298282106105603, 44.649557288400096 ], [ -67.299381420789445, 44.651441859177375 ], [ -67.305049163365524, 44.652640181803577 ], [ -67.304828929674755, 44.654916775928413 ], [ -67.30505680697749, 44.659039536830377 ], [ -67.308536049008765, 44.66287792696204 ], [ -67.314992932275089, 44.66274548500386 ], [ -67.322897094418821, 44.660856830628504 ], [ -67.328480696801265, 44.662959279109437 ], [ -67.329578055211996, 44.664842990323457 ], [ -67.327115590473511, 44.670209134998942 ], [ -67.323734839355026, 44.671869077599354 ], [ -67.313581058138283, 44.670446012085669 ], [ -67.309375632897627, 44.673895934270348 ], [ -67.312268809540384, 44.683642574728943 ], [ -67.313885587707148, 44.693327904770086 ], [ -67.312198184444327, 44.69735879257631 ], [ -67.308171944840467, 44.698984220584819 ], [ -67.303373063857364, 44.701948280562256 ], [ -67.301090382694454, 44.705492521350322 ], [ -67.304111075767025, 44.707475278014016 ], [ -67.312628105052781, 44.706067051612109 ], [ -67.319347362193525, 44.703207486790681 ], [ -67.326024745275049, 44.700796973266989 ], [ -67.336507754113512, 44.699029745548749 ], [ -67.348400690900831, 44.702371880674811 ], [ -67.357330201998323, 44.703266967996399 ], [ -67.362638045626497, 44.701704528060198 ], [ -67.360516052535786, 44.697023054195149 ], [ -67.356350692686249, 44.693615957099389 ], [ -67.352085801115408, 44.691117690459926 ], [ -67.353642840830688, 44.688452271442046 ], [ -67.358260894863307, 44.687306878773995 ], [ -67.369192380140845, 44.687395286117059 ], [ -67.375334818783585, 44.690443599275241 ], [ -67.385550956558916, 44.697808269422339 ], [ -67.38607590593675, 44.705608934896823 ], [ -67.384261297452085, 44.711008334940423 ], [ -67.382575778263174, 44.715044556653488 ], [ -67.385000927345757, 44.716531521005365 ], [ -67.389532024000502, 44.716298794869552 ], [ -67.395521727857215, 44.714311683568717 ], [ -67.397665792825734, 44.712132606379306 ], [ -67.39811732828332, 44.707577587179571 ], [ -67.39654413850559, 44.703838609550118 ], [ -67.3954463607826, 44.701958094995156 ], [ -67.393971912759241, 44.697312296966423 ], [ -67.395560163080376, 44.694192827073373 ], [ -67.398344103745472, 44.692039888757975 ], [ -67.402304069140072, 44.684460028395222 ], [ -67.400061110900737, 44.681149441402368 ], [ -67.395568139830459, 44.680929658463413 ], [ -67.384955724756423, 44.677655474862156 ], [ -67.379590895227579, 44.673277017661135 ], [ -67.381140404436493, 44.670610051874554 ], [ -67.383420725265196, 44.667065385456958 ], [ -67.382909524297148, 44.665669106094434 ], [ -67.378010071446383, 44.663142084145946 ], [ -67.374160432307804, 44.656549506304017 ], [ -67.373457066389022, 44.650569228886503 ], [ -67.377562176093505, 44.648024858321023 ], [ -67.381812458956034, 44.644125654380773 ], [ -67.377636285090986, 44.640719098794804 ], [ -67.371547861959968, 44.637209708347186 ], [ -67.365551120527513, 44.63280343410409 ], [ -67.363951585526678, 44.62951881163719 ], [ -67.363804840075034, 44.624484276218894 ], [ -67.367398189727894, 44.620544147315641 ], [ -67.372609717840461, 44.619890253297179 ], [ -67.379476676877772, 44.622060365456335 ], [ -67.385426889767714, 44.6269280894332 ], [ -67.389905320912561, 44.627150476989151 ], [ -67.397108076345063, 44.61927765258978 ], [ -67.398876558011906, 44.614332764795698 ], [ -67.401020359939039, 44.612154778996398 ], [ -67.403211517680504, 44.609519554756986 ], [ -67.404706059260789, 44.607306426370862 ], [ -67.404470203216846, 44.603181494916093 ], [ -67.405599030765387, 44.598208540655705 ], [ -67.409521836354557, 44.597487852587278 ], [ -67.414929065464079, 44.601409313740284 ], [ -67.41726625155971, 44.603816692523488 ], [ -67.422271442513548, 44.611829818538745 ], [ -67.427427622364689, 44.624888696673011 ], [ -67.423361101652858, 44.626974570846627 ], [ -67.418531737399448, 44.630391620077845 ], [ -67.420737442503864, 44.634156478583009 ], [ -67.422941522707504, 44.637925619922271 ], [ -67.425011435241643, 44.643056465083696 ], [ -67.423108714381485, 44.649365880082762 ], [ -67.426140461478425, 44.651345485268337 ], [ -67.430883964062986, 44.648832474000223 ], [ -67.43057309496001, 44.652016689979654 ], [ -67.429616919262571, 44.655171566677474 ], [ -67.424209153988983, 44.664511723919681 ], [ -67.428938676571889, 44.668855982636018 ], [ -67.43611105914627, 44.66783641480378 ], [ -67.440635696405778, 44.667601318408806 ], [ -67.445626488974483, 44.669217260230788 ], [ -67.449690911875479, 44.667131995357082 ], [ -67.449538631668375, 44.662094994339192 ], [ -67.446310407908172, 44.655534741426514 ], [ -67.443000161478778, 44.649884602657011 ], [ -67.442016163729591, 44.64023454319485 ], [ -67.44532011315161, 44.632624307505154 ], [ -67.444616734009898, 44.626646047865066 ], [ -67.438926310886913, 44.619052030186957 ], [ -67.435615452022915, 44.613401496667151 ], [ -67.43733879758085, 44.608916861221758 ], [ -67.442038643307868, 44.606860095618785 ], [ -67.447973873221187, 44.605326858377389 ], [ -67.455145047836439, 44.604300642633184 ], [ -67.46117301629431, 44.601854520845855 ], [ -67.468536532322588, 44.605416731306633 ], [ -67.473769514954569, 44.611157582166179 ], [ -67.480719994458212, 44.612414551823186 ], [ -67.487295548184761, 44.610903045325898 ], [ -67.49283647156706, 44.613463406524602 ], [ -67.492018625952809, 44.615252475568923 ], [ -67.491317943690689, 44.622530153221163 ], [ -67.497574920986125, 44.631067559018987 ], [ -67.50530309798981, 44.644244020839992 ], [ -67.511667049275914, 44.645010216994699 ], [ -67.515213086050849, 44.641522401225068 ], [ -67.520906419349174, 44.635853675740371 ], [ -67.529490670491299, 44.63353098818714 ], [ -67.531205290456541, 44.629044282424402 ], [ -67.529556841246645, 44.619360166387892 ], [ -67.530725462749118, 44.613931525756335 ], [ -67.534523820655735, 44.614573000914795 ], [ -67.539194735177929, 44.626231232594797 ], [ -67.536615147557754, 44.632961900563892 ], [ -67.535103200838506, 44.642034483396287 ], [ -67.540505562497103, 44.652805625036436 ], [ -67.550578399031295, 44.655125853363764 ], [ -67.556092567307161, 44.651272480685222 ], [ -67.556480729380127, 44.64718062466968 ], [ -67.560030603993155, 44.643692928443663 ], [ -67.556756041106439, 44.637592754624194 ], [ -67.552200685146317, 44.6314299402719 ], [ -67.555109983899882, 44.627917194366717 ], [ -67.563516830878228, 44.627405003881009 ], [ -67.572992020628604, 44.622372145915357 ], [ -67.583788148703348, 44.623806113229662 ], [ -67.592282068689443, 44.622388262481046 ], [ -67.591945060606818, 44.619171678975363 ], [ -67.590198010086539, 44.617257444844732 ], [ -67.581544776575385, 44.613641645027371 ], [ -67.577442234019429, 44.616185810844897 ], [ -67.573519196435313, 44.616913606142603 ], [ -67.567331128275285, 44.614332837053432 ], [ -67.564348410981864, 44.611902794365022 ], [ -67.563081526280257, 44.604977241143089 ], [ -67.562188186817181, 44.60082323780874 ], [ -67.560113105215891, 44.595693515138883 ], [ -67.560761560157587, 44.588868865427351 ], [ -67.566240428526797, 44.578618013781245 ], [ -67.567706460991971, 44.570004891723428 ], [ -67.572711744960131, 44.557901067985057 ], [ -67.570709180898405, 44.551867114923873 ], [ -67.563263515805161, 44.542364773346307 ], [ -67.566903463131098, 44.537971049026609 ], [ -67.570992624660576, 44.53542565569694 ], [ -67.582932766809506, 44.531427929354813 ], [ -67.590608767407318, 44.531796801215421 ], [ -67.602365528652157, 44.52961973361915 ], [ -67.618562992098688, 44.528109731865761 ], [ -67.633394290284755, 44.527444571408822 ], [ -67.639743843862405, 44.52820811097147 ], [ -67.639484323376891, 44.5309383793889 ], [ -67.635945377386264, 44.534425179953658 ], [ -67.633637780923308, 44.538428192845139 ], [ -67.63543106208131, 44.539889255645257 ], [ -67.643230015837304, 44.538889371563371 ], [ -67.643703746429949, 44.54074000815428 ], [ -67.64204071058353, 44.544771540944602 ], [ -67.637089468759086, 44.549562628435183 ], [ -67.628602839801843, 44.550989533498594 ], [ -67.624339641887758, 44.555353512454836 ], [ -67.62663650735432, 44.558207125248444 ], [ -67.628467054470448, 44.559209120946342 ], [ -67.639896896474596, 44.560671047537284 ], [ -67.642667312327191, 44.565370213625265 ], [ -67.645900293791072, 44.571924579926048 ], [ -67.649783190114135, 44.571653974152184 ], [ -67.653835469016684, 44.569562953407086 ], [ -67.663341527238273, 44.570928001059656 ], [ -67.666667153609708, 44.569715630361344 ], [ -67.666632056852023, 44.563309670173638 ], [ -67.66995683879793, 44.555243539439623 ], [ -67.676266453954284, 44.549600444522078 ], [ -67.677753761355262, 44.547385219181784 ], [ -67.68308846280631, 44.545351217091422 ], [ -67.686962731628057, 44.545080374498085 ], [ -67.692159323508363, 44.544412812797937 ], [ -67.694806074390684, 44.543622364893068 ], [ -67.698209811252127, 44.541497099766225 ], [ -67.69927754893331, 44.536978772117216 ], [ -67.699750296585989, 44.531973703109919 ], [ -67.700772115037381, 44.527905597287081 ], [ -67.702772095782009, 44.527091263707923 ], [ -67.706090685532018, 44.525872419617187 ], [ -67.706945333040281, 44.523629449559536 ], [ -67.70020744666671, 44.520112874571502 ], [ -67.701656710339108, 44.51834963144502 ], [ -67.703869732574447, 44.515257922454538 ], [ -67.706127933693608, 44.511708974700383 ], [ -67.70982866711816, 44.506395412846253 ], [ -67.712811144961051, 44.501967254182013 ], [ -67.721325405795085, 44.500085201892531 ], [ -67.724438793675091, 44.501145273313995 ], [ -67.724056748800606, 44.505239943726551 ], [ -67.723806740765014, 44.507971554987627 ], [ -67.720098901279457, 44.513281402475791 ], [ -67.717764431197921, 44.517736308340915 ], [ -67.721425162108176, 44.519739748814445 ], [ -67.727177953403142, 44.520009643168542 ], [ -67.732031169380306, 44.516127850037286 ], [ -67.732495324632467, 44.511121574999585 ], [ -67.733564234078457, 44.506601781287173 ], [ -67.734664282703591, 44.501626461046406 ], [ -67.738789163449042, 44.498621068536643 ], [ -67.74266748492883, 44.498347809107671 ], [ -67.743863002453864, 44.499315123213172 ], [ -67.743773693154751, 44.500227420313848 ], [ -67.741353966704779, 44.505597728073333 ], [ -67.741575741240126, 44.510176078953023 ], [ -67.742345315364929, 44.515695480885569 ], [ -67.740513935322838, 44.52155121218324 ], [ -67.739109856796887, 44.522859789835316 ], [ -67.735540995475418, 44.526799146096657 ], [ -67.735448519571634, 44.527710837891995 ], [ -67.741637159898744, 44.530286140079603 ], [ -67.740057805366916, 44.533410896771741 ], [ -67.740491993653436, 44.535719081041798 ], [ -67.744710234300882, 44.538660041498758 ], [ -67.752089664232855, 44.542203154579106 ], [ -67.755164342309229, 44.543718401396447 ], [ -67.756271631767589, 44.545598106989836 ], [ -67.755897292935288, 44.549694570983078 ], [ -67.754232838440842, 44.553730542193335 ], [ -67.750105271044205, 44.556736754499951 ], [ -67.745246239151086, 44.560621029732147 ], [ -67.743675391471442, 44.563748006323912 ], [ -67.742743860212457, 44.56689937139209 ], [ -67.74265838306134, 44.56781031617038 ], [ -67.748075813325656, 44.571725938538684 ], [ -67.745817809590719, 44.575276054806523 ], [ -67.742713320261657, 44.581066654912 ], [ -67.738150674524434, 44.588624148670291 ], [ -67.735685121880493, 44.59445335145724 ], [ -67.734412380518364, 44.601251687342007 ], [ -67.735908103641421, 44.605892716436891 ], [ -67.740179678596263, 44.608375449377753 ], [ -67.744146778959177, 44.607190397912895 ], [ -67.749214335204812, 44.601028723157029 ], [ -67.752586207942571, 44.599361776427443 ], [ -67.755987928070823, 44.597234141789961 ], [ -67.753760737617242, 44.586617343012598 ], [ -67.756704586759938, 44.582638980309412 ], [ -67.758277367494941, 44.57951453421277 ], [ -67.760658208087207, 44.574596744313588 ], [ -67.762144474307902, 44.572385418216676 ], [ -67.760260670511386, 44.564980097771162 ], [ -67.765029807036015, 44.562000603333217 ], [ -67.771377348202776, 44.55590278155185 ], [ -67.774183977006089, 44.553296153042623 ], [ -67.778358195273171, 44.54983259269094 ], [ -67.781637677914276, 44.549070425904567 ], [ -67.785475699052782, 44.549248903292821 ], [ -67.784782911653664, 44.542812822152165 ], [ -67.780090303465073, 44.538026392629888 ], [ -67.779190564119901, 44.533875766541513 ], [ -67.782758853077851, 44.529923818397073 ], [ -67.786850541329045, 44.527376663623677 ], [ -67.800140396907651, 44.529364033867232 ], [ -67.803130952106258, 44.531789043248374 ], [ -67.802925768277959, 44.53406302114675 ], [ -67.800256460176996, 44.542165412511281 ], [ -67.797148433197208, 44.547964113434929 ], [ -67.792174008634774, 44.553215915225607 ], [ -67.786643113152778, 44.557527513578577 ], [ -67.785789757981604, 44.559773297276408 ], [ -67.786613494467645, 44.564839192230636 ], [ -67.786790642572782, 44.569874700062179 ], [ -67.783257250017755, 44.57336567312192 ], [ -67.780021273346946, 44.580529042663684 ], [ -67.77995202939303, 44.588299720739826 ], [ -67.781242405846001, 44.595211557574558 ], [ -67.781250158712879, 44.602067329654972 ], [ -67.781526124123161, 44.603435482349163 ], [ -67.783019216430702, 44.610836879000317 ], [ -67.791816818427634, 44.613076830155471 ], [ -67.793931670286526, 44.604030413386056 ], [ -67.794898654737793, 44.599035829872385 ], [ -67.795158752557867, 44.597692277221192 ], [ -67.797195182790645, 44.596410015740844 ], [ -67.802920009352292, 44.59713387669283 ], [ -67.806749554219067, 44.59045820789094 ], [ -67.805619917929207, 44.581723350864401 ], [ -67.803520927465271, 44.576596322704113 ], [ -67.804573128852709, 44.572074853866319 ], [ -67.811058081449787, 44.571462041398433 ], [ -67.816643652028446, 44.57354947750126 ], [ -67.818833792088185, 44.577759467718721 ], [ -67.818198747085361, 44.584591783118753 ], [ -67.821190303746562, 44.587013872627686 ], [ -67.825074291932324, 44.586736036595994 ], [ -67.830444379880348, 44.584241653773873 ], [ -67.833932259795091, 44.58120453846648 ], [ -67.833635480056302, 44.577530701776844 ], [ -67.836350345000454, 44.575832352394137 ], [ -67.841096182687011, 44.580162657031956 ], [ -67.846858539610253, 44.580425964909551 ], [ -67.846505945403607, 44.577218919944848 ], [ -67.843674951837343, 44.572969149530472 ], [ -67.835305287777217, 44.566185534180782 ], [ -67.821054480807405, 44.560497692693822 ], [ -67.816780850994903, 44.55801497949988 ], [ -67.815239893625431, 44.553831144188138 ], [ -67.819704145873871, 44.547181917985704 ], [ -67.822777551673013, 44.54869496670878 ], [ -67.825806498671071, 44.550665249633518 ], [ -67.831353197476645, 44.553208445176374 ], [ -67.83550409387739, 44.557053171851216 ], [ -67.838363340074878, 44.560842378195808 ], [ -67.844079556783612, 44.56156311111998 ], [ -67.848848021056185, 44.558588400395692 ], [ -67.851091923122993, 44.555032577597551 ], [ -67.852792014948307, 44.550537430146086 ], [ -67.854194720386573, 44.549234683653175 ], [ -67.85567618763028, 44.547017493908569 ], [ -67.852816555231797, 44.543228771648685 ], [ -67.846619472441418, 44.540657867581153 ], [ -67.848117000128724, 44.538441931977985 ], [ -67.850879203210809, 44.536282500748619 ], [ -67.853518002271841, 44.53549472241513 ], [ -67.855645582305598, 44.533307711165556 ], [ -67.85836087538047, 44.531602638941678 ], [ -67.861438373737343, 44.533113255226944 ], [ -67.866304207676023, 44.536081940746847 ], [ -67.869852031023683, 44.539442393814653 ], [ -67.876125660011709, 44.541104220071674 ], [ -67.878839829840558, 44.539400849666976 ], [ -67.880374457995131, 44.536725946219725 ], [ -67.880060524864106, 44.533056390630421 ], [ -67.87722952877921, 44.528814831508356 ], [ -67.868699380629565, 44.52385219610202 ], [ -67.861048272155614, 44.516186750303923 ], [ -67.857796192786637, 44.509640533311163 ], [ -67.855072722176203, 44.497179241343709 ], [ -67.851509955848826, 44.486963920701065 ], [ -67.851931560129614, 44.482412486311105 ], [ -67.854608411776837, 44.481161939309615 ], [ -67.862992902472399, 44.480635433521982 ], [ -67.870188130022697, 44.479139279081316 ], [ -67.874063623546718, 44.478857287287092 ], [ -67.875216712987239, 44.480287730003269 ], [ -67.874453885293732, 44.481623494066 ], [ -67.871523210796326, 44.485599268747741 ], [ -67.869158431827444, 44.490514426015018 ], [ -67.871713429105682, 44.49063294512812 ], [ -67.876267981358083, 44.489928125403893 ], [ -67.88157919858304, 44.487886020524037 ], [ -67.885622302959632, 44.48578904180647 ], [ -67.892260103712701, 44.483354312257653 ], [ -67.893862368635837, 44.47977039684838 ], [ -67.893632214971987, 44.475188329419218 ], [ -67.892045210776459, 44.471461236771425 ], [ -67.885950780897218, 44.467987135462558 ], [ -67.886317702981088, 44.463888900047081 ], [ -67.886522881216237, 44.46161579943827 ], [ -67.882304191753761, 44.458677649356993 ], [ -67.882425116288246, 44.457317539166461 ], [ -67.885308363369916, 44.453786946497765 ], [ -67.888835346692858, 44.450297643012398 ], [ -67.894023287933763, 44.435454858004505 ], [ -67.896013570082104, 44.420474355069665 ], [ -67.894013925730633, 44.407130473621514 ], [ -67.901276869219444, 44.404722990101433 ], [ -67.901688861235769, 44.400177974298849 ], [ -67.90129311349817, 44.397415961789434 ], [ -67.901413288342013, 44.396048917420238 ], [ -67.905755019985122, 44.397620328702217 ], [ -67.911609032041653, 44.403823508939368 ], [ -67.914187136054792, 44.410797570223259 ], [ -67.914811575406787, 44.418133310140192 ], [ -67.912875675803605, 44.425354481397392 ], [ -67.910905371986686, 44.433032760320479 ], [ -67.913401496874386, 44.440918065057652 ], [ -67.911471738184673, 44.448138723386769 ], [ -67.914849990060702, 44.453314037309056 ], [ -67.917919424912, 44.454828880873514 ], [ -67.915636332910665, 44.458839487813357 ], [ -67.91111920138853, 44.459086407017288 ], [ -67.904223527248433, 44.457395633542355 ], [ -67.902064003888867, 44.460044398845703 ], [ -67.904718310263078, 44.466104519656731 ], [ -67.908571674347144, 44.473135403452659 ], [ -67.909320435047874, 44.47911044639163 ], [ -67.907098423778564, 44.489515119787313 ], [ -67.903971849202193, 44.495771215703947 ], [ -67.90988263958873, 44.494212292993069 ], [ -67.915447452916908, 44.489439588034358 ], [ -67.919847653159252, 44.483243919070176 ], [ -67.92545775285528, 44.4780143023671 ], [ -67.932566418711644, 44.477422870706583 ], [ -67.934253383795578, 44.472933238833015 ], [ -67.930864547688742, 44.467754093958604 ], [ -67.926554655348895, 44.465726857595243 ], [ -67.926288698767209, 44.461609133875122 ], [ -67.928615094318602, 44.457141079482902 ], [ -67.932131899628857, 44.453646499664728 ], [ -67.93301710245558, 44.450948853546244 ], [ -67.930316775394147, 44.445339627046124 ], [ -67.9330707245132, 44.443183226587927 ], [ -67.933953657339046, 44.440482834182731 ], [ -67.931292632845626, 44.434420170675352 ], [ -67.93110024375413, 44.429389978653987 ], [ -67.932231320942535, 44.423957328431314 ], [ -67.932209214231435, 44.417102070341159 ], [ -67.935008737394369, 44.414489209463632 ], [ -67.936959445066151, 44.414119544396904 ], [ -67.943102565178563, 44.417139963073879 ], [ -67.948001307439199, 44.419646413241992 ], [ -67.953938700126216, 44.424940870329344 ], [ -67.956430496455056, 44.432823278048332 ], [ -67.958531368234929, 44.445250320380858 ], [ -67.964177738517932, 44.461043617528716 ], [ -67.965527184959939, 44.467496629246611 ], [ -67.967756127435791, 44.471255364442648 ], [ -67.969586347557822, 44.472251845958588 ], [ -67.976781339882137, 44.470750622194856 ], [ -67.977215989880634, 44.473051462116892 ], [ -67.974132338984504, 44.478854694376565 ], [ -67.969891140989731, 44.48323259326353 ], [ -67.968250141443306, 44.487272584547682 ], [ -67.96771705336765, 44.493184720353192 ], [ -67.96595545118133, 44.49858721930088 ], [ -67.964313852982954, 44.502627299218858 ], [ -67.963430412918413, 44.505330401892685 ], [ -67.968626048136613, 44.504648532761919 ], [ -67.973904125156892, 44.503062594462129 ], [ -67.977139514304184, 44.502751514899856 ], [ -67.985523616560215, 44.502214485287126 ], [ -67.986966229978634, 44.500453180569615 ], [ -67.98745487238368, 44.494988931275017 ], [ -67.984700868042879, 44.489839067234001 ], [ -67.984350992909697, 44.486627886444047 ], [ -67.986385601720997, 44.485346509820623 ], [ -67.990584527944108, 44.481428150757452 ], [ -67.993457402237084, 44.477900829927798 ], [ -67.99348115053381, 44.475195068269741 ], [ -67.993603693623328, 44.470132814410547 ], [ -67.993053808341259, 44.468904713643767 ], [ -67.994633884242759, 44.464701737324646 ], [ -67.998501357801629, 44.464424076673197 ], [ -68.003415597169834, 44.466928534163159 ], [ -68.010594062724948, 44.472735904942468 ], [ -68.015867610478026, 44.478450134623138 ], [ -68.024756818034007, 44.486616689221549 ], [ -68.02688549629066, 44.484431280757192 ], [ -68.027206554967705, 44.48078401823188 ], [ -68.023846702603763, 44.47515780737929 ], [ -68.022810506948559, 44.47236409336989 ], [ -68.022376406729506, 44.470066204575673 ], [ -68.021703286904838, 44.463179503579212 ], [ -68.016920470220114, 44.459306721782873 ], [ -68.01364723665283, 44.452770274450536 ], [ -68.013334327476784, 44.449098711576056 ], [ -68.009817393925744, 44.445285681742739 ], [ -68.003637092816859, 44.442720948400897 ], [ -68.000722838328187, 44.446705493285357 ], [ -68.001034783878154, 44.450369973140056 ], [ -67.998836790980107, 44.45347538651189 ], [ -67.995082571024369, 44.452391549332852 ], [ -67.982837178289955, 44.445894547696277 ], [ -67.981447883788661, 44.439895605811245 ], [ -67.976864220412835, 44.433749291990253 ], [ -67.974606864531111, 44.423142109366893 ], [ -67.97313238344158, 44.418048566088729 ], [ -67.969075302291245, 44.413296149990614 ], [ -67.95692002473335, 44.405890831378379 ], [ -67.959079872018805, 44.403247078067444 ], [ -67.964344262806279, 44.40166055393022 ], [ -67.97475726533807, 44.399845428183092 ], [ -67.977076519724832, 44.395381402737414 ], [ -67.980793350605651, 44.389611603129538 ], [ -67.987535825814675, 44.385807685900723 ], [ -67.989963607025899, 44.387287556595282 ], [ -67.992160585929028, 44.391495813728902 ], [ -67.991710421151723, 44.396500376670915 ], [ -67.99450479682676, 44.401198961423191 ], [ -67.997411521492751, 44.404521983278705 ], [ -67.99927226851122, 44.412373649182868 ], [ -68.003148586334689, 44.412091379198479 ], [ -68.005139445270103, 44.411269927939863 ], [ -68.007375418901546, 44.407716050612351 ], [ -68.013249915033512, 44.406608990318468 ], [ -68.015279789830601, 44.405331672959662 ], [ -68.015005395906954, 44.401206907911941 ], [ -68.013288294776928, 44.398842752027271 ], [ -68.009184115262343, 44.394546178292345 ], [ -68.009511992210022, 44.390908046146244 ], [ -68.012341981997579, 44.387841626312742 ], [ -68.013380352333556, 44.383321002355366 ], [ -68.016896880068373, 44.379821718444873 ], [ -68.018889365551502, 44.378993675057409 ], [ -68.017491294361349, 44.372996802097191 ], [ -68.01391335939546, 44.370094186425412 ], [ -68.014951353879141, 44.365573717180482 ], [ -68.019574602737563, 44.363952795169183 ], [ -68.024677793549259, 44.364186729500943 ], [ -68.032812362878943, 44.366374526501843 ], [ -68.03560506310933, 44.363761960515596 ], [ -68.035444003974035, 44.358269885285416 ], [ -68.033537457119053, 44.35087679182692 ], [ -68.035328103037116, 44.34502154050093 ], [ -68.040029758378708, 44.342491431038702 ], [ -68.048323774032212, 44.342866025970359 ], [ -68.049840380092007, 44.340191131962307 ], [ -68.050078465858178, 44.337455606298853 ], [ -68.052832405581285, 44.335301299005302 ], [ -68.055815373901382, 44.337715526375057 ], [ -68.05749525428773, 44.340530214040022 ], [ -68.057013344742586, 44.345992950870858 ], [ -68.06259976719717, 44.348064574881192 ], [ -68.066345447845137, 44.349147749941466 ], [ -68.069647999544088, 44.355233078399955 ], [ -68.069449270276223, 44.357505954072955 ], [ -68.069450225181541, 44.364814542975324 ], [ -68.069046663392626, 44.376670011558666 ], [ -68.06837561594044, 44.384408152975702 ], [ -68.068130891503074, 44.387137734850199 ], [ -68.072922402440057, 44.391005743385584 ], [ -68.075432153014532, 44.391575401868302 ], [ -68.079300946011884, 44.391289627803893 ], [ -68.080817413225489, 44.388614111245921 ], [ -68.082971015147692, 44.38597057982232 ], [ -68.083329804681981, 44.381878102635667 ], [ -68.084366370053658, 44.377357626481789 ], [ -68.086594070819757, 44.373802017651251 ], [ -68.091461134644675, 44.37675501724506 ], [ -68.096330648530625, 44.387021083472952 ], [ -68.098604952127587, 44.397627548643477 ], [ -68.098961879531586, 44.400840624655714 ], [ -68.103752190593426, 44.40470913760835 ], [ -68.103836357257308, 44.411109735141295 ], [ -68.098215453233991, 44.416796758215895 ], [ -68.097703270646775, 44.422710487477062 ], [ -68.101290574315101, 44.425611829440598 ], [ -68.106240587089488, 44.427658016652217 ], [ -68.110674913492971, 44.435621617250945 ], [ -68.108806160375948, 44.442394217586255 ], [ -68.106812493064069, 44.450523083398132 ], [ -68.113245038861635, 44.457658111515443 ], [ -68.113368840429104, 44.463603609755666 ], [ -68.108782764078555, 44.464772959366655 ], [ -68.099472724683082, 44.468474077102726 ], [ -68.10479335480116, 44.473733876885774 ], [ -68.11193950746987, 44.479991061455181 ], [ -68.120050316134325, 44.482634209812986 ], [ -68.128634998014917, 44.47981378181391 ], [ -68.136944186285646, 44.48018019115559 ], [ -68.142971765377993, 44.484556068931681 ], [ -68.140026304477445, 44.488997710499923 ], [ -68.135913747027544, 44.492014113304791 ], [ -68.138280333668575, 44.494398152145358 ], [ -68.144468323785844, 44.496954140481733 ], [ -68.154224987826794, 44.502866549585988 ], [ -68.155683262023274, 44.493332780227483 ], [ -68.158192095539775, 44.486593867477374 ], [ -68.16106858500585, 44.483065474636675 ], [ -68.157666702338958, 44.477888340685745 ], [ -68.154667003414914, 44.475476525156495 ], [ -68.158735138334094, 44.472909887645621 ], [ -68.167637410922794, 44.473760545576603 ], [ -68.175870457971186, 44.475034050023822 ], [ -68.182178787299648, 44.476221955371855 ], [ -68.186697954644615, 44.475961533388059 ], [ -68.184463098224327, 44.479517639894887 ], [ -68.180960012080419, 44.48302187556326 ], [ -68.182563192357435, 44.486745614972492 ], [ -68.187643253706696, 44.494728648510744 ], [ -68.195090155692597, 44.505110382203895 ], [ -68.193313049454815, 44.510968237027434 ], [ -68.19264072757349, 44.518703796983765 ], [ -68.197523123710994, 44.521660923819454 ], [ -68.209031102868977, 44.522163745324448 ], [ -68.218658713433598, 44.522122097211422 ], [ -68.220887119394575, 44.518563816581931 ], [ -68.217681206584061, 44.511118086941295 ], [ -68.216790570025125, 44.506504945459376 ], [ -68.218611365873301, 44.5001879567901 ], [ -68.217681326447433, 44.496042170419003 ], [ -68.218636531825496, 44.49242699321416 ], [ -68.225145068156735, 44.491337658345472 ], [ -68.226692017424327, 44.488205550043084 ], [ -68.22671625518619, 44.48044478164821 ], [ -68.220421456728573, 44.471491467472859 ], [ -68.221458102405265, 44.466966061550998 ], [ -68.224121524677329, 44.465706841686973 ], [ -68.231522329822383, 44.46922845542268 ], [ -68.236925026791511, 44.473572795708193 ], [ -68.249254726243151, 44.486893683868601 ], [ -68.258477560733184, 44.499173148980582 ], [ -68.26365094351641, 44.50624576041654 ], [ -68.263864643880197, 44.511284856553736 ], [ -68.259638997321176, 44.515667325386424 ], [ -68.260643676709151, 44.518909757993463 ], [ -68.263161797100537, 44.519478827201858 ], [ -68.27140383186277, 44.520742241643866 ], [ -68.276599607662448, 44.520051131343187 ], [ -68.279229755069437, 44.519254318773363 ], [ -68.282617747810335, 44.517112817281159 ], [ -68.285287063938043, 44.515855683852784 ], [ -68.28916498535132, 44.515564387269364 ], [ -68.293451377575622, 44.51803599533465 ], [ -68.29799244413384, 44.525081510174296 ], [ -68.301360166247008, 44.528405096249237 ], [ -68.303315947982838, 44.530335067731208 ], [ -68.310168975176509, 44.53291340831688 ], [ -68.316714999886699, 44.531360780271697 ], [ -68.316340083425587, 44.528148275123328 ], [ -68.317814065488932, 44.525930169663646 ], [ -68.322330786874502, 44.525661680322898 ], [ -68.321918336794667, 44.522905155494094 ], [ -68.315981849322256, 44.517167991994079 ], [ -68.309930330068696, 44.51279987473638 ], [ -68.312083684293881, 44.510148304574649 ], [ -68.317423585025708, 44.507633491363023 ], [ -68.317692057932589, 44.504448369788953 ], [ -68.301027031939, 44.504197743018999 ], [ -68.291369580683067, 44.504697594375159 ], [ -68.290729783495237, 44.504183578099244 ], [ -68.287766094933801, 44.501802400922301 ], [ -68.282159048585811, 44.499734612002371 ], [ -68.27395090524044, 44.490704302930745 ], [ -68.270617472410436, 44.484621005645337 ], [ -68.267281620658622, 44.478537058114213 ], [ -68.267710180008578, 44.473534990898564 ], [ -68.270418704622386, 44.471823047601205 ], [ -68.275491943508001, 44.472498349814117 ], [ -68.276708590387585, 44.472209283175239 ], [ -68.278755987703889, 44.471722805947607 ], [ -68.282144652743952, 44.469582168010483 ], [ -68.28238105565697, 44.46685171683783 ], [ -68.276262002756255, 44.463392084833991 ], [ -68.272355151635253, 44.462275552957379 ], [ -68.266870043881781, 44.46070772318096 ], [ -68.265711153822821, 44.459283529954952 ], [ -68.269992691094728, 44.456883670642085 ], [ -68.271761089920815, 44.455892373206154 ], [ -68.283608873067735, 44.452286486126724 ], [ -68.292033747124179, 44.451276949906173 ], [ -68.299585085355403, 44.452973409717764 ], [ -68.307094307364054, 44.455121866879338 ], [ -68.315210439481078, 44.457750851236007 ], [ -68.322947578607881, 44.457170994279949 ], [ -68.328327092006745, 44.454199295121214 ], [ -68.330470054412032, 44.451550757139721 ], [ -68.336222345052292, 44.451795010656973 ], [ -68.341664345623315, 44.455678426843626 ], [ -68.344362849453177, 44.461733130275334 ], [ -68.346834973247965, 44.47051756384694 ], [ -68.346828718077916, 44.4782837686273 ], [ -68.346102978129665, 44.486932029345077 ], [ -68.347415041278907, 44.494293313579512 ], [ -68.353052350596954, 44.488137663458581 ], [ -68.353670586821622, 44.473092930280067 ], [ -68.350938602353921, 44.459730274303404 ], [ -68.35061323646427, 44.44829361961488 ], [ -68.357158563622519, 44.438981334819736 ], [ -68.37392887842141, 44.430098037683223 ], [ -68.382039784010345, 44.432726472485662 ], [ -68.385983163905024, 44.431520060783591 ], [ -68.386847003113985, 44.428818901244021 ], [ -68.385571453506486, 44.420996732986708 ], [ -68.386661170994074, 44.415564014375654 ], [ -68.381024426950745, 44.413957228575676 ], [ -68.379260467158062, 44.412054211873802 ], [ -68.379529615631199, 44.408868090547323 ], [ -68.387904839271414, 44.408307141765448 ], [ -68.390758741679363, 44.412538225472389 ], [ -68.394100241333078, 44.410852361400643 ], [ -68.400143353340425, 44.407454230006472 ], [ -68.405553432501321, 44.40402884010976 ], [ -68.414197444333752, 44.400282921537652 ], [ -68.423054159850579, 44.401562349056107 ], [ -68.426548453321061, 44.405820815468935 ], [ -68.427106548797255, 44.414518983331362 ], [ -68.42545790450913, 44.419019840799606 ], [ -68.424489067680781, 44.423089410798056 ], [ -68.424001373069402, 44.429005954879216 ], [ -68.423025372048841, 44.433076466062133 ], [ -68.420728175369547, 44.437547300440251 ], [ -68.419682569525648, 44.44252810532155 ], [ -68.420689959101111, 44.453533348599109 ], [ -68.420286184603725, 44.474069745089523 ], [ -68.418782149937741, 44.476747445579925 ], [ -68.417654367537665, 44.482636401631019 ], [ -68.420094088734373, 44.491874499829088 ], [ -68.424681277069368, 44.498463705557434 ], [ -68.43129567233035, 44.495998651406254 ], [ -68.432691815944793, 44.494684188947993 ], [ -68.434376547136111, 44.489730893907129 ], [ -68.436482993252824, 44.487537021167086 ], [ -68.442761308356481, 44.4891663976926 ], [ -68.447805936636513, 44.490287439083403 ], [ -68.452542572163154, 44.495056862260242 ], [ -68.458256580044193, 44.495750526522208 ], [ -68.466498743549678, 44.49701107797268 ], [ -68.474355370996392, 44.495044455065113 ], [ -68.481199198331737, 44.497611265199168 ], [ -68.482587788005972, 44.496304238723489 ], [ -68.483488721959176, 44.493144631877932 ], [ -68.48299118728211, 44.49129229635497 ], [ -68.476790234980697, 44.488754213543267 ], [ -68.468740644665516, 44.485221524190635 ], [ -68.461369567861013, 44.481263275596056 ], [ -68.460309569565183, 44.478478756729132 ], [ -68.459821832797232, 44.4766283159991 ], [ -68.457189392973049, 44.469669523376112 ], [ -68.451544054166249, 44.452535530710897 ], [ -68.451948587193414, 44.44752629805145 ], [ -68.454770718697588, 44.43668555635 ], [ -68.454610121145905, 44.430741612967978 ], [ -68.447325538022739, 44.425870433912422 ], [ -68.450437230692501, 44.419149528374355 ], [ -68.454442512456609, 44.401506879822243 ], [ -68.454327416994687, 44.395109458909573 ], [ -68.452405504988661, 44.387262576855058 ], [ -68.457213596896182, 44.383356920303498 ], [ -68.46059221673363, 44.381212157785072 ], [ -68.472304317557217, 44.386719708019541 ], [ -68.471144648178779, 44.39306813632799 ], [ -68.470443491833322, 44.401712481779633 ], [ -68.467741359124673, 44.411191397719314 ], [ -68.467488720003061, 44.422139324798103 ], [ -68.469298545482445, 44.431352916080797 ], [ -68.471822891341091, 44.439676415960434 ], [ -68.466796049179621, 44.446321204054378 ], [ -68.467247153789572, 44.448620303203946 ], [ -68.473524723128364, 44.450250890311402 ], [ -68.481261440060379, 44.449657560767562 ], [ -68.482879100468679, 44.4456156930964 ], [ -68.485533482779417, 44.436594050824091 ], [ -68.489852818444618, 44.430833851637125 ], [ -68.488485264144813, 44.423927419090127 ], [ -68.490843723308444, 44.41854252270835 ], [ -68.496184889093556, 44.416024247721658 ], [ -68.498885345169285, 44.414307883740761 ], [ -68.501694113023476, 44.411230955158011 ], [ -68.50620160197802, 44.410958463807923 ], [ -68.511506220308377, 44.416658101702453 ], [ -68.514838916948236, 44.414967918914947 ], [ -68.517128266353311, 44.410497832080239 ], [ -68.523643793033216, 44.401170413991096 ], [ -68.537095633928729, 44.401269742037712 ], [ -68.550912568231325, 44.404572072452623 ], [ -68.55900075119942, 44.407647389616223 ], [ -68.565347107851466, 44.408363901430306 ], [ -68.573824412542166, 44.406422990601371 ], [ -68.570358486225004, 44.40171530228438 ], [ -68.564865148032808, 44.398298420123382 ], [ -68.561296080766127, 44.394951730069415 ], [ -68.561203503917966, 44.388097998426034 ], [ -68.55863141782666, 44.380232316673791 ], [ -68.54937944564206, 44.367978670808675 ], [ -68.543054769641458, 44.359045556711543 ], [ -68.544128036793438, 44.352705212011699 ], [ -68.544282793588295, 44.351790891600608 ], [ -68.547127405280278, 44.348253929558602 ], [ -68.551918257460329, 44.344343263178899 ], [ -68.557718638302418, 44.335902929708638 ], [ -68.560180467600645, 44.329153813461964 ], [ -68.558214671251179, 44.321768132278258 ], [ -68.555162320298251, 44.312055299231893 ], [ -68.550827903786484, 44.302290430568441 ], [ -68.547996497745061, 44.297611000195502 ], [ -68.549463634133033, 44.295385602588226 ], [ -68.548448502314784, 44.292146865737109 ], [ -68.538170812905008, 44.2926406157464 ], [ -68.535218712200717, 44.297541496607245 ], [ -68.528694178338071, 44.299102781832701 ], [ -68.526894150803088, 44.297655792749133 ], [ -68.526206562261223, 44.290320586216311 ], [ -68.527282935967492, 44.284888206274054 ], [ -68.526566556042368, 44.27800807145772 ], [ -68.517517274876681, 44.271246262336319 ], [ -68.514701187645414, 44.266561888585301 ], [ -68.51679210603271, 44.264366497122381 ], [ -68.520728450575376, 44.26315996080703 ], [ -68.527176346826593, 44.262514951751172 ], [ -68.531342676030306, 44.26633432099073 ], [ -68.537987066835512, 44.27117571895279 ], [ -68.547320055178531, 44.274298712310795 ], [ -68.549195088969171, 44.27483233990764 ], [ -68.55143969034458, 44.270815926676853 ], [ -68.552026794936481, 44.263529980790267 ], [ -68.54799724106077, 44.257891995840744 ], [ -68.534279728527267, 44.253676098705611 ], [ -68.525697617612764, 44.249213508619142 ], [ -68.522835234157583, 44.244987632035624 ], [ -68.517662604673305, 44.237925914609725 ], [ -68.514352576794238, 44.23139560904152 ], [ -68.520156733077926, 44.230724726456607 ], [ -68.53588934111842, 44.23365128871373 ], [ -68.542679557634301, 44.236670542247069 ], [ -68.545045757766502, 44.239051884951152 ], [ -68.552132091844555, 44.24618823676235 ], [ -68.563952127548461, 44.250324988502179 ], [ -68.572075370907569, 44.252483241389818 ], [ -68.571086119520473, 44.25700669067237 ], [ -68.570863273763194, 44.259741380247263 ], [ -68.572662903641984, 44.261180573399351 ], [ -68.57824915193973, 44.263235375229613 ], [ -68.582003027807986, 44.264300196809756 ], [ -68.599259260183175, 44.272308256038627 ], [ -68.608416000011232, 44.277705164918935 ], [ -68.619271703839274, 44.285903169994775 ], [ -68.619624405558326, 44.289568967758221 ], [ -68.618097139022098, 44.292703655885198 ], [ -68.614475053712013, 44.298034169993628 ], [ -68.618336104756338, 44.29773281780755 ], [ -68.623470095508793, 44.297483063928617 ], [ -68.62804009469869, 44.296302029614189 ], [ -68.633998939998293, 44.293802683638859 ], [ -68.642917193846003, 44.294160578268347 ], [ -68.649860257090864, 44.295354337716368 ], [ -68.65860510992546, 44.297988025306353 ], [ -68.666888593875441, 44.298320024675057 ], [ -68.673374148198135, 44.297209928840935 ], [ -68.684286085401254, 44.296732055826659 ], [ -68.68739810249302, 44.29777004802655 ], [ -68.692784504995956, 44.302550761838049 ], [ -68.69876653686083, 44.307809954814523 ], [ -68.702450730603701, 44.309786784708933 ], [ -68.707968484360549, 44.312741782002533 ], [ -68.714599418107341, 44.318029119322247 ], [ -68.716862739111463, 44.321771257392051 ], [ -68.725401589309584, 44.327132332366325 ], [ -68.730216196389094, 44.330976388239499 ], [ -68.728444599250366, 44.337297388766849 ], [ -68.727598563752991, 44.340000852575855 ], [ -68.731244872474164, 44.342431606744093 ], [ -68.739041884455844, 44.340913017943116 ], [ -68.744390011833673, 44.337926827652623 ], [ -68.748046748359144, 44.340356863076359 ], [ -68.747122833876716, 44.343972451440621 ], [ -68.74950263999618, 44.346344220764983 ], [ -68.754036382696043, 44.345613985914078 ], [ -68.7568363455417, 44.342526328816426 ], [ -68.757080534011735, 44.33934082732295 ], [ -68.757781711877101, 44.330240938063632 ], [ -68.761640913455764, 44.329934780946374 ], [ -68.763420381798923, 44.331831511997194 ], [ -68.763701500684988, 44.33640430722587 ], [ -68.766578841966009, 44.34062730608597 ], [ -68.771285933170589, 44.337617786029561 ], [ -68.771782830409762, 44.331246565128154 ], [ -68.771842881272008, 44.322115276836065 ], [ -68.777725596724238, 44.320524750591098 ], [ -68.782081332713531, 44.322062361721983 ], [ -68.789664491300456, 44.323274757575433 ], [ -68.788635330108946, 44.320034896301443 ], [ -68.791145856402579, 44.312375640082138 ], [ -68.796912884973821, 44.312142220875131 ], [ -68.803261781826563, 44.312849178026852 ], [ -68.814269955292474, 44.310993978506652 ], [ -68.817391511860109, 44.312028078702504 ], [ -68.820480569523852, 44.313522902950027 ], [ -68.825196011590762, 44.318728225726758 ], [ -68.824883213893145, 44.32281988181478 ], [ -68.817056404790279, 44.324799292036118 ], [ -68.812950210292939, 44.328291296502719 ], [ -68.815017766497945, 44.33476279230608 ], [ -68.819780088508679, 44.347729727348678 ], [ -68.820001612968525, 44.353219915019736 ], [ -68.812738126645286, 44.356129575807486 ], [ -68.797462453460369, 44.363297017605873 ], [ -68.793115483013182, 44.369977864849297 ], [ -68.795419780618445, 44.373261012870813 ], [ -68.800316525345423, 44.376190202201386 ], [ -68.799537345882086, 44.377991119300233 ], [ -68.796175343793209, 44.380138610296839 ], [ -68.790992653005617, 44.380849073277417 ], [ -68.784722956926245, 44.379235560851818 ], [ -68.779792173497299, 44.37675459718578 ], [ -68.77052320610872, 44.364065090185647 ], [ -68.76240586451911, 44.361467759296218 ], [ -68.75911719733746, 44.362705881226205 ], [ -68.758330696704334, 44.36449814774398 ], [ -68.75812590302948, 44.367231345483937 ], [ -68.758017910732903, 44.368595605471 ], [ -68.757698163342255, 44.372693980719326 ], [ -68.756240129351866, 44.374920500261901 ], [ -68.755217174453989, 44.379902596613412 ], [ -68.758338873044906, 44.380935443417705 ], [ -68.765900875773383, 44.382604366733062 ], [ -68.771994302683638, 44.386494924562626 ], [ -68.773706279602621, 44.389305727940076 ], [ -68.772780945341481, 44.392919075052632 ], [ -68.770654147152385, 44.395573712836509 ], [ -68.763922800104666, 44.39987592725695 ], [ -68.760769248549323, 44.402387263606634 ], [ -68.755721035902894, 44.406406901656226 ], [ -68.753501870658468, 44.410424585835351 ], [ -68.75165654082204, 44.417655395381104 ], [ -68.750236851226006, 44.419429538602031 ], [ -68.74456065504863, 44.418292548667345 ], [ -68.740936376631964, 44.415408876904714 ], [ -68.741966968472497, 44.410427786066926 ], [ -68.73750185032813, 44.410251435924614 ], [ -68.729871405734031, 44.409493310911472 ], [ -68.726752699280894, 44.408458226858727 ], [ -68.721212997742569, 44.405495946014014 ], [ -68.716284702872173, 44.403015296038511 ], [ -68.710005957542705, 44.401403394627401 ], [ -68.714088276826615, 44.406583719255806 ], [ -68.714438934476277, 44.410253211083834 ], [ -68.710072982737515, 44.408711844322468 ], [ -68.706603486464061, 44.404008958389824 ], [ -68.701322899307641, 44.397857681294241 ], [ -68.693976351884203, 44.393455852747202 ], [ -68.690144924016494, 44.39330356182807 ], [ -68.684399323304874, 44.393075237009469 ], [ -68.682094571724988, 44.389786615752818 ], [ -68.681182132691958, 44.385181864409049 ], [ -68.677602444892898, 44.373623117817679 ], [ -68.671544379028205, 44.369271216777371 ], [ -68.665126842306194, 44.369473074319544 ], [ -68.660977255445445, 44.373419385306242 ], [ -68.662000784605311, 44.376653499194646 ], [ -68.66423515979551, 44.380851990182713 ], [ -68.664020477277418, 44.383583865039689 ], [ -68.662488004476174, 44.386716248497677 ], [ -68.664928708488489, 44.388188082798706 ], [ -68.668691782290068, 44.389248575642725 ], [ -68.673659116824496, 44.391274141766999 ], [ -68.677061122317184, 44.396892985393045 ], [ -68.680638699225696, 44.400230127907356 ], [ -68.68758907616872, 44.401416598731657 ], [ -68.693189519110035, 44.403469309868832 ], [ -68.694968125326454, 44.405369394074533 ], [ -68.69471473245801, 44.408553950489512 ], [ -68.699216820465864, 44.416497497791511 ], [ -68.702948220897355, 44.418010859229227 ], [ -68.708828873748672, 44.416420501943605 ], [ -68.715682775336916, 44.418976756782961 ], [ -68.719871535706602, 44.422794226166324 ], [ -68.721143051822651, 44.431065039540648 ], [ -68.719365996322026, 44.445610309721545 ], [ -68.714643879511101, 44.448615266192313 ], [ -68.703039054507286, 44.449528305694805 ], [ -68.700804467201479, 44.453547883292693 ], [ -68.703567614001216, 44.459136475120033 ], [ -68.707258969834925, 44.461108852009694 ], [ -68.713470369835576, 44.463641637420302 ], [ -68.717025606938762, 44.467433365572546 ], [ -68.72390569471402, 44.469535251608789 ], [ -68.729057508599709, 44.469284748650402 ], [ -68.733032240915961, 44.467609854945927 ], [ -68.734451630685783, 44.465840013515894 ], [ -68.73281862979853, 44.462123146637289 ], [ -68.728026033457681, 44.457821527786976 ], [ -68.72707233335845, 44.453678858589207 ], [ -68.727989761587324, 44.450060671089112 ], [ -68.728881632449543, 44.44690037184413 ], [ -68.732031393796277, 44.439262249527715 ], [ -68.735443719136413, 44.436657747573662 ], [ -68.742440160481195, 44.437384608981617 ], [ -68.747544223550676, 44.437591766946284 ], [ -68.749498032015836, 44.437209314542159 ], [ -68.750954607362004, 44.434981943539022 ], [ -68.754424671612028, 44.431465333542064 ], [ -68.758331242803109, 44.43070946419784 ], [ -68.765526229346378, 44.428707383774274 ], [ -68.767556322214389, 44.427416829517774 ], [ -68.77084281139571, 44.4179577582847 ], [ -68.771436910845111, 44.416706272598219 ], [ -68.774672273267896, 44.409890099250077 ], [ -68.778610300581505, 44.408672794419537 ], [ -68.787719145652162, 44.406746972524587 ], [ -68.793687788254033, 44.404241186688957 ], [ -68.794030510541361, 44.399684620557366 ], [ -68.78792469075276, 44.395795213571617 ], [ -68.786827549720655, 44.393471637823282 ], [ -68.790122886669792, 44.392226929489858 ], [ -68.797395114973142, 44.389316765210182 ], [ -68.810616079826005, 44.383900922244258 ], [ -68.818268398033155, 44.384198734501616 ], [ -68.82142813741595, 44.384774820402988 ], [ -68.821961089199377, 44.386170422077804 ], [ -68.822396032375877, 44.388925204228258 ], [ -68.818642098982025, 44.396079854899149 ], [ -68.816484334599522, 44.399196118315579 ], [ -68.814393859461077, 44.401393395948851 ], [ -68.810288039955879, 44.404889292781483 ], [ -68.810007011113669, 44.408527854077327 ], [ -68.814592553174663, 44.415558389547257 ], [ -68.817322662871547, 44.421601026161433 ], [ -68.816415200818355, 44.425215934048872 ], [ -68.81297568789131, 44.42827903177276 ], [ -68.809677774973238, 44.429519460764652 ], [ -68.80240691305049, 44.432433959350618 ], [ -68.799120217210941, 44.441895616965446 ], [ -68.795999930895078, 44.449076838548244 ], [ -68.795759612992228, 44.449330023502895 ], [ -68.793907606393219, 44.451281116416602 ], [ -68.788087320205818, 44.451964245260285 ], [ -68.781807204267622, 44.4503518715197 ], [ -68.781990579539141, 44.456294348347001 ], [ -68.78256278978418, 44.46545064939518 ], [ -68.779618792215445, 44.470355903544146 ], [ -68.776604163812252, 44.47617745241871 ], [ -68.772598724923569, 44.4865214092287 ], [ -68.76873839738937, 44.503268899414934 ], [ -68.765190814315474, 44.507697224624607 ], [ -68.759119870393647, 44.51156798990484 ], [ -68.754357988842941, 44.515037265138105 ], [ -68.748566696107503, 44.523482252940745 ], [ -68.746933862622413, 44.527987474038191 ], [ -68.744485368118305, 44.534738574223603 ], [ -68.741181785141109, 44.544202430205232 ], [ -68.73795412363161, 44.552751222151755 ], [ -68.738199466292045, 44.557791544360832 ], [ -68.744454184114616, 44.559862409169384 ], [ -68.750323502619821, 44.558721260940338 ], [ -68.757784487506399, 44.553538298300403 ], [ -68.762446786095296, 44.551434676013002 ], [ -68.76542928681512, 44.554292286677615 ], [ -68.767106707957822, 44.557554692218048 ], [ -68.771516277833925, 44.566862563845334 ], [ -68.773759884713527, 44.57106244619083 ], [ -68.778819133285722, 44.572171806547502 ], [ -68.785960160950921, 44.57108019417349 ], [ -68.79346678635649, 44.57365852373718 ], [ -68.804707739704327, 44.577752673795281 ], [ -68.811792984441666, 44.585790978304999 ], [ -68.818134520880079, 44.595170473694822 ], [ -68.823065230868707, 44.606327392397503 ], [ -68.842001489653384, 44.610715651458534 ], [ -68.847028713507228, 44.620503823707729 ], [ -68.843807837889528, 44.629055935802199 ], [ -68.84011494943033, 44.635308113882267 ], [ -68.835608020740281, 44.643814310408736 ], [ -68.831854457393305, 44.65097365082886 ], [ -68.82741245686951, 44.658569625328049 ], [ -68.824598766554431, 44.66287211672725 ], [ -68.823041351614478, 44.6652516554946 ], [ -68.820554930672103, 44.67247034978611 ], [ -68.824355084494002, 44.681751325419235 ], [ -68.822920995388827, 44.675299954010192 ], [ -68.82323422047574, 44.67120026991622 ], [ -68.82553655690667, 44.666264334312373 ], [ -68.829801386702215, 44.660945230450181 ], [ -68.833317985157109, 44.656972057652204 ], [ -68.842352248410648, 44.648187261321802 ], [ -68.85191334603411, 44.640789912955782 ], [ -68.855811857541241, 44.631798747232928 ], [ -68.856399238624661, 44.624058376235887 ], [ -68.860601163772159, 44.610974016247802 ], [ -68.859846301738955, 44.604093133355285 ], [ -68.849804101162306, 44.600968940460376 ], [ -68.841481426474644, 44.600643181120418 ], [ -68.837002638017779, 44.600472243896483 ], [ -68.831760771332952, 44.593415585224818 ], [ -68.816798197549033, 44.579134035101653 ], [ -68.807893697540592, 44.569650832326744 ], [ -68.806094775585933, 44.551313933972807 ], [ -68.805887983351823, 44.528929357779404 ], [ -68.805015936371632, 44.51519271980272 ], [ -68.809441035949035, 44.499377854677007 ], [ -68.81259228058947, 44.491741043784614 ], [ -68.817245626541734, 44.489635168186645 ], [ -68.822747943495855, 44.484827660426333 ], [ -68.826006246028129, 44.484038733944878 ], [ -68.829018224713096, 44.478220909834874 ], [ -68.824258386560842, 44.473467838573676 ], [ -68.812784695250755, 44.472563601483891 ], [ -68.807238188311985, 44.469607265522598 ], [ -68.808869915829575, 44.465107464627479 ], [ -68.812234487129146, 44.462954331380416 ], [ -68.816233800884206, 44.461855377744364 ], [ -68.825335794946753, 44.459353710842919 ], [ -68.826715690167958, 44.458038288507431 ], [ -68.829614611629012, 44.453581912645987 ], [ -68.83625176984593, 44.450645136606241 ], [ -68.845368524721195, 44.448713686019467 ], [ -68.851616663672417, 44.450786149036297 ], [ -68.852724771634229, 44.453106430853296 ], [ -68.851640333500981, 44.459002095215638 ], [ -68.846643397431791, 44.465660123448828 ], [ -68.843026209913717, 44.471000278128898 ], [ -68.843103895086273, 44.471087153400902 ], [ -68.845987747161587, 44.474311984850772 ], [ -68.850991978645339, 44.473795797126336 ], [ -68.852441367513393, 44.473646255881185 ], [ -68.863725161018166, 44.468604490542319 ], [ -68.878512450395689, 44.45957778193673 ], [ -68.888704681037723, 44.460428682428613 ], [ -68.890444716384607, 44.462779879427259 ], [ -68.89210897562107, 44.457819437120691 ], [ -68.894505396224815, 44.451517848742562 ], [ -68.901034296334572, 44.449942464631128 ], [ -68.90990693096974, 44.451196769379862 ], [ -68.916835330977392, 44.452830227192514 ], [ -68.921856760752291, 44.445715894100381 ], [ -68.924715700685852, 44.441713573727249 ], [ -68.932827440605124, 44.436088296802247 ], [ -68.936970118996641, 44.432136441344788 ], [ -68.940997959414617, 44.429549333705118 ], [ -68.945437802752551, 44.430176148146685 ], [ -68.949711347266742, 44.433077895826379 ], [ -68.955563129505379, 44.431927429696906 ], [ -68.959531257247406, 44.43025087521012 ], [ -68.967198516581732, 44.430542054496655 ], [ -68.977314511034606, 44.432291950452992 ], [ -68.987599166994372, 44.431766582670889 ], [ -68.990254990292613, 44.430496252822799 ], [ -68.991771129292374, 44.42735705182443 ], [ -68.992010626261361, 44.424171819909986 ], [ -68.98333512409252, 44.411519212591365 ], [ -68.977659238907606, 44.401713738336447 ], [ -68.979878681710915, 44.397690614098224 ], [ -68.983816584215219, 44.396472845883103 ], [ -68.984616049429107, 44.394217856268867 ], [ -68.978030485586373, 44.388035241118246 ], [ -68.964321084673315, 44.382954345934493 ], [ -68.953953373226184, 44.376170576857284 ], [ -68.948244766249445, 44.366821413020176 ], [ -68.946575136578076, 44.354890617945415 ], [ -68.948809588666734, 44.333520979554358 ], [ -68.957219121090375, 44.315122343203129 ], [ -68.969203616573964, 44.300053465117507 ], [ -68.970646145387462, 44.297825858366821 ], [ -68.977628042355377, 44.298546649808102 ], [ -68.986591636353367, 44.298432470128319 ], [ -68.996989541333036, 44.296083609590603 ], [ -68.996931298090686, 44.288320266992208 ], [ -68.998439996761164, 44.27650943127194 ], [ -69.001524084503799, 44.269326948391374 ], [ -69.007658278298109, 44.264077388065793 ], [ -69.020337077516217, 44.248121660545273 ], [ -69.021473610871439, 44.244089881161131 ], [ -69.023785836431813, 44.235929503200744 ], [ -69.026472737344307, 44.234202222193183 ], [ -69.030355094509176, 44.233438950281766 ], [ -69.037825770495957, 44.227327926418567 ], [ -69.040305879651896, 44.21966327722 ], [ -69.043045115203938, 44.208357091173049 ], [ -69.049512966719618, 44.207228247957488 ], [ -69.0558779334322, 44.207465292186782 ], [ -69.05306270064051, 44.202337814973625 ], [ -69.047736820588753, 44.196668516314702 ], [ -69.047760784843902, 44.187537481983775 ], [ -69.050331147384497, 44.178507419495105 ], [ -69.056496844108011, 44.172805464181266 ], [ -69.062660539871757, 44.175773495411313 ], [ -69.06697957804947, 44.177761422580204 ], [ -69.070711268110585, 44.161469032351661 ], [ -69.075052685790197, 44.145664101433006 ], [ -69.080507015360837, 44.140846609005415 ], [ -69.08565856350593, 44.140125511553322 ], [ -69.086428752418456, 44.138328735391617 ], [ -69.081696865596186, 44.133132703799944 ], [ -69.077288014622965, 44.1325111638686 ], [ -69.070589000275774, 44.136826177420829 ], [ -69.071284477079004, 44.12727392343087 ], [ -69.07686786674428, 44.120636564556612 ], [ -69.085496804063453, 44.115936690261094 ], [ -69.092595052092648, 44.114829476041436 ], [ -69.096163118880696, 44.109488906799612 ], [ -69.096660858400043, 44.10266156677946 ], [ -69.095744572097644, 44.097611235609627 ], [ -69.097514736606016, 44.09083184301025 ], [ -69.097704263918814, 44.088101824915832 ], [ -69.089006540295472, 44.085045784423862 ], [ -69.083660104508823, 44.088495031747669 ], [ -69.078342128032077, 44.091487743259705 ], [ -69.070614166075757, 44.092567520761399 ], [ -69.066194646755619, 44.091954540370388 ], [ -69.056055251973589, 44.091117833200911 ], [ -69.049036206627477, 44.091311972473136 ], [ -69.042109118935372, 44.090142290838259 ], [ -69.039132424352886, 44.087292976116586 ], [ -69.039598707840042, 44.080925515867641 ], [ -69.05517125190957, 44.06827535848339 ], [ -69.063198496931733, 44.063095672998095 ], [ -69.071521564921255, 44.062493771465739 ], [ -69.075664748249622, 44.058087087809362 ], [ -69.072780259717177, 44.053873179504322 ], [ -69.06739297673667, 44.049111489760207 ], [ -69.07089549936471, 44.044683639019553 ], [ -69.078463711066405, 44.045876507998869 ], [ -69.090053720943672, 44.04402396971917 ], [ -69.103115859837615, 44.039490897755648 ], [ -69.105534300780221, 44.0414025756236 ], [ -69.100964783567875, 44.051723732120628 ], [ -69.105413318953907, 44.051889059930829 ], [ -69.115301472762582, 44.047239907800787 ], [ -69.114782898369313, 44.054517055086372 ], [ -69.11763615517566, 44.059182969165946 ], [ -69.124324543889756, 44.063535429102181 ], [ -69.133465655997227, 44.069343148298934 ], [ -69.136938064379166, 44.065365412712737 ], [ -69.136595485896677, 44.061250394641021 ], [ -69.12412741229771, 44.048474647655461 ], [ -69.123890632737798, 44.04299239787327 ], [ -69.12615706924845, 44.038056885242611 ], [ -69.1244406921045, 44.035257549547381 ], [ -69.116415126749658, 44.03176568363493 ], [ -69.112905164639301, 44.027532647693562 ], [ -69.113799449152623, 44.023915602161658 ], [ -69.118528953814447, 44.019985966310394 ], [ -69.122037406247472, 44.01555459878459 ], [ -69.121823576564822, 44.009615163890558 ], [ -69.121014614498065, 44.003199327567216 ], [ -69.132878894563433, 44.006367574458466 ], [ -69.137655672304206, 44.001985496579636 ], [ -69.151557488654944, 44.003404998589467 ], [ -69.162086854823414, 44.007441144478207 ], [ -69.166655150113641, 44.005781140593477 ], [ -69.170548258924754, 43.995890294997494 ], [ -69.173973478301392, 43.992368063596395 ], [ -69.178361358663565, 43.993436414008066 ], [ -69.18270261874197, 43.994966397478798 ], [ -69.187584957069831, 43.997880684397579 ], [ -69.195305023401161, 43.996790630778605 ], [ -69.197594062485067, 43.991402944695068 ], [ -69.194871778962664, 43.984918569095946 ], [ -69.190178134178325, 43.979268571794691 ], [ -69.194940226893422, 43.974882746784992 ], [ -69.201798554323418, 43.967837585304295 ], [ -69.205263455210542, 43.963854509045973 ], [ -69.210687898662243, 43.959032127182169 ], [ -69.207550598156558, 43.958466992141823 ], [ -69.194091970180693, 43.959802179153073 ], [ -69.19613028229162, 43.95805285312322 ], [ -69.201522928903827, 43.953688680551302 ], [ -69.207177603440925, 43.945684597543377 ], [ -69.216569877586053, 43.938727547025394 ], [ -69.226756028369934, 43.938634701910765 ], [ -69.232774422646699, 43.934290359602194 ], [ -69.238641656169435, 43.932222339409172 ], [ -69.247201654291331, 43.927968671089822 ], [ -69.250696000564844, 43.923536796290904 ], [ -69.25719756560423, 43.921487887386753 ], [ -69.25811364360203, 43.926535699384964 ], [ -69.261156825715986, 43.928468602946104 ], [ -69.266610616988984, 43.93231500322878 ], [ -69.269534314642101, 43.936063785327377 ], [ -69.269342681776479, 43.938800630769201 ], [ -69.2665523822578, 43.942342954168396 ], [ -69.270199468766194, 43.94475764225502 ], [ -69.275561971149429, 43.949965782389931 ], [ -69.277178583400158, 43.954127164590773 ], [ -69.270709887357285, 43.9557178565139 ], [ -69.260432013157498, 43.957174615622414 ], [ -69.253931005022494, 43.959222300642708 ], [ -69.254152436610653, 43.965162523965255 ], [ -69.255930879683945, 43.967047886383021 ], [ -69.255481010802526, 43.973418408550785 ], [ -69.244219634898997, 43.979853687109241 ], [ -69.23654518177193, 43.980493384621113 ], [ -69.235330644565266, 43.988656816884564 ], [ -69.232379217288326, 43.994483565652942 ], [ -69.225748451981346, 43.998347744886864 ], [ -69.218889815075158, 43.996276127465244 ], [ -69.214532159088122, 43.994753443903875 ], [ -69.209520862706938, 44.002778403471382 ], [ -69.204217266544376, 44.005778404355063 ], [ -69.206406673176502, 44.010877483365185 ], [ -69.212753800847722, 44.011106964245052 ], [ -69.213961469669755, 44.01206005300179 ], [ -69.205628110741571, 44.021795544513637 ], [ -69.186661647898418, 44.037983761870059 ], [ -69.17768791070921, 44.047696241335586 ], [ -69.176985892265989, 44.057705099207467 ], [ -69.173040868159106, 44.059388364764466 ], [ -69.16216840484374, 44.069026730533324 ], [ -69.165588459477448, 44.074628114709256 ], [ -69.171338852643174, 44.074374924338599 ], [ -69.178586647424126, 44.070996000668806 ], [ -69.184699275692878, 44.0657401475246 ], [ -69.189981105682136, 44.054069844189293 ], [ -69.201735569372374, 44.049935794913864 ], [ -69.203263847245253, 44.046343086917197 ], [ -69.201202454480281, 44.03942636102245 ], [ -69.214868016972844, 44.026235667549528 ], [ -69.232179615848551, 44.015455661882513 ], [ -69.233454645746193, 44.015500610037968 ], [ -69.237802401203552, 44.017027303345685 ], [ -69.24539315768105, 44.017750875674757 ], [ -69.247363862349175, 44.007792825293691 ], [ -69.251710894788104, 44.000192027559152 ], [ -69.257798735703886, 43.994940191120492 ], [ -69.258792049683592, 43.989958451870471 ], [ -69.261798495067524, 43.983221340019917 ], [ -69.269097876192163, 43.978922990330567 ], [ -69.27332615762819, 43.982267391854194 ], [ -69.280367749730857, 43.990725431846855 ], [ -69.283068909497672, 43.988538126998918 ], [ -69.283722962785546, 43.978987780423687 ], [ -69.287020904374117, 43.977281089529306 ], [ -69.286769017837813, 43.971797076583499 ], [ -69.282038619272967, 43.966613254767992 ], [ -69.284319300558849, 43.961217295537963 ], [ -69.2910189558105, 43.956442234800747 ], [ -69.298305471959949, 43.952138491820989 ], [ -69.305187870182365, 43.9446317140575 ], [ -69.311779178883071, 43.941217425075855 ], [ -69.315241467677055, 43.946359189988179 ], [ -69.310970672555428, 43.953046376818449 ], [ -69.306056667882586, 43.959712620787933 ], [ -69.313671430929602, 43.959985749837401 ], [ -69.313098262056172, 43.968172858095322 ], [ -69.303841984363544, 43.973318522421444 ], [ -69.302165532410626, 43.979189664477346 ], [ -69.305728051908233, 43.982961951280579 ], [ -69.301119378514926, 43.985079286825282 ], [ -69.291887408829638, 43.989767987392874 ], [ -69.292874029380798, 43.993906083745586 ], [ -69.299348846144227, 43.992314806486377 ], [ -69.308360491932106, 43.990809180874145 ], [ -69.319057673182812, 43.992556142506857 ], [ -69.32397838147331, 43.985883151417362 ], [ -69.325359203047682, 43.974988597745622 ], [ -69.334247919095816, 43.97530181459225 ], [ -69.338810081433351, 43.973643028188775 ], [ -69.342167599867864, 43.971021483673539 ], [ -69.339922241311044, 43.975960694480612 ], [ -69.342341160160572, 43.977869345709735 ], [ -69.348872284688966, 43.97535941903795 ], [ -69.353625444762471, 43.970963609956016 ], [ -69.361118454724377, 43.973056108871845 ], [ -69.359570214738127, 43.977105838346823 ], [ -69.354158302128369, 43.991056609066121 ], [ -69.349573792316434, 44.002295205955591 ], [ -69.344958651783315, 44.013994411248817 ], [ -69.346439276232061, 44.015972771650915 ], [ -69.34845292616528, 44.01867468391702 ], [ -69.357378420763879, 44.018528490431976 ], [ -69.369632992031214, 44.016222058272092 ], [ -69.370401600666113, 44.023549435170324 ], [ -69.369492691580916, 44.027619586755073 ], [ -69.364770433388017, 44.031559134749543 ], [ -69.345912889283596, 44.03728640120589 ], [ -69.342486200005538, 44.040809332727001 ], [ -69.34198164387459, 44.048096736001021 ], [ -69.339135235428941, 44.05255616850885 ], [ -69.340371729584177, 44.053053959118408 ], [ -69.34524058547467, 44.05641965736335 ], [ -69.345408502138611, 44.063267318631908 ], [ -69.345696413786698, 44.068294197745594 ], [ -69.353297203176652, 44.069019295175437 ], [ -69.362253361775174, 44.068415743883619 ], [ -69.370455684683833, 44.069613760387064 ], [ -69.377213059638422, 44.082622251923404 ], [ -69.382425170244019, 44.08097755441549 ], [ -69.386758492891317, 44.07337526144692 ], [ -69.385859427624268, 44.067870931981282 ], [ -69.372407399179792, 44.059650105845115 ], [ -69.369433394397817, 44.047229830416178 ], [ -69.371233232392228, 44.039540374138177 ], [ -69.376352789763786, 44.029682202017149 ], [ -69.383974794174534, 44.029953458631454 ], [ -69.382091537991769, 44.039006461647169 ], [ -69.379472499078418, 44.049403524361672 ], [ -69.382524585441089, 44.051334048069563 ], [ -69.388430998871684, 44.048801631206715 ], [ -69.391406894979113, 44.042525615766628 ], [ -69.395579548266269, 44.03719366849765 ], [ -69.403932867622828, 44.036114250164481 ], [ -69.408510893828918, 44.024873173301572 ], [ -69.404406744105813, 44.019715225141567 ], [ -69.39221461387929, 44.021116209524443 ], [ -69.401980528669313, 43.999104028871194 ], [ -69.415781629798047, 43.98316273379713 ], [ -69.419406538040434, 43.986029185412448 ], [ -69.419856825812261, 43.988783134526578 ], [ -69.418918120247824, 43.993306022074279 ], [ -69.42241995367884, 43.997991909661287 ], [ -69.427043312233678, 43.995412124787215 ], [ -69.433306635292496, 43.987420547110176 ], [ -69.443751251676048, 43.964521551941743 ], [ -69.453731512966499, 43.948445259299589 ], [ -69.462915845836449, 43.944201081671487 ], [ -69.463671431838506, 43.942404664765348 ], [ -69.460231143835969, 43.936814263108467 ], [ -69.456088341714576, 43.932112221640274 ], [ -69.455730300704786, 43.927995103048517 ], [ -69.457781873049953, 43.925786820765126 ], [ -69.462833431616389, 43.916841175815705 ], [ -69.469684514248527, 43.899743669040888 ], [ -69.474847645704614, 43.888984420261409 ], [ -69.478198107305474, 43.886358035287934 ], [ -69.483545974994513, 43.882438040294609 ], [ -69.483782272485044, 43.878798267965536 ], [ -69.485415057017605, 43.873384710700734 ], [ -69.490603152206958, 43.871737686054232 ], [ -69.492083165214098, 43.868593885219198 ], [ -69.487795041420654, 43.866171200829903 ], [ -69.486978745912339, 43.859300710849944 ], [ -69.491258499421775, 43.852154127193117 ], [ -69.504503493724386, 43.834365203260496 ], [ -69.508241729117614, 43.835406343412444 ], [ -69.513094381917483, 43.838762660867133 ], [ -69.5140632722795, 43.843353475529661 ], [ -69.514223308629738, 43.85065469140455 ], [ -69.516039206099308, 43.861655304102186 ], [ -69.518152314375797, 43.868110652971126 ], [ -69.524102893174984, 43.87424423182636 ], [ -69.523982294419099, 43.876058743598591 ], [ -69.514903100575268, 43.878943127673296 ], [ -69.505816919331508, 43.881830292658229 ], [ -69.512645152498109, 43.893914752836778 ], [ -69.51668852515958, 43.890401800523321 ], [ -69.518915863525848, 43.885462283587266 ], [ -69.526941034541579, 43.879351593334121 ], [ -69.535661894738865, 43.881926921379637 ], [ -69.53605786030792, 43.885588727302348 ], [ -69.534493808669254, 43.890097899639976 ], [ -69.532777921910125, 43.8968791779754 ], [ -69.53339612833399, 43.906929901471891 ], [ -69.536356872799615, 43.910218106860547 ], [ -69.541461558990449, 43.909936220777276 ], [ -69.545474108873293, 43.906877637098688 ], [ -69.552194639365837, 43.901178282455078 ], [ -69.55475050602351, 43.891233612669794 ], [ -69.549676667184684, 43.891062809350132 ], [ -69.547617404296844, 43.883696418338836 ], [ -69.556635322938206, 43.872145005024628 ], [ -69.558137772337901, 43.868548838900679 ], [ -69.552584377402752, 43.866079101405177 ], [ -69.549020346628879, 43.862315579370737 ], [ -69.545915752172903, 43.841693707236594 ], [ -69.550104404605761, 43.835910410148529 ], [ -69.551225132974565, 43.838228748479921 ], [ -69.555451626397087, 43.841564125511368 ], [ -69.560373572545146, 43.844004746799094 ], [ -69.558717257156005, 43.849874218320217 ], [ -69.559023098968765, 43.854899197294202 ], [ -69.561266715107323, 43.859533727499077 ], [ -69.564255822679655, 43.862372473258901 ], [ -69.567673719655659, 43.868415274996664 ], [ -69.575616034510659, 43.873235999752772 ], [ -69.577135721355631, 43.879213443940095 ], [ -69.579369781840128, 43.883852490534359 ], [ -69.581185973754685, 43.885275655109993 ], [ -69.581643833167192, 43.888024185744165 ], [ -69.579019396098957, 43.889307047413048 ], [ -69.570177643214308, 43.888558685729784 ], [ -69.568155826636925, 43.890309820775244 ], [ -69.565897876578617, 43.895707082123586 ], [ -69.562410494857403, 43.910183508242454 ], [ -69.560076036377652, 43.926519207554051 ], [ -69.56159404631056, 43.932497126853754 ], [ -69.569780218747724, 43.933686487804401 ], [ -69.573443972305228, 43.936084707809968 ], [ -69.571581638463158, 43.945144329889182 ], [ -69.560672152403043, 43.966208710827154 ], [ -69.539744145834675, 43.984658100855292 ], [ -69.52947553850116, 43.995713430088479 ], [ -69.526972869385176, 44.00474871247021 ], [ -69.528491924205014, 44.010726002450838 ], [ -69.531519013274504, 44.022689974846216 ], [ -69.529566359907861, 44.033114047785084 ], [ -69.534015331037352, 44.033262768854748 ], [ -69.543291835222348, 44.027647146368658 ], [ -69.547274879827214, 44.015463764907523 ], [ -69.551493972888196, 43.99964540315932 ], [ -69.552324560228058, 43.986908464467945 ], [ -69.557002670562113, 43.983413335110264 ], [ -69.562868497159357, 43.981331627048924 ], [ -69.56760667894207, 43.976927793347244 ], [ -69.570734611689588, 43.967914278845768 ], [ -69.576258802343162, 43.961258680369639 ], [ -69.585435621068143, 43.957005540362061 ], [ -69.59127304618498, 43.925741025030447 ], [ -69.592470301992847, 43.917112418509028 ], [ -69.59536113559669, 43.911737060690825 ], [ -69.593866741604984, 43.905305955348005 ], [ -69.591874805742947, 43.906606763412732 ], [ -69.586450902922905, 43.911901734814535 ], [ -69.578486736254547, 43.917103200905217 ], [ -69.573413065572609, 43.916936078153888 ], [ -69.575068454750152, 43.911060752596491 ], [ -69.577837100718426, 43.90750665208401 ], [ -69.583475646460855, 43.899034750966884 ], [ -69.58789263207504, 43.889604398018228 ], [ -69.589601371913616, 43.882822217934333 ], [ -69.584268564169051, 43.867144666637891 ], [ -69.580240788335956, 43.860628050790659 ], [ -69.572023948450294, 43.850320677929282 ], [ -69.57333618604774, 43.839880268201007 ], [ -69.579049960416924, 43.830044087531441 ], [ -69.584131026687317, 43.820183380741355 ], [ -69.589761171769908, 43.811705557368718 ], [ -69.603081946604206, 43.811698850659141 ], [ -69.602761121658574, 43.816703900593055 ], [ -69.59794764435452, 43.822466691835722 ], [ -69.589211873162313, 43.829928880185669 ], [ -69.587267136795589, 43.84034632882674 ], [ -69.589998367352521, 43.847277540266887 ], [ -69.592240184643828, 43.851908393297734 ], [ -69.589921598120767, 43.858217839340455 ], [ -69.592194584484716, 43.862391308051834 ], [ -69.599801893940821, 43.862646074093583 ], [ -69.602571155010395, 43.859090255540394 ], [ -69.603616008537415, 43.852748464336173 ], [ -69.606469744226274, 43.847825769383256 ], [ -69.609758798756445, 43.846105656960489 ], [ -69.610650863953282, 43.842035279801053 ], [ -69.613405312037273, 43.828905996936605 ], [ -69.617920649778227, 43.827686314374446 ], [ -69.622666659737448, 43.832861287142698 ], [ -69.627992279455469, 43.838965472732241 ], [ -69.634065416348605, 43.843264783330717 ], [ -69.639619251822168, 43.845728529042823 ], [ -69.640740816790682, 43.84804798513516 ], [ -69.647393982545253, 43.853278206631884 ], [ -69.655626085030335, 43.853548084732296 ], [ -69.665100806064657, 43.854318174122433 ], [ -69.665619526354888, 43.866186277135661 ], [ -69.672501718207272, 43.867777580835416 ], [ -69.675820771057076, 43.865605348090526 ], [ -69.679246213530803, 43.861618770392958 ], [ -69.685815406332509, 43.858182786073449 ], [ -69.686615665177371, 43.865503584549941 ], [ -69.679101960184056, 43.873917386213186 ], [ -69.671235668544611, 43.877766866066139 ], [ -69.664834760649612, 43.878468922162554 ], [ -69.661409576974577, 43.882462648039173 ], [ -69.656702166304939, 43.896438448482002 ], [ -69.655030365993852, 43.912796319551681 ], [ -69.653123321584388, 43.92276801944061 ], [ -69.64853816354703, 43.924891922387054 ], [ -69.642220717334993, 43.924228958114909 ], [ -69.635507016008347, 43.919907332382671 ], [ -69.632540648552748, 43.916614226782535 ], [ -69.630555939932933, 43.907891016944184 ], [ -69.627534497612189, 43.905511683577707 ], [ -69.622080010384238, 43.91126038573757 ], [ -69.616067589538304, 43.925649123925332 ], [ -69.61958415337061, 43.93032541815694 ], [ -69.630250751690255, 43.932500202988138 ], [ -69.639588610348241, 43.935546995905156 ], [ -69.642503252183815, 43.93974284744116 ], [ -69.648934376789228, 43.938587597244606 ], [ -69.6614173529222, 43.932155643515429 ], [ -69.663758135857478, 43.935425022351602 ], [ -69.663469188942244, 43.93997565704921 ], [ -69.655762817128348, 43.961154064833082 ], [ -69.649895959834325, 43.98330579221566 ], [ -69.6523686356431, 43.994326415519026 ], [ -69.649103156174519, 43.995592648533631 ], [ -69.642557171964512, 43.998567084441682 ], [ -69.639001451181272, 44.004377450078017 ], [ -69.635820360082889, 44.014306220059026 ], [ -69.63171552432955, 44.018732096803269 ], [ -69.625329284949984, 44.018976709099682 ], [ -69.614359928869192, 44.021348450862035 ], [ -69.608865884129216, 44.027551208084084 ], [ -69.612932808613493, 44.033617479484249 ], [ -69.620347505130056, 44.0370541788526 ], [ -69.628092117214806, 44.035485111029026 ], [ -69.636363032475757, 44.02572687697706 ], [ -69.642541584784098, 44.018632875961949 ], [ -69.648287076050849, 44.018366357448755 ], [ -69.658562886830055, 44.016874030733895 ], [ -69.660760399183246, 44.012392289515994 ], [ -69.668153012257818, 43.996213478386537 ], [ -69.680597580794768, 43.980661708792233 ], [ -69.697183630555557, 43.95976926296936 ], [ -69.715057847854354, 43.9384642074263 ], [ -69.720636061691252, 43.937975598527487 ], [ -69.722725657094486, 43.9377973930034 ], [ -69.731812245603066, 43.934897818249304 ], [ -69.734368425694512, 43.924495314327835 ], [ -69.732545642087757, 43.913039033954369 ], [ -69.736137619925671, 43.9063146080696 ], [ -69.744728316697447, 43.901119833356852 ], [ -69.748505988243139, 43.901694886096472 ], [ -69.74816258725231, 43.907158020293764 ], [ -69.755333709522674, 43.904194667115952 ], [ -69.760194508392743, 43.897513973932625 ], [ -69.764946775109024, 43.892651622835238 ], [ -69.763360381329974, 43.887583907870805 ], [ -69.761331131666665, 43.879313935979781 ], [ -69.759415425415284, 43.869224463672687 ], [ -69.758209550038472, 43.868275695475944 ], [ -69.751474352733439, 43.874439132822907 ], [ -69.744415901709431, 43.875584087739348 ], [ -69.742570166189211, 43.874612098404022 ], [ -69.742082324868861, 43.872318348000356 ], [ -69.740486783268381, 43.867250586389332 ], [ -69.737001057013728, 43.862121800688641 ], [ -69.733194188815389, 43.851967829277015 ], [ -69.73612365064271, 43.845685311401539 ], [ -69.7446910373001, 43.83046223826674 ], [ -69.750748095639864, 43.814700791026539 ], [ -69.747864228810556, 43.810048999442486 ], [ -69.740532952609669, 43.81574177803769 ], [ -69.724419489735851, 43.829808502423106 ], [ -69.717834814494523, 43.843725300500907 ], [ -69.711297128294447, 43.846704971620461 ], [ -69.702798675451632, 43.840501553110506 ], [ -69.702340124900246, 43.837752165916449 ], [ -69.702683627948176, 43.832293855490683 ], [ -69.707924691583159, 43.829728423847421 ], [ -69.710687004469321, 43.826170596252034 ], [ -69.714882406095413, 43.819925486251314 ], [ -69.720695860638983, 43.808261219834939 ], [ -69.720574870534435, 43.800055584215151 ], [ -69.71896486875761, 43.795443509495179 ], [ -69.739052876709195, 43.76828697260396 ], [ -69.742784000844779, 43.759293124525712 ], [ -69.74804835729374, 43.756271525639875 ], [ -69.753075542346679, 43.756890604060018 ], [ -69.757964970887784, 43.759782430022881 ], [ -69.763840566591696, 43.757234132417821 ], [ -69.769967812377217, 43.760619681727192 ], [ -69.766252183107312, 43.77964307125292 ], [ -69.765282151856127, 43.785084170865915 ], [ -69.770669826553473, 43.790270521012197 ], [ -69.768121157652303, 43.800670469048548 ], [ -69.76519097358063, 43.806959014991783 ], [ -69.762498304440783, 43.819636077469994 ], [ -69.763917296838727, 43.827429556100903 ], [ -69.773873588881912, 43.820455038973002 ], [ -69.781205506112428, 43.814765597149304 ], [ -69.780755625521863, 43.842558336945302 ], [ -69.781838455591057, 43.855810348559011 ], [ -69.782785104258863, 43.871338589519389 ], [ -69.786713735960404, 43.879669724935638 ], [ -69.793381980706684, 43.88489540216603 ], [ -69.799356712926752, 43.891013991462479 ], [ -69.798241935392369, 43.898728220965829 ], [ -69.796937981541475, 43.90963036289444 ], [ -69.800080967727268, 43.930701718121341 ], [ -69.801180364710177, 43.943955779449276 ], [ -69.805255346386403, 43.950009713246295 ], [ -69.809771360122639, 43.959272059938392 ], [ -69.808901125771001, 43.973377988690387 ], [ -69.809671781841786, 43.981610871190448 ], [ -69.812944978324921, 43.990376632944091 ], [ -69.813990766400877, 43.994062014585523 ], [ -69.809099105884343, 44.001198936282385 ], [ -69.804201431234162, 44.0083440991976 ], [ -69.802203112543879, 44.020130928062173 ], [ -69.799974209320524, 44.026866812256799 ], [ -69.797426462690979, 44.034544746811171 ], [ -69.790971725872069, 44.037104195468949 ], [ -69.77812355647383, 44.038977451379715 ], [ -69.769548019516478, 44.043720420537838 ], [ -69.766756321855311, 44.047735202918119 ], [ -69.765861579480955, 44.051810981192858 ], [ -69.768151641787455, 44.055987595034487 ], [ -69.772202996440541, 44.062499712535988 ], [ -69.777276920926369, 44.074147400981545 ], [ -69.779450731253661, 44.079148355090013 ], [ -69.784700381890573, 44.07658182712899 ], [ -69.791101114517275, 44.065836629318262 ], [ -69.792191477273931, 44.058577975372991 ], [ -69.798868061972058, 44.04328525320858 ], [ -69.808482055697041, 44.042215703788543 ], [ -69.819781824655038, 44.044855748079051 ], [ -69.823267368689699, 44.039951230813401 ], [ -69.826502446199385, 44.028652258520125 ], [ -69.8283040363537, 44.020045405437429 ], [ -69.833003227322962, 44.016090496002931 ], [ -69.833972708336759, 44.010646822823354 ], [ -69.841594714217138, 44.010887265349425 ], [ -69.853832498619198, 44.008534190123413 ], [ -69.85421380767967, 44.002161200820751 ], [ -69.85410612001354, 43.993497463230653 ], [ -69.85908101364582, 43.984990959733082 ], [ -69.864658779855404, 43.987439819022512 ], [ -69.875286275619857, 43.990506290428883 ], [ -69.880009367959147, 43.986096895470382 ], [ -69.88223625008284, 43.980696231199623 ], [ -69.884031061980053, 43.972085069741802 ], [ -69.882428535543752, 43.967019222459555 ], [ -69.878293121136622, 43.961881446896946 ], [ -69.882068070149188, 43.951968530114257 ], [ -69.872936795906739, 43.955786188551912 ], [ -69.867663961829734, 43.95881418461132 ], [ -69.857647594953434, 43.966702923034845 ], [ -69.851605124350442, 43.971990362152091 ], [ -69.84392863918184, 43.972658700644878 ], [ -69.840175294591347, 43.971628601040415 ], [ -69.83868005206061, 43.975229853103997 ], [ -69.834568315981215, 43.980118269822142 ], [ -69.830539743287346, 43.983639861550351 ], [ -69.828050888999798, 43.982648923577685 ], [ -69.826952141856452, 43.979875593581625 ], [ -69.826762621067203, 43.972578616034333 ], [ -69.829631396507693, 43.967196452098918 ], [ -69.83435367600147, 43.962786120075044 ], [ -69.832484725204708, 43.951781144502831 ], [ -69.826335560132151, 43.948396897733161 ], [ -69.82509203083417, 43.947904971355712 ], [ -69.822863683157394, 43.942815631379183 ], [ -69.818338250748141, 43.944041302081615 ], [ -69.813723245318599, 43.946634691540858 ], [ -69.813234820882414, 43.944339025025002 ], [ -69.814120099674966, 43.94026039519531 ], [ -69.814485821522311, 43.934348077033341 ], [ -69.811754384065836, 43.926966826287128 ], [ -69.811335119241846, 43.902789953850963 ], [ -69.815073328162413, 43.883305514658993 ], [ -69.815409529658112, 43.877846752619021 ], [ -69.807939837162337, 43.875329261076658 ], [ -69.805987358351075, 43.876179020691744 ], [ -69.802073239602393, 43.877876626946474 ], [ -69.798960461371152, 43.876869612352571 ], [ -69.797914292304824, 43.873184335930574 ], [ -69.796922032824043, 43.868596961669773 ], [ -69.7979369895628, 43.852219596824348 ], [ -69.802241132377063, 43.844147870338489 ], [ -69.81028939043884, 43.837111496697666 ], [ -69.808228927673682, 43.82929865733869 ], [ -69.80568016984067, 43.819190448937427 ], [ -69.802133331653607, 43.814974159079455 ], [ -69.798006602545968, 43.809831733705551 ], [ -69.794572075756264, 43.803793442364245 ], [ -69.792892712130595, 43.800098411290051 ], [ -69.789322246960637, 43.796333234820338 ], [ -69.790154963033828, 43.793169884470949 ], [ -69.791474814895466, 43.792304083203028 ], [ -69.798906406067005, 43.795272767555673 ], [ -69.801613839918048, 43.782138990439705 ], [ -69.799050805104031, 43.78251687977496 ], [ -69.793878383182573, 43.784176006073984 ], [ -69.788811175130391, 43.784011913015654 ], [ -69.78700422694898, 43.782584773846949 ], [ -69.785379422948509, 43.777976141033207 ], [ -69.783845076482834, 43.772007202627663 ], [ -69.787323858418546, 43.76710242818865 ], [ -69.792031322541135, 43.762692149363993 ], [ -69.794182012528651, 43.758660738094186 ], [ -69.800156374220933, 43.754296218755378 ], [ -69.804749833578427, 43.751702359907959 ], [ -69.801843886611962, 43.747509040469062 ], [ -69.790399408105458, 43.748054742886012 ], [ -69.779221129657941, 43.754536241046821 ], [ -69.775452124979466, 43.753960050192106 ], [ -69.775040269083064, 43.750301459305035 ], [ -69.777740887004981, 43.747651394641778 ], [ -69.788231833119482, 43.742062005475674 ], [ -69.79354164796311, 43.738128711918137 ], [ -69.797997396656939, 43.737817290378935 ], [ -69.80666508598047, 43.741280013456667 ], [ -69.810190483794599, 43.735469859240425 ], [ -69.816300152797965, 43.728825349230128 ], [ -69.821557425473515, 43.725800610357432 ], [ -69.826372296742932, 43.71957050416713 ], [ -69.828713959547187, 43.712353568649526 ], [ -69.832810372448662, 43.707474754369315 ], [ -69.839821779219974, 43.706780676007988 ], [ -69.853646088147997, 43.708584949848586 ], [ -69.850266452710429, 43.712124304869953 ], [ -69.848093028722047, 43.716614061053178 ], [ -69.85282283672241, 43.73271242081325 ], [ -69.841286892291237, 43.745110938307931 ], [ -69.839440840186128, 43.754624769491905 ], [ -69.843600090256643, 43.759311000319023 ], [ -69.845468561536379, 43.7598276390558 ], [ -69.850832848913285, 43.754981388868146 ], [ -69.855539001037258, 43.750571999049797 ], [ -69.861124472101579, 43.752571340300833 ], [ -69.862771223761627, 43.756726038030529 ], [ -69.85867464113575, 43.761608630808468 ], [ -69.85705044219057, 43.767481781521553 ], [ -69.858941943870079, 43.778026370904534 ], [ -69.865030947525085, 43.782318264904433 ], [ -69.864946825316522, 43.783679590179432 ], [ -69.868906199473614, 43.791553470111118 ], [ -69.866731921450167, 43.806524423977564 ], [ -69.860895423632215, 43.808622162286134 ], [ -69.855829885454696, 43.808463692055675 ], [ -69.848399058501187, 43.805494414740885 ], [ -69.844431875347254, 43.808108042825495 ], [ -69.843629960538706, 43.810811880309586 ], [ -69.844735659386075, 43.813586003825186 ], [ -69.851998822975958, 43.819285421474952 ], [ -69.84918477324382, 43.834235194222522 ], [ -69.846155990535124, 43.842346752218511 ], [ -69.849291420638664, 43.842900931923268 ], [ -69.855134883909784, 43.840806653938934 ], [ -69.863703916211435, 43.835603941680979 ], [ -69.86601551756614, 43.839323011836818 ], [ -69.86698420982043, 43.854850844375186 ], [ -69.864053996607453, 43.861143178667838 ], [ -69.859622300342153, 43.871488572411167 ], [ -69.86253627079904, 43.875683742493685 ], [ -69.864466738087259, 43.875287599702745 ], [ -69.872188381679393, 43.873702749193058 ], [ -69.874614720409539, 43.875602821474075 ], [ -69.886653776824573, 43.87597622537141 ], [ -69.889774481548002, 43.8769848583241 ], [ -69.895335920259001, 43.879437148925405 ], [ -69.901874167915793, 43.876446992304032 ], [ -69.904789321132199, 43.870155817083614 ], [ -69.904591078483165, 43.862857985233354 ], [ -69.887751601532045, 43.85777481642851 ], [ -69.888056853609214, 43.852772097894679 ], [ -69.88836290748111, 43.847767268356819 ], [ -69.886698974427759, 43.83313148706327 ], [ -69.882921923819254, 43.822072838497718 ], [ -69.886476839782304, 43.815802954718883 ], [ -69.888101996155498, 43.809927059527134 ], [ -69.887820341973139, 43.803995738146405 ], [ -69.89007861657457, 43.798136493888926 ], [ -69.897180774051009, 43.796077595674355 ], [ -69.901529886289069, 43.797584301884235 ], [ -69.905573921064104, 43.7936045517311 ], [ -69.910005829916685, 43.793742510813551 ], [ -69.911112651715015, 43.796511078671969 ], [ -69.910174296856383, 43.801496587778338 ], [ -69.906496837078748, 43.810041798358789 ], [ -69.896197579958667, 43.822942091866885 ], [ -69.896586996988944, 43.827055875029956 ], [ -69.900310665972896, 43.828538184338598 ], [ -69.906588693564075, 43.829645393136417 ], [ -69.907557608373367, 43.834688854326203 ], [ -69.911265584498693, 43.825688168937319 ], [ -69.918109688480911, 43.806757034291259 ], [ -69.92457079874616, 43.794191014242607 ], [ -69.931247419950026, 43.777990972735665 ], [ -69.934465640495659, 43.777179846670613 ], [ -69.938815401545696, 43.778678497962133 ], [ -69.941706536181982, 43.783324983130306 ], [ -69.949550414615004, 43.779463205702463 ], [ -69.957630035320776, 43.771505529284994 ], [ -69.967662319541461, 43.762701647164086 ], [ -69.975634604702208, 43.756560958462948 ], [ -69.980867410057115, 43.743050105374031 ], [ -69.987910426261706, 43.730957183622394 ], [ -69.993899506616557, 43.726126932587754 ], [ -69.998034244618708, 43.731266808287778 ], [ -69.997111649209458, 43.736247105018137 ], [ -69.992197544303551, 43.744308561471051 ], [ -69.984706034164603, 43.753192852062277 ], [ -69.977259613560108, 43.761169303090533 ], [ -69.971324082174661, 43.765089050384631 ], [ -69.968660717461361, 43.767288418935472 ], [ -69.966486507908769, 43.771781497682852 ], [ -69.962711138911232, 43.782145166786123 ], [ -69.95839971330372, 43.790671373233891 ], [ -69.957133816161189, 43.790632170273788 ], [ -69.951487991143466, 43.789549864262391 ], [ -69.94794730436746, 43.795820271484544 ], [ -69.94413399021127, 43.806642613384398 ], [ -69.945156019991202, 43.810773968440571 ], [ -69.950000722225155, 43.814574052883657 ], [ -69.948710675472611, 43.814988576214766 ], [ -69.9407008197566, 43.821581173241803 ], [ -69.933933023897382, 43.82866446396298 ], [ -69.93340686656218, 43.826826052183165 ], [ -69.932391505847406, 43.82269108074199 ], [ -69.926325988524908, 43.817949647876716 ], [ -69.922725369031596, 43.825127962992326 ], [ -69.922679656004959, 43.836522051373898 ], [ -69.923953998054003, 43.847047011844126 ], [ -69.926402543788612, 43.848489443206233 ], [ -69.93442938693606, 43.852378917851546 ], [ -69.933994358393704, 43.859662096065449 ], [ -69.935893943136179, 43.859722169947659 ], [ -69.944888344464502, 43.847234593222979 ], [ -69.94820692965078, 43.834120424625198 ], [ -69.95413606158337, 43.819715831552841 ], [ -69.961344762507906, 43.815828884271106 ], [ -69.970592279262902, 43.809729851365574 ], [ -69.976696605549819, 43.803080137267891 ], [ -69.975780086561187, 43.79712490305748 ], [ -69.978953549937302, 43.786287866179407 ], [ -69.99202301285456, 43.768908561638902 ], [ -69.994059280859645, 43.766691729930869 ], [ -69.992426812984178, 43.762086946711257 ], [ -69.989421070608714, 43.759262428930398 ], [ -69.991610761226255, 43.754314089946931 ], [ -69.999468798115586, 43.749995164489711 ], [ -70.00580782848759, 43.739246658369979 ], [ -70.009761617900992, 43.736632477662255 ], [ -70.017382072105391, 43.736407541954321 ], [ -70.016558258163116, 43.739573884692291 ], [ -70.012522587403097, 43.74355176924162 ], [ -70.010394302928361, 43.747588490071877 ], [ -70.01550597644767, 43.746831890349291 ], [ -70.031482189870147, 43.7445831996367 ], [ -70.032665037524978, 43.745982721668838 ], [ -70.031901114347406, 43.748237315377537 ], [ -70.027659847681363, 43.755853387927026 ], [ -70.021511320197803, 43.763418066791239 ], [ -70.015551728328518, 43.767797660778413 ], [ -70.012172255988261, 43.771342800665167 ], [ -70.009715565387751, 43.780836466137231 ], [ -70.005229332899503, 43.781610121629491 ], [ -70.000720966581198, 43.782842340368212 ], [ -69.997896920322262, 43.787772619432729 ], [ -69.995700603109427, 43.792720154434974 ], [ -69.992740531614473, 43.799920415416224 ], [ -69.989169642537092, 43.806650829038304 ], [ -69.984470633763493, 43.811063592531006 ], [ -69.972118475904139, 43.816159841976322 ], [ -69.967617225503901, 43.827870502512418 ], [ -69.964275707059443, 43.841447485445904 ], [ -69.960842789232331, 43.845894811276459 ], [ -69.951008195359861, 43.851068372423747 ], [ -69.94606517013284, 43.859578356331454 ], [ -69.948376750758555, 43.8632974210119 ], [ -69.953481185467965, 43.862991413593178 ], [ -69.958027779751049, 43.861306189286225 ], [ -69.963252977805212, 43.858735778685656 ], [ -69.96912106025006, 43.856178538477671 ], [ -69.97490434984212, 43.854984486428116 ], [ -69.980687065265542, 43.853799420373271 ], [ -69.990193976942322, 43.854084123690612 ], [ -69.999524298016553, 43.846616144757746 ], [ -70.009845656453294, 43.832800035602553 ], [ -70.017056816719432, 43.828915399481133 ], [ -70.018192657761475, 43.831227257897652 ], [ -70.017377623809153, 43.83439381567662 ], [ -70.013783447085927, 43.841576749334195 ], [ -70.008419505317704, 43.846429555760977 ], [ -69.997822525193968, 43.853856989017281 ], [ -69.990376270560219, 43.861839912472952 ], [ -69.988653343412423, 43.8695377715392 ], [ -69.989888920243075, 43.870031192678162 ], [ -69.995153241484658, 43.866997249796519 ], [ -69.999670328282932, 43.865765689511221 ], [ -70.005453641403705, 43.864574823363249 ], [ -70.017041610543615, 43.861733556585996 ], [ -70.028349038797046, 43.852955645732209 ], [ -70.039129598344317, 43.84234223817063 ], [ -70.039419308423774, 43.837333762803027 ], [ -70.04084545950127, 43.83464163030785 ], [ -70.045987213357066, 43.833427726198295 ], [ -70.051770825815524, 43.832233356791384 ], [ -70.05325010933889, 43.828630325394919 ], [ -70.055515402158392, 43.822320578833434 ], [ -70.059422282758391, 43.820613736279299 ], [ -70.061245135714003, 43.822034442297308 ], [ -70.061589411088406, 43.827058233026506 ], [ -70.06517520899375, 43.830811346775995 ], [ -70.069004404085959, 43.830468534462945 ], [ -70.075498168947689, 43.827926628169074 ], [ -70.084050963117889, 43.822707792865373 ], [ -70.093227484289471, 43.817513904145592 ], [ -70.095761918742255, 43.817589975340645 ], [ -70.095708105944652, 43.818498305304246 ], [ -70.09162690175134, 43.823386868689987 ], [ -70.086796187749513, 43.830086640163607 ], [ -70.081976242019934, 43.836777037006229 ], [ -70.079625145148, 43.844456756121048 ], [ -70.082060047730494, 43.846351342283818 ], [ -70.087202612608053, 43.845138270294001 ], [ -70.095357485752231, 43.835803349795199 ], [ -70.105031722341693, 43.82196144922262 ], [ -70.107319346566442, 43.815193344184351 ], [ -70.107656087542452, 43.809276354316189 ], [ -70.115621001189581, 43.803131256319084 ], [ -70.127812371683092, 43.800756032212355 ], [ -70.134724234107452, 43.801869844050536 ], [ -70.141262358258132, 43.798413473179266 ], [ -70.142628171247097, 43.796630610926904 ], [ -70.142071046490543, 43.795250987678138 ], [ -70.138455284422093, 43.791950669759444 ], [ -70.136684875925141, 43.7896228084402 ], [ -70.138050807067714, 43.787835404477256 ], [ -70.144642058034734, 43.783470968760952 ], [ -70.162502973701265, 43.770317036890106 ], [ -70.170255294589865, 43.767810753942008 ], [ -70.171467277580362, 43.768758339332784 ], [ -70.171215928844134, 43.773309227151294 ], [ -70.171643200730117, 43.776965542552126 ], [ -70.176807309087636, 43.775291917175636 ], [ -70.184124395743154, 43.769122406429602 ], [ -70.185901099462669, 43.760064424680095 ], [ -70.185269208891668, 43.748649674818303 ], [ -70.196133122038134, 43.735750118277203 ], [ -70.206982432416069, 43.722847876917179 ], [ -70.209744035440536, 43.718823444691779 ], [ -70.209340075714721, 43.714714478224273 ], [ -70.208827856903198, 43.712423489070112 ], [ -70.212880032360758, 43.707978363833689 ], [ -70.218067329814048, 43.705851083920109 ], [ -70.225734327854013, 43.704701049097643 ], [ -70.229649064198085, 43.702535199094555 ], [ -70.234760935793702, 43.701771393686641 ], [ -70.240048395238787, 43.709209504080974 ], [ -70.239688492265188, 43.704191309907941 ], [ -70.241886247415309, 43.698782162735498 ], [ -70.242137836025549, 43.694235132840646 ], [ -70.23927676213917, 43.688684488974324 ], [ -70.235049696292677, 43.684918549048476 ], [ -70.237125105423161, 43.681792018583963 ], [ -70.235455267847669, 43.677639816021347 ], [ -70.229304137870926, 43.67427704883746 ], [ -70.231457179880508, 43.669782618662438 ], [ -70.238879797837669, 43.661338258258617 ], [ -70.253382917145728, 43.650817308384696 ], [ -70.276889975623192, 43.649206790175825 ], [ -70.282070228726539, 43.647074787429261 ], [ -70.282268583892474, 43.643434058426529 ], [ -70.279911212697229, 43.640178009669697 ], [ -70.269931442118448, 43.637617010767954 ], [ -70.261639135717857, 43.638749773545037 ], [ -70.257343562223781, 43.636351893157624 ], [ -70.252971400090942, 43.635312623618702 ], [ -70.249027381832803, 43.637934820256042 ], [ -70.245669378256977, 43.641485657869744 ], [ -70.239833928018314, 43.644052631359862 ], [ -70.235186996122678, 43.648019872562024 ], [ -70.231853389931302, 43.6511151423352 ], [ -70.226794222045584, 43.6509700571509 ], [ -70.222018165178497, 43.645819186428099 ], [ -70.216051863921479, 43.639274007494414 ], [ -70.212480776415561, 43.63507079178558 ], [ -70.208338766325241, 43.629939170738936 ], [ -70.203494193516249, 43.62615478949207 ], [ -70.198007707617137, 43.622353099437966 ], [ -70.197505719228047, 43.620059631767624 ], [ -70.199113850570882, 43.613731438615815 ], [ -70.20234987014156, 43.60106772151677 ], [ -70.203989043309036, 43.594281038788964 ], [ -70.202349623200504, 43.589680910750531 ], [ -70.198054267864165, 43.587273339568448 ], [ -70.195077909899354, 43.584004707375065 ], [ -70.20028084192684, 43.581418475831676 ], [ -70.203615478743359, 43.57832499098852 ], [ -70.200579684683788, 43.57595838816075 ], [ -70.196870783810382, 43.5744867362178 ], [ -70.191927554915083, 43.572518522360475 ], [ -70.192201675938563, 43.567520819250703 ], [ -70.197480712421012, 43.563573780304345 ], [ -70.204600107079912, 43.560586359570273 ], [ -70.214540403223296, 43.563607145795217 ], [ -70.213609927119407, 43.569047250111751 ], [ -70.216211690042812, 43.567752899467763 ], [ -70.225244130940268, 43.564366669286223 ], [ -70.236353360742712, 43.55785521973646 ], [ -70.25734944997221, 43.555261307322596 ], [ -70.261568302447543, 43.55902537654044 ], [ -70.259982774110412, 43.564898849902313 ], [ -70.26172884669748, 43.567689167456393 ], [ -70.265491028281488, 43.568248838144072 ], [ -70.266290811802619, 43.565079851036813 ], [ -70.269014789580211, 43.561517023733401 ], [ -70.275523334806635, 43.558055566170843 ], [ -70.287814801021824, 43.552932697610117 ], [ -70.299007891855936, 43.544593490911694 ], [ -70.301120393890656, 43.540555137342523 ], [ -70.301945474525354, 43.536933642508217 ], [ -70.304790394239632, 43.531093959184204 ], [ -70.308574316136088, 43.531201483033946 ], [ -70.314838497339579, 43.5322877288543 ], [ -70.313937752110292, 43.537269973422376 ], [ -70.31441884364493, 43.54001570835883 ], [ -70.317456182353069, 43.542381699895493 ], [ -70.320529549466428, 43.54383205938052 ], [ -70.317157137024481, 43.54783746868965 ], [ -70.315624175085318, 43.552807533970046 ], [ -70.318059069196778, 43.554695218172668 ], [ -70.324772410580152, 43.558982434080704 ], [ -70.32609328716336, 43.558104826227733 ], [ -70.330577915194027, 43.556866071723036 ], [ -70.335727633074612, 43.555188132932159 ], [ -70.334805189983001, 43.548782295206266 ], [ -70.335071961224159, 43.543780496294374 ], [ -70.340557811021611, 43.535731985958797 ], [ -70.341610678283942, 43.534912473297645 ], [ -70.359669208009777, 43.52077988978504 ], [ -70.372914667611255, 43.509305497262169 ], [ -70.377255480104751, 43.498944790130558 ], [ -70.376447446930413, 43.490269775267848 ], [ -70.373768402294857, 43.469248202690402 ], [ -70.372654367824836, 43.466481711788774 ], [ -70.369113948493364, 43.461832461647603 ], [ -70.366276941769144, 43.45583163813145 ], [ -70.36705511233265, 43.453119576643346 ], [ -70.369817345056532, 43.448640118798856 ], [ -70.368673035650332, 43.446332262204713 ], [ -70.362393346814684, 43.445706629614442 ], [ -70.355319833153885, 43.448240363838813 ], [ -70.345699658144255, 43.451162291265575 ], [ -70.336635913586065, 43.455468278022337 ], [ -70.332828423166575, 43.455811508589562 ], [ -70.330355841996806, 43.454836492072168 ], [ -70.327930972343609, 43.452948384083165 ], [ -70.333148395953529, 43.449903245487 ], [ -70.33966398779171, 43.445990298850987 ], [ -70.355756246750133, 43.440053064543193 ], [ -70.364941852787652, 43.433482172619406 ], [ -70.370388660295717, 43.425886262139819 ], [ -70.375058170813446, 43.421007089999549 ], [ -70.380270250142814, 43.41796240860571 ], [ -70.386785591735489, 43.414041463807642 ], [ -70.388890433941242, 43.410002878697114 ], [ -70.389218559691955, 43.403639895128443 ], [ -70.391187761831972, 43.402322739395565 ], [ -70.39503272892911, 43.401063670162024 ], [ -70.401959859575058, 43.401250673520849 ], [ -70.412130461055185, 43.399709477816145 ], [ -70.418568586220317, 43.397154590482224 ], [ -70.421279004654295, 43.393582850485039 ], [ -70.422163306900501, 43.38860203201002 ], [ -70.42305593109559, 43.383615964235801 ], [ -70.424482752973461, 43.380464621791823 ], [ -70.427724133376714, 43.378734007616615 ], [ -70.434789465210386, 43.37619236512726 ], [ -70.440016484760179, 43.372694465364525 ], [ -70.441366283308327, 43.370905252465569 ], [ -70.441581036510769, 43.366811202699232 ], [ -70.441953796043251, 43.359538660759569 ], [ -70.445288614640091, 43.355987008383089 ], [ -70.449186414999971, 43.353815601691466 ], [ -70.456969326991427, 43.349470086999354 ], [ -70.4665673905982, 43.346544554570997 ], [ -70.476126810509996, 43.344523521844899 ], [ -70.484283431217335, 43.345193306031639 ], [ -70.492392364277137, 43.346782001590775 ], [ -70.498756803964369, 43.345582811843258 ], [ -70.504416778893585, 43.345731973533297 ], [ -70.51190229677573, 43.34729538952233 ], [ -70.517540997294475, 43.347901837451445 ], [ -70.523293015395652, 43.346236271300725 ], [ -70.52655097817572, 43.34404301893985 ], [ -70.531121025345143, 43.340979287735493 ], [ -70.538941186137507, 43.335718243953238 ], [ -70.545625312350822, 43.328153593991921 ], [ -70.553047773847211, 43.318334678073263 ], [ -70.560532881984855, 43.30714693250745 ], [ -70.562622054356837, 43.303103551407084 ], [ -70.566133053528958, 43.295915398718357 ], [ -70.567887390952009, 43.285941426166545 ], [ -70.573099237059637, 43.282438478634674 ], [ -70.5804002709842, 43.274885392966162 ], [ -70.588013887180111, 43.26097339235158 ], [ -70.58953982741734, 43.255553744207354 ], [ -70.589157801822566, 43.250533651484439 ], [ -70.586198366215399, 43.246817941253141 ], [ -70.58716660519417, 43.240011265521545 ], [ -70.586716134074237, 43.236358845839433 ], [ -70.580307468480484, 43.226176764810013 ], [ -70.577568262070656, 43.217915299543087 ], [ -70.579078592862118, 43.21294343729236 ], [ -70.580445270583766, 43.210705346952267 ], [ -70.583740221801207, 43.20760794805809 ], [ -70.587670007828308, 43.2045180741938 ], [ -70.587890960699625, 43.199973074065348 ], [ -70.588027827924861, 43.197247408871277 ], [ -70.590004244573336, 43.195476175989278 ], [ -70.591996017620573, 43.193253059605546 ], [ -70.595139775883453, 43.193335708578765 ], [ -70.599624854417812, 43.191630146919479 ], [ -70.601663001428307, 43.188494753910419 ], [ -70.59989179441169, 43.186173080873218 ], [ -70.600075646354213, 43.182537783509126 ], [ -70.601547705904352, 43.178025338577896 ], [ -70.60166263603233, 43.175750420062769 ], [ -70.599845763905563, 43.174338757304255 ], [ -70.594939504013865, 43.171940629557405 ], [ -70.591842146745662, 43.170945568659668 ], [ -70.593146726494041, 43.170071746145339 ], [ -70.595749293301594, 43.168315815047677 ], [ -70.599533035660372, 43.167956903393979 ], [ -70.609558392259018, 43.168670649045879 ], [ -70.615287206403352, 43.167000376700294 ], [ -70.617286956391098, 43.164781204717215 ], [ -70.619392909984143, 43.160278587451991 ], [ -70.620933946583875, 43.154403922673431 ], [ -70.622772272319182, 43.142617209729593 ], [ -70.623488796430252, 43.140816848960952 ], [ -70.623535269749738, 43.139904767968318 ], [ -70.624229737114931, 43.138557211336767 ], [ -70.625548658018062, 43.137226676076956 ], [ -70.632606069070079, 43.134220777304563 ], [ -70.640266743758474, 43.131689171490116 ], [ -70.645866374967866, 43.132740244227847 ], [ -70.649498256597184, 43.135566403201146 ], [ -70.64956622286546, 43.134201518441635 ], [ -70.649650066890246, 43.132382655879212 ], [ -70.649131322688845, 43.130094092738382 ], [ -70.647949657933637, 43.128697557728479 ], [ -70.646133078480588, 43.127286642523359 ], [ -70.643020928314854, 43.126751450874956 ], [ -70.641806989297905, 43.125810210462369 ], [ -70.640686229649035, 43.123047287807438 ], [ -70.643264466230491, 43.121750403665658 ], [ -70.64710947201462, 43.120031476906682 ], [ -70.647780616244177, 43.119138787504184 ], [ -70.644829078726971, 43.115419302510936 ], [ -70.644377993999512, 43.111763494727022 ], [ -70.646003374876528, 43.104073255118657 ], [ -70.651176435417327, 43.101018871215622 ], [ -70.65695206497368, 43.098436400299803 ], [ -70.657996830768525, 43.089819440882543 ], [ -70.661284957069725, 43.086714213654588 ], [ -70.665267236292635, 43.082266172637475 ], [ -70.667387751798387, 43.077310314383951 ], [ -70.67331651258948, 43.071547093748016 ], [ -70.680342685962941, 43.068993852417918 ], [ -70.692962575574413, 43.067491354361181 ], [ -70.69731058382645, 43.068513787091291 ], [ -70.697867651249283, 43.069890617789603 ], [ -70.697715904772963, 43.073075971826405 ], [ -70.698685204254346, 43.079014053416088 ], [ -70.701705647318278, 43.081369768034016 ], [ -70.706795379005555, 43.080128013359968 ], [ -70.711265725143079, 43.078422670861329 ], [ -70.713752247850181, 43.07893960366507 ], [ -70.714852468593449, 43.082149577425014 ], [ -70.716629340477141, 43.084470195564336 ], [ -70.717751161574441, 43.087227393456715 ], [ -70.719520682225948, 43.089551133262425 ], [ -70.720062822705358, 43.091386488184121 ], [ -70.718093680606103, 43.093152613609767 ], [ -70.717400694872993, 43.094502730175641 ], [ -70.720429359266916, 43.096852475586104 ], [ -70.725335991695715, 43.099250529178192 ], [ -70.727762135821308, 43.10113539951206 ], [ -70.730652829939061, 43.106213478415143 ], [ -70.732598702692798, 43.104892561427306 ], [ -70.734552494254217, 43.103580155364483 ], [ -70.73651284057263, 43.101802762935307 ], [ -70.737228947241903, 43.100002485068451 ], [ -70.736725816151321, 43.097261007348294 ], [ -70.733331432825736, 43.089439223818353 ], [ -70.733078137825117, 43.081697071368531 ], [ -70.738258775407061, 43.07818265762441 ], [ -70.743919161650169, 43.077871122106522 ], [ -70.750084490975723, 43.080300977732101 ], [ -70.755616678146083, 43.082709923862062 ], [ -70.761842701426829, 43.084668562297999 ], [ -70.762383582076254, 43.085610249543407 ], [ -70.762819809448018, 43.089713673444457 ], [ -70.765695915190705, 43.095249164605974 ], [ -70.769181721372306, 43.101250334472788 ], [ -70.772836703596028, 43.103615215245902 ], [ -70.775934489294258, 43.104603723758039 ], [ -70.782160459711974, 43.105667957326219 ], [ -70.788866499800136, 43.109925140498476 ], [ -70.796832442127709, 43.114216471725612 ], [ -70.805987171024341, 43.119898412209714 ], [ -70.809764086828153, 43.119537477793472 ], [ -70.816669968173301, 43.11970371719471 ], [ -70.817234314681528, 43.121081026990886 ], [ -70.818659972817301, 43.121871625582713 ], [ -70.821514114179763, 43.123462592283666 ], [ -70.826366368791923, 43.12721816160856 ], [ -70.827388758977321, 43.132254740741885 ], [ -70.829379445459622, 43.130022936704322 ], [ -70.832057861434578, 43.126448961328762 ], [ -70.834651902669762, 43.12469056909606 ], [ -70.841610460122766, 43.123492812059879 ], [ -70.849156604747634, 43.123217171942393 ], [ -70.855488739564407, 43.122007048075567 ], [ -70.862957962929883, 43.12354986464949 ], [ -70.866574917054805, 43.126822190766852 ], [ -70.869024274711109, 43.128244322815164 ], [ -70.872831438595057, 43.127428329376137 ], [ -70.878515097963017, 43.126651037354449 ], [ -70.884747629454026, 43.127711016274837 ], [ -70.887319290030163, 43.126406574356821 ], [ -70.8873795501096, 43.125041007779046 ], [ -70.887480352564637, 43.122769781041377 ], [ -70.885663597226426, 43.121358474316438 ], [ -70.880765592341376, 43.118512659945225 ], [ -70.87724884238682, 43.112967131938831 ], [ -70.875012803102081, 43.107000291541759 ], [ -70.874630267040345, 43.101531629655334 ], [ -70.878598971308449, 43.097074554195522 ], [ -70.881169603357847, 43.095770297438612 ], [ -70.887540104473914, 43.093646288911586 ], [ -70.891408265115771, 43.091464894079849 ], [ -70.891530733119254, 43.088736656591472 ], [ -70.892926989709409, 43.085581222247818 ], [ -70.894200772194935, 43.08515400168173 ], [ -70.898610629490108, 43.084806152231202 ], [ -70.904248565230645, 43.084937733700691 ], [ -70.905446093566241, 43.083990027278439 ], [ -70.908155270833163, 43.081847813852754 ], [ -70.908239670957244, 43.08003040687688 ], [ -70.90791823658202, 43.073195037869219 ], [ -70.908184887779669, 43.067286491588511 ], [ -70.910185101934772, 43.064604348644778 ], [ -70.912121099921521, 43.06328213867998 ], [ -70.915921180742529, 43.062464398983778 ], [ -70.923528758896282, 43.060820825335639 ], [ -70.922399118096806, 43.058065519720991 ], [ -70.921850352542478, 43.056230816340623 ], [ -70.920193574979621, 43.051192938500769 ], [ -70.918010934574298, 43.0438611322189 ], [ -70.914738936416242, 43.046961486042676 ], [ -70.910817266265383, 43.050509410362665 ], [ -70.901753331274364, 43.056670273218174 ], [ -70.894741838266242, 43.059234058300568 ], [ -70.887135360411875, 43.060871636097623 ], [ -70.881458718873802, 43.061649506979599 ], [ -70.874584242825435, 43.061028006657502 ], [ -70.870220990477762, 43.060470341605601 ], [ -70.863429870016702, 43.058037416962463 ], [ -70.859249170643309, 43.053383174740574 ], [ -70.85505291507566, 43.049187096973796 ], [ -70.851291651443091, 43.049094761573251 ], [ -70.848765503105341, 43.049490920939434 ], [ -70.846170870874261, 43.05125095482083 ], [ -70.844860139828938, 43.052581659713539 ], [ -70.842227170025339, 43.055247762450172 ], [ -70.840770501972031, 43.059761429804752 ], [ -70.840075782716426, 43.061111244604355 ], [ -70.84053326444139, 43.064763036967683 ], [ -70.842273517284539, 43.067989900999052 ], [ -70.847789467379968, 43.07085505229891 ], [ -70.850903008626545, 43.071383458507498 ], [ -70.856541242351341, 43.07151738333053 ], [ -70.859027824359288, 43.072033706292942 ], [ -70.860180063078531, 43.07433770579356 ], [ -70.858715230997745, 43.078849951419336 ], [ -70.857945371912209, 43.082019326245991 ], [ -70.85306168160524, 43.09282145464357 ], [ -70.852076994432849, 43.10053564807572 ], [ -70.852375489362046, 43.107824854537263 ], [ -70.849842037432254, 43.108217742684687 ], [ -70.844180938287707, 43.108538792789062 ], [ -70.834774533052581, 43.108309064098641 ], [ -70.829753938404522, 43.108187205913147 ], [ -70.825342790329586, 43.108539820057892 ], [ -70.821521367044028, 43.109808393801082 ], [ -70.818972098362849, 43.110656831826404 ], [ -70.81330388569755, 43.110977538265381 ], [ -70.811488964134398, 43.109565228622792 ], [ -70.805316482776433, 43.107140038193577 ], [ -70.79798398786356, 43.102867227924875 ], [ -70.78383883979248, 43.096602572488401 ], [ -70.777802796435452, 43.091454062439745 ], [ -70.772431846784755, 43.085404086319656 ], [ -70.767091148758979, 43.07890047326174 ], [ -70.763421199949278, 43.076984570330879 ], [ -70.756631551308629, 43.074543592601344 ], [ -70.746735706539496, 43.07156801836112 ], [ -70.745583536910644, 43.069264597608729 ], [ -70.745690423540808, 43.066993971595537 ], [ -70.747635579629929, 43.065675365789488 ], [ -70.748352509335035, 43.063875423098395 ], [ -70.748474641525831, 43.061146259228749 ], [ -70.74610212507578, 43.058358420185812 ], [ -70.745538233265265, 43.056980643628215 ], [ -70.745620940394943, 43.055162234919955 ], [ -70.749451370129691, 43.053888824313439 ], [ -70.754524737862837, 43.052647225519799 ], [ -70.759727578993306, 43.048684846676153 ], [ -70.76106406991812, 43.046898216521242 ], [ -70.756035902017302, 43.047228062367161 ], [ -70.747284686896663, 43.046551381776013 ], [ -70.742187376538197, 43.048249458368346 ], [ -70.740867943590473, 43.049580098906446 ], [ -70.737602755035184, 43.052231343795448 ], [ -70.733802657024725, 43.053044184569714 ], [ -70.732597707666201, 43.052105658463127 ], [ -70.729568427914359, 43.049753612759083 ], [ -70.726433223088108, 43.049676953132064 ], [ -70.722610311238554, 43.050941927051021 ], [ -70.719482501937193, 43.050866571569983 ], [ -70.719521557921283, 43.049958022150605 ], [ -70.719024771700845, 43.04721541586764 ], [ -70.716559915504703, 43.046248018264514 ], [ -70.714119084671978, 43.044816735873717 ], [ -70.713736399489122, 43.039804805483442 ], [ -70.719306775227906, 43.028113390974148 ], [ -70.725852188459513, 43.022355870611271 ], [ -70.73030137490268, 43.021108259422491 ], [ -70.733543985214254, 43.018914670788135 ], [ -70.734984879164486, 43.014852759813074 ], [ -70.735244893077493, 43.00939782549068 ], [ -70.73986705414525, 43.004508088696696 ], [ -70.74238539380643, 43.004115044643413 ], [ -70.746100875376868, 43.005118118336917 ], [ -70.74862582966135, 43.004728582474222 ], [ -70.751846791328163, 43.002985158944725 ], [ -70.752555529208792, 43.001183898987129 ], [ -70.753288459642206, 42.998925885094209 ], [ -70.752815613521463, 42.995729312925214 ], [ -70.753028831452184, 42.991183937244358 ], [ -70.756224863103384, 42.989897176493798 ], [ -70.759483325419168, 42.987249730068953 ], [ -70.758635485856232, 42.978582500345809 ], [ -70.758071996987397, 42.977204940843755 ], [ -70.761375821335264, 42.973645896793485 ], [ -70.765272907848626, 42.970561152198904 ], [ -70.770431555140036, 42.96750051515901 ], [ -70.778861935703475, 42.961340442056361 ], [ -70.779677585558886, 42.957262383448068 ], [ -70.779914436582416, 42.952260804717838 ], [ -70.781463404570559, 42.945932161945237 ], [ -70.784652223739229, 42.944648531137936 ], [ -70.788489964886139, 42.942922481967258 ], [ -70.791099887876257, 42.940710599077427 ], [ -70.795211610214636, 42.93307694538025 ], [ -70.795319639024839, 42.930807331225189 ], [ -70.795486603268458, 42.92717202438191 ], [ -70.793884101827999, 42.921218929168418 ], [ -70.795387164735629, 42.915797636462969 ], [ -70.797309305878102, 42.914931853995938 ], [ -70.799888865362774, 42.91317325740328 ], [ -70.803870870962982, 42.908266758690949 ], [ -70.804000949038468, 42.905540234863558 ], [ -70.804816620901875, 42.901465112917087 ], [ -70.807380565878447, 42.900164854813106 ], [ -70.810524683841777, 42.899783563196884 ], [ -70.815421966833796, 42.90217781962383 ], [ -70.82017612579088, 42.90775473344339 ], [ -70.8237996729369, 42.910572050827675 ], [ -70.826928700890605, 42.910646364975044 ], [ -70.82759172009267, 42.909754615237986 ], [ -70.82527953738267, 42.905603176654175 ], [ -70.826096246550449, 42.901526056354157 ], [ -70.828056514116525, 42.899756370649442 ], [ -70.829971731241741, 42.898893570523875 ], [ -70.831947941608263, 42.896670288070709 ], [ -70.832160911358784, 42.892124195086168 ], [ -70.829781096108746, 42.889338983898149 ], [ -70.825470534803443, 42.887865413885478 ], [ -70.822304116441316, 42.888701584153729 ], [ -70.818466581178626, 42.890425441200797 ], [ -70.814025613933126, 42.891684732292759 ], [ -70.810340511988244, 42.890227359523529 ], [ -70.811241677147919, 42.884333029575899 ], [ -70.813010722572969, 42.873004035218152 ], [ -70.813872234868938, 42.867069645798331 ], [ -70.814849568806665, 42.860311982058128 ], [ -70.815146361935732, 42.853951006195388 ], [ -70.814353163856055, 42.843920645372918 ], [ -70.815024978831872, 42.829383095411714 ], [ -70.815299478917154, 42.823474733310974 ], [ -70.815566259556675, 42.817574180144305 ], [ -70.818732471008218, 42.816738850775529 ], [ -70.821876380695443, 42.816360375662093 ], [ -70.829367713214097, 42.816540808187227 ], [ -70.840691393511307, 42.81499415599361 ], [ -70.849556164163531, 42.812481965697614 ], [ -70.857055247522098, 42.812664724426909 ], [ -70.861382399094026, 42.813675253917879 ], [ -70.867439408751665, 42.817916862435141 ], [ -70.877168057944587, 42.82406097804008 ], [ -70.884577006416805, 42.82605983787343 ], [ -70.891488937483899, 42.825313513152132 ], [ -70.892198285810679, 42.823508534953859 ], [ -70.889879050826181, 42.819362217696032 ], [ -70.886277907125319, 42.816089880283243 ], [ -70.878907492205656, 42.813185324236734 ], [ -70.867935605672741, 42.807009430526044 ], [ -70.863143714879683, 42.802344914025959 ], [ -70.857109390835845, 42.797653049125692 ], [ -70.849158733671445, 42.793820577276144 ], [ -70.837364026698864, 42.792175079062993 ], [ -70.829269322252799, 42.791523140630197 ], [ -70.827849570956687, 42.795127928251219 ], [ -70.827742820967899, 42.797397108441331 ], [ -70.823920869116137, 42.799122936238554 ], [ -70.820151691723353, 42.799489097708971 ], [ -70.817336661767428, 42.806244679377556 ], [ -70.812262619071277, 42.807938677621024 ], [ -70.811697968878207, 42.806561408981615 ], [ -70.809393155045441, 42.802410908700587 ], [ -70.808479113812183, 42.795108809252675 ], [ -70.806403181797663, 42.785961379427263 ], [ -70.80477771832129, 42.780465983013414 ], [ -70.800916988501172, 42.769451914473059 ], [ -70.795324053891548, 42.755215945959321 ], [ -70.788495239807119, 42.740945993697835 ], [ -70.785237667486996, 42.730405193667515 ], [ -70.780690996935107, 42.720742611166422 ], [ -70.774402432007918, 42.708307665905913 ], [ -70.772746909599618, 42.703719012240214 ], [ -70.77476208547462, 42.700585410437711 ], [ -70.777317801437974, 42.699281228756149 ], [ -70.779255689212349, 42.697965918545748 ], [ -70.784306094393827, 42.69672688791259 ], [ -70.784863386788487, 42.698102883572453 ], [ -70.784069781437779, 42.701724131173592 ], [ -70.785153059851879, 42.705387872991885 ], [ -70.790532900211332, 42.710523368687852 ], [ -70.796987163443418, 42.719324953794306 ], [ -70.799100692143682, 42.727564097429877 ], [ -70.801306087963994, 42.73398317116596 ], [ -70.807165910815939, 42.742313944165559 ], [ -70.812010512729657, 42.745617517662041 ], [ -70.817045473013948, 42.744827827572578 ], [ -70.816481235505279, 42.743450706446836 ], [ -70.815443699521708, 42.738880920674099 ], [ -70.814489228155367, 42.732487102214094 ], [ -70.814695280125761, 42.72794528355135 ], [ -70.819212037627224, 42.724869895901904 ], [ -70.818815427397496, 42.719856737432139 ], [ -70.818937015102307, 42.717134103311949 ], [ -70.817236427053373, 42.71344859423133 ], [ -70.816755707047278, 42.710259211610349 ], [ -70.817548504193255, 42.706635563949504 ], [ -70.820745542532336, 42.704896530889584 ], [ -70.823926298440043, 42.703610839867046 ], [ -70.824719999361022, 42.699992087058305 ], [ -70.822286022485756, 42.698567570950978 ], [ -70.818570365290981, 42.698022961325456 ], [ -70.813518997871938, 42.699263027642473 ], [ -70.808407481182044, 42.70186785701307 ], [ -70.802777247256699, 42.702184144241812 ], [ -70.796582660656298, 42.701125223251857 ], [ -70.795438074068983, 42.69881948154972 ], [ -70.794300969124066, 42.69651520316075 ], [ -70.795750749274902, 42.692006350819 ], [ -70.797123995285531, 42.68931123056165 ], [ -70.795925178897932, 42.688376239931046 ], [ -70.79164496800513, 42.686446414042194 ], [ -70.785411815952202, 42.686292320123066 ], [ -70.778019866129284, 42.68429038405916 ], [ -70.772426793912288, 42.683699142207438 ], [ -70.767551674903046, 42.68130274726353 ], [ -70.762065491548753, 42.678439568239121 ], [ -70.755878224312696, 42.677375016993302 ], [ -70.748401327311996, 42.677192549571501 ], [ -70.743434822555912, 42.676610607783864 ], [ -70.739779976456489, 42.674700757113122 ], [ -70.738596705773503, 42.673309125954766 ], [ -70.736902817271314, 42.669627700701092 ], [ -70.73466693026046, 42.66411154889461 ], [ -70.733744372120469, 42.657263458768938 ], [ -70.737437407200062, 42.658267853706938 ], [ -70.739282821967862, 42.658770944682914 ], [ -70.744761262152309, 42.661636279682654 ], [ -70.750246881667849, 42.664500412374586 ], [ -70.75268883744431, 42.665471648744401 ], [ -70.757609681804269, 42.666957651091231 ], [ -70.765498049824387, 42.671702187620106 ], [ -70.770504845837067, 42.671373365000832 ], [ -70.773731332950064, 42.669180215294269 ], [ -70.775104307609553, 42.66648296217776 ], [ -70.774562548562059, 42.664648697316942 ], [ -70.771594982286871, 42.661394829638375 ], [ -70.769877921916589, 42.658168554497642 ], [ -70.769297379277006, 42.657244484617763 ], [ -70.768840426851369, 42.653593460506222 ], [ -70.770189967318061, 42.651355289356154 ], [ -70.770258849556356, 42.649989756616115 ], [ -70.763446345949234, 42.648912424509398 ], [ -70.761622780863803, 42.647955030933204 ], [ -70.761729974445402, 42.645686098181564 ], [ -70.761873953517224, 42.64250886198959 ], [ -70.762066000228501, 42.638418620532313 ], [ -70.759577559119421, 42.638358454951593 ], [ -70.751436882149875, 42.639063590351839 ], [ -70.748751164712516, 42.643092567473651 ], [ -70.747377758059841, 42.645784844915958 ], [ -70.745531019488197, 42.645286194099079 ], [ -70.744996933375319, 42.643450877291237 ], [ -70.745096591853994, 42.64117805162666 ], [ -70.744646133486171, 42.637530357462637 ], [ -70.739771588557232, 42.635130039686366 ], [ -70.737237969471948, 42.635978433693374 ], [ -70.736527995026961, 42.637782376003265 ], [ -70.73642133609583, 42.640056167358196 ], [ -70.735590337742011, 42.644580812176351 ], [ -70.732447158507156, 42.644953483379382 ], [ -70.728067415533033, 42.645296080264742 ], [ -70.723016527651509, 42.646541474479854 ], [ -70.721711756810123, 42.647872600876418 ], [ -70.720918517976315, 42.651489185391448 ], [ -70.720117663993562, 42.6551089238476 ], [ -70.716340705511271, 42.655916453222098 ], [ -70.713205520890298, 42.65629965132316 ], [ -70.709535854654163, 42.654837767686473 ], [ -70.707101260532298, 42.653414919570316 ], [ -70.704057257146303, 42.651968232471759 ], [ -70.702225958298072, 42.651019911799146 ], [ -70.694879463873221, 42.648100743870124 ], [ -70.68996574208532, 42.6466132969311 ], [ -70.686318526998448, 42.644698300062679 ], [ -70.685776194958322, 42.642867743282146 ], [ -70.687066038289714, 42.641990639769659 ], [ -70.690247999597332, 42.640704008182851 ], [ -70.698449290420669, 42.63863976533807 ], [ -70.700471717308801, 42.63551338693717 ], [ -70.699997853323907, 42.632317156419717 ], [ -70.698151949277985, 42.631813233276091 ], [ -70.695641610994699, 42.632206478638629 ], [ -70.69070610648194, 42.631171268990109 ], [ -70.687004031980607, 42.630165684658834 ], [ -70.685142611022371, 42.630119835073899 ], [ -70.682602589840357, 42.630965983403627 ], [ -70.680741285767908, 42.630915460867477 ], [ -70.679536310903245, 42.629973100083696 ], [ -70.678337149776894, 42.629036517231235 ], [ -70.675866327217435, 42.628516794944581 ], [ -70.674530459680312, 42.6303027257607 ], [ -70.672462194479678, 42.634342542939109 ], [ -70.669670885539659, 42.640635859795147 ], [ -70.670761982018661, 42.643848740378516 ], [ -70.673164947115211, 42.645727568229411 ], [ -70.672372021300362, 42.649349046468956 ], [ -70.674172997143586, 42.650755560024834 ], [ -70.676086875092849, 42.649898373872404 ], [ -70.679825566516797, 42.64999325163965 ], [ -70.680917281421273, 42.653206089220603 ], [ -70.678918586016877, 42.655882799704926 ], [ -70.675689716203038, 42.658073563308491 ], [ -70.669311798134245, 42.66109358966532 ], [ -70.667375005988447, 42.662409944518053 ], [ -70.665291172387867, 42.666903793864385 ], [ -70.661377432067283, 42.67044440237656 ], [ -70.655656405496885, 42.672567721356579 ], [ -70.65181013513461, 42.674741961419933 ], [ -70.648560646650793, 42.677389805762225 ], [ -70.644203940568261, 42.677275539806644 ], [ -70.636786912460806, 42.675723408262911 ], [ -70.63304918046002, 42.675625430448456 ], [ -70.628555938718492, 42.678240686716222 ], [ -70.622321744383399, 42.678076051716111 ], [ -70.620544618047319, 42.676211964176034 ], [ -70.621367552003164, 42.672141515048708 ], [ -70.624016463652751, 42.669024277453822 ], [ -70.624145619571294, 42.666302022454047 ], [ -70.621856021567183, 42.662146597383028 ], [ -70.62142854553764, 42.658047164523715 ], [ -70.620292651995342, 42.655742774249802 ], [ -70.617202648993, 42.655205178741276 ], [ -70.61105994330542, 42.653225802131402 ], [ -70.604208590836876, 42.653045677628768 ], [ -70.596129393142434, 42.652378814850316 ], [ -70.591864903757667, 42.650451069833345 ], [ -70.591993809344459, 42.647728622211261 ], [ -70.592771818418356, 42.644560693833398 ], [ -70.592933228509622, 42.64138326492116 ], [ -70.594351675687804, 42.637779764800797 ], [ -70.59509182859145, 42.63552502560843 ], [ -70.593488104630623, 42.6300284799511 ], [ -70.594870275307116, 42.627333865121962 ], [ -70.598540640359616, 42.628795197774885 ], [ -70.602826639910887, 42.630272663283456 ], [ -70.609060394241226, 42.630432045039676 ], [ -70.612212192501914, 42.629607244049268 ], [ -70.613592817192057, 42.626914590028164 ], [ -70.614394473068685, 42.623294763458496 ], [ -70.615172522584615, 42.620131716011507 ], [ -70.617865783938285, 42.616108073009826 ], [ -70.621084845303997, 42.613919258272674 ], [ -70.625532540277703, 42.612216751087914 ], [ -70.628730036010751, 42.610482658527914 ], [ -70.629553326029935, 42.606408220323971 ], [ -70.631042069682081, 42.601444038182635 ], [ -70.633132876936273, 42.596950171985092 ], [ -70.636976894921546, 42.59477701772478 ], [ -70.641379521991681, 42.59397889147332 ], [ -70.643309653025895, 42.592664322986693 ], [ -70.646529108362074, 42.590473089555552 ], [ -70.647886610460574, 42.588235108781014 ], [ -70.649909176340984, 42.585107282953963 ], [ -70.655127945141714, 42.580238005876758 ], [ -70.660789315116645, 42.579018086225979 ], [ -70.663817450485666, 42.580913072936191 ], [ -70.66430576222497, 42.583653434470527 ], [ -70.662352409490012, 42.5854225969589 ], [ -70.659751088875709, 42.587628306587682 ], [ -70.656463407020269, 42.591183353162094 ], [ -70.655158400576539, 42.592513709955682 ], [ -70.656958891897716, 42.593925254882087 ], [ -70.660652010744187, 42.594928012457174 ], [ -70.661208179556709, 42.596307086804735 ], [ -70.660537822958815, 42.597198269873012 ], [ -70.658003950780355, 42.598042625572624 ], [ -70.654808294944914, 42.59978446787013 ], [ -70.651541719164726, 42.602877784319048 ], [ -70.652695004221641, 42.604728399217919 ], [ -70.656387158477131, 42.605730997796059 ], [ -70.662009277730306, 42.605427843790586 ], [ -70.668929190990482, 42.604237665457383 ], [ -70.671591941295176, 42.600666725127418 ], [ -70.684006256147129, 42.588702565035305 ], [ -70.684974758082632, 42.581455926343651 ], [ -70.687767670965798, 42.575156919271414 ], [ -70.689682384993716, 42.574295604276287 ], [ -70.692809153950179, 42.573925964160665 ], [ -70.700897972146564, 42.57412667982878 ], [ -70.704139682968545, 42.571484686189059 ], [ -70.708649806969603, 42.568408904112651 ], [ -70.715271987848936, 42.57312701168847 ], [ -70.71851471511566, 42.570480348481986 ], [ -70.724885111680848, 42.567458891766734 ], [ -70.726707531640173, 42.568416986227398 ], [ -70.731523351996572, 42.572169885596232 ], [ -70.735291942533721, 42.571358974252718 ], [ -70.751938694662883, 42.561772315793284 ], [ -70.758935144541169, 42.558762796652601 ], [ -70.764573367963294, 42.557995748549317 ], [ -70.767709735212279, 42.557612547841551 ], [ -70.770982471546688, 42.554062621392092 ], [ -70.773408171560817, 42.555485067760621 ], [ -70.773279168352587, 42.558205868364603 ], [ -70.778887379294829, 42.55834542228753 ], [ -70.782098800635893, 42.556148206668425 ], [ -70.793482476333423, 42.552341339569644 ], [ -70.818697619410429, 42.545685489338645 ], [ -70.851215156453833, 42.542839044036683 ], [ -70.87656809333734, 42.546629517151267 ], [ -70.890820498759382, 42.548335888041144 ], [ -70.900311045618125, 42.544925620310067 ], [ -70.911465808832872, 42.546101413589128 ], [ -70.921499031644061, 42.544520541122331 ], [ -70.922345569635226, 42.539540055222474 ], [ -70.913716642362886, 42.537512968755358 ], [ -70.90121187951766, 42.538581864344039 ], [ -70.894451478992224, 42.536602624197741 ], [ -70.890224771703629, 42.53377056396269 ], [ -70.885975100218019, 42.531399449666921 ], [ -70.883648126772911, 42.527705301615107 ], [ -70.874897395078179, 42.528403524209118 ], [ -70.86802304736409, 42.529147928030497 ], [ -70.86693962327908, 42.52548607254375 ], [ -70.88150527985087, 42.519923554237501 ], [ -70.887814036612667, 42.504163315239431 ], [ -70.889111450855935, 42.489185283696848 ], [ -70.880343090238284, 42.490342719346359 ], [ -70.874446462470274, 42.497020969861978 ], [ -70.871668516199762, 42.503319937437055 ], [ -70.867160093192368, 42.506850927543596 ], [ -70.863886994418564, 42.510406181269659 ], [ -70.859455318872534, 42.512119601736472 ], [ -70.856303618917877, 42.512950932276489 ], [ -70.853290064513061, 42.49696535450186 ], [ -70.851671412267862, 42.491471219863335 ], [ -70.849170098725878, 42.491863312896839 ], [ -70.844690984069786, 42.494484143876889 ], [ -70.841647215514911, 42.493047170776507 ], [ -70.841273805473691, 42.487579293218808 ], [ -70.845164320250916, 42.484035792317059 ], [ -70.849573304865828, 42.482782097445359 ], [ -70.862811486409527, 42.479008638549523 ], [ -70.866809157440528, 42.473194782898993 ], [ -70.87124260616261, 42.471482082732891 ], [ -70.881260064336018, 42.469903308961563 ], [ -70.885851675185819, 42.464563596877987 ], [ -70.887324429696633, 42.459591604711044 ], [ -70.888187257712602, 42.45416081552316 ], [ -70.89135313616471, 42.452871196665562 ], [ -70.898189082861464, 42.453039229381787 ], [ -70.911792690878983, 42.454720428450926 ], [ -70.923435902410048, 42.458637320183108 ], [ -70.92911221467628, 42.456948542196784 ], [ -70.931317520884051, 42.44927239435399 ], [ -70.932735644357848, 42.445218713940299 ], [ -70.933101503485915, 42.43704058723177 ], [ -70.928890920758676, 42.433758485881434 ], [ -70.928493193824792, 42.428751020676373 ], [ -70.931773954516572, 42.424734223521433 ], [ -70.930713035547711, 42.420621919893165 ], [ -70.911563026905071, 42.417891516967032 ], [ -70.905460286473243, 42.415475750829849 ], [ -70.906925373659718, 42.41050514252823 ], [ -70.910748240039723, 42.408326349896505 ], [ -70.916896191377589, 42.409838275032612 ], [ -70.926708083000634, 42.412798820423419 ], [ -70.93738243710942, 42.410319199821693 ], [ -70.942853058852123, 42.413178262862388 ], [ -70.946636137591028, 42.425996486850835 ], [ -70.948904012817422, 42.431046150538194 ], [ -70.948407842695602, 42.442405990052855 ], [ -70.950750056740105, 42.445638220036834 ], [ -70.957737639020209, 42.442166818395897 ], [ -70.960659539175978, 42.432233008755638 ], [ -70.967229778403677, 42.424202467370606 ], [ -70.980665645392293, 42.415425119143741 ], [ -70.988050486620665, 42.402867991552185 ], [ -70.988225634668311, 42.398778193799082 ], [ -70.983395946243192, 42.395489511256557 ], [ -70.985997865276261, 42.392820665852646 ], [ -70.984968088839125, 42.387796313684923 ], [ -70.979467545162109, 42.385850200601126 ], [ -70.9732406400923, 42.38615965970493 ], [ -70.969013869736656, 42.383334181945216 ], [ -70.970333685762739, 42.381547425032494 ], [ -70.973592458119072, 42.377984916042948 ], [ -70.974392690585361, 42.373914232665463 ], [ -70.970302909281102, 42.36790609723981 ], [ -70.96687789169188, 42.361010024525847 ], [ -70.967083340386722, 42.35629172531047 ], [ -70.967220323899667, 42.353292105668807 ], [ -70.966090935829669, 42.350535749976352 ], [ -70.962513305964663, 42.347272825863293 ], [ -70.956508124443815, 42.342585466457606 ], [ -70.960888154164309, 42.341776238951191 ], [ -70.979434801983643, 42.343573314238455 ], [ -70.983288086495108, 42.35502940264206 ], [ -70.978383594036558, 42.359693508876056 ], [ -70.979870501811035, 42.362223789539406 ], [ -70.984189363505294, 42.362776989796416 ], [ -70.997121518264919, 42.365350113707009 ], [ -71.000012404377827, 42.370416749482267 ], [ -70.997288201928271, 42.375807718509023 ], [ -71.000318102876065, 42.377694636674399 ], [ -71.004079818285703, 42.376870560598199 ], [ -71.013372940024254, 42.377545830613293 ], [ -71.016127145817691, 42.371243728894974 ], [ -71.018079581395554, 42.369014109908797 ], [ -71.020017804957149, 42.367240147410705 ], [ -71.01775149729518, 42.362183802852819 ], [ -71.012944454141305, 42.358442157033558 ], [ -71.004324117490825, 42.356877833797775 ], [ -71.001935617962346, 42.354552350018707 ], [ -70.998990107677912, 42.350848088061817 ], [ -70.995983820639765, 42.348504834946233 ], [ -70.992305673392551, 42.347510928919483 ], [ -70.991162588199373, 42.345210765217431 ], [ -70.991238045088139, 42.343394053683404 ], [ -70.993161297867914, 42.34207376267252 ], [ -70.999997863166016, 42.341780163813695 ], [ -71.007848170677107, 42.346955949217303 ], [ -71.019322611851777, 42.354498161717494 ], [ -71.029173181728538, 42.356539856909272 ], [ -71.040266214256221, 42.358609880330846 ], [ -71.041517509960613, 42.358186999993016 ], [ -71.043439429099053, 42.356868098186261 ], [ -71.047842898663504, 42.35559982894727 ], [ -71.052320654219429, 42.352521701839457 ], [ -71.055068082871728, 42.346220848911152 ], [ -71.050764242728746, 42.345216797991696 ], [ -71.037466114512739, 42.351279717684996 ], [ -71.035260973286682, 42.344858392536125 ], [ -71.03479577235035, 42.341212898397103 ], [ -71.03184386254803, 42.337510734236375 ], [ -71.024464898202368, 42.335978797723399 ], [ -71.014577457730041, 42.334841186553057 ], [ -71.014699688474025, 42.332116945621628 ], [ -71.024091909627003, 42.330061529189329 ], [ -71.028554480945246, 42.327432922042178 ], [ -71.031149753070451, 42.32476988411446 ], [ -71.037992749755347, 42.324468975809303 ], [ -71.045546015023049, 42.321913684555895 ], [ -71.045660324432234, 42.319190458379971 ], [ -71.045812759989872, 42.315557968712341 ], [ -71.034711749166021, 42.313941735899739 ], [ -71.046338207538099, 42.303298888018887 ], [ -71.046529371124734, 42.298759667390655 ], [ -71.04547613921909, 42.294188437492458 ], [ -71.044491984182272, 42.288257989768681 ], [ -71.037808410878782, 42.284922862065216 ], [ -71.034032290555047, 42.286197681699875 ], [ -71.031552465256368, 42.286144314611924 ], [ -71.030202119939702, 42.288841581297618 ], [ -71.027546132765522, 42.292869770275566 ], [ -71.024891312373214, 42.29689821596412 ], [ -71.02101597659437, 42.300445358513507 ], [ -71.018459482059967, 42.302208077922174 ], [ -71.011059847283832, 42.303645723629309 ], [ -71.005948241191149, 42.304640525172971 ], [ -70.996784615594919, 42.301249310827707 ], [ -70.995686814902925, 42.298041249784305 ], [ -70.998882220897812, 42.295844641097368 ], [ -71.004536643762236, 42.294158523792532 ], [ -71.009014745567342, 42.291075657721159 ], [ -71.015347657418431, 42.288043587026351 ], [ -71.021703030276115, 42.284552721993187 ], [ -71.020596183572863, 42.281345646031717 ], [ -71.010135853169288, 42.279289906049982 ], [ -71.004871186997946, 42.271896044910932 ], [ -71.002628351519817, 42.266387760061932 ], [ -70.99157354177261, 42.263858458016287 ], [ -70.974308202137991, 42.261638570123644 ], [ -70.969233337804511, 42.264247862613935 ], [ -70.965915785890701, 42.269172516367341 ], [ -70.960703638360087, 42.274959233006015 ], [ -70.955188680962038, 42.273463806327698 ], [ -70.952921181091426, 42.268409809408901 ], [ -70.955005237741858, 42.263461397960853 ], [ -70.958178623696014, 42.261715434679282 ], [ -70.961992512271578, 42.259533385964843 ], [ -70.964069090867639, 42.254581269727964 ], [ -70.961733478008327, 42.2513479293196 ], [ -70.965548152487827, 42.249166084770003 ], [ -70.970523737072853, 42.248825155638556 ], [ -70.974917828885935, 42.247565699851904 ], [ -70.975054993216588, 42.244388322138697 ], [ -70.973399540247669, 42.239803183595093 ], [ -70.97289558971795, 42.237064057971871 ], [ -70.967378829051924, 42.235572942085192 ], [ -70.966204475882563, 42.234180743498449 ], [ -70.963885318583749, 42.230492181999082 ], [ -70.960244896808803, 42.228589058211945 ], [ -70.95639274126512, 42.23167770380045 ], [ -70.958110078832604, 42.234902444443485 ], [ -70.960352943954121, 42.240407599173629 ], [ -70.958292496406429, 42.244904307076816 ], [ -70.953898155118594, 42.246167803028271 ], [ -70.947543058804953, 42.24965061225879 ], [ -70.93870082648597, 42.253532565204551 ], [ -70.939478243627349, 42.249916600589827 ], [ -70.94035495469052, 42.244027833279432 ], [ -70.939310955120703, 42.239456308074587 ], [ -70.936396261143059, 42.235299446757907 ], [ -70.932199166169553, 42.232018575073241 ], [ -70.930360722800089, 42.231517916367608 ], [ -70.923204596599348, 42.234516620628561 ], [ -70.922151036031579, 42.234958642995004 ], [ -70.920754814093215, 42.238563194906057 ], [ -70.922571438547905, 42.239513527370491 ], [ -70.924829264748851, 42.244564308352935 ], [ -70.921449232285127, 42.250851354924684 ], [ -70.910044220609294, 42.256488974850456 ], [ -70.901849018168264, 42.259475911782033 ], [ -70.900148432612951, 42.255799371834414 ], [ -70.899796854825595, 42.249879799183617 ], [ -70.894501504403323, 42.243394557267052 ], [ -70.887711368260241, 42.242772842162239 ], [ -70.882034408871831, 42.244912233761013 ], [ -70.880592837616888, 42.249420359724077 ], [ -70.882806209810184, 42.255380741711647 ], [ -70.88148574324002, 42.257168476217664 ], [ -70.88026513193374, 42.256683170789721 ], [ -70.876573394690283, 42.256138382011898 ], [ -70.873595983306842, 42.253347377561958 ], [ -70.869957646163328, 42.251439528851897 ], [ -70.86377073224007, 42.251286125277481 ], [ -70.863105487515639, 42.252180094217913 ], [ -70.862923483952528, 42.25626433070606 ], [ -70.864059277733745, 42.258569669177277 ], [ -70.866951910832441, 42.263180793672646 ], [ -70.87178839788649, 42.266025849272808 ], [ -70.881654069393676, 42.267174627124938 ], [ -70.888414766624919, 42.268695927523986 ], [ -70.888306933532135, 42.270969697504263 ], [ -70.887985817419533, 42.27823388703176 ], [ -70.888360421579151, 42.28369522978484 ], [ -70.890679469389042, 42.287388088770342 ], [ -70.893633571944505, 42.290641616261276 ], [ -70.899690819226706, 42.293967902880361 ], [ -70.912584123234694, 42.297005522443662 ], [ -70.917506019863609, 42.298026259209188 ], [ -70.91680415555625, 42.29983035402006 ], [ -70.91422519300238, 42.302043320758557 ], [ -70.90550393297103, 42.302741252818223 ], [ -70.89738616896588, 42.303910229207006 ], [ -70.887490452685441, 42.303218621234876 ], [ -70.881494802624772, 42.298530518310436 ], [ -70.877504554251715, 42.29070990121469 ], [ -70.870515401001569, 42.280540846046129 ], [ -70.859848802804194, 42.269372535131289 ], [ -70.845230903618926, 42.263565269678985 ], [ -70.824913044254401, 42.260338220119195 ], [ -70.81024847895344, 42.25543416651967 ], [ -70.801170259839807, 42.250664851074717 ], [ -70.796073134635478, 42.240082834318457 ], [ -70.79143342957525, 42.233156715552518 ], [ -70.786413012852435, 42.234396834753497 ], [ -70.784230523945837, 42.239531175152855 ], [ -70.780652929296537, 42.238343511481979 ], [ -70.776922147159709, 42.238702845529012 ], [ -70.776830122489699, 42.240519306821724 ], [ -70.778609302238578, 42.247240031161795 ], [ -70.774595026019242, 42.248647984418419 ], [ -70.77344373071243, 42.246796865004562 ], [ -70.767545516593003, 42.240285860943558 ], [ -70.753339291864648, 42.225838888629973 ], [ -70.736103645973429, 42.209955054573342 ], [ -70.727611914396746, 42.206101972794571 ], [ -70.718517798234785, 42.201784869497573 ], [ -70.718670316685234, 42.198606395377858 ], [ -70.721247919090288, 42.196399170251752 ], [ -70.728245256309037, 42.192487137415796 ], [ -70.728954525206859, 42.190687334215134 ], [ -70.725239712124733, 42.19059145321043 ], [ -70.722256074689454, 42.188245941470996 ], [ -70.720561467979593, 42.184568610283506 ], [ -70.718905394329298, 42.167254957022337 ], [ -70.720889365403494, 42.164577201421707 ], [ -70.724704031377215, 42.162397501413935 ], [ -70.731021792162977, 42.159830732454751 ], [ -70.734302741537803, 42.155820571743462 ], [ -70.728777814372179, 42.154776528270489 ], [ -70.720141525175549, 42.154103978399441 ], [ -70.719585445929056, 42.15272780762912 ], [ -70.716708037380371, 42.148107210912997 ], [ -70.712573304721005, 42.143911476370342 ], [ -70.708368811101394, 42.141077771809357 ], [ -70.709558605738394, 42.155200710823102 ], [ -70.709300557192705, 42.16064703452485 ], [ -70.706790469029187, 42.161493319026569 ], [ -70.704311063460906, 42.161428206211866 ], [ -70.702563290423967, 42.159109107058008 ], [ -70.700815500258798, 42.156794598276043 ], [ -70.694505276121745, 42.146182693171902 ], [ -70.687928727684181, 42.128288032139928 ], [ -70.678598370648174, 42.116233316538462 ], [ -70.656686029996337, 42.095671164546253 ], [ -70.643211102750485, 42.079872644716218 ], [ -70.639639502368055, 42.077049151083401 ], [ -70.641533024648439, 42.076189781110287 ], [ -70.645919927001998, 42.074943630526235 ], [ -70.649780258106816, 42.071860827869479 ], [ -70.650000270967496, 42.067321933810383 ], [ -70.648956417156043, 42.063201225872348 ], [ -70.643707438053539, 42.056704412132319 ], [ -70.638541604347481, 42.048388851096149 ], [ -70.623296618440804, 42.031181123726718 ], [ -70.61690309195221, 42.022830343660274 ], [ -70.611302674352658, 42.010870993831752 ], [ -70.600582894592932, 42.002410455420609 ], [ -70.600171898769631, 41.998309737577152 ], [ -70.603848682998461, 41.998860078210654 ], [ -70.608715735880509, 42.000351992041409 ], [ -70.61784863851436, 42.003318445187304 ], [ -70.623547805657395, 42.000287475898425 ], [ -70.626897549788595, 41.994923248864161 ], [ -70.633207655627999, 41.992355574011135 ], [ -70.638777134813523, 41.99204601618775 ], [ -70.642263271546156, 41.996680966291315 ], [ -70.643698546029725, 42.00535194644177 ], [ -70.641165028265334, 42.006649884688393 ], [ -70.635701765750269, 42.004691998648575 ], [ -70.62959096629119, 42.003171254428416 ], [ -70.622014319988352, 42.006607972128663 ], [ -70.6200461997189, 42.008827976266268 ], [ -70.621594155136961, 42.015233224438923 ], [ -70.629248137964268, 42.02315595705123 ], [ -70.643324331563818, 42.038974209900722 ], [ -70.644247947833861, 42.045357695394607 ], [ -70.649551002880813, 42.050947897868227 ], [ -70.654998129965421, 42.053362338749231 ], [ -70.656722492293227, 42.05613204455377 ], [ -70.661423498049615, 42.061255395424944 ], [ -70.663429544811279, 42.058127026942735 ], [ -70.666160566615957, 42.052741567946356 ], [ -70.666838886885429, 42.051399535572109 ], [ -70.66934924100768, 42.05055256629506 ], [ -70.671913319322087, 42.048801197172168 ], [ -70.671996750317589, 42.046985336814316 ], [ -70.665954722666797, 42.044102406736776 ], [ -70.660437511325227, 42.043052856596034 ], [ -70.656753691946022, 42.042498604930337 ], [ -70.658713324353982, 42.040283243633162 ], [ -70.665024076228164, 42.037715749824137 ], [ -70.66761735640732, 42.035057603736618 ], [ -70.66902911758072, 42.0314603274349 ], [ -70.668586025693699, 42.027808174021011 ], [ -70.676979103068419, 42.020302156174417 ], [ -70.677062368551091, 42.018486353598519 ], [ -70.676574569654591, 42.015747423013067 ], [ -70.673598688938071, 42.013396397832707 ], [ -70.670006161630326, 42.011034994590538 ], [ -70.67075286650234, 42.008323752686728 ], [ -70.673370572538616, 42.005214360165077 ], [ -70.677176564047485, 42.003036173952928 ], [ -70.682731153194368, 42.003182607478251 ], [ -70.685096238027015, 42.005515113719518 ], [ -70.68856049770001, 42.010600108365935 ], [ -70.692771694972933, 42.012980712895846 ], [ -70.697136268890631, 42.012183456498541 ], [ -70.706611762174816, 42.007881954430978 ], [ -70.70746645212779, 42.002903784687113 ], [ -70.705826159704571, 41.998317281796162 ], [ -70.701766659298301, 41.99276377382904 ], [ -70.697081836331208, 41.987191169059152 ], [ -70.683807518336678, 41.980487512227775 ], [ -70.675323605122628, 41.977088505801895 ], [ -70.669432830577733, 41.971031257328939 ], [ -70.666716865573747, 41.963234597806789 ], [ -70.660787190101885, 41.958088566976848 ], [ -70.657216712210158, 41.955265082175984 ], [ -70.644529537499864, 41.949486885315594 ], [ -70.64369784892726, 41.954006384465877 ], [ -70.644154948266561, 41.957200454405545 ], [ -70.645796218851515, 41.961784089666033 ], [ -70.648680759599287, 41.965945796445112 ], [ -70.650251835968987, 41.971898313950852 ], [ -70.653111869055849, 41.976513625621116 ], [ -70.65236414460945, 41.979222221258311 ], [ -70.651114077639491, 41.979649779069071 ], [ -70.646818712803253, 41.97908056964274 ], [ -70.643857328070609, 41.976277261412676 ], [ -70.639958965775151, 41.967542013642955 ], [ -70.637159255754028, 41.961559840337948 ], [ -70.632764278829526, 41.950090058130705 ], [ -70.631046555159088, 41.947316360354606 ], [ -70.629841868698023, 41.946830644440134 ], [ -70.624462291988621, 41.943055632115623 ], [ -70.622654623588929, 41.942096272484683 ], [ -70.617749300044636, 41.941514018332782 ], [ -70.610371087710703, 41.940864401890295 ], [ -70.605372792124896, 41.942097954526247 ], [ -70.599117394949005, 41.943752271304383 ], [ -70.595310866516698, 41.94592311496023 ], [ -70.592823219129542, 41.946309138066141 ], [ -70.5878862492076, 41.946182797016768 ], [ -70.581234450098933, 41.943279769761951 ], [ -70.570292195908578, 41.939809591574175 ], [ -70.56311329178908, 41.935074997352245 ], [ -70.554072007448454, 41.930744695028885 ], [ -70.546693256410819, 41.930093311792398 ], [ -70.541232109014842, 41.928127988769006 ], [ -70.542436681064416, 41.916344377576088 ], [ -70.545671819625639, 41.913250978643958 ], [ -70.54545754927571, 41.905069386697313 ], [ -70.545769551293077, 41.898718251664363 ], [ -70.543534910865645, 41.894109471460418 ], [ -70.536958053594915, 41.88984397511328 ], [ -70.532822612677222, 41.88609955930729 ], [ -70.534462306604297, 41.877966095697253 ], [ -70.534341581129951, 41.867963551501916 ], [ -70.531158317195533, 41.857431924013781 ], [ -70.530267085493804, 41.850587229600777 ], [ -70.533791828679043, 41.841595958556496 ], [ -70.543680136756961, 41.828683402667181 ], [ -70.5447849552951, 41.818721068349653 ], [ -70.540382416898709, 41.808149622599146 ], [ -70.537704804285227, 41.805761020863166 ], [ -70.526213892570851, 41.795505494343487 ], [ -70.509527890204851, 41.784149170964703 ], [ -70.48799778697186, 41.771297093284481 ], [ -70.462147552210737, 41.758781335676815 ], [ -70.423504307652891, 41.743630346684988 ], [ -70.385279116396333, 41.734285822912206 ], [ -70.395235303268151, 41.714770512538074 ], [ -70.405402464031255, 41.694366154865413 ], [ -70.426939476332933, 41.670660333199528 ], [ -70.450313101032137, 41.608003152798112 ], [ -70.458743381684627, 41.585376831595909 ], [ -70.473960960215791, 41.557143859282171 ], [ -70.47978043826491, 41.554840575873072 ], [ -70.489683439596178, 41.553295029211924 ], [ -70.503897410584003, 41.551409321470324 ], [ -70.510817957629286, 41.547970145674434 ], [ -70.523107865325102, 41.547848189701504 ], [ -70.513502856624839, 41.555759969580748 ], [ -70.51377682832198, 41.56258014840104 ], [ -70.516325157426209, 41.573096551517551 ], [ -70.52294056595133, 41.576001977827865 ], [ -70.527411601027552, 41.572490138363037 ], [ -70.527794110231255, 41.564779642542781 ], [ -70.53276063107802, 41.55128721877238 ], [ -70.537886488247338, 41.546882363065855 ], [ -70.548332666906859, 41.546705569782709 ], [ -70.555030530489702, 41.547796361587551 ], [ -70.574257244556051, 41.543768392957574 ], [ -70.582229951965346, 41.543981357992799 ], [ -70.583329205150861, 41.546735702670603 ], [ -70.579292985212888, 41.553896562051527 ], [ -70.577689285837465, 41.561576130953235 ], [ -70.581192247638867, 41.565301827840443 ], [ -70.583053011510202, 41.564898402920456 ], [ -70.588181063791012, 41.560492365933349 ], [ -70.589675407282769, 41.555079042981006 ], [ -70.590156987382215, 41.545099405152918 ], [ -70.595215646852395, 41.542055210950956 ], [ -70.603844884005284, 41.541376229185687 ], [ -70.612473953366035, 41.540696668185312 ], [ -70.630600219530749, 41.533907408370524 ], [ -70.643266066552371, 41.525606800464018 ], [ -70.652070445533667, 41.521294938885426 ], [ -70.653901035168445, 41.521340892859747 ], [ -70.661149499400679, 41.523801881269975 ], [ -70.664834117823887, 41.523898211814114 ], [ -70.672905896109341, 41.521838302208408 ], [ -70.679101418938842, 41.520635458498845 ], [ -70.68471637334973, 41.518511694276349 ], [ -70.687721368925665, 41.519949680887891 ], [ -70.689897702708279, 41.525906528526377 ], [ -70.684144068617798, 41.530760252540894 ], [ -70.663659062430114, 41.535676020461203 ], [ -70.661606924231805, 41.540163376718361 ], [ -70.658174020545488, 41.547796522917942 ], [ -70.653404479849655, 41.557665205825806 ], [ -70.645501701796348, 41.568815908214717 ], [ -70.645883956861411, 41.573818763644141 ], [ -70.648727990652787, 41.578439138246772 ], [ -70.652169964122635, 41.583522930187655 ], [ -70.651756798389172, 41.592142026215171 ], [ -70.649132704894342, 41.595708500113957 ], [ -70.645700873848895, 41.603340473421419 ], [ -70.648508516486203, 41.608863515836845 ], [ -70.649011637344231, 41.611146642559881 ], [ -70.647042819906162, 41.613819748738585 ], [ -70.64354112465594, 41.622811240266856 ], [ -70.645273587059506, 41.625129679346102 ], [ -70.649202295529889, 41.632954086786398 ], [ -70.650079512754417, 41.640247894991283 ], [ -70.643113704999223, 41.644603328292888 ], [ -70.627961151256429, 41.65283999261662 ], [ -70.626581595508469, 41.655982085296259 ], [ -70.631365856357831, 41.658831607507352 ], [ -70.637437787306922, 41.660354457225189 ], [ -70.644877027175554, 41.659186262170614 ], [ -70.654261610858285, 41.655795660701294 ], [ -70.657840439332574, 41.658159843989012 ], [ -70.655161790768659, 41.662635528682472 ], [ -70.642663789308784, 41.66684998998663 ], [ -70.629678481589238, 41.668327105901653 ], [ -70.622835983711255, 41.669962674350792 ], [ -70.61895259615288, 41.673949284184943 ], [ -70.623055340536482, 41.678150561715839 ], [ -70.625733987784287, 41.686392870951138 ], [ -70.631746314236096, 41.689281627869818 ], [ -70.637980491087418, 41.687624316714718 ], [ -70.641246146810062, 41.683618987533016 ], [ -70.645716661228761, 41.680102347166446 ], [ -70.656863263405924, 41.678576524145576 ], [ -70.65864101588987, 41.679988896464174 ], [ -70.654200214733564, 41.686186783887365 ], [ -70.652635869212887, 41.686473333744722 ], [ -70.649394090552775, 41.688068082501729 ], [ -70.645112903893249, 41.68986064793225 ], [ -70.627756000897136, 41.695533163098141 ], [ -70.621194228120501, 41.703993931995356 ], [ -70.6213547242983, 41.713534520825178 ], [ -70.623613334855563, 41.717685016985996 ], [ -70.629915631926011, 41.714670057495233 ], [ -70.634174095842894, 41.715684807144406 ], [ -70.634020111329022, 41.718866267310958 ], [ -70.631410536735018, 41.721976005042777 ], [ -70.625063717949246, 41.725897115712065 ], [ -70.62175184007215, 41.730810722858536 ], [ -70.619173473297124, 41.735789076224741 ], [ -70.617799359162191, 41.736155573605721 ], [ -70.618204476041171, 41.737661915455718 ], [ -70.620676531209227, 41.740319818271331 ], [ -70.623774757239488, 41.739946906327923 ], [ -70.628169283130944, 41.738244268297947 ], [ -70.633784737357857, 41.736574794716915 ], [ -70.641887251634785, 41.734515106361158 ], [ -70.648609148160091, 41.735597507356395 ], [ -70.654864722487474, 41.733488904606162 ], [ -70.655032384782572, 41.729860995485481 ], [ -70.648601131709768, 41.722875815193198 ], [ -70.645716374157033, 41.718713249921436 ], [ -70.646090177934113, 41.711004272478114 ], [ -70.650164920116111, 41.702932633718333 ], [ -70.659090916637567, 41.696349115879606 ], [ -70.667148364515597, 41.695192397061916 ], [ -70.66828423129968, 41.697040203812286 ], [ -70.668116540576577, 41.700670157989912 ], [ -70.665591560597974, 41.701967550841239 ], [ -70.661731615122221, 41.705503933900111 ], [ -70.65535323797836, 41.710334285220206 ], [ -70.65397231937321, 41.713476568200335 ], [ -70.658168213062993, 41.715855875138438 ], [ -70.665477536441529, 41.717410465511861 ], [ -70.666529740264352, 41.721075650438443 ], [ -70.666401042870547, 41.723794140807925 ], [ -70.672527885531082, 41.724408098057232 ], [ -70.678844047152737, 41.720937590158805 ], [ -70.681392921105896, 41.719186093698923 ], [ -70.68692517047208, 41.719327646984318 ], [ -70.694234171799181, 41.720875711496404 ], [ -70.700718730862278, 41.726949085015349 ], [ -70.703008075705, 41.73064255777728 ], [ -70.702199459969208, 41.734708425734944 ], [ -70.700734803174697, 41.739670532476005 ], [ -70.701161989413947, 41.743767432117394 ], [ -70.70665547909968, 41.74481698265825 ], [ -70.709173015883096, 41.743524016362223 ], [ -70.710492715171895, 41.741735386529506 ], [ -70.714894402356322, 41.739580071068545 ], [ -70.715108484862412, 41.7350403812084 ], [ -70.715856342507053, 41.732330921027057 ], [ -70.719015242160609, 41.73059492061212 ], [ -70.719792986439401, 41.726983774092552 ], [ -70.721135829960915, 41.724748294312135 ], [ -70.724080273385596, 41.7275447707909 ], [ -70.732618527219927, 41.729126736368272 ], [ -70.735288784520748, 41.724652555838283 ], [ -70.734167165778217, 41.722352440152818 ], [ -70.730649725859351, 41.71862599999772 ], [ -70.72903967479003, 41.713594852890374 ], [ -70.725560385414525, 41.70896350997414 ], [ -70.721363533680801, 41.70657965739921 ], [ -70.717786569126176, 41.704220745401393 ], [ -70.717297898573122, 41.7014826762531 ], [ -70.718549103078047, 41.701058231141275 ], [ -70.722875170113866, 41.700715052405663 ], [ -70.724905058757159, 41.69667518190036 ], [ -70.720921476634928, 41.689763224279567 ], [ -70.719845818177049, 41.686555158047298 ], [ -70.721280309173707, 41.682050645919318 ], [ -70.719631497180217, 41.677919150242161 ], [ -70.718068250707859, 41.671975581837181 ], [ -70.720455785031106, 41.673398442290726 ], [ -70.727535513053638, 41.679937654033644 ], [ -70.732976702199394, 41.681893331947215 ], [ -70.740177724350616, 41.685709830084704 ], [ -70.742467805222375, 41.689402438461521 ], [ -70.737448129243177, 41.691544678308233 ], [ -70.733639411782235, 41.694173390251549 ], [ -70.736623268951561, 41.696065288276309 ], [ -70.740200987654831, 41.69843071015503 ], [ -70.746114439715797, 41.703576100731141 ], [ -70.751669353955279, 41.703258908093169 ], [ -70.753064926370811, 41.699663371394145 ], [ -70.756452709555703, 41.692932580300607 ], [ -70.757359823245565, 41.686601894661123 ], [ -70.750752353896672, 41.683253085834629 ], [ -70.749097263073836, 41.679125680013854 ], [ -70.744434758314682, 41.673555581931645 ], [ -70.748204823013722, 41.671831375627974 ], [ -70.754178867780467, 41.67561583480888 ], [ -70.757947211657211, 41.673895671739459 ], [ -70.758915574099063, 41.666197613259413 ], [ -70.758321201263911, 41.652555072636282 ], [ -70.762891041645247, 41.646764048717216 ], [ -70.764409125324079, 41.640443190461127 ], [ -70.770230960173265, 41.634230141816715 ], [ -70.772495853231888, 41.638377686152886 ], [ -70.77584672411065, 41.645727380207298 ], [ -70.779913249422094, 41.650826840672465 ], [ -70.785505632661966, 41.649602181709795 ], [ -70.796003048012849, 41.648500514892739 ], [ -70.802617495586588, 41.651846181914728 ], [ -70.814832641926671, 41.653513451091733 ], [ -70.81805249945991, 41.650411300996623 ], [ -70.818953653597873, 41.644075843315932 ], [ -70.815962502270096, 41.642184476897448 ], [ -70.807408791835996, 41.641066257020313 ], [ -70.799146262537946, 41.633593611767878 ], [ -70.799328868616755, 41.629512099567627 ], [ -70.802548311818697, 41.626410413956094 ], [ -70.807622658573237, 41.622900791409045 ], [ -70.809217780905129, 41.62839437613701 ], [ -70.816518528313125, 41.629935089216538 ], [ -70.820859329414105, 41.629134274499258 ], [ -70.824110219931384, 41.625128870972837 ], [ -70.82593429474592, 41.625628814350158 ], [ -70.832625457264641, 41.627152865099362 ], [ -70.839431490633729, 41.62669508229488 ], [ -70.842489547569087, 41.626490696882129 ], [ -70.847975271254754, 41.627531665580612 ], [ -70.854010543002744, 41.62994844452674 ], [ -70.860107077567562, 41.631006956912927 ], [ -70.86762174630546, 41.628011700321444 ], [ -70.866019040309112, 41.622522850501724 ], [ -70.859511302349318, 41.616910657115689 ], [ -70.856749851696605, 41.610032334673399 ], [ -70.85592517097038, 41.600928811034805 ], [ -70.855611886638215, 41.594107943554889 ], [ -70.854017508602766, 41.588618153165271 ], [ -70.854406603217939, 41.579996266232236 ], [ -70.856344978565858, 41.57777630697975 ], [ -70.865324521016348, 41.582990877634153 ], [ -70.868765281572706, 41.588526023011923 ], [ -70.870772553468882, 41.598567017005578 ], [ -70.869857359210428, 41.605356935606153 ], [ -70.872604227216598, 41.612692364611746 ], [ -70.874199260211142, 41.618177169796802 ], [ -70.877029754306278, 41.623700807516627 ], [ -70.886932872254619, 41.622122133483444 ], [ -70.899695885022368, 41.625155021487984 ], [ -70.905433855539826, 41.634378149030574 ], [ -70.905183385872959, 41.640275600223049 ], [ -70.904885986241823, 41.64708015323486 ], [ -70.907753767935418, 41.651693595660106 ], [ -70.911751286708864, 41.65860141046808 ], [ -70.913117937073594, 41.669533548697977 ], [ -70.922151929441, 41.65975661462565 ], [ -70.923799506161188, 41.650257352632472 ], [ -70.924790762113361, 41.641657011832748 ], [ -70.923302794384028, 41.633443518039556 ], [ -70.919487821767603, 41.622453582983184 ], [ -70.913963681429721, 41.608238649210904 ], [ -70.90850815551002, 41.592669344464575 ], [ -70.912795947849759, 41.59277188178654 ], [ -70.915611827419596, 41.598742447882159 ], [ -70.923149394796965, 41.608911791817917 ], [ -70.927446278310939, 41.609013145042283 ], [ -70.934358360247984, 41.605549984369802 ], [ -70.933464974768256, 41.597807402761859 ], [ -70.933289283990064, 41.587813252691383 ], [ -70.937996943917511, 41.578387068791805 ], [ -70.942902713371652, 41.578503395516684 ], [ -70.945831709504958, 41.581751225530525 ], [ -70.95044867407843, 41.58866994018296 ], [ -70.956766020195204, 41.598812799722268 ], [ -70.961159932865641, 41.596651138125218 ], [ -70.963198435287126, 41.592152545995837 ], [ -70.96518824446494, 41.588567447505099 ], [ -70.965546428954298, 41.580404472235706 ], [ -70.962594317370559, 41.577608449041811 ], [ -70.959512480729288, 41.577986292593017 ], [ -70.954507365104732, 41.580136753057872 ], [ -70.950326075440117, 41.577314907433696 ], [ -70.944108223598803, 41.564909870865286 ], [ -70.939461191475246, 41.558889354942131 ], [ -70.937180843559048, 41.554750379387102 ], [ -70.937424195841672, 41.549306049556314 ], [ -70.933402758631303, 41.542852436736275 ], [ -70.929352373517759, 41.537306763176936 ], [ -70.930618919808964, 41.536428414042689 ], [ -70.934357461084232, 41.535155503733058 ], [ -70.940468057551101, 41.535753856504279 ], [ -70.947884602213662, 41.534572017340707 ], [ -70.948616215683899, 41.531863039780262 ], [ -70.948120559534345, 41.529124163699919 ], [ -70.949463840296431, 41.526430935363436 ], [ -70.951423886095341, 41.523752142747497 ], [ -70.951500943856132, 41.52193744927397 ], [ -70.951577211350909, 41.5201249156367 ], [ -70.950492860294446, 41.516921476989715 ], [ -70.954362449705414, 41.51246781856436 ], [ -70.956780369321436, 41.513436487694143 ], [ -70.957154789823321, 41.518892630229914 ], [ -70.958146813496754, 41.524365659663374 ], [ -70.961190546990167, 41.524892269812767 ], [ -70.969796401295639, 41.524640910344274 ], [ -70.970269211848347, 41.527830736302604 ], [ -70.968728135831327, 41.535063068374143 ], [ -70.967957872311246, 41.538678168457054 ], [ -70.972153937684155, 41.541046821504274 ], [ -70.97660174810531, 41.537519775599044 ], [ -70.982873512749222, 41.534485939767549 ], [ -70.989694556139128, 41.532826845603829 ], [ -70.989808958918104, 41.530108269148649 ], [ -70.985560436807674, 41.529099294386491 ], [ -70.980211640615622, 41.524884056871201 ], [ -70.981552830140842, 41.522192657423069 ], [ -70.985390894524059, 41.518652814824598 ], [ -70.986772587210297, 41.515046476342192 ], [ -70.987558555658168, 41.510981300418315 ], [ -70.988382199691671, 41.50600526581708 ], [ -70.992715662457528, 41.505196858379293 ], [ -71.003115447732071, 41.505898277785747 ], [ -71.01167502219954, 41.506546818900254 ], [ -71.020389439927513, 41.503575455213593 ], [ -71.03724256597674, 41.496698059797183 ], [ -71.037395091455352, 41.493069284202157 ], [ -71.038081341953387, 41.491269927030764 ], [ -71.037088692302689, 41.485796454031835 ], [ -71.03735669393852, 41.479445240309204 ], [ -71.041774958944416, 41.476365074618144 ], [ -71.044765825619436, 41.478253305966511 ], [ -71.046314007872326, 41.485097666239476 ], [ -71.04953417335058, 41.496072437781336 ], [ -71.054936131981137, 41.498925598947643 ], [ -71.063481036545113, 41.500023454830611 ], [ -71.072636851450511, 41.501142668311047 ], [ -71.082883045273533, 41.505463529373046 ], [ -71.082844366460876, 41.506371691918048 ], [ -71.078404485383743, 41.509904743024016 ], [ -71.072185982713364, 41.512029668914707 ], [ -71.064793209558275, 41.512769152057174 ], [ -71.058720386891835, 41.511265801920047 ], [ -71.055537644634924, 41.513921920106029 ], [ -71.053700453358331, 41.513878078216578 ], [ -71.047602939294549, 41.512834172372273 ], [ -71.045101328313621, 41.514133728107296 ], [ -71.044986730680577, 41.516858784781363 ], [ -71.047748477347355, 41.524185247753792 ], [ -71.050716462252183, 41.541059113790823 ], [ -71.051258319226619, 41.542885425898419 ], [ -71.054592392731578, 41.55113724864222 ], [ -71.058789209924655, 41.553502548482697 ], [ -71.065388426749749, 41.557290949937929 ], [ -71.070065774407539, 41.562843626392585 ], [ -71.070523943126432, 41.566487323016574 ], [ -71.069684484681318, 41.571918009828103 ], [ -71.06827384127061, 41.576423458528105 ], [ -71.06545803277767, 41.584991462448905 ], [ -71.063946410622009, 41.591771534334711 ], [ -71.06617553398425, 41.5972705121155 ], [ -71.069165659531237, 41.599154829823291 ], [ -71.071737123177954, 41.596484862054524 ], [ -71.072514726463353, 41.592417960816071 ], [ -71.075429827373469, 41.581584344138356 ], [ -71.078427726971952, 41.568482230346099 ], [ -71.077427878091129, 41.563012602130236 ], [ -71.074566845033203, 41.557950527341205 ], [ -71.068715749094153, 41.551006116490953 ], [ -71.066487997660829, 41.545502839322516 ], [ -71.066089895054546, 41.540501816546175 ], [ -71.067615959569963, 41.533269556788106 ], [ -71.065998386281692, 41.527783411555554 ], [ -71.069928215626589, 41.521970315123824 ], [ -71.081052628855829, 41.51995251450807 ], [ -71.082761982450094, 41.523171427145186 ], [ -71.083112665728308, 41.529534167388867 ], [ -71.089223950893171, 41.530130075675025 ], [ -71.095281344270589, 41.532081794956454 ], [ -71.104201056661282, 41.539094590605501 ], [ -71.112097567537816, 41.541088657905064 ], [ -71.114042321608778, 41.538407768853887 ], [ -71.112448143287438, 41.532471969034589 ], [ -71.101819549818629, 41.522241436936497 ], [ -71.098333319196897, 41.517620332391189 ], [ -71.098409507759172, 41.515806135316183 ], [ -71.098516886873853, 41.513082320543973 ], [ -71.096868400657826, 41.508504419755198 ], [ -71.097646501338275, 41.504438302849969 ], [ -71.098989546362048, 41.501740127592186 ], [ -71.105230777481623, 41.499153957157873 ], [ -71.107770536940734, 41.496945397534347 ], [ -71.110311804457425, 41.494727873028346 ], [ -71.117132416073105, 41.493070326396619 ], [ -71.116873124642851, 41.499417489856299 ], [ -71.116110842716395, 41.503033348854089 ], [ -71.116561402667585, 41.507130329164319 ], [ -71.115774731059219, 41.511201600492484 ], [ -71.116759046220324, 41.517129633291191 ], [ -71.117834072449881, 41.520783909433781 ], [ -71.120062913153021, 41.526283428031562 ], [ -71.122909076216914, 41.531796561343761 ], [ -71.125730779714445, 41.537762609287377 ], [ -71.12610661761677, 41.543673961387839 ], [ -71.126570472809973, 41.547317969283533 ], [ -71.127013850028192, 41.551415808918435 ], [ -71.127966805628759, 41.558246326274904 ], [ -71.127822469173097, 41.561873913942428 ], [ -71.128249082903764, 41.566428661664865 ], [ -71.127410475695314, 41.571856706667518 ], [ -71.127876719829615, 41.575503550116956 ], [ -71.129531703444357, 41.580081945380989 ], [ -71.129379326036045, 41.583710328455723 ], [ -71.129776234133431, 41.589168108426556 ], [ -71.130126329466833, 41.595532443384151 ], [ -71.131148897095215, 41.600554479729112 ], [ -71.13161495069933, 41.604194365793582 ], [ -71.132621048133828, 41.609664098491066 ], [ -71.133696640771134, 41.613327509381705 ], [ -71.134033330453192, 41.620144843479252 ], [ -71.134483439404789, 41.624244119729497 ], [ -71.134894951055045, 41.629244652655096 ], [ -71.137107287096427, 41.635200509656535 ], [ -71.139342712092656, 41.640700633166112 ], [ -71.139794043219894, 41.644797821090997 ], [ -71.140205948377101, 41.649803049764898 ], [ -71.140144538054471, 41.651164655141081 ], [ -71.141213364280972, 41.655272976388105 ], [ -71.143517624939378, 41.658957210099729 ], [ -71.149604886091623, 41.660461403523023 ], [ -71.161126947246558, 41.664343539403312 ], [ -71.169044954830824, 41.666335542013641 ], [ -71.174516104288898, 41.667818402185304 ], [ -71.17942986048979, 41.667930634199351 ], [ -71.184312998948101, 41.668940809225937 ], [ -71.190362569612262, 41.671344100416668 ], [ -71.192147911590226, 41.672748527614445 ], [ -71.194566623027654, 41.673709014349171 ], [ -71.198091383969967, 41.677875240091588 ], [ -71.19880200236372, 41.678503317106774 ], [ -71.196107984148099, 41.681463700042883 ], [ -71.190393863065481, 41.685881766655498 ], [ -71.180864077567747, 41.693390233361228 ], [ -71.170144578351895, 41.699969800269088 ], [ -71.152291397134363, 41.715473384450213 ], [ -71.139428304093045, 41.729270150974067 ], [ -71.136780691935982, 41.733752152388433 ], [ -71.135269143624114, 41.740531101588516 ], [ -71.135101250836982, 41.744617329646296 ], [ -71.132851011518625, 41.754553421688726 ], [ -71.120826685622944, 41.762465607831039 ], [ -71.106041192974587, 41.777578258482677 ], [ -71.105170877351782, 41.783915652233887 ], [ -71.105445611602462, 41.792098813745646 ], [ -71.105330776459553, 41.794821979901968 ], [ -71.108520636229656, 41.792165442227152 ], [ -71.111656958778809, 41.79087236123425 ], [ -71.114471093157434, 41.797297242529652 ], [ -71.117471048784452, 41.799180844487353 ], [ -71.116424975832075, 41.809608109118578 ], [ -71.117898109649943, 41.818724229992604 ], [ -71.121872369673724, 41.8119981638715 ], [ -71.123382985519896, 41.805220438877434 ], [ -71.127243421163342, 41.801217797979 ], [ -71.129257980822402, 41.797174435408436 ], [ -71.128754746136465, 41.794440380096901 ], [ -71.125344499560029, 41.787546705596391 ], [ -71.124466661477754, 41.77889795257812 ], [ -71.127221116164961, 41.771693295921196 ], [ -71.132371231768587, 41.766352199138673 ], [ -71.137513038778124, 41.761018694424266 ], [ -71.140907106551751, 41.753371656386221 ], [ -71.142539693230987, 41.743415426570841 ], [ -71.144585266493678, 41.738467407663975 ], [ -71.154649269559286, 41.733236541103416 ], [ -71.162865120485506, 41.727968803327471 ], [ -71.166139607077639, 41.72304378292943 ], [ -71.171442145304184, 41.713625447210191 ], [ -71.184548802176735, 41.708915351555667 ], [ -71.193948299180462, 41.704576328387482 ], [ -71.197023956230723, 41.704641702204015 ], [ -71.199243818837729, 41.710601579286177 ], [ -71.200876079109818, 41.716082497464122 ], [ -71.202738723898889, 41.715670340442159 ], [ -71.205956967918539, 41.712107532778667 ], [ -71.207369705247345, 41.707594606600161 ], [ -71.212970274111484, 41.705900277026352 ], [ -71.215990400156258, 41.707327784803887 ], [ -71.217669816517216, 41.711450912317709 ], [ -71.222895566590736, 41.719283124007461 ], [ -71.22723635462043, 41.718475299164211 ], [ -71.227343541079421, 41.715747059378721 ], [ -71.227525935094434, 41.711206918686251 ], [ -71.228975411379494, 41.70769786130095 ], [ -71.229563818524653, 41.706259870519574 ], [ -71.231661295896558, 41.699941881964676 ], [ -71.239757222044361, 41.697394572388902 ], [ -71.242792963141127, 41.698366667262889 ], [ -71.248073184605801, 41.704841627591584 ], [ -71.252635816944235, 41.714018995115055 ], [ -71.256382528537301, 41.712732756765611 ], [ -71.256503736620331, 41.709558939850346 ], [ -71.257258823190398, 41.705943337447607 ], [ -71.254451355399056, 41.699069863464246 ], [ -71.248591936659594, 41.691678982845943 ], [ -71.244159100237667, 41.679319925325494 ], [ -71.244242744969583, 41.677049712023077 ], [ -71.245708695606993, 41.671178869963683 ], [ -71.251483291162415, 41.664942401182799 ], [ -71.254696032847988, 41.661380716998018 ], [ -71.256679618344933, 41.657789841041939 ], [ -71.257418901322694, 41.654624582825612 ], [ -71.258807410621358, 41.650569853401528 ], [ -71.265018201748489, 41.648883588235321 ], [ -71.266254278915582, 41.648909465364419 ], [ -71.269253458697875, 41.650789523520316 ], [ -71.273387963413356, 41.65496420803769 ], [ -71.280407911334379, 41.664195577543509 ], [ -71.285078312311697, 41.670652740462224 ], [ -71.287549442815646, 41.670252939748849 ], [ -71.294102811763452, 41.659942460943377 ], [ -71.296064871436045, 41.656804880029618 ], [ -71.298102326358702, 41.651853570917098 ], [ -71.303626110254086, 41.651967795973562 ], [ -71.304785305856612, 41.653811333115499 ], [ -71.306592696222509, 41.654758089811345 ], [ -71.307074819464262, 41.658396537154211 ], [ -71.307372499573972, 41.666578184937698 ], [ -71.307127334964591, 41.672933409962724 ], [ -71.304509661274921, 41.676966564212066 ], [ -71.298177292649214, 41.681830696564965 ], [ -71.294965823822878, 41.68539354282931 ], [ -71.294172373910328, 41.689921429270953 ], [ -71.295209606215693, 41.694938343923589 ], [ -71.295560116695086, 41.701757718123389 ], [ -71.293561392238516, 41.705806300397242 ], [ -71.290280067545723, 41.711184372571687 ], [ -71.288326983346991, 41.713866399677073 ], [ -71.284391390872216, 41.720144854759802 ], [ -71.282406681820021, 41.723738554384084 ], [ -71.282246009585251, 41.727820013627124 ], [ -71.281423204246394, 41.733251135481403 ], [ -71.281865304248001, 41.737802452882924 ], [ -71.283566781928826, 41.741468185291318 ], [ -71.285855436584086, 41.746060671640628 ], [ -71.288664215703278, 41.752935374205009 ], [ -71.294255916035709, 41.751688482347802 ], [ -71.297399912341774, 41.749938006244534 ], [ -71.297537437403193, 41.746305191365686 ], [ -71.297133137789729, 41.740850616366558 ], [ -71.300168697131511, 41.741820824744458 ], [ -71.305036365223927, 41.743284464864253 ], [ -71.309782277209081, 41.747930546861006 ], [ -71.312651733368838, 41.75343829420639 ], [ -71.308118915231503, 41.759244565965382 ], [ -71.31286549469398, 41.763888142036187 ], [ -71.319037230116862, 41.763562927376192 ], [ -71.320441543078317, 41.759045799787856 ], [ -71.3212272886866, 41.754523059483425 ], [ -71.321387154242046, 41.750441744619529 ], [ -71.31672528525462, 41.74352867868155 ], [ -71.3053042278368, 41.736480010326211 ], [ -71.29695730360659, 41.729490057954969 ], [ -71.294789419200782, 41.721724244151282 ], [ -71.299886432758129, 41.717291899109775 ], [ -71.304945507686327, 41.713762905500921 ], [ -71.305823050407582, 41.706969692233443 ], [ -71.309614793117206, 41.704322460017991 ], [ -71.310774327750096, 41.706163598847169 ], [ -71.312445796965349, 41.710740555348934 ], [ -71.314604968511532, 41.718508577305116 ], [ -71.318206394232178, 41.720849372475868 ], [ -71.322494282412094, 41.721396661257771 ], [ -71.332984417021521, 41.720704606841316 ], [ -71.342156462147955, 41.722256940941733 ], [ -71.345138727165022, 41.724588737521344 ], [ -71.346268525159317, 41.72733890473183 ], [ -71.346778955473781, 41.730074075901889 ], [ -71.349053104803701, 41.735112558440946 ], [ -71.35437840370335, 41.740674363862588 ], [ -71.359840984150509, 41.742605848969021 ], [ -71.363405098223268, 41.743902045344662 ], [ -71.367738581301225, 41.745489647879893 ], [ -71.368882770127527, 41.747784581593052 ], [ -71.368799466006394, 41.750052026898246 ], [ -71.370455352698514, 41.755082087336461 ], [ -71.370836873350797, 41.761453166633778 ], [ -71.371248554382589, 41.766907887508211 ], [ -71.372866245401738, 41.772848092029378 ], [ -71.37632293560533, 41.779274913182491 ], [ -71.380823538679735, 41.790722720992868 ], [ -71.387286837236786, 41.799028636509235 ], [ -71.389583523793632, 41.803617095650999 ], [ -71.388178365603721, 41.808134339438674 ], [ -71.386112359256984, 41.813992672258195 ], [ -71.381480393852001, 41.822530573931012 ], [ -71.378146426830071, 41.829274082519355 ], [ -71.375994946957235, 41.837406812223328 ], [ -71.373294055773158, 41.84371246503526 ], [ -71.375507328039134, 41.850571249153184 ], [ -71.379695789418662, 41.853832657730926 ], [ -71.384639000379465, 41.853482497304384 ], [ -71.387752624839436, 41.852636328233984 ], [ -71.386653303359594, 41.848979743893345 ], [ -71.385066861891843, 41.84213280260154 ], [ -71.385303234853993, 41.83577817361968 ], [ -71.387964829988903, 41.830384916124636 ], [ -71.391261679007698, 41.824544805917434 ], [ -71.39271912646204, 41.818669229717358 ], [ -71.392986623545696, 41.811405638441826 ], [ -71.396884914267943, 41.806034547354024 ], [ -71.398715544947251, 41.806528336940069 ], [ -71.40297331252215, 41.807972035582736 ], [ -71.404865187125111, 41.806653995841252 ], [ -71.406131423929736, 41.805768564769437 ], [ -71.406231667445226, 41.803044540846649 ], [ -71.402675880264596, 41.799341052875732 ], [ -71.398571373242007, 41.79380597028581 ], [ -71.396837872230975, 41.790594400316436 ], [ -71.395831065861415, 41.784670158689615 ], [ -71.395022089344579, 41.773295069334637 ], [ -71.39348132449912, 41.76508923493914 ], [ -71.393649341181359, 41.760550233553047 ], [ -71.392551150916461, 41.75689407078788 ], [ -71.392191548206839, 41.750077042002111 ], [ -71.389300840194039, 41.745023435456083 ], [ -71.386943091888767, 41.742246569264729 ], [ -71.387040996744631, 41.73952676872775 ], [ -71.390780659882935, 41.738240046408045 ], [ -71.395815585276168, 41.735163226772912 ], [ -71.395289523203246, 41.732880881814616 ], [ -71.389941915592701, 41.727776919918 ], [ -71.382188815546201, 41.721259129520497 ], [ -71.377351666946993, 41.71888913161466 ], [ -71.373682862526906, 41.718358538905406 ], [ -71.369325265208928, 41.71963229744938 ], [ -71.366281620306097, 41.718664470380403 ], [ -71.364556642735877, 41.715451411393659 ], [ -71.36592345308155, 41.711842722634465 ], [ -71.370996250375569, 41.707861542660197 ], [ -71.372896456677495, 41.706536900980701 ], [ -71.371850564458029, 41.701519980330382 ], [ -71.369729318625076, 41.692393314702883 ], [ -71.371758990839425, 41.687437636890927 ], [ -71.376810052031047, 41.683907806368566 ], [ -71.378808326996861, 41.679865937314084 ], [ -71.378878312024952, 41.678044508839534 ], [ -71.379648598897731, 41.67397496813134 ], [ -71.383531559718605, 41.668603331259199 ], [ -71.393449925798905, 41.666536591810484 ], [ -71.397051913831902, 41.668882102632558 ], [ -71.397532208145918, 41.672521278608365 ], [ -71.396816422768026, 41.675233190917851 ], [ -71.394221975478203, 41.678811809623937 ], [ -71.404384332980229, 41.686738616058349 ], [ -71.412868310662958, 41.690088565290147 ], [ -71.41293724914793, 41.688276309505675 ], [ -71.414264997588887, 41.685579958846546 ], [ -71.42233722529032, 41.683466485877673 ], [ -71.432187344165612, 41.683211135359613 ], [ -71.446318241175319, 41.683487821423526 ], [ -71.445882760434401, 41.678487730839151 ], [ -71.446087909577969, 41.673039617499477 ], [ -71.446247866656165, 41.668504721690127 ], [ -71.442647949063002, 41.666159000467459 ], [ -71.438328166313156, 41.666533370809802 ], [ -71.432683333107363, 41.66959517230358 ], [ -71.429592567080519, 41.669987484210999 ], [ -71.42542701080157, 41.666273555366061 ], [ -71.419398985157301, 41.662974232279552 ], [ -71.417659422807034, 41.6602146887654 ], [ -71.417758341981198, 41.657488623210796 ], [ -71.419300960406773, 41.652216186078789 ], [ -71.419864374025835, 41.650267288582732 ], [ -71.419437605733847, 41.645266266053255 ], [ -71.417758564841478, 41.64068828705814 ], [ -71.416684173688694, 41.636575124396067 ], [ -71.416202443703796, 41.632933711573791 ], [ -71.416340117768456, 41.629304812180912 ], [ -71.415821863639351, 41.626569065731942 ], [ -71.415340247162064, 41.622927687506206 ], [ -71.417339805359447, 41.618879571314871 ], [ -71.417468627644126, 41.615249009324089 ], [ -71.416408765002629, 41.610690412661427 ], [ -71.418949601732905, 41.608465209614771 ], [ -71.419657837052398, 41.605761430354903 ], [ -71.417285588361594, 41.603441861978638 ], [ -71.416194497404575, 41.599787632026093 ], [ -71.415149334002379, 41.59476975007815 ], [ -71.417904214462524, 41.586652514378919 ], [ -71.421107924919269, 41.583082937217988 ], [ -71.427296849886574, 41.581841821270039 ], [ -71.437786680410554, 41.580237480463744 ], [ -71.446583981043574, 41.574960560243348 ], [ -71.451054501463105, 41.570055543740757 ], [ -71.449971774186281, 41.565950741452809 ], [ -71.443494442481807, 41.55855482531139 ], [ -71.440541296457795, 41.555315685839822 ], [ -71.442463513234841, 41.553082935914063 ], [ -71.446439153881343, 41.544987890921838 ], [ -71.446538857556689, 41.542269461557197 ], [ -71.442211231071227, 41.543093745279378 ], [ -71.439046065814864, 41.545751080724465 ], [ -71.435367996573262, 41.545678650810039 ], [ -71.433597999954102, 41.543828240684768 ], [ -71.431850531561722, 41.541071833094513 ], [ -71.42974498720541, 41.531489209242707 ], [ -71.427631567253982, 41.522367100040377 ], [ -71.430775517087852, 41.503359216921702 ], [ -71.429851048483755, 41.495165519478654 ], [ -71.427280453945315, 41.481494922395733 ], [ -71.427516894844999, 41.475141321126337 ], [ -71.430645881263843, 41.473390540061779 ], [ -71.43438332880821, 41.471643335604483 ], [ -71.435162122136887, 41.467124261413232 ], [ -71.433491380378399, 41.462546035928796 ], [ -71.434336969236227, 41.456205684428113 ], [ -71.437030740047689, 41.449453393458825 ], [ -71.442844606318602, 41.441396955272509 ], [ -71.456477449419623, 41.437125814415701 ], [ -71.457820778320723, 41.433974308233566 ], [ -71.458515506820035, 41.431719276656828 ], [ -71.458163636125576, 41.424449752243916 ], [ -71.459682052778717, 41.416305828976519 ], [ -71.465451076954196, 41.409155656883243 ], [ -71.470562883329535, 41.403352984441909 ], [ -71.473850998039438, 41.397064132616009 ], [ -71.480823901189268, 41.390387472575057 ], [ -71.48656108108392, 41.384145826711467 ], [ -71.490505986998514, 41.376507307418841 ], [ -71.49010038426529, 41.370598040650385 ], [ -71.486751257418277, 41.361454379618351 ], [ -71.488734845924924, 41.357405358105552 ], [ -71.493610247556816, 41.357952566033681 ], [ -71.499005183780341, 41.361238866261544 ], [ -71.503705102376557, 41.36677951490789 ], [ -71.507862932096842, 41.370490905944678 ], [ -71.515744673986006, 41.372458379170304 ], [ -71.519352958798748, 41.37434350930814 ], [ -71.519193239029519, 41.378883053104886 ], [ -71.516637651485965, 41.382007674624447 ], [ -71.511129689069577, 41.381899348513777 ], [ -71.5049793677031, 41.382690758247811 ], [ -71.502400510885252, 41.38627265936131 ], [ -71.502256350768064, 41.390353540047194 ], [ -71.506557964545422, 41.389983877366895 ], [ -71.510861757506589, 41.389612195309276 ], [ -71.515736471890094, 41.390167213892191 ], [ -71.514433300411753, 41.392409426473456 ], [ -71.510007317392649, 41.396406745892321 ], [ -71.50494981105021, 41.400846523691058 ], [ -71.501775255080545, 41.40396805199039 ], [ -71.502324855449373, 41.405791625281822 ], [ -71.508909551424608, 41.410006874463022 ], [ -71.511763519613922, 41.415964521907526 ], [ -71.514097380588524, 41.419187371689802 ], [ -71.517210336765999, 41.417887359457957 ], [ -71.520544482277543, 41.410230310503266 ], [ -71.522084556257596, 41.401183752445249 ], [ -71.526655994144974, 41.393096423171322 ], [ -71.532309436475117, 41.389125886075092 ], [ -71.533598651081533, 41.387328950526005 ], [ -71.53127913969486, 41.383654339884522 ], [ -71.527747162319386, 41.379495791807003 ], [ -71.527197109618356, 41.377672373054267 ], [ -71.529760888006763, 41.374544655735079 ], [ -71.535939986312457, 41.372847926389419 ], [ -71.540883568324475, 41.371581886406531 ], [ -71.542730064153417, 41.371161652088475 ], [ -71.551260232591531, 41.372237133762816 ], [ -71.554938846020917, 41.372305763302734 ], [ -71.562972305902449, 41.370184397712293 ], [ -71.569701213552676, 41.370313900841708 ], [ -71.576445571074331, 41.369986517074743 ], [ -71.584365593736436, 41.371047044637059 ], [ -71.591140539941279, 41.369810421982159 ], [ -71.594246218762777, 41.368510192379716 ], [ -71.594330664549744, 41.36623598523331 ], [ -71.593819648002153, 41.363053792930451 ], [ -71.599953443312558, 41.3627149509162 ], [ -71.604851121562533, 41.362802525778953 ], [ -71.612206501588574, 41.362486156708194 ], [ -71.619042661214408, 41.359438472102767 ], [ -71.630816201456724, 41.355115770586991 ], [ -71.650598748256513, 41.349125757374281 ], [ -71.675844809840981, 41.344591121973963 ], [ -71.699932638417664, 41.337761544243847 ], [ -71.713039863576341, 41.329822972751003 ], [ -71.72230352947939, 41.327267251789756 ], [ -71.730900853381712, 41.326059152254601 ], [ -71.740048906428839, 41.327126796714758 ], [ -71.752928820991713, 41.325989379184442 ], [ -71.764616883404429, 41.323930180211178 ], [ -71.769484527826535, 41.324917782585416 ], [ -71.773702919826462, 41.32680665931526 ], [ -71.77682472206547, 41.325046937852569 ], [ -71.780586317158026, 41.321933822543137 ], [ -71.790442581693895, 41.31983693006076 ], [ -71.80819679449607, 41.319234596758513 ], [ -71.827210143779382, 41.317742084543063 ], [ -71.846315228206691, 41.313068815963028 ], [ -71.858736352293647, 41.306923200638082 ], [ -71.864236019445585, 41.307016037104034 ], [ -71.867830920121492, 41.309342058869795 ], [ -71.870835988674287, 41.311208264534166 ], [ -71.875132251524349, 41.310826556387561 ], [ -71.881884277933949, 41.310031479991409 ], [ -71.889857724744488, 41.309254242811832 ], [ -71.893412791633992, 41.312946744692496 ], [ -71.893969576932406, 41.314770355653145 ], [ -71.887828020131735, 41.315579782167617 ], [ -71.878061688402184, 41.314959821682422 ], [ -71.870630161448233, 41.31801659022252 ], [ -71.866181911545553, 41.323391973013884 ], [ -71.862993667882591, 41.327874826259063 ], [ -71.866647952078409, 41.328389382672853 ], [ -71.873942486839823, 41.329872292058504 ], [ -71.876254049450139, 41.334449570533096 ], [ -71.882342275941497, 41.335457412171671 ], [ -71.887141753644784, 41.338715722145523 ], [ -71.893214219223751, 41.340179047280735 ], [ -71.898174206871218, 41.337990496264673 ], [ -71.904368464677589, 41.33536542003997 ], [ -71.914263969481638, 41.331898795344685 ], [ -71.917331303584092, 41.331493860180629 ], [ -71.920925505543309, 41.33427452011977 ], [ -71.926434657103911, 41.333911615159614 ], [ -71.931285539468291, 41.335350678712075 ], [ -71.935490774857243, 41.338141998124023 ], [ -71.938458971541209, 41.341369307794523 ], [ -71.945172744800928, 41.341931072761234 ], [ -71.94946831264636, 41.341544138980161 ], [ -71.956869365596887, 41.339392855301227 ], [ -71.964148441040649, 41.34178056587966 ], [ -71.970128522621692, 41.34641235843781 ], [ -71.978109426668937, 41.345635043527189 ], [ -71.986838480735898, 41.339870684075542 ], [ -71.990675931148274, 41.334025014222348 ], [ -71.993918824502117, 41.327719542738429 ], [ -72.000136033951335, 41.324188666907304 ], [ -72.003866805676779, 41.321978357973947 ], [ -72.006453447773936, 41.317023440454108 ], [ -72.009039680730581, 41.312073096524166 ], [ -72.014005880470307, 41.309425725230248 ], [ -72.016455646745797, 41.30945866507718 ], [ -72.019469030291361, 41.310874803464337 ], [ -72.021216090641204, 41.314075834229193 ], [ -72.022247296107267, 41.320899192018274 ], [ -72.022766255705392, 41.324088950583395 ], [ -72.025214326166633, 41.324123608449284 ], [ -72.027061766724472, 41.323695099523121 ], [ -72.030837798362455, 41.320120590043771 ], [ -72.036498510551027, 41.314311881283601 ], [ -72.04270220243626, 41.311229053586032 ], [ -72.047577071268677, 41.31175488959024 ], [ -72.047492882096051, 41.314930526465353 ], [ -72.046859541413326, 41.315828820136439 ], [ -72.045546969403631, 41.318988818244549 ], [ -72.044784182939196, 41.324419422144217 ], [ -72.04656239186437, 41.326267470743602 ], [ -72.04965993408662, 41.324949791584714 ], [ -72.05767139984269, 41.322801887175345 ], [ -72.061355680370554, 41.322403193587057 ], [ -72.067429525005664, 41.323860408055239 ], [ -72.075310952007257, 41.326697666526925 ], [ -72.080109927909646, 41.329947060599729 ], [ -72.083070004179305, 41.333629464487991 ], [ -72.08474863968911, 41.339548586406138 ], [ -72.086259963333461, 41.351378314748153 ], [ -72.088936874161774, 41.365489540117615 ], [ -72.089838144258806, 41.377302161396955 ], [ -72.093256171654744, 41.386884807204119 ], [ -72.097962333600094, 41.393767843917537 ], [ -72.100572660260625, 41.387905083872603 ], [ -72.100160744819149, 41.380634240224687 ], [ -72.099701873806893, 41.374728841957115 ], [ -72.098077349813479, 41.366987180230133 ], [ -72.096551654201107, 41.355613997819212 ], [ -72.096703653049047, 41.349719001264077 ], [ -72.099306290024899, 41.344309596117817 ], [ -72.100587785689527, 41.342058854245785 ], [ -72.100710036820331, 41.337518797984323 ], [ -72.098419903060204, 41.331585027062495 ], [ -72.097382640328746, 41.324762476508837 ], [ -72.099366126042185, 41.319343697667641 ], [ -72.101304543735253, 41.315288350354265 ], [ -72.10578362897607, 41.308092658829672 ], [ -72.107652619570757, 41.306754185228087 ], [ -72.115060671643434, 41.304140258613415 ], [ -72.124856260858522, 41.303832282536753 ], [ -72.133454690362043, 41.302142819572296 ], [ -72.138421354579407, 41.299491746452382 ], [ -72.141480772965878, 41.299536968058248 ], [ -72.144487524841892, 41.301393465980638 ], [ -72.14799698011268, 41.307347921304242 ], [ -72.153392054708803, 41.311509864624483 ], [ -72.158275051153467, 41.31203287462062 ], [ -72.16135604753191, 41.311170965611069 ], [ -72.167559023445705, 41.307626568796806 ], [ -72.171862719547676, 41.306784825267357 ], [ -72.176164890971819, 41.305938056511827 ], [ -72.177318149496202, 41.308676977596967 ], [ -72.177668567838126, 41.318668151782404 ], [ -72.181895443874211, 41.320995048290598 ], [ -72.186769813595859, 41.32151748036889 ], [ -72.193522903969054, 41.320704358731035 ], [ -72.202221302783016, 41.315377689205391 ], [ -72.204792293383676, 41.310423099442481 ], [ -72.209965314023094, 41.299600177715135 ], [ -72.21140625102376, 41.291003550073334 ], [ -72.213305853191144, 41.288305211940369 ], [ -72.216960576424256, 41.2888097550289 ], [ -72.219357483967215, 41.290654503848678 ], [ -72.221088408784183, 41.294767795219805 ], [ -72.222705262588619, 41.303411896670163 ], [ -72.226352571684117, 41.304368707167654 ], [ -72.235568856187498, 41.302683967877613 ], [ -72.246624369720962, 41.300565791502649 ], [ -72.250951019243573, 41.298806369731032 ], [ -72.257199755315128, 41.293446641033015 ], [ -72.267133994935094, 41.287229012015274 ], [ -72.275136150382878, 41.285067961802383 ], [ -72.292914763921928, 41.283036878360946 ], [ -72.305800345636797, 41.280940485900459 ], [ -72.322914392178035, 41.281160415206159 ], [ -72.324112260828386, 41.282084922577098 ], [ -72.324684284607812, 41.283907438481926 ], [ -72.325240653873564, 41.28618787110269 ], [ -72.322730335691361, 41.288875364760692 ], [ -72.321456857725124, 41.291128201753885 ], [ -72.322044927118611, 41.292043525992135 ], [ -72.326934804138574, 41.292105199401924 ], [ -72.329963552554247, 41.293050428762108 ], [ -72.331161387185233, 41.294433388255719 ], [ -72.334151946055755, 41.297194028960369 ], [ -72.337806592609425, 41.297694905501992 ], [ -72.342652912958528, 41.299570391709054 ], [ -72.348694893326979, 41.302827952347997 ], [ -72.350937671818286, 41.311479578371447 ], [ -72.349533995511734, 41.319183127042898 ], [ -72.347413431186055, 41.331408666297826 ], [ -72.348495751868882, 41.337325247983443 ], [ -72.351997464432188, 41.344631175483983 ], [ -72.3556221306726, 41.34649189277868 ], [ -72.359315623535309, 41.345630225385186 ], [ -72.366075045983465, 41.344355249667828 ], [ -72.370294315613975, 41.347133978828225 ], [ -72.372637129551919, 41.351702096679276 ], [ -72.375474442572113, 41.361271264218239 ], [ -72.372216422630331, 41.369854190593188 ], [ -72.375330303098195, 41.367624597365719 ], [ -72.376626837498549, 41.364462988474003 ], [ -72.377771946021952, 41.362837464909731 ], [ -72.377649782215855, 41.361819040285823 ], [ -72.377764035124855, 41.359487931901775 ], [ -72.379862182337078, 41.356788339325782 ], [ -72.383478741189194, 41.359102735075943 ], [ -72.385874425953489, 41.361399235650325 ], [ -72.389498715023521, 41.363714843971685 ], [ -72.391946878537681, 41.363746852622413 ], [ -72.394382011849189, 41.36423027700453 ], [ -72.396265784322196, 41.361983252520488 ], [ -72.393923282018321, 41.357418240029503 ], [ -72.390307207914518, 41.355101978392213 ], [ -72.386095382050627, 41.351871609277389 ], [ -72.385516154465108, 41.350504525654259 ], [ -72.385614997556928, 41.345965516691095 ], [ -72.385087461527206, 41.34232705409471 ], [ -72.377802891119984, 41.339964818979858 ], [ -72.368692179515833, 41.337126741903568 ], [ -72.36202349525729, 41.334319504667839 ], [ -72.358407446666959, 41.332004278708695 ], [ -72.356660139982779, 41.328349836959077 ], [ -72.3555239896085, 41.324702267033054 ], [ -72.355050716847472, 41.318797030002266 ], [ -72.357079474704392, 41.31019983231117 ], [ -72.354828545109001, 41.302000857988865 ], [ -72.357377343358294, 41.297492856008873 ], [ -72.362954921996945, 41.294387779519695 ], [ -72.366693396593632, 41.291258456895591 ], [ -72.36554190089818, 41.288069022442137 ], [ -72.363100023057683, 41.288034892083083 ], [ -72.358803288079969, 41.288890576441396 ], [ -72.350235618352613, 41.289233110481653 ], [ -72.346619343019086, 41.286917093388489 ], [ -72.345505943821067, 41.282363459288916 ], [ -72.346138854761875, 41.281462111726853 ], [ -72.355355431590922, 41.279316131730418 ], [ -72.363298102481309, 41.279413236683816 ], [ -72.368234786440965, 41.277664374422066 ], [ -72.369524159805223, 41.274502004830545 ], [ -72.368341923611709, 41.273127057300513 ], [ -72.365892531682078, 41.273093770154027 ], [ -72.360374943487102, 41.273933382412082 ], [ -72.353058350359063, 41.272933345991156 ], [ -72.347573326317658, 41.272407561748373 ], [ -72.345773035870735, 41.271021670808842 ], [ -72.345802833341821, 41.269660884978677 ], [ -72.347672294507404, 41.267870795452133 ], [ -72.353219770367943, 41.266127285694928 ], [ -72.362381879432888, 41.266242834285045 ], [ -72.370302541677788, 41.267252650912397 ], [ -72.37706886619803, 41.265526057082091 ], [ -72.383241876847578, 41.262878665487023 ], [ -72.389399162452648, 41.260688895985759 ], [ -72.38994878500597, 41.263416634788832 ], [ -72.391070596031867, 41.267966292748994 ], [ -72.392169364512611, 41.273428564587377 ], [ -72.395136806964246, 41.277100057963601 ], [ -72.401195214232573, 41.279894986576906 ], [ -72.407901673890834, 41.280433910476475 ], [ -72.414044165613461, 41.279143091186235 ], [ -72.419574358801896, 41.277854337140411 ], [ -72.423222327827887, 41.278807732103957 ], [ -72.426258361562361, 41.279749602043395 ], [ -72.434192749446566, 41.280303768062574 ], [ -72.440288893217655, 41.280834486095515 ], [ -72.444592180522861, 41.279975280988722 ], [ -72.452603168638561, 41.276898388214853 ], [ -72.458798850884861, 41.27333742656316 ], [ -72.463781240589313, 41.26886435110837 ], [ -72.468710346843253, 41.267106212421339 ], [ -72.4791172369207, 41.266322952771667 ], [ -72.488295635876725, 41.265976439920287 ], [ -72.496863427132666, 41.265171610383078 ], [ -72.501182431444064, 41.263406257943643 ], [ -72.501220112999462, 41.261593749340861 ], [ -72.501288984334892, 41.258416658185894 ], [ -72.502540970521849, 41.257064417040233 ], [ -72.50805618867372, 41.256225620360453 ], [ -72.512313864193601, 41.257180081928425 ], [ -72.517776741782569, 41.259060305866704 ], [ -72.518348462024562, 41.26087863730487 ], [ -72.51890503768341, 41.263161666352744 ], [ -72.521888819754139, 41.266822817749308 ], [ -72.525550465938636, 41.267319610758022 ], [ -72.526809927002517, 41.26551947209267 ], [ -72.52722880310337, 41.263829114897788 ], [ -72.526993655174962, 41.26286384746065 ], [ -72.528130419327667, 41.260543283916959 ], [ -72.528832065281549, 41.256466925158769 ], [ -72.530762609485635, 41.25149218785787 ], [ -72.533867687653284, 41.249259213638027 ], [ -72.539352950174717, 41.249779322189312 ], [ -72.542381543813917, 41.251175198361409 ], [ -72.547829086836344, 41.253502575926241 ], [ -72.553849247914556, 41.258110718184746 ], [ -72.558632954362722, 41.263157419699695 ], [ -72.568307170282907, 41.268256593531447 ], [ -72.577455546291191, 41.269268110196528 ], [ -72.584817792894469, 41.267985751868238 ], [ -72.594004584265676, 41.267184084757389 ], [ -72.602533211233919, 41.268184002952282 ], [ -72.609834549574359, 41.27008036431571 ], [ -72.615305345402959, 41.271499042668985 ], [ -72.618968535724562, 41.271537379099691 ], [ -72.623873708805291, 41.270681195089821 ], [ -72.630008546203541, 41.269842185551688 ], [ -72.634913467004097, 41.268985579360574 ], [ -72.641055587712756, 41.267237994520485 ], [ -72.650859865624568, 41.265978721376385 ], [ -72.655749594309427, 41.26603261100054 ], [ -72.661227931954443, 41.266997059928364 ], [ -72.666133736707891, 41.266134926136203 ], [ -72.66864463331882, 41.262534034955863 ], [ -72.669331288292156, 41.258909149323621 ], [ -72.672428663974998, 41.256674414327279 ], [ -72.675480704833546, 41.256705772091244 ], [ -72.678577791180317, 41.25446628841069 ], [ -72.679852568799632, 41.251756626934018 ], [ -72.681774519593972, 41.24678234994245 ], [ -72.684850636519613, 41.245908710602507 ], [ -72.688481126619763, 41.247762459878054 ], [ -72.690312123191674, 41.247782894525002 ], [ -72.69337270409936, 41.247355072225005 ], [ -72.695210254662896, 41.247374354733083 ], [ -72.697019815143065, 41.248300011983893 ], [ -72.700063239972991, 41.249238541576162 ], [ -72.703107575467541, 41.249728264462476 ], [ -72.704908378024115, 41.251559145428807 ], [ -72.704892889570402, 41.25246555866277 ], [ -72.704267018436809, 41.253366767966611 ], [ -72.703619062279088, 41.255175472769892 ], [ -72.702970972627213, 41.257439959402788 ], [ -72.704793385691232, 41.257909740141805 ], [ -72.709684110141069, 41.257506056305921 ], [ -72.717017160591993, 41.25758101017022 ], [ -72.719450094896672, 41.258055726322524 ], [ -72.724905511541721, 41.260836244256438 ], [ -72.726712949422264, 41.26221674260831 ], [ -72.729773203560669, 41.261790208479276 ], [ -72.739615294393673, 41.258257404153007 ], [ -72.745703326913159, 41.259678779857708 ], [ -72.746275100737378, 41.261499620080201 ], [ -72.74742840612717, 41.265596544170521 ], [ -72.750465231434035, 41.266534723497173 ], [ -72.754745292596212, 41.266573126634235 ], [ -72.760275919883611, 41.264813027185319 ], [ -72.765808457532884, 41.263050795392985 ], [ -72.771277799764647, 41.264917842941763 ], [ -72.778594943568336, 41.265893087530046 ], [ -72.781082649686212, 41.263195911294289 ], [ -72.786026118136164, 41.26006953425302 ], [ -72.792755140947477, 41.259678547093543 ], [ -72.796439631700366, 41.258348820637636 ], [ -72.800773859572615, 41.255215216101647 ], [ -72.80756410652225, 41.251191791733419 ], [ -72.811226339767515, 41.251229275367329 ], [ -72.814278086946047, 41.251710705193609 ], [ -72.814866259007218, 41.253075980569371 ], [ -72.814827795513466, 41.25534489496517 ], [ -72.81234834618634, 41.257588272272557 ], [ -72.809875589362733, 41.258928430158015 ], [ -72.809213089455852, 41.262101513143314 ], [ -72.811630494296423, 41.263482840795021 ], [ -72.817742574005592, 41.263540270488896 ], [ -72.825730826159841, 41.260892560215332 ], [ -72.826989086786668, 41.258635061915577 ], [ -72.827669032705671, 41.254551673720442 ], [ -72.832033717262121, 41.249600380914835 ], [ -72.835717693723552, 41.248276587085279 ], [ -72.839356588078857, 41.249673572755945 ], [ -72.839334169286047, 41.251485064193467 ], [ -72.841699748410619, 41.256043328169881 ], [ -72.843508623154534, 41.257424358716534 ], [ -72.846582451370423, 41.256544422574493 ], [ -72.85524130323445, 41.249814945386795 ], [ -72.860217579323916, 41.244412273160194 ], [ -72.86942486459364, 41.241773544585342 ], [ -72.872462273197726, 41.242708827494567 ], [ -72.875521795008098, 41.242730027965152 ], [ -72.884669737421703, 41.243719400682309 ], [ -72.888317387575526, 41.245114164369994 ], [ -72.894961362450559, 41.249711409177564 ], [ -72.897356925240089, 41.252909103852822 ], [ -72.8973044513167, 41.256081500335164 ], [ -72.893550451018626, 41.261496501527787 ], [ -72.890461003444798, 41.264192334406602 ], [ -72.891665972932216, 41.265106885391788 ], [ -72.897128298029699, 41.267426789630484 ], [ -72.898936356474451, 41.268804343768146 ], [ -72.900126803455493, 41.271085119240276 ], [ -72.900051396677711, 41.276071011028471 ], [ -72.899356621431494, 41.281064842981642 ], [ -72.895587344949902, 41.287834974975027 ], [ -72.891238982581925, 41.292337937513913 ], [ -72.889316379177799, 41.297766218479872 ], [ -72.888576473834547, 41.305929640286649 ], [ -72.892284492596815, 41.303239141012725 ], [ -72.901492843829232, 41.301045619973465 ], [ -72.916226246424714, 41.297090789347052 ], [ -72.91936147596472, 41.292122507667123 ], [ -72.920658356729348, 41.287140566748242 ], [ -72.922572998995761, 41.282164152195548 ], [ -72.926273972999368, 41.279927446404784 ], [ -72.928746085796931, 41.278131932340656 ], [ -72.930020614251532, 41.274514926969296 ], [ -72.930722108463286, 41.268620746791683 ], [ -72.933842503447281, 41.264558688516132 ], [ -72.936908966486968, 41.263682276533018 ], [ -72.943050383144239, 41.261461519155681 ], [ -72.951702813272775, 41.254728201263191 ], [ -72.95793670805341, 41.246607198709263 ], [ -72.970289105440187, 41.237631607354032 ], [ -72.974576635152786, 41.236760306433098 ], [ -72.981351541815869, 41.2327294062353 ], [ -72.990050155054561, 41.222810832146223 ], [ -72.998060578244349, 41.217881459740696 ], [ -73.002997117675307, 41.213839374720479 ], [ -73.004293611032622, 41.208407425992441 ], [ -73.008017158329338, 41.204347569815994 ], [ -73.011098956011281, 41.202559753332537 ], [ -73.014762446941859, 41.202585149769149 ], [ -73.016570429276484, 41.203958503260388 ], [ -73.019552792567794, 41.208978664547622 ], [ -73.023833203518322, 41.209006407400828 ], [ -73.029998036225791, 41.204514883212561 ], [ -73.038582469400907, 41.201860100166883 ], [ -73.04100004345662, 41.203691940346864 ], [ -73.042137052559085, 41.209601482001787 ], [ -73.046410237143647, 41.209631737305266 ], [ -73.048881249991055, 41.207834818609676 ], [ -73.051399902734488, 41.201952961124015 ], [ -73.052674087765965, 41.198336339408044 ], [ -73.051507061092053, 41.19424300418509 ], [ -73.049095413232848, 41.191954796356178 ], [ -73.047912468171646, 41.189222252160597 ], [ -73.052185878082213, 41.189252580375502 ], [ -73.057671015163962, 41.18974830221859 ], [ -73.061906744937787, 41.192956497688847 ], [ -73.063737847587731, 41.192514216934534 ], [ -73.072336112741183, 41.188947268220637 ], [ -73.080965269065175, 41.182202942506017 ], [ -73.090219588195993, 41.174553960273258 ], [ -73.097009443574805, 41.168703256795915 ], [ -73.103167546533967, 41.164208628970897 ], [ -73.104433596142215, 41.16104601382365 ], [ -73.101922951332895, 41.158205128010387 ], [ -73.099313637600545, 41.155261053250562 ], [ -73.099053917737223, 41.151934630879651 ], [ -73.105159241082518, 41.151521188333156 ], [ -73.114939918975111, 41.150224413140542 ], [ -73.119845909050213, 41.148446233646347 ], [ -73.125979929890789, 41.145760870517769 ], [ -73.135135915741003, 41.144918928776477 ], [ -73.149144627779265, 41.147278908746102 ], [ -73.156446056628511, 41.148690591866099 ], [ -73.157048112310036, 41.14960271024097 ], [ -73.156422377014295, 41.150507131963856 ], [ -73.153371652275482, 41.150937291576049 ], [ -73.149090924779159, 41.151366119724614 ], [ -73.139911814692042, 41.153570674381456 ], [ -73.144756520832686, 41.156781055834408 ], [ -73.151432822032959, 41.159548004380305 ], [ -73.156888813293534, 41.162758849583319 ], [ -73.155026598255589, 41.165017421179471 ], [ -73.149502983707436, 41.168158178702463 ], [ -73.15188366004827, 41.172712195869266 ], [ -73.156171618871539, 41.171833726247584 ], [ -73.161061140613242, 41.17095438244074 ], [ -73.166533136012291, 41.172806486327275 ], [ -73.172009781979853, 41.174203947845022 ], [ -73.176892795941299, 41.173784914238787 ], [ -73.181212164349347, 41.170180204152047 ], [ -73.181242359549671, 41.167454544541833 ], [ -73.179442165192057, 41.164724412920904 ], [ -73.178870031975833, 41.161541946921446 ], [ -73.179494832017539, 41.160188976283408 ], [ -73.18255448714207, 41.159750575878569 ], [ -73.190520167268033, 41.156625661703146 ], [ -73.197905873363524, 41.150774215760364 ], [ -73.205328355968646, 41.142198357938881 ], [ -73.207771312571865, 41.14221284266516 ], [ -73.208968401316568, 41.143582230839939 ], [ -73.208960374612801, 41.144941624973804 ], [ -73.208938762130245, 41.146756000179515 ], [ -73.206458668546034, 41.149923195632773 ], [ -73.203978508020398, 41.153536344648309 ], [ -73.199034207727607, 41.158949509621756 ], [ -73.19898844576997, 41.16303080740645 ], [ -73.201437785589562, 41.16259587489116 ], [ -73.214936017866094, 41.155869034509841 ], [ -73.218665737080855, 41.149538256361417 ], [ -73.219329728510743, 41.145006412212538 ], [ -73.22116151268888, 41.144562425305637 ], [ -73.226669137923594, 41.143234861984617 ], [ -73.230988457024552, 41.138726008236652 ], [ -73.23472552777892, 41.131033569292676 ], [ -73.239654783113778, 41.126977998265062 ], [ -73.250070331487706, 41.122502806704034 ], [ -73.251939186624114, 41.118881931546056 ], [ -73.256234784781341, 41.116639419549962 ], [ -73.258668133566573, 41.116655954545742 ], [ -73.26110132439976, 41.117125194664233 ], [ -73.265962426834633, 41.11896581313141 ], [ -73.270814166305883, 41.121716941430904 ], [ -73.272616069099456, 41.12444785921673 ], [ -73.275620666144462, 41.128095545228618 ], [ -73.276857658759184, 41.127196004210433 ], [ -73.284807396188185, 41.124971684257851 ], [ -73.289697887327279, 41.124093132229866 ], [ -73.289720959033403, 41.121367028622927 ], [ -73.292184821074855, 41.119115504557215 ], [ -73.296450372941038, 41.119134717976166 ], [ -73.302545342200261, 41.119623098463777 ], [ -73.308046562739065, 41.118296150323047 ], [ -73.319071913835003, 41.113359266897653 ], [ -73.324595766019087, 41.109758545639565 ], [ -73.328250436446766, 41.110231530891191 ], [ -73.33129422125144, 41.110249179862883 ], [ -73.336802938012696, 41.108010318191397 ], [ -73.341098808299179, 41.105763332706701 ], [ -73.345371225990732, 41.105331917350789 ], [ -73.355113449443891, 41.106291288458038 ], [ -73.362423815022879, 41.106778318125279 ], [ -73.366100719980281, 41.104981756282598 ], [ -73.367352420603297, 41.101811846972986 ], [ -73.366772058294401, 41.097727344830012 ], [ -73.36680310556136, 41.095005567469528 ], [ -73.371693897492023, 41.092759691199547 ], [ -73.378430760052353, 41.089162926834227 ], [ -73.383969800393103, 41.083291027357319 ], [ -73.38948574948445, 41.08013980465703 ], [ -73.393147403224376, 41.079704856339035 ], [ -73.395512981664936, 41.087883653244539 ], [ -73.397916182148421, 41.092427571110974 ], [ -73.400975180096836, 41.090631411223789 ], [ -73.401602261626337, 41.088814642262413 ], [ -73.4022503331541, 41.0842837406461 ], [ -73.403517354991308, 41.078846758834906 ], [ -73.405957996625972, 41.077497347581073 ], [ -73.410855879305885, 41.075704317977447 ], [ -73.412709485861456, 41.072084794483644 ], [ -73.412137611901727, 41.067995669499702 ], [ -73.414578537741988, 41.06709883750186 ], [ -73.420072266448514, 41.06622176511452 ], [ -73.426183678293398, 41.06443122818024 ], [ -73.428640095569818, 41.061269556181223 ], [ -73.431066546253064, 41.063092149235437 ], [ -73.434698840500062, 41.065828031038322 ], [ -73.439588930373176, 41.064489937491032 ], [ -73.443274342139787, 41.060876417322554 ], [ -73.445739391822741, 41.056801864945946 ], [ -73.451223496273812, 41.056372179480036 ], [ -73.460982403879328, 41.055055580191386 ], [ -73.464057552365801, 41.051439885359351 ], [ -73.465309256821172, 41.047810714511968 ], [ -73.467788527396664, 41.041466900116831 ], [ -73.472655496142536, 41.042402433251809 ], [ -73.473861080982118, 41.043767838113688 ], [ -73.474433358381773, 41.049211292615354 ], [ -73.478706846269432, 41.048321593276285 ], [ -73.486015161809604, 41.048349588205319 ], [ -73.490258153330728, 41.051544833823222 ], [ -73.495728690052999, 41.053380231909074 ], [ -73.498795458696648, 41.049764828773867 ], [ -73.497597540873969, 41.047036804369093 ], [ -73.499459157890826, 41.042504343081895 ], [ -73.503113073344949, 41.042520107056887 ], [ -73.509209476807172, 41.041635503258981 ], [ -73.513489398269172, 41.039388587215541 ], [ -73.514114599872769, 41.037119152370522 ], [ -73.51596271515595, 41.034405600375898 ], [ -73.514779519888606, 41.028954282554217 ], [ -73.516029734223324, 41.02487709941321 ], [ -73.520302590185423, 41.023076791147155 ], [ -73.527009211480404, 41.02219562986177 ], [ -73.529427681688361, 41.024926406012128 ], [ -73.530023443502117, 41.026291892226368 ], [ -73.52816201706851, 41.031269888265477 ], [ -73.526926172673981, 41.034899540201607 ], [ -73.529962519022135, 41.035364132883529 ], [ -73.535455686128529, 41.033570969992468 ], [ -73.540353791716512, 41.029955337273641 ], [ -73.542207979485866, 41.025430748385219 ], [ -73.551393531555931, 41.018202272359858 ], [ -73.556902808303832, 41.012773875746312 ], [ -73.556322388962968, 41.008687780443168 ], [ -73.559992338070245, 41.005979265167291 ], [ -73.566074312952011, 41.007363491563048 ], [ -73.571559640919077, 41.006018051901222 ], [ -73.579478852890219, 41.005590651200279 ], [ -73.581896941828361, 41.007872288120005 ], [ -73.581271786325715, 41.011496380621388 ], [ -73.577601495358422, 41.013296021314822 ], [ -73.570293123262772, 41.015089033607005 ], [ -73.566005220410446, 41.018704438368353 ], [ -73.569026624562611, 41.021891302314906 ], [ -73.573284314135989, 41.022810264860723 ], [ -73.576343110797509, 41.02100672715703 ], [ -73.581234005785916, 41.017397991401232 ], [ -73.588558055610591, 41.014695548497805 ], [ -73.590984182981558, 41.016519110953674 ], [ -73.589138484053578, 41.019690493144381 ], [ -73.589718180668044, 41.024678421108469 ], [ -73.592152366386486, 41.02559403377105 ], [ -73.595219750894302, 41.021520667542845 ], [ -73.597058528487409, 41.018804941178253 ], [ -73.603779048332996, 41.015653863423807 ], [ -73.607427667796486, 41.016568325580309 ], [ -73.611072825890034, 41.017488936396752 ], [ -73.615339046674379, 41.01659174796302 ], [ -73.615353934997387, 41.014325862323481 ], [ -73.614750861995404, 41.012964352311599 ], [ -73.61477408879415, 41.008429125137532 ], [ -73.619047030448883, 41.007078507632535 ], [ -73.625737097890763, 41.008005859706209 ], [ -73.632428795122593, 41.009383135051714 ], [ -73.63730488141529, 41.008943312067835 ], [ -73.639151719004971, 41.005319603701217 ], [ -73.642210459557731, 41.001246573824957 ], [ -73.648923982401058, 40.998999446406543 ], [ -73.653152298961984, 40.998376915191635 ], [ -73.658057987794152, 40.997659362511143 ], [ -73.659293178243416, 40.994036655567811 ], [ -73.656866792575073, 40.992212262776491 ], [ -73.652754607934554, 40.988550886211542 ], [ -73.651755264684354, 40.98604445813114 ], [ -73.650725196731614, 40.983461356405563 ], [ -73.64974886551461, 40.982474258686139 ], [ -73.649634847769192, 40.977223986306647 ], [ -73.655134984657352, 40.973607803227743 ], [ -73.657554102177869, 40.975428731614777 ], [ -73.662429670004386, 40.974536056963132 ], [ -73.661841858257404, 40.969995736452063 ], [ -73.663069768527478, 40.967730969522599 ], [ -73.667968706306212, 40.961849229143901 ], [ -73.671043725755069, 40.954597408657058 ], [ -73.672271917293855, 40.951423656325723 ], [ -73.672897710763579, 40.947795755317109 ], [ -73.680214473749302, 40.944641198417322 ], [ -73.685073802780792, 40.945556414960024 ], [ -73.684448342366395, 40.949641130931191 ], [ -73.685662625056295, 40.951460053428143 ], [ -73.688698983923146, 40.952373522042869 ], [ -73.69357345246614, 40.950118591495695 ], [ -73.701494309020589, 40.948317092409752 ], [ -73.707566079738285, 40.949695380605846 ], [ -73.708162331975331, 40.952872927669894 ], [ -73.712435607130857, 40.950613543522039 ], [ -73.718545796282015, 40.943824270610143 ], [ -73.719164472374345, 40.941099706983195 ], [ -73.715517848209785, 40.939277147430616 ], [ -73.713091764842346, 40.937910662751698 ], [ -73.712495981834834, 40.935187763034222 ], [ -73.713113424571972, 40.932467590011314 ], [ -73.715554682103004, 40.929298884588349 ], [ -73.718004548998309, 40.925674942683777 ], [ -73.721659685211549, 40.925681155516592 ], [ -73.723468156547384, 40.92840878791899 ], [ -73.728945607354703, 40.928874765794163 ], [ -73.732600416180759, 40.927069623641053 ], [ -73.735652533806217, 40.922988129315677 ], [ -73.739314130295213, 40.918914147486269 ], [ -73.742373611959906, 40.914840848402797 ], [ -73.74724883738071, 40.912582548015294 ], [ -73.752101289320237, 40.914859783186031 ], [ -73.756961665966202, 40.915774899443633 ], [ -73.757587410463927, 40.910332110245243 ], [ -73.755786211712717, 40.904884495857523 ], [ -73.755794237296811, 40.901711840648659 ], [ -73.760670051187162, 40.898994363082387 ], [ -73.767978615380713, 40.894469492757722 ], [ -73.778332073663918, 40.888142556183752 ], [ -73.779965804586652, 40.886626865867136 ], [ -73.780774398745649, 40.885875580123709 ], [ -73.7813909580386, 40.881799290552479 ], [ -73.78018644935257, 40.879069985223431 ], [ -73.779583228467075, 40.87589219183738 ], [ -73.780202459888372, 40.872722893637516 ], [ -73.785084700764401, 40.86638035741403 ], [ -73.789960362316549, 40.862301617705718 ], [ -73.791173015111823, 40.863212451512389 ], [ -73.793591786058911, 40.865937054559986 ], [ -73.802701209528848, 40.869129491514762 ], [ -73.806958622127738, 40.866409044247845 ], [ -73.807576417592387, 40.862333205504676 ], [ -73.805768529646741, 40.85643142726488 ], [ -73.80275537225944, 40.850079137265674 ], [ -73.800946373963612, 40.843724965176108 ], [ -73.794301428636885, 40.832371570987767 ], [ -73.786426990137485, 40.824192829003856 ], [ -73.783398331496869, 40.820563109225624 ], [ -73.785230120658639, 40.817384839273714 ], [ -73.791920253834576, 40.815134840649677 ], [ -73.79980987968068, 40.816957417537168 ], [ -73.807691111761613, 40.820143246295146 ], [ -73.815580083118334, 40.821062794075679 ], [ -73.821050838711429, 40.819257909651832 ], [ -73.827733988137709, 40.819265044771242 ], [ -73.830762622106747, 40.821085245356016 ], [ -73.834402858483088, 40.82426666350927 ], [ -73.837447398208766, 40.821092128306205 ], [ -73.841703335075778, 40.815656796950925 ], [ -73.85021202942832, 40.814759160062984 ], [ -73.85263722182961, 40.817029286004029 ], [ -73.857482291277904, 40.821118695060754 ], [ -73.865378341217252, 40.82112544066181 ], [ -73.866591063568947, 40.82112695330985 ], [ -73.865385644528956, 40.817045185336923 ], [ -73.865997664419382, 40.814774462427174 ], [ -73.867218034612819, 40.813866516119774 ], [ -73.869040572259436, 40.8120580788704 ], [ -73.870864129623243, 40.812059977683262 ], [ -73.873893198885, 40.812965971639549 ], [ -73.876319448389197, 40.813879820897185 ], [ -73.878754332798835, 40.814785965860786 ], [ -73.87996644055805, 40.815243807826306 ], [ -73.883605967121284, 40.81570243610502 ], [ -73.885428853687941, 40.815701696593969 ], [ -73.887245311469243, 40.815706675397614 ], [ -73.888465663039071, 40.815252809288182 ], [ -73.890289494500848, 40.814343688180053 ], [ -73.892714945208084, 40.813440087762224 ], [ -73.894538751939663, 40.812535508664297 ], [ -73.896972226863454, 40.810724805159545 ], [ -73.898186539083838, 40.810265216711393 ], [ -73.900620923151322, 40.808911158480562 ], [ -73.903656246684292, 40.808005198859902 ], [ -73.906082348943102, 40.8075534576069 ], [ -73.907905430183945, 40.807100543296585 ], [ -73.911545104320069, 40.808012651610852 ], [ -73.913369246960499, 40.808011768773746 ], [ -73.915192243304091, 40.806652615218198 ], [ -73.9176184871353, 40.804842668682596 ], [ -73.919770417023145, 40.802546060061843 ], [ -73.9218767819916, 40.800305619116777 ], [ -73.925523729452337, 40.797135466429822 ], [ -73.929773338404416, 40.793505191215218 ], [ -73.932206182477344, 40.789881848743214 ], [ -73.936463237283988, 40.783984223936194 ], [ -73.940713540026096, 40.77899834462869 ], [ -73.943750560472168, 40.774009147061449 ], [ -73.949221479420189, 40.769929262261492 ], [ -73.953470733073218, 40.764940835406755 ], [ -73.95650691434183, 40.760862089254481 ], [ -73.959544044162001, 40.757230773751246 ], [ -73.962580976132926, 40.752695725815954 ], [ -73.963793364153318, 40.751338635956436 ], [ -73.964403121788052, 40.749067810510418 ], [ -73.965005693144235, 40.747256741877557 ], [ -73.965609605709375, 40.745441327849555 ], [ -73.966220025708949, 40.741812846407427 ], [ -73.967432754670185, 40.737276961673992 ], [ -73.968042244688093, 40.733646064329868 ], [ -73.969256995325267, 40.730021126889 ], [ -73.970477424251015, 40.727300862083808 ], [ -73.971690502385584, 40.725031132894522 ], [ -73.973741650860248, 40.722796972171082 ], [ -73.974314981376295, 40.721446393911769 ], [ -73.975024592249653, 40.720640497405192 ], [ -73.976229531144782, 40.719275270506174 ], [ -73.977282947317065, 40.718307589678879 ], [ -73.978571048846703, 40.717514348892777 ], [ -73.98092184234585, 40.716078420522422 ], [ -73.982608159731413, 40.71505269839524 ], [ -73.985637055286858, 40.714149194774087 ], [ -73.988666364414229, 40.712787025932087 ], [ -73.991091240640955, 40.711425969966093 ], [ -73.992914762115134, 40.710518392625858 ], [ -73.994127980582832, 40.709159144730016 ], [ -73.995044402997578, 40.708765795315109 ], [ -73.99673794037551, 40.708041659959868 ], [ -73.998371120120197, 40.70734355736505 ], [ -73.999713040589654, 40.705585013076025 ], [ -74.001170812531953, 40.704635796167153 ], [ -74.003223214171811, 40.703715740267796 ], [ -74.006572999947153, 40.700033957990563 ], [ -74.008808223174384, 40.699150669659147 ], [ -74.012416886246569, 40.697832937383438 ], [ -74.019756087751531, 40.696619857754477 ], [ -74.021045821641096, 40.696436625562903 ], [ -74.028239847251157, 40.695449775317421 ], [ -74.030918391251632, 40.694144355687889 ], [ -74.034420604739879, 40.690589938957118 ], [ -74.037967902058412, 40.686130789705771 ], [ -74.041805444093171, 40.685318236475609 ], [ -74.048695844045398, 40.685501500812435 ], [ -74.051907105885959, 40.684672462464313 ], [ -74.054028230157726, 40.681544304365772 ], [ -74.055715004905593, 40.676140778607945 ], [ -74.062238377427533, 40.672679630304067 ], [ -74.068525463090268, 40.672389035495463 ], [ -74.073651825656285, 40.67071096233154 ], [ -74.070814347352695, 40.666995165788109 ], [ -74.065976963362814, 40.665055293898853 ], [ -74.05867426213041, 40.663041411460014 ], [ -74.055974318163564, 40.65842755560945 ], [ -74.058606440241306, 40.656678097850232 ], [ -74.062277018105192, 40.657229959850866 ], [ -74.065916502606072, 40.658237103598665 ], [ -74.070188480782548, 40.659259065725728 ], [ -74.079931237287084, 40.662246930750506 ], [ -74.084883084811864, 40.662830685266613 ], [ -74.088308951440666, 40.658835737772563 ], [ -74.086035010800401, 40.656047078796469 ], [ -74.081228919207305, 40.653647810669298 ], [ -74.080663844142919, 40.652500671662764 ], [ -74.07962623184028, 40.650428999268293 ], [ -74.084158183942876, 40.648281795398113 ], [ -74.087843038031778, 40.648835465715983 ], [ -74.092199261147428, 40.648952153371319 ], [ -74.097762364654741, 40.64955124015917 ], [ -74.103743448388514, 40.649402704287382 ], [ -74.10455872136896, 40.649380806901235 ], [ -74.108724705539274, 40.648418076536579 ], [ -74.109167240445458, 40.648232124535859 ], [ -74.11388318186782, 40.647111328969352 ], [ -74.118048603541325, 40.646941466233521 ], [ -74.118528425988842, 40.646851441486234 ], [ -74.120330004388933, 40.648334510948054 ], [ -74.120199464213641, 40.650150229429734 ], [ -74.118690033829438, 40.653739146909928 ], [ -74.116446353715517, 40.659129586798855 ], [ -74.114264790682668, 40.663611632272229 ], [ -74.111410252377055, 40.668979763706744 ], [ -74.105979318354741, 40.675647295260667 ], [ -74.100821657842502, 40.677779653978376 ], [ -74.094800569663775, 40.683983469501065 ], [ -74.089421856479987, 40.690196864128836 ], [ -74.086636799855953, 40.695568087910267 ], [ -74.086501024615956, 40.698740428808698 ], [ -74.088110140269762, 40.707403306777167 ], [ -74.092542399575606, 40.707523538619292 ], [ -74.094442418050008, 40.707572809670062 ], [ -74.100164536317877, 40.706360130738773 ], [ -74.103986572577838, 40.705547484234415 ], [ -74.109748336596411, 40.702974941529085 ], [ -74.114318273926827, 40.700277992100737 ], [ -74.114149922747174, 40.699480418054456 ], [ -74.116339738063843, 40.695435116975936 ], [ -74.118368597068567, 40.691863688323579 ], [ -74.120879120104021, 40.68759496887116 ], [ -74.121787058049478, 40.686050799938471 ], [ -74.128897027720541, 40.682148444918951 ], [ -74.130355037499498, 40.681175265261921 ], [ -74.134757041042732, 40.678219310208398 ], [ -74.137504554800188, 40.673755977854995 ], [ -74.137672524159001, 40.669993642959348 ], [ -74.138297789976818, 40.668631469084495 ], [ -74.139342774065739, 40.666338763803772 ], [ -74.140259185561078, 40.665396714453443 ], [ -74.141197249314288, 40.664272769376211 ], [ -74.14305061452545, 40.662048396655543 ], [ -74.145225783161337, 40.659431100790812 ], [ -74.149471456252812, 40.655212071942195 ], [ -74.179127077662358, 40.66040458871241 ], [ -74.22071660664426, 40.658880515488939 ], [ -74.261921505190031, 40.639691399867743 ], [ -74.330946930577767, 40.625331240164293 ], [ -74.384941072519126, 40.621517487186352 ], [ -74.461642205716331, 40.639181654581314 ], [ -74.523837029806742, 40.685051232804803 ], [ -74.534159161023439, 40.708793746554342 ], [ -74.605410517996987, 40.725413328961714 ], [ -74.677482594711165, 40.72016734985764 ], [ -74.718599285673761, 40.700829544422319 ], [ -74.760454450521905, 40.659653430568397 ], [ -74.796686929520746, 40.617517337182299 ], [ -74.830352334387726, 40.58372366587755 ], [ -74.881955195335962, 40.548577567702417 ], [ -74.935311252016476, 40.52688227899187 ], [ -75.019547687698008, 40.519148333958022 ], [ -75.111765284284644, 40.543406537945202 ], [ -75.168108817136513, 40.570375148507864 ], [ -75.236266573382409, 40.577349520820498 ], [ -75.301922388740607, 40.553174862057695 ], [ -75.3563836965604, 40.527121486224274 ], [ -75.432428225929442, 40.487079405595985 ], [ -75.468174476659144, 40.444756764026948 ], [ -75.471018943655906, 40.375100100829982 ], [ -75.483757105070836, 40.311461526618082 ], [ -75.49769074446283, 40.243642682492776 ], [ -75.545425615440394, 40.159492800328721 ], [ -75.582666950089177, 40.091144574520321 ], [ -75.647535039740788, 40.027338646142638 ], [ -75.686064404192237, 39.994241123363011 ], [ -75.777969508624793, 39.956726541865564 ], [ -75.853944373733086, 39.934081597106811 ], [ -75.927498394835226, 39.919760705884535 ], [ -76.008547831743869, 39.91974066885021 ], [ -76.052479454831129, 39.94870299830216 ], [ -76.115917891171279, 40.011402814047955 ], [ -76.154731366808278, 40.017619105444361 ], [ -76.212534896368552, 40.018103701281198 ], [ -76.267705916979097, 40.048761069146359 ], [ -76.332032734238865, 40.150815522953174 ], [ -76.40029558251166, 40.218448057402554 ], [ -76.508840803408276, 40.287964540098592 ], [ -76.63815052336335, 40.303757505844757 ], [ -76.72734126250495, 40.317582829598869 ], [ -76.803127739359311, 40.338016401164474 ], [ -76.808441636900852, 40.382530811288227 ], [ -76.768940425475989, 40.442000239475 ], [ -76.659996989804682, 40.499482355861709 ], [ -76.617218950256913, 40.527827558956233 ], [ -76.55319886956444, 40.548489014934916 ], [ -76.477025882786265, 40.549733204741287 ], [ -76.333779164299102, 40.540394370813182 ], [ -76.214959982400202, 40.54788677788175 ], [ -76.122864042110066, 40.563902621467051 ], [ -76.063065053554681, 40.589393354871966 ], [ -76.057577211695246, 40.649804096054481 ], [ -76.101629868641353, 40.700593780836137 ], [ -76.181736401942857, 40.748315287606339 ], [ -76.246616362630334, 40.767315058481543 ], [ -76.280249254651835, 40.772612157840648 ], [ -76.380002984990028, 40.792641390946258 ], [ -76.452684907467528, 40.825865585102321 ], [ -76.436027426885872, 40.906390151733213 ], [ -76.385322579841088, 41.00349281441833 ], [ -76.384266160031117, 41.090845158579604 ], [ -76.385832910190899, 41.147978644077 ], [ -76.397505149736759, 41.211062980269958 ], [ -76.41956743319804, 41.258253474235246 ], [ -76.446376160841581, 41.288667731488239 ], [ -76.496992865852249, 41.318377467266544 ], [ -76.53986485469926, 41.333742282210061 ], [ -76.612204955519886, 41.349240475957856 ], [ -76.673437120161068, 41.341123903982655 ], [ -76.73713616667402, 41.302742028116867 ], [ -76.799744948004317, 41.246683622385333 ], [ -76.888184690368021, 41.203272149145562 ], [ -76.945997077187286, 41.163935170053946 ], [ -76.987961619182499, 41.117823176485665 ], [ -77.031075873760955, 41.045661244115493 ], [ -77.065060764401295, 40.985235358049543 ], [ -77.097901637330111, 40.907165024987094 ], [ -77.087929489421697, 40.835767184595532 ], [ -77.079110565893288, 40.760174649556674 ], [ -77.07365000947425, 40.693826647356154 ], [ -77.063726368728013, 40.622437365181881 ], [ -77.051560497155464, 40.55944382428622 ], [ -77.062920172509223, 40.495646968872634 ], [ -77.070875520025183, 40.444442134940893 ], [ -77.085484618810099, 40.411717282802172 ], [ -77.109040282475576, 40.36724704104239 ], [ -77.153795806098245, 40.308518115729598 ], [ -77.205171277976333, 40.246419177795801 ], [ -77.21522949096871, 40.186819337663742 ], [ -77.189656360961493, 40.108743939595357 ], [ -77.180814858535015, 40.0331938589079 ], [ -77.179774037038769, 39.950095374906375 ], [ -77.158756342207795, 39.87706072196746 ], [ -77.164396398355066, 39.790614666489006 ], [ -77.187732319207001, 39.702501071857164 ], [ -77.216537098703739, 39.615226394779448 ], [ -77.239751561926568, 39.548928663273081 ], [ -77.26071920696694, 39.491020783362821 ], [ -77.283880604123553, 39.468356106199046 ], [ -77.354441652586772, 39.439778588969894 ], [ -77.385302691995221, 39.431354539388529 ], [ -77.438275680020297, 39.448065974670058 ], [ -77.461567370731757, 39.490826964471971 ], [ -77.472819462904894, 39.557943828152666 ], [ -77.443192084559271, 39.62765176239315 ], [ -77.410165383099113, 39.68812746158909 ], [ -77.380381110613101, 39.736003013231148 ], [ -77.378265659037595, 39.788041567505772 ], [ -77.39058528770417, 39.850975886586028 ], [ -77.401777085872865, 39.896286102152004 ], [ -77.489226943727786, 40.011804791925563 ], [ -77.513221707798039, 40.035968362183787 ], [ -77.575752535469178, 40.063552556443014 ], [ -77.648871861712493, 40.097235847789904 ], [ -77.697466225758518, 40.120402566747671 ], [ -77.734888713222261, 40.128185729336799 ], [ -77.816831268241003, 40.151611286604364 ], [ -77.903797082404211, 40.143698032844505 ], [ -77.961499549280703, 40.13149319752015 ], [ -78.065840389939268, 40.114562162924514 ], [ -78.280328677950024, 40.008188121337426 ], [ -78.359617932995945, 39.896123608356675 ], [ -78.408268629373069, 39.809394242523432 ], [ -78.420808118975273, 39.758650962528961 ], [ -78.419138331007048, 39.692194804168665 ], [ -78.419272503472328, 39.594029284321344 ], [ -78.449311703812683, 39.484136640343813 ], [ -78.475627976135527, 39.364593644578065 ], [ -78.488385374807763, 39.300203608441258 ], [ -78.466347042675977, 39.157814687111447 ], [ -78.456533722048206, 39.087929050497067 ], [ -78.439870015073623, 38.985100636883963 ], [ -78.421118017464735, 38.927624817122343 ], [ -78.403829112364107, 38.852088557460405 ], [ -78.379033270137398, 38.807427834642588 ], [ -78.329846077635267, 38.77750346570933 ], [ -78.268513967921095, 38.736659143898159 ], [ -78.231980464152741, 38.70394991325513 ], [ -78.207189053569991, 38.647813645000831 ], [ -78.21912709914605, 38.59930908967862 ], [ -78.235922033278428, 38.530959856325687 ], [ -78.253700328107612, 38.494727121812886 ], [ -78.269681752754124, 38.453665385923294 ], [ -78.275238496304041, 38.443056416402648 ], [ -78.296320376040583, 38.411383456207737 ], [ -78.325790559593116, 38.375630662354396 ], [ -78.351268053865937, 38.341964475641291 ], [ -78.404036775219154, 38.309580715097312 ], [ -78.450088805173962, 38.276211157026481 ], [ -78.496720104636211, 38.240245954104921 ], [ -78.523311750153411, 38.201387351694272 ], [ -78.560005884258842, 38.134633320452224 ], [ -78.599590541744703, 38.084298100691996 ], [ -78.650683148415908, 38.014267276780949 ], [ -78.682360874430103, 37.938782518136072 ], [ -78.709701100839425, 37.881347484764227 ], [ -78.743903998909687, 37.838227157166344 ], [ -78.764197461386658, 37.795785302675057 ], [ -78.820600263923964, 37.774487013778298 ], [ -78.873656661751781, 37.752692506097354 ], [ -78.947457074223266, 37.715149152834833 ], [ -79.000433326346112, 37.693299233324687 ], [ -79.066028938777933, 37.675867493114943 ], [ -79.119536363369406, 37.651383395613621 ], [ -79.206351558352864, 37.615535366619262 ], [ -79.266976674988882, 37.589325963928772 ], [ -79.326596291549578, 37.552296544135523 ], [ -79.39957828778482, 37.501105166107997 ], [ -79.460403880575697, 37.442885387565099 ], [ -79.521376590081729, 37.413964686920458 ], [ -79.575697271184779, 37.384110901438412 ], [ -79.627677034146402, 37.364571211164495 ], [ -79.721528573180052, 37.340041531266266 ], [ -79.860491541963071, 37.310868118603459 ], [ -79.918944812638458, 37.292089868662906 ], [ -79.977999771495618, 37.254738600579351 ], [ -80.064038655187588, 37.18635738303378 ], [ -80.120794458280642, 37.127362390451609 ], [ -80.190075467590219, 37.072665212008985 ], [ -80.269150027500828, 36.971342372595927 ], [ -80.326132075909825, 36.909658044476281 ], [ -80.380297505872079, 36.860889312008901 ], [ -80.41524454784809, 36.806937935821246 ], [ -80.458356535693227, 36.762024856962363 ], [ -80.4905398800759, 36.73695756839556 ], [ -80.494358750233644, 36.734794517844804 ], [ -80.549281031152233, 36.698912562523866 ], [ -80.590691948802601, 36.657553717903397 ], [ -80.664018565523818, 36.620298775459744 ], [ -80.710676832213849, 36.58477626170621 ], [ -80.781810688992536, 36.557563040186736 ], [ -80.849813005267421, 36.545482446499818 ], [ -80.924181973666776, 36.534172651821109 ], [ -80.987787696908924, 36.511087167971588 ], [ -81.023783958706076, 36.494873469559352 ], [ -81.091366589198373, 36.451491888490892 ], [ -81.08970747184884, 36.394225389516023 ], [ -81.114551728600034, 36.335095420642446 ], [ -81.134997193649355, 36.265037369253562 ], [ -81.150393028975643, 36.220280955155829 ], [ -81.20057118333294, 36.164312564034162 ], [ -81.257422830427871, 36.140282648896132 ], [ -81.31184280166336, 36.095182889462059 ], [ -81.378901825949384, 36.05162792922588 ], [ -81.434165737157386, 36.001405364158657 ], [ -81.500095760892918, 35.962844706239821 ], [ -81.543502856204356, 35.905943642816176 ], [ -81.607791236232956, 35.841211805628426 ], [ -81.665637349361319, 35.775671701510639 ], [ -81.713224212266084, 35.72960556284653 ], [ -81.750014842401853, 35.671850109140308 ], [ -81.786749476119255, 35.614080301345901 ], [ -81.834162974977147, 35.567959255233419 ], [ -81.873314890794305, 35.531199736635706 ], [ -81.943046075785574, 35.503278894322598 ], [ -82.001978737562212, 35.463667696238907 ], [ -82.065295225765269, 35.434919336880625 ], [ -82.150259625994408, 35.393152114408394 ], [ -82.208079084979758, 35.358507307022911 ], [ -82.249698993054466, 35.306393286107841 ], [ -82.277756381011159, 35.257862858932192 ], [ -82.312069475535623, 35.210061367094845 ], [ -82.354446289163121, 35.152830400931705 ], [ -82.388664955547512, 35.105001818542959 ], [ -82.44615981207194, 35.070233391529413 ], [ -82.519750793491838, 35.052845251365881 ], [ -82.605869054210643, 35.036852282413463 ], [ -82.691066232789879, 35.025875479125126 ], [ -82.777119142349918, 35.009753780242782 ], [ -82.871162087208873, 34.984104819882162 ], [ -82.946310730779402, 34.956277605133216 ], [ -83.052781861972235, 34.93189260835463 ], [ -83.139506267222018, 34.910424654680831 ], [ -83.238730472482857, 34.890266086632664 ], [ -83.43702192576643, 34.849697627512263 ], [ -83.518932649268208, 34.817100008404637 ], [ -83.615472364254487, 34.811879457667708 ], [ -83.734884833944903, 34.783123849637377 ], [ -83.811748698367253, 34.780845279070959 ], [ -83.933307213010792, 34.777982106469736 ], [ -83.990548892010452, 34.778724973566959 ], [ -84.053991979232222, 34.821445565961881 ], [ -84.115137387909712, 34.879399923655242 ], [ -84.153595565182414, 34.919500582324638 ], [ -84.165368708341262, 34.967221366333327 ], [ -84.157491667748502, 35.01811773629688 ], [ -84.144097648480766, 35.063284232487916 ], [ -84.143287627643119, 35.109724049546912 ], [ -84.140104483213733, 35.171427776007086 ], [ -84.14322620632845, 35.233766039926877 ], [ -84.146351758524546, 35.296100929476331 ], [ -84.139989656243827, 35.378145306593751 ], [ -84.097189888792542, 35.487509065248346 ], [ -84.062274766014198, 35.545983865310255 ], [ -84.02016313250094, 35.60888689861185 ], [ -83.951110665092983, 35.638023331726266 ], [ -83.80015672738557, 35.694861607681702 ], [ -83.695902381533443, 35.740896496320609 ], [ -83.61390726302443, 35.768508910116189 ], [ -83.494586153633009, 35.786953989036363 ], [ -83.363354332444189, 35.798840078980838 ], [ -83.254056460195869, 35.833642543142012 ], [ -83.147252322367194, 35.853107298902373 ], [ -82.991776338519813, 35.929219459769648 ], [ -82.884065580517444, 35.989762591368951 ], [ -82.797951933631836, 36.037109444204781 ], [ -82.671803542498267, 36.126486029061631 ], [ -82.55809009535183, 36.180934874647647 ], [ -82.35115891274576, 36.281559294421598 ], [ -82.223275053840666, 36.339286850421217 ], [ -82.120001125714538, 36.368703807226879 ], [ -82.005521884199652, 36.422619684921969 ], [ -81.937543415612097, 36.471582246784337 ], [ -81.903080968973484, 36.550385992304541 ], [ -81.88968141467322, 36.621318458813484 ], [ -81.892914659072744, 36.673497604172525 ], [ -81.943649615585855, 36.751989142444103 ], [ -81.976431074751957, 36.786912957858362 ], [ -82.055164706790436, 36.822009677961056 ], [ -82.180856655522788, 36.85212204014212 ], [ -82.322311581595969, 36.868365304277681 ], [ -82.413286528963113, 36.873545665203508 ], [ -82.481303945526392, 36.860543636500473 ], [ -82.545614569702764, 36.831567246633675 ], [ -82.600710024589475, 36.81705123687037 ], [ -82.67869866906284, 36.784370602406142 ], [ -82.730016663712107, 36.753863175797449 ], [ -82.785917964574537, 36.734189299251007 ], [ -82.8648012408825, 36.732534195439818 ], [ -82.944569370360071, 36.725753246748219 ], [ -82.993969880791795, 36.705280863253265 ], [ -83.063491511536796, 36.681800503148807 ], [ -83.120128239542737, 36.656896122295699 ], [ -83.195984724428286, 36.634030432909867 ], [ -83.298330810228165, 36.608772171349344 ], [ -83.411731714308075, 36.594936504774893 ], [ -83.525937409685682, 36.575914283426442 ], [ -83.608002525492424, 36.553457293113823 ], [ -83.773645763574933, 36.498211115295788 ], [ -83.850788679577647, 36.464769120847912 ], [ -83.894180788856033, 36.438191012828561 ], [ -84.008119210514153, 36.377402339668798 ], [ -84.088261569040839, 36.323473023914531 ], [ -84.168289819265283, 36.269488195266149 ], [ -84.219447046227529, 36.233256327152858 ], [ -84.276946652195988, 36.197632376106426 ], [ -84.31364607516791, 36.170267123306331 ], [ -84.369482675682917, 36.144768023181207 ], [ -84.486904911627192, 36.078583818958791 ], [ -84.539475679737549, 36.057449258358702 ], [ -84.628716337854485, 36.010971963650043 ], [ -84.727177919895979, 35.96793635398874 ], [ -84.834476891167498, 35.930904863713586 ], [ -84.892563017086601, 35.915393759033932 ], [ -84.948144545925786, 35.894380178871252 ], [ -85.020018768090935, 35.85126599502339 ], [ -85.114446669871114, 35.810192583653588 ], [ -85.179958587493957, 35.787375289394973 ], [ -85.238307438381113, 35.745529182147585 ], [ -85.292689993867342, 35.68495554128674 ], [ -85.329034036101206, 35.635834764526251 ], [ -85.382935226799503, 35.554219652959468 ], [ -85.42669965652928, 35.474296184299675 ], [ -85.460003281835839, 35.398665375698329 ], [ -85.476098432921674, 35.305761966892412 ], [ -85.496798077034654, 35.24995709708007 ], [ -85.557395981392915, 35.187223501766013 ], [ -85.643949199389112, 35.1477264007166 ], [ -85.693464155183605, 35.141608194988144 ], [ -85.749386521152999, 35.136030373662713 ], [ -85.807127009889129, 35.141065146819784 ], [ -85.870605511978965, 35.15180686062007 ], [ -85.930550979579451, 35.164829285941799 ], [ -86.023124056840643, 35.201554373787978 ], [ -86.0787587992358, 35.248178204035469 ], [ -86.109073463714068, 35.290020111349115 ], [ -86.122664597246271, 35.335683838230445 ], [ -86.140699514058852, 35.397426853576285 ], [ -86.137212664539135, 35.449505822929297 ], [ -86.128952880751442, 35.488091063826317 ], [ -86.099119516695524, 35.51701044434423 ], [ -86.070616552528222, 35.535561436151525 ], [ -86.021723183361857, 35.56023915924019 ], [ -85.962432158359846, 35.589251576769151 ], [ -85.901374360845594, 35.631180048279901 ], [ -85.843133377961934, 35.675942732075271 ], [ -85.783428748299073, 35.731030522229076 ], [ -85.74733337506126, 35.780284776618949 ], [ -85.72877954472321, 35.820577735935515 ], [ -85.691900850908297, 35.874987991152722 ], [ -85.673647847768493, 35.912681630160996 ], [ -85.64099146970284, 35.959591141169952 ], [ -85.61869578951314, 35.97859293650113 ], [ -85.572641027527737, 36.026933599728167 ], [ -85.527604937768459, 36.067492750975816 ], [ -85.486128517895224, 36.082161980553778 ], [ -85.443924234080811, 36.078418597901887 ], [ -85.402789262299464, 36.090471618340779 ], [ -85.366675783324141, 36.113438926554757 ], [ -85.306022666295178, 36.12371320238632 ], [ -85.215011432653284, 36.139066795132671 ], [ -85.155702824004138, 36.162490876018452 ], [ -85.058733975118244, 36.195531350755054 ], [ -84.963414830543385, 36.239135794114041 ], [ -84.894194459298546, 36.261524093966401 ], [ -84.805377220281542, 36.326590702186273 ], [ -84.763941226877265, 36.382972423628217 ], [ -84.729198533967931, 36.416387281537133 ], [ -84.704882809436342, 36.490096417059917 ], [ -84.706343103699794, 36.524306550181201 ], [ -84.697766861925132, 36.581154528043797 ], [ -84.671138958629157, 36.625809621393685 ], [ -84.646440954096192, 36.657539792605583 ], [ -84.60785725123462, 36.693187519245917 ], [ -84.568949941316092, 36.752383866519843 ], [ -84.544166685918597, 36.784091143156317 ], [ -84.518965056417599, 36.818375701282868 ], [ -84.480237730774846, 36.853979817161196 ], [ -84.43612107432368, 36.881191256918918 ], [ -84.387026649442646, 36.897422301926873 ], [ -84.338315237350429, 36.911050657269122 ], [ -84.282217134267455, 36.929183974132869 ], [ -84.231106854071328, 36.94684641603201 ], [ -84.223847722073955, 36.951296596589536 ], [ -84.139102314988719, 36.989416778447335 ], [ -84.093850077147337, 37.026240279851464 ], [ -84.000028880812764, 37.078865811358007 ], [ -83.927131914396398, 37.123202503721615 ], [ -83.859788291342952, 37.173226811186474 ], [ -83.78420495439866, 37.232715658602515 ], [ -83.701443632581942, 37.255284339415354 ], [ -83.605675220841434, 37.276465221533392 ], [ -83.525377712603657, 37.283680368082962 ], [ -83.489556906478924, 37.300632142889356 ], [ -83.458479486897531, 37.328401223278632 ], [ -83.389344344186327, 37.347026953213089 ], [ -83.299853011656026, 37.368643642502235 ], [ -83.227663676820654, 37.366192982589311 ], [ -83.172844367522075, 37.339705421739154 ], [ -83.108645748905886, 37.291511812648267 ], [ -83.084239469597918, 37.242378185811418 ], [ -82.999004216886604, 37.202188278714246 ], [ -82.876167828335255, 37.18885759580899 ], [ -82.803265581249278, 37.191227727994843 ], [ -82.722078207998891, 37.202984350571988 ], [ -82.672273773941342, 37.223340753758841 ], [ -82.622442158254614, 37.243676478165852 ], [ -82.579939079197004, 37.223427560492702 ], [ -82.530075164209435, 37.207510394928931 ], [ -82.475603489069684, 37.216921511259287 ], [ -82.351821902053359, 37.244342162736551 ], [ -82.228892358143511, 37.266567789805599 ], [ -82.119770711740358, 37.285092687448291 ], [ -82.004839543458317, 37.333914439857558 ], [ -81.896228648138788, 37.383383408844736 ], [ -81.799449437330253, 37.439343542589015 ], [ -81.694082079734883, 37.504584145019081 ], [ -81.601499110891368, 37.571278378006724 ], [ -81.52172903243698, 37.639455898138571 ], [ -81.470795553735869, 37.695519682363816 ], [ -81.431304384560448, 37.727040599779798 ], [ -81.407168218473018, 37.749861940897098 ], [ -81.376445101100998, 37.803423908800575 ], [ -81.328099292881916, 37.844438700367533 ], [ -81.281134591883998, 37.911642817183761 ], [ -81.241656701167415, 37.974541358152585 ], [ -81.196587371783124, 38.031546337381215 ], [ -81.14385862861144, 38.092815251953319 ], [ -81.057516594854818, 38.186410462537985 ], [ -81.029485391125064, 38.224638229011596 ], [ -80.978573817016439, 38.275673401091026 ], [ -80.909972699042129, 38.314089163943365 ], [ -80.879460353512798, 38.331150559839223 ], [ -80.85680233701386, 38.375232434776997 ], [ -80.843046863979808, 38.441260129495198 ], [ -80.807371546860722, 38.514989077966696 ], [ -80.769292499718901, 38.567573735427075 ], [ -80.709218649278057, 38.627832111175721 ], [ -80.598499030186233, 38.702569713106598 ], [ -80.506212327865668, 38.753499030911172 ], [ -80.365346589022863, 38.839913959319219 ], [ -80.299200083092771, 38.894056310143547 ], [ -80.255019989248254, 38.971855021937934 ], [ -80.215192522478986, 39.029343946385573 ], [ -80.164202975826868, 39.10626157421266 ], [ -80.117587794283239, 39.162867397546115 ], [ -80.021879446007361, 39.286172604453043 ], [ -80.012840886048508, 39.326749774546677 ], [ -79.991470139878089, 39.391824923719057 ], [ -79.943901929358944, 39.573552407775686 ], [ -79.927937914246812, 39.644559514306437 ], [ -79.905252427973792, 39.714699373282869 ], [ -79.876974269230743, 39.778896759134284 ], [ -79.783722588651159, 39.855526986378813 ], [ -79.703688436959666, 39.933847988577838 ], [ -79.602170702692746, 40.014541042926361 ], [ -79.542260942003836, 40.064109649444717 ], [ -79.446294763014592, 40.11933428552129 ], [ -79.348990553252463, 40.179555764409812 ], [ -79.234461514349476, 40.253099600298654 ], [ -79.199118607615603, 40.284951169238177 ], [ -79.125401942892594, 40.390064754232384 ], [ -79.090089850732767, 40.479437747185329 ], [ -79.049263690599219, 40.620382501008756 ], [ -78.980644126477728, 40.846542544124475 ], [ -78.958508175725129, 40.937742712336387 ], [ -78.954852127284013, 41.010516117756737 ], [ -78.959228781005976, 41.079144632253929 ], [ -79.011314127659702, 41.154197110348363 ], [ -79.102530671505093, 41.213516502004687 ], [ -79.188788277167575, 41.235468966626215 ], [ -79.353846578663919, 41.252044682557887 ], [ -79.454270460275779, 41.244282993355505 ], [ -79.555865590263849, 41.231369613316119 ], [ -79.638124343672118, 41.210655695511385 ], [ -79.762719328742321, 41.158747244319812 ], [ -79.8873177149855, 41.075395094166375 ], [ -79.969446446623053, 41.023147682259022 ], [ -80.037834412265511, 40.969128006485576 ], [ -80.083499286292749, 40.891334690186142 ], [ -80.122267653702096, 40.81267360283568 ], [ -80.188105900179053, 40.737419547950189 ], [ -80.217579416362483, 40.699355215102166 ], [ -80.24813102892773, 40.687523416508064 ], [ -80.342014810012543, 40.704457847679137 ], [ -80.354485639624883, 40.742541233612428 ], [ -80.34999091725166, 40.794174649824122 ], [ -80.316023362793771, 40.883907469536688 ], [ -80.29900462447668, 40.960094579734722 ], [ -80.28649263739122, 41.047290880228161 ], [ -80.304680982226884, 41.122642539366296 ], [ -80.341125791691724, 41.179364935728628 ], [ -80.368490885304311, 41.214069139841264 ], [ -80.424380602248178, 41.247051722239888 ], [ -80.490549116452343, 41.2656014221403 ], [ -80.581776585021117, 41.266283821824977 ], [ -80.664885206613647, 41.239827681819811 ], [ -80.779722565526086, 41.19626968348912 ], [ -80.879646851115993, 41.156063487553517 ], [ -80.945282715408581, 41.111723280047229 ], [ -81.032414765168809, 41.064690339630737 ], [ -81.09212255358409, 41.014384462564678 ], [ -81.166465366454204, 40.960567518046247 ], [ -81.217034302440496, 40.919579915285915 ], [ -81.269675195351425, 40.868399200886472 ], [ -81.327990417280233, 40.823077814267904 ], [ -81.353849155100093, 40.7322932858199 ], [ -81.371206667681477, 40.682209803131904 ], [ -81.422017404572784, 40.604750816341735 ], [ -81.46384141533423, 40.536666842667593 ], [ -81.489421466036916, 40.445874578180558 ], [ -81.509736535788576, 40.380519246149078 ], [ -81.569571124301049, 40.324929042172776 ], [ -81.636657125417898, 40.301391554957434 ], [ -81.720297081211115, 40.264094998210439 ], [ -81.789963012594654, 40.26160253136004 ], [ -81.92221619653867, 40.292135797150699 ], [ -81.991637608607505, 40.325925592710767 ], [ -82.024998144760147, 40.402491311812369 ], [ -82.064214627157043, 40.484896263368192 ], [ -82.085138226662252, 40.554856067175685 ], [ -82.127504336173203, 40.621970783329736 ], [ -82.163142926930519, 40.688327823127125 ], [ -82.195024665834453, 40.73865016179839 ], [ -82.247405331615937, 40.791196086244327 ], [ -82.272570484251261, 40.840760708886044 ], [ -82.301625572518773, 40.906349326974372 ], [ -82.280777515995595, 41.013363103011784 ], [ -82.273565223013421, 41.121865338982737 ], [ -82.251746221811615, 41.19757092831064 ], [ -82.20728004063524, 41.281237065959239 ], [ -82.171595599643197, 41.355446326982502 ], [ -82.121067832274008, 41.433248696729947 ], [ -82.059888168037602, 41.490971567863319 ], [ -82.030241948909378, 41.493873115956617 ], [ -81.968756761564705, 41.487119635033537 ], [ -81.84450329397275, 41.480028680271353 ], [ -81.794752078528774, 41.47449226395068 ], [ -81.73766079059925, 41.490277080048088 ], [ -81.669795924554506, 41.529209783301852 ], [ -81.635612041864619, 41.549746269643833 ], [ -81.52504708698423, 41.605974056198733 ], [ -81.453567483659171, 41.646629578017908 ], [ -81.390803669970609, 41.688256111871418 ], [ -81.311730093993205, 41.721331439677293 ], [ -81.23707410489061, 41.761534855137874 ], [ -81.199255159793637, 41.783788316816391 ], [ -81.13992624818944, 41.80797664956517 ], [ -80.960851960030496, 41.842534630961929 ], [ -80.848135861918692, 41.875856513523672 ], [ -80.584586344147795, 41.922113802209743 ], [ -80.473048672279845, 41.96195678551075 ], [ -80.39127093270055, 41.989793605819322 ], [ -80.294719386976794, 42.029113899770351 ], [ -80.247125431168641, 42.065512355282401 ], [ -80.191595473690455, 42.12315917202276 ], [ -80.169935930954736, 42.151622246258505 ], [ -80.137957132169248, 42.172135714282348 ], [ -80.106494930540364, 42.177137760741751 ], [ -80.088352535015161, 42.163768840259912 ], [ -80.089887422462155, 42.143941083978298 ], [ -80.119967274797645, 42.127761262318657 ], [ -80.137703687209381, 42.118071831787063 ], [ -80.145925645773389, 42.108689051894899 ], [ -80.137422639295011, 42.098722117255029 ], [ -80.117754768731132, 42.09628653591421 ], [ -80.100333958868134, 42.098531098044987 ], [ -80.041807976357319, 42.129070424408532 ], [ -80.003408696603643, 42.150978592956371 ], [ -79.902965522396073, 42.191807908966055 ], [ -79.836443324711212, 42.216825409676588 ], [ -79.749234985912324, 42.239196211601381 ], [ -79.689928901352772, 42.271743020819251 ], [ -79.606832756968231, 42.314596959116173 ], [ -79.552410925618048, 42.338814562275907 ], [ -79.499348979809795, 42.369872590028571 ], [ -79.486234630325768, 42.376165671191316 ], [ -79.435606432811625, 42.409369768599561 ], [ -79.36854630796374, 42.446111084006915 ], [ -79.319145723790541, 42.473769805288015 ], [ -79.280583973963843, 42.48863256239121 ], [ -79.253303518499649, 42.504954431449612 ], [ -79.218476839028142, 42.520289579195797 ], [ -79.175427975886123, 42.537381469979415 ], [ -79.125499087689491, 42.550723118301093 ], [ -79.101924379240089, 42.567508145490521 ], [ -79.085876983966031, 42.5852791182906 ], [ -79.06778376686816, 42.611298607008891 ], [ -79.047946681246785, 42.628570625730603 ], [ -79.026738029293739, 42.651340817532933 ], [ -78.994195322207645, 42.672616212297925 ], [ -78.966773543030101, 42.688881856563974 ], [ -78.934194536964867, 42.710143263737514 ], [ -78.898508764146513, 42.728146016483137 ], [ -78.870354736747302, 42.747141676782263 ], [ -78.854538385166933, 42.779141000117008 ], [ -78.860360689321524, 42.802648241772914 ], [ -78.873061198017126, 42.829905560492953 ], [ -78.904682389303431, 42.859667207457107 ], [ -78.940450874587214, 42.872917338477819 ], [ -78.991009828338207, 42.873895099765029 ], [ -79.029165477748123, 42.861862400430674 ], [ -79.047030077825056, 42.852840504331155 ], [ -79.076236098357498, 42.8453043784382 ], [ -79.148122070947437, 42.854693870214788 ], [ -79.219352003686581, 42.866797318945011 ], [ -79.255442732674396, 42.862954307067234 ], [ -79.294218547091205, 42.848091104179097 ], [ -79.332067880386333, 42.852974908530264 ], [ -79.376824605293351, 42.861575161758516 ], [ -79.413571074043034, 42.854936711502916 ], [ -79.445404330606834, 42.836303526225606 ], [ -79.477016587736003, 42.834669444250302 ], [ -79.506636488100753, 42.841289707801103 ], [ -79.542510690708198, 42.85437248562468 ], [ -79.562105724248013, 42.854026891157034 ], [ -79.585005931433528, 42.839905031915507 ], [ -79.601643171724348, 42.819313567553117 ], [ -79.63834555920937, 42.812612463296524 ], [ -79.678015754651099, 42.826136341969338 ], [ -79.700734268738884, 42.829001251780461 ], [ -79.733644464430711, 42.821795911738491 ], [ -79.789268185297217, 42.817432007144603 ], [ -79.849320036475049, 42.81076080926568 ], [ -79.911302975823844, 42.795796933249498 ], [ -80.175345571478999, 42.748989742946939 ], [ -80.256139511287117, 42.719176385594501 ], [ -80.294619313184427, 42.687018429293715 ], [ -80.308489457104557, 42.660366570467431 ], [ -80.315416971944501, 42.630040312079281 ], [ -80.341238374450541, 42.619007467085304 ], [ -80.387847171038956, 42.618985862225728 ], [ -80.414279509220691, 42.605182940061731 ], [ -80.414877848551512, 42.585425668456608 ], [ -80.387159689938713, 42.570744691480705 ], [ -80.351913306082196, 42.572140614027916 ], [ -80.316036318394012, 42.576284683073609 ], [ -80.292747286532204, 42.576283721844433 ], [ -80.262534853894806, 42.572602156146459 ], [ -80.216589297608422, 42.569823402616443 ], [ -80.174421534730257, 42.567489114334471 ], [ -80.114020554049631, 42.560063303187079 ], [ -80.073140052262758, 42.552187561065537 ], [ -80.037387153008922, 42.522256387797661 ], [ -80.078301204141496, 42.513145746972896 ], [ -80.124204034377456, 42.515973384011502 ], [ -80.173248932009272, 42.522004881634174 ], [ -80.222302315559929, 42.52801792324609 ], [ -80.28646212565917, 42.535852729362993 ], [ -80.341193266167707, 42.534012301602893 ], [ -80.406620005675421, 42.536274096187775 ], [ -80.444999152010723, 42.538074714442416 ], [ -80.521143589976376, 42.544402762323799 ], [ -80.596065475962774, 42.556199158618739 ], [ -80.653435106625082, 42.577191705085696 ], [ -80.695717941214397, 42.596368373232345 ], [ -80.731075608027069, 42.611878349996978 ], [ -80.768893143906226, 42.616343154312936 ], [ -80.88298197364972, 42.626911220494279 ], [ -80.982569233962366, 42.632862390010843 ], [ -81.058863918123976, 42.638876067426402 ], [ -81.177201017408095, 42.629863268596949 ], [ -81.304853908665706, 42.608384945499132 ], [ -81.374852199446082, 42.594118612610139 ], [ -81.464022376730568, 42.575314238758118 ], [ -81.567059546955846, 42.533590440586352 ], [ -81.630930778234855, 42.489666517636017 ], [ -81.679700341891873, 42.459579166938745 ], [ -81.733089467406316, 42.39227334129049 ], [ -81.772128631707275, 42.349996905495559 ], [ -81.807555706129477, 42.325066748289188 ], [ -81.821785012986908, 42.300016273459619 ], [ -81.825497966370378, 42.267153040097938 ], [ -81.839707559631449, 42.242102303798369 ], [ -81.862193982171306, 42.23570439902025 ], [ -81.928613419973217, 42.236330056642785 ], [ -82.053117245486504, 42.218843563051557 ], [ -82.139885607733007, 42.208267658136968 ], [ -82.207646167562459, 42.186735175081829 ], [ -82.273269756306547, 42.160510282100695 ], [ -82.386632282142415, 42.106088894909888 ], [ -82.421735206937086, 42.065493347799496 ], [ -82.444989395631822, 42.023644044059466 ], [ -82.463585169462334, 41.97465752429261 ], [ -82.485517843325169, 41.93931793977562 ], [ -82.513323589697691, 41.935599475163556 ], [ -82.541136631450215, 41.96288546045664 ], [ -82.568131909170816, 41.994505127672937 ], [ -82.633517721656006, 42.014619530758615 ], [ -82.679061755510872, 42.012708367964223 ], [ -82.781482562112089, 41.996725111877659 ], [ -82.861136133097162, 41.989404189207441 ], [ -82.929872273510838, 41.991993527061673 ], [ -82.974272698546656, 42.0120001428253 ], [ -82.99413939955582, 42.018439794382445 ], [ -83.055378043099296, 42.029051347675278 ], [ -83.098222345757904, 42.057704796921101 ], [ -83.107223713255877, 42.074100653234787 ], [ -83.1121930492872, 42.112223835804919 ], [ -83.111113808241626, 42.134248432865064 ], [ -83.09589414747748, 42.183630777137047 ], [ -83.084704078652109, 42.211286539632717 ], [ -83.063802341760578, 42.242393197351888 ], [ -83.038986516543829, 42.262037767733617 ], [ -82.987057623300899, 42.281158970778115 ], [ -82.938885686713959, 42.29621503895526 ], [ -82.905437236798946, 42.297249955666658 ], [ -82.869436087385893, 42.295802024802398 ], [ -82.828745171952363, 42.287221481503323 ], [ -82.785099899148108, 42.278324297532521 ], [ -82.726277120588151, 42.285568564146708 ], [ -82.672081481611002, 42.284403882407837 ], [ -82.637798465894534, 42.289713175252452 ], [ -82.594195120639185, 42.296262150761848 ], [ -82.545922734587634, 42.295661531492293 ], [ -82.500191111673573, 42.297524648782591 ], [ -82.459108607069084, 42.30650993034758 ], [ -82.42520474553227, 42.325103311268201 ], [ -82.401436961301684, 42.35362396547837 ], [ -82.395024817825615, 42.386193724931402 ], [ -82.401765600165319, 42.413500975841607 ], [ -82.41445077231451, 42.441434081282694 ], [ -82.441591266884558, 42.457587067922262 ], [ -82.476815288694169, 42.463497205191544 ], [ -82.511622271827122, 42.471569650096136 ], [ -82.521811952374975, 42.481499734342748 ], [ -82.568099422861593, 42.492968853682711 ], [ -82.611850616438872, 42.50194151679537 ], [ -82.6390885718193, 42.533569598067373 ], [ -82.639988549702323, 42.560254446723818 ], [ -82.62389379371497, 42.596266233578085 ], [ -82.619698865168502, 42.63350798778503 ], [ -82.634201015826264, 42.652737409365123 ], [ -82.672099806978181, 42.6610759956435 ], [ -82.718485837525662, 42.65697794627463 ], [ -82.75676224184312, 42.647601204083998 ], [ -82.777981616740973, 42.632044725835279 ], [ -82.788942616787068, 42.606572945291056 ], [ -82.790130613111913, 42.584537510047511 ], [ -82.784532051878401, 42.56624030141937 ], [ -82.787447067140562, 42.551030714886892 ], [ -82.799703075640863, 42.534558005372851 ], [ -82.824270000861389, 42.517125368404827 ], [ -82.846263329636329, 42.497212868347567 ], [ -82.859660114824422, 42.458703232436143 ], [ -82.865860951201896, 42.426110235887364 ], [ -82.880141719163731, 42.398767438680132 ], [ -82.896555867259337, 42.376073041187908 ], [ -82.927390622271304, 42.357054753393015 ], [ -82.963324606286164, 42.342975113962211 ], [ -83.002619821020829, 42.32701204127676 ], [ -83.036370056638916, 42.308267916605075 ], [ -83.058238569438174, 42.288325057274513 ], [ -83.084679936718544, 42.259984427338438 ], [ -83.110563604877498, 42.218303722498668 ], [ -83.126589548457488, 42.164569973060104 ], [ -83.134253563617904, 42.123284150690331 ], [ -83.136698269360693, 42.110104671117675 ], [ -83.219207701365235, 42.134294152197931 ], [ -83.260969463521477, 42.138435252294215 ], [ -83.372356114182509, 42.149412438610959 ], [ -83.490743487216903, 42.160970910262385 ], [ -83.725188768444255, 42.15753375111359 ], [ -83.841159073387146, 42.142542062397645 ], [ -84.008496749514535, 42.116654550128459 ], [ -84.110407846537271, 42.100124314192875 ], [ -84.208779713944523, 42.062413188390749 ], [ -84.306184114507815, 42.029745276782648 ], [ -84.397393992215541, 41.991261517323579 ], [ -84.518852632525707, 41.939851774814798 ], [ -84.582873271292712, 41.893635607769504 ], [ -84.668474703954843, 41.844113629530966 ], [ -84.756428631331019, 41.779183937935869 ], [ -84.808736076630439, 41.716294048824643 ], [ -84.880919137104883, 41.660311383892896 ], [ -84.957485752655401, 41.620242943949748 ], [ -85.006280146844617, 41.577755063240375 ], [ -85.082685957755388, 41.537615622927383 ], [ -85.13293562766539, 41.484845687725752 ], [ -85.217652412496264, 41.434980232826838 ], [ -85.269934164328575, 41.413457886980389 ], [ -85.366721923163084, 41.374895190049088 ], [ -85.536235133283142, 41.316339818044646 ], [ -85.680010883366137, 41.193325947262359 ], [ -85.737776450455968, 41.084015093377431 ], [ -85.804663282957605, 41.006513981236687 ], [ -85.842472865378156, 40.937028864444152 ], [ -85.900785402344283, 40.869176741861452 ], [ -86.001894529320381, 40.840940021203359 ], [ -86.095035038175368, 40.868959868206524 ], [ -86.206711922442111, 40.913869585890254 ], [ -86.268318740045274, 40.970377246832527 ], [ -86.316268835154787, 41.025810750836762 ], [ -86.329176706665265, 41.083741395282686 ], [ -86.320031654009028, 41.150352111389324 ], [ -86.311574716166291, 41.211841887437053 ], [ -86.309298305576334, 41.278983950917599 ], [ -86.342266584792696, 41.343622967800798 ], [ -86.403657448688463, 41.405212155874331 ], [ -86.468638541436704, 41.441143556670738 ], [ -86.541991665573875, 41.467302013379324 ], [ -86.618142668393659, 41.472910064351488 ], [ -86.689422759389416, 41.462586323209351 ], [ -86.774526746393491, 41.453222413135151 ], [ -86.874119425729802, 41.439662356826076 ], [ -86.958510458820029, 41.435304905000748 ], [ -87.020812933147241, 41.439694018127348 ], [ -87.117742810561865, 41.44646134034025 ], [ -87.19955408098815, 41.462463827325294 ], [ -87.286419748215053, 41.494278437693616 ], [ -87.351297799374478, 41.53489467930752 ], [ -87.367680663078787, 41.572217808823545 ], [ -87.375111174957411, 41.623551979630172 ], [ -87.321974189876698, 41.614959637232424 ], [ -87.211637193523018, 41.60744380462063 ], [ -87.093897556211076, 41.631725027880982 ], [ -86.998537026410375, 41.664958904413687 ], [ -86.94181818596509, 41.685902810590292 ], [ -86.846958073943739, 41.714085342557532 ], [ -86.796199447241989, 41.740384953570249 ], [ -86.750466639181255, 41.779500669159312 ], [ -86.613293133409044, 41.894289410028229 ], [ -86.576424790196086, 41.941496072640021 ], [ -86.518340867201943, 42.019582543831341 ], [ -86.467195044876391, 42.095672563541598 ], [ -86.438215689060939, 42.133463158186949 ], [ -86.392661126361389, 42.192484424180918 ], [ -86.359887453042475, 42.232482119389836 ], [ -86.314201677116102, 42.291485312330622 ], [ -86.283672662461512, 42.339134601563458 ], [ -86.260551342631913, 42.382346012600308 ], [ -86.232627554640004, 42.435187849430946 ], [ -86.223209186257563, 42.501916236650715 ], [ -86.194740365665254, 42.582202028384415 ], [ -86.185494355339188, 42.671444325716962 ], [ -86.188291222863597, 42.724126048980501 ], [ -86.185690567865691, 42.838882056896502 ], [ -86.191190867109853, 42.896780932274872 ], [ -86.200105498654125, 42.954938302183457 ], [ -86.214090622224077, 43.025979784944759 ], [ -86.224802133070398, 43.071779610121354 ], [ -86.261780103067409, 43.127042675126361 ], [ -86.294701303448221, 43.186992721188766 ], [ -86.315399014582809, 43.236031337290498 ], [ -86.327957744941088, 43.269465587530398 ], [ -86.348070634016636, 43.298455576660494 ], [ -86.364429462140748, 43.329664885412477 ], [ -86.420874975365933, 43.371311271424226 ], [ -86.453387439989413, 43.411192108379304 ], [ -86.472215962184549, 43.450072371788799 ], [ -86.481457656571379, 43.483254859677302 ], [ -86.490363307002568, 43.518914754932766 ], [ -86.502714378517481, 43.554824773348265 ], [ -86.508890454239435, 43.585287026265668 ], [ -86.51025612922831, 43.625408754840123 ], [ -86.503024233115738, 43.652403065491733 ], [ -86.490615569172419, 43.691537984813159 ], [ -86.473036369158365, 43.717787510998406 ], [ -86.433032844073551, 43.754923522789618 ], [ -86.410920355733595, 43.788350870804351 ], [ -86.40432998315562, 43.810395744288499 ], [ -86.404634388160915, 43.832941021266556 ], [ -86.421844236802968, 43.859220554038835 ], [ -86.446319904325904, 43.883521564229298 ], [ -86.453893819784994, 43.904091824793738 ], [ -86.453170260632405, 43.934076564635269 ], [ -86.456250497280664, 43.961834784919176 ], [ -86.467641968553409, 43.980178980214461 ], [ -86.477300312517684, 44.010916037403561 ], [ -86.468620434590449, 44.047843553116728 ], [ -86.439855651488386, 44.078316742343141 ], [ -86.382654915887784, 44.111732079873455 ], [ -86.357642655091141, 44.139961978695219 ], [ -86.335368924077159, 44.173401222534572 ], [ -86.309249735698842, 44.209064046273568 ], [ -86.275094835695882, 44.251651958039183 ], [ -86.240686447014895, 44.344332530891279 ], [ -86.224164309406319, 44.385716215011925 ], [ -86.215299462571807, 44.422654864062501 ], [ -86.208466248350661, 44.469771319957545 ], [ -86.203785289237473, 44.502012117636831 ], [ -86.19597519907343, 44.531518197733682 ], [ -86.19092279238302, 44.566243215431413 ], [ -86.193203105878027, 44.599001919820957 ], [ -86.191147509457096, 44.661536051421002 ], [ -86.173560917662385, 44.685317923762717 ], [ -86.150065700671917, 44.701137748745424 ], [ -86.115712369866557, 44.718660611226483 ], [ -86.085202562850185, 44.733952048192741 ], [ -86.049714654892625, 44.758902257948186 ], [ -86.039414701830864, 44.78070927759196 ], [ -86.036103054623297, 44.803041140555528 ], [ -86.034815182491556, 44.835560306212003 ], [ -86.014543660193752, 44.876700585882119 ], [ -85.990573092396545, 44.89498058162205 ], [ -85.96807451421796, 44.903333370301134 ], [ -85.937818699580617, 44.916116101457447 ], [ -85.926191148726758, 44.922769180218665 ], [ -85.920821838079121, 44.934915047736318 ], [ -85.901806102553635, 44.943519436524738 ], [ -85.870265432847333, 44.941134017580005 ], [ -85.847237963621794, 44.929348030489891 ], [ -85.811447837403534, 44.931645371716826 ], [ -85.77764646026634, 44.944126023285278 ], [ -85.762965921669036, 44.970618420697001 ], [ -85.747894934228654, 44.999592418760543 ], [ -85.721522432908543, 45.032721626412425 ], [ -85.696652750896334, 45.055919318677518 ], [ -85.668639153235802, 45.076363527197891 ], [ -85.64060823953902, 45.096800651198322 ], [ -85.611018194501469, 45.127162530993147 ], [ -85.573212002621915, 45.164419598084891 ], [ -85.554887162163979, 45.190629678544113 ], [ -85.501759748039888, 45.188993281818796 ], [ -85.492382480022144, 45.180721543257455 ], [ -85.495893605417166, 45.158383185599639 ], [ -85.501356501951577, 45.146249969405062 ], [ -85.533333767121945, 45.101021480858243 ], [ -85.554377976426252, 45.080056678616458 ], [ -85.557862843764511, 45.057724449310214 ], [ -85.559798239304655, 45.045315897484485 ], [ -85.577309357123951, 45.024078908742396 ], [ -85.585833960629316, 44.992095876233563 ], [ -85.58579857013379, 44.969492326163355 ], [ -85.572937824528296, 44.960957423889688 ], [ -85.559281833829274, 44.934781183600364 ], [ -85.560028036815908, 44.907222049160595 ], [ -85.555342865661288, 44.891790250655248 ], [ -85.529678761026091, 44.897312968586071 ], [ -85.512960476617536, 44.913578903333431 ], [ -85.492344212673814, 44.932046318994999 ], [ -85.472105413929825, 44.94803324860284 ], [ -85.454589566365271, 44.946652699815147 ], [ -85.446032750253551, 44.933421828631808 ], [ -85.446435337770083, 44.908341268081486 ], [ -85.47522522979493, 44.882991158132235 ], [ -85.48572380518722, 44.861222424932834 ], [ -85.519138035369593, 44.828701814413598 ], [ -85.526890907882489, 44.8016962842106 ], [ -85.529195033122832, 44.76422524770269 ], [ -85.522193622337042, 44.741084747573112 ], [ -85.494253147194883, 44.738886082993837 ], [ -85.476219480502124, 44.743498048421785 ], [ -85.475726026547534, 44.746649014876105 ], [ -85.451053060138534, 44.760654243768627 ], [ -85.422895214064368, 44.796717302322719 ], [ -85.398655544114845, 44.836284150120726 ], [ -85.363991151021025, 44.884598871930123 ], [ -85.348085616462214, 44.928024633358 ], [ -85.318796436784794, 44.970388326242244 ], [ -85.303848535158096, 45.007510766231611 ], [ -85.298305361096183, 45.04219615124979 ], [ -85.321536432378267, 45.066408407156928 ], [ -85.323916474220454, 45.108117194984928 ], [ -85.328751121282465, 45.162806418307959 ], [ -85.329626985215299, 45.213990900656505 ], [ -85.304673473882943, 45.256734831990755 ], [ -85.277747083277603, 45.283344892567627 ], [ -85.24286552026831, 45.302925626900013 ], [ -85.151680553977911, 45.333941780051752 ], [ -85.118796110084332, 45.340870572598924 ], [ -85.071955468588058, 45.349855389533822 ], [ -85.006668874727168, 45.360512961610837 ], [ -84.951364619609834, 45.365567044733758 ], [ -84.910537571355633, 45.365399274511333 ], [ -84.899281996710826, 45.378697088496246 ], [ -84.901856963107562, 45.390264616453294 ], [ -84.90924107740733, 45.400467790242047 ], [ -84.931644071224042, 45.402314944300535 ], [ -84.970926658294388, 45.411940753423082 ], [ -85.014703155985714, 45.421921860225829 ], [ -85.055381021636407, 45.450821568426782 ], [ -85.066064230209804, 45.496461180518494 ], [ -85.059838432594248, 45.534333263220844 ], [ -85.038565894480328, 45.580583985243976 ], [ -84.997920962939588, 45.606061314215246 ], [ -84.972305892673276, 45.623163110068127 ], [ -84.935580125891036, 45.652150781307661 ], [ -84.91576600656434, 45.688925643251693 ], [ -84.918685206731709, 45.698766243638232 ], [ -84.933001933884753, 45.722343232200018 ], [ -84.929841501931207, 45.74128699358517 ], [ -84.900709454451828, 45.751698452069505 ], [ -84.864679472486699, 45.748730379788142 ], [ -84.820710789145039, 45.73869223411225 ], [ -84.790261091193514, 45.729762973289759 ], [ -84.760576763779497, 45.743299999310679 ], [ -84.734310442730148, 45.76352124519417 ], [ -84.71307133143749, 45.780956925680186 ], [ -84.677573019497032, 45.774782601379073 ], [ -84.6352396187972, 45.755213726545684 ], [ -84.589514726113933, 45.728939181100486 ], [ -84.517381894379398, 45.697200222817621 ], [ -84.478544621749208, 45.684280476901506 ], [ -84.426783808725617, 45.667038093775687 ], [ -84.372214355481049, 45.639923660880896 ], [ -84.341315370012751, 45.634051305790528 ], [ -84.264385471591964, 45.630571089221782 ], [ -84.228449567558854, 45.62743480351206 ], [ -84.184096658174525, 45.620348705715813 ], [ -84.140879033749457, 45.606941160707557 ], [ -84.10891498205244, 45.581701134279214 ], [ -84.089868510254163, 45.560801228256551 ], [ -84.055160803276365, 45.525697494371492 ], [ -84.027182456759647, 45.503994925157798 ], [ -83.999791022859, 45.479134795853483 ], [ -83.963949764854021, 45.475929604687082 ], [ -83.927539605551559, 45.475867540006647 ], [ -83.891129925559582, 45.475793431712823 ], [ -83.855295693410255, 45.472559439961223 ], [ -83.803862116019516, 45.455089457484995 ], [ -83.770940448242953, 45.436080759396908 ], [ -83.718570942279356, 45.399270472688777 ], [ -83.64215450291951, 45.369833758068694 ], [ -83.608147602241232, 45.357088071254246 ], [ -83.564627894279482, 45.34665590533573 ], [ -83.538994237684946, 45.33786964696904 ], [ -83.486564021942712, 45.326579916835755 ], [ -83.450515551628783, 45.300788086747353 ], [ -83.412711611469945, 45.284428173399192 ], [ -83.385637648303017, 45.259457643519646 ], [ -83.362163788614808, 45.215605223423466 ], [ -83.355351115163373, 45.179729913009673 ], [ -83.346757022404972, 45.153295683542218 ], [ -83.322151313183525, 45.115737702335231 ], [ -83.304677449569368, 45.088460265050891 ], [ -83.259682609091911, 45.039344386521591 ], [ -83.254388978533569, 45.019627287499162 ], [ -83.273368016441211, 45.015032965349661 ], [ -83.286104406759478, 45.019449528042642 ], [ -83.336473234824425, 45.040244315579507 ], [ -83.374715831484849, 45.053468966577995 ], [ -83.393102840060067, 45.052002079382902 ], [ -83.415043451063184, 45.031661544493836 ], [ -83.426591744343909, 44.994333483902672 ], [ -83.427470259694815, 44.965608788608293 ], [ -83.418875352243973, 44.939192876511441 ], [ -83.384245319415569, 44.907117504114147 ], [ -83.347272768184453, 44.88761115288677 ], [ -83.306481555654074, 44.86453002950865 ], [ -83.273391159546719, 44.848570369668671 ], [ -83.25157477862291, 44.820879700518418 ], [ -83.233966828625498, 44.771187997164162 ], [ -83.231095954765507, 44.738910479868125 ], [ -83.234207722103619, 44.675214442000225 ], [ -83.241972591892775, 44.634367524632729 ], [ -83.267742458048829, 44.56966197842366 ], [ -83.272250794743684, 44.522116141384153 ], [ -83.283875889723873, 44.436885966212252 ], [ -83.30157630736494, 44.390622666685964 ], [ -83.30926780541833, 44.349796994783304 ], [ -83.323977576402328, 44.319237323860207 ], [ -83.349825406190774, 44.276960235863605 ], [ -83.39350945204886, 44.258758748370731 ], [ -83.453001404619584, 44.251630902885026 ], [ -83.485523443597089, 44.245125424672175 ], [ -83.512151682919566, 44.222079429455796 ], [ -83.520029238883666, 44.20365268369423 ], [ -83.54860331355124, 44.145646093882604 ], [ -83.592238210069127, 44.053928229128594 ], [ -83.628670574509385, 44.025412917652034 ], [ -83.658402237081646, 44.009039081989094 ], [ -83.724875435355514, 43.986506056282266 ], [ -83.780846075789057, 43.972550517622189 ], [ -83.830158957735492, 43.970726785724025 ], [ -83.850055477370375, 43.934258330472339 ], [ -83.855679864243982, 43.90285793875546 ], [ -83.869040533456428, 43.853024631272127 ], [ -83.909720114012757, 43.799329863985143 ], [ -83.93277765637086, 43.769539414818908 ], [ -83.945969281345299, 43.745225475274495 ], [ -83.937326530181792, 43.71890996882631 ], [ -83.9063176896627, 43.693729079021452 ], [ -83.853648979637427, 43.641014027943406 ], [ -83.817225355564887, 43.62168702978088 ], [ -83.787284471215671, 43.615714612039042 ], [ -83.745407947906926, 43.602239291352788 ], [ -83.716613674248777, 43.589975247128677 ], [ -83.702025988467753, 43.572655636459935 ], [ -83.700504434142161, 43.556560605627254 ], [ -83.692365364240146, 43.552605056152537 ], [ -83.677604790334883, 43.560791945804397 ], [ -83.666626451473945, 43.572520895673257 ], [ -83.649013008901861, 43.596389098920064 ], [ -83.622674612394007, 43.61943436287028 ], [ -83.546999504780828, 43.669721191844303 ], [ -83.506939788641432, 43.694641426845813 ], [ -83.481671401463899, 43.711387486671981 ], [ -83.469478209525278, 43.729378131458695 ], [ -83.452334705947266, 43.750090230066107 ], [ -83.425289837885074, 43.776239191159128 ], [ -83.403754832742067, 43.796529299213809 ], [ -83.378526466900112, 43.81287766250172 ], [ -83.367431278771846, 43.82286858168122 ], [ -83.344419043067631, 43.84719745756307 ], [ -83.331284093454698, 43.868050795489061 ], [ -83.322976942279666, 43.896006806727186 ], [ -83.307203482203718, 43.914395342787067 ], [ -83.286586327036161, 43.925677844461859 ], [ -83.254251152543418, 43.933614747514902 ], [ -83.215439378156745, 43.943128522914904 ], [ -83.190535054616447, 43.960622431969561 ], [ -83.159967717938542, 43.97534925545343 ], [ -83.128420832542304, 43.978909301736699 ], [ -83.061455850261979, 43.990056016593712 ], [ -83.035127363034192, 43.998533523378882 ], [ -83.010573324286298, 44.013823403845592 ], [ -82.985590544134681, 44.031280989248074 ], [ -82.949718406317686, 44.041017365564485 ], [ -82.914677207003763, 44.046400371742465 ], [ -82.879126019793631, 44.038436740129448 ], [ -82.841396022995369, 44.025819926329056 ], [ -82.798466619342264, 44.008240329540776 ], [ -82.738230893065165, 43.984476682529582 ], [ -82.715700157635169, 43.973350977903564 ], [ -82.703115581976334, 43.958795295135985 ], [ -82.684480612269851, 43.943626590702358 ], [ -82.673189690321522, 43.922556846718486 ], [ -82.657136536197385, 43.894362072943359 ], [ -82.635906142084565, 43.861209859017784 ], [ -82.622048308704564, 43.837661525014447 ], [ -82.594793173395487, 43.788394082722334 ], [ -82.58784363978485, 43.745621475534584 ], [ -82.590811137953594, 43.699439915394649 ], [ -82.579546097213665, 43.631885227373175 ], [ -82.577789594240215, 43.594080937015562 ], [ -82.571728595677158, 43.546986952580937 ], [ -82.561384831935399, 43.506093873635301 ], [ -82.546333030407453, 43.473567410105218 ], [ -82.535586756822227, 43.434845473171229 ], [ -82.530431674150464, 43.414400941273698 ], [ -82.532568818529299, 43.380326198217375 ], [ -82.532138658188941, 43.374751356928684 ], [ -82.523771590384996, 43.3395958815765 ], [ -82.514343396148234, 43.309863717900747 ], [ -82.482888206674644, 43.244666185229732 ], [ -82.475423458024835, 43.197439814466037 ], [ -82.461569714202312, 43.136280091526949 ], [ -82.448141122425668, 43.103917623287018 ], [ -82.421330617067767, 43.031454722571404 ], [ -82.413468939596257, 43.009624077750544 ], [ -82.379385689838472, 42.989471442293514 ], [ -82.377893757827749, 42.989315136900949 ], [ -82.333092043183541, 43.000095827044227 ], [ -82.310037900238825, 43.008730865586948 ], [ -82.288277732893036, 43.010861571587036 ], [ -82.285973292120531, 43.010193407193171 ], [ -82.28463965119829, 43.009835650567773 ], [ -82.283296816944059, 43.009492739690522 ], [ -82.281945870815349, 43.009167049900725 ], [ -82.280586811914574, 43.00885858092149 ], [ -82.279221165015926, 43.00856749346044 ], [ -82.277847403495116, 43.008293626287355 ], [ -82.276468577750677, 43.008037301158822 ], [ -82.275085130513446, 43.007796303229377 ], [ -82.273694647719552, 43.007574900604915 ], [ -82.272299097706039, 43.007371039452927 ], [ -82.27089847945247, 43.007184719594903 ], [ -82.269494317557417, 43.007016101951102 ], [ -82.268086167019206, 43.006867401031933 ], [ -82.26667338900981, 43.006734026299092 ], [ -82.265260115402867, 43.00661867566248 ], [ -82.263841768284166, 43.0065208656059 ], [ -82.262422479260266, 43.006443294114511 ], [ -82.261001609831766, 43.006381370729507 ], [ -82.259580240408127, 43.006337471215829 ], [ -82.258156400029407, 43.006313648926302 ], [ -82.256732501649211, 43.006305635829854 ], [ -82.25530962551332, 43.006315807780105 ], [ -82.25388732609747, 43.006346379399638 ], [ -82.252464965455459, 43.006392760247472 ], [ -82.251043623689142, 43.006457326216974 ], [ -82.249624823611128, 43.006540238132757 ], [ -82.248209003732811, 43.006639279869148 ], [ -82.246793754836474, 43.006758721490279 ], [ -82.24538301617838, 43.006894456669201 ], [ -82.243976342061472, 43.007048700118609 ], [ -82.242572205803441, 43.007221290568395 ], [ -82.241172576697224, 43.007410174998654 ], [ -82.239778534505149, 43.007617729559612 ], [ -82.238388552564317, 43.007843792984666 ], [ -82.237006125916835, 43.00808647384634 ], [ -82.23562820247146, 43.008345449411493 ], [ -82.234255861845057, 43.008623095882847 ], [ -82.23289259926662, 43.00891752199103 ], [ -82.231534917528492, 43.009230619477222 ], [ -82.230184786386886, 43.009560335584112 ], [ -82.2288441758066, 43.009904617631754 ], [ -82.227512194534739, 43.010267894958908 ], [ -82.226187761310413, 43.010647791747061 ], [ -82.22487240092137, 43.011044469876794 ], [ -82.223567638190403, 43.011458091289995 ], [ -82.222273917798276, 43.01188644183739 ], [ -82.22098882249054, 43.012333789201172 ], [ -82.219714768099763, 43.012795866370602 ], [ -82.218453279686059, 43.013272835397011 ], [ -82.217202385403766, 43.013766749453715 ], [ -82.215964055899164, 43.01427555612409 ], [ -82.171559358974065, 43.022835705954243 ], [ -82.13794486175685, 43.045808841652352 ], [ -82.118626030026945, 43.065875275449677 ], [ -82.096134528976492, 43.078963923357172 ], [ -82.061687464977993, 43.090767753718254 ], [ -82.035747674066855, 43.105692174655651 ], [ -82.022136794090031, 43.127472140598826 ], [ -82.014497544805721, 43.149891524974613 ], [ -81.992508864969224, 43.175196236381836 ], [ -81.963309098194912, 43.190869594469561 ], [ -81.940812559869812, 43.196979118997113 ], [ -81.909967215810894, 43.211316031302353 ], [ -81.855570933907401, 43.238240776218682 ], [ -81.801133486946611, 43.265144290684411 ], [ -81.74851969868611, 43.299804762630842 ], [ -81.717382585327059, 43.331756298168365 ], [ -81.704649486497885, 43.375820731014215 ], [ -81.690862042191483, 43.42482694756626 ], [ -81.676013480852049, 43.478775730416515 ], [ -81.679310539097258, 43.529663287831426 ], [ -81.670767987318669, 43.586838449693431 ], [ -81.687482742605269, 43.624040784270733 ], [ -81.705046392172136, 43.673969365136863 ], [ -81.697238385561349, 43.711023347617477 ], [ -81.690464477421045, 43.743139038216057 ], [ -81.692646500715867, 43.766122777405549 ], [ -81.692741959630737, 43.798991108562603 ], [ -81.690228957676865, 43.84421680239371 ], [ -81.699610039559872, 43.883156011925294 ], [ -81.700231224642977, 43.913560549069828 ], [ -81.710985061839253, 43.962765661348023 ], [ -81.708478142951009, 44.008005768174314 ], [ -81.710986927578816, 44.046206997649939 ], [ -81.697280925355358, 44.077594464146337 ], [ -81.67717705043988, 44.105759924080736 ], [ -81.644810823079993, 44.125001692438062 ], [ -81.606335009454597, 44.156220393951095 ], [ -81.578725177013183, 44.186092399691155 ], [ -81.564928275210022, 44.217474727428787 ], [ -81.555921186999313, 44.259503410463743 ], [ -81.550896294715898, 44.299443940922579 ], [ -81.544247740462282, 44.313901172065528 ], [ -81.542864874849229, 44.316017051478255 ], [ -81.541843441004957, 44.317441714471911 ], [ -81.540761610208321, 44.318843883178985 ], [ -81.539619379790523, 44.320223555932792 ], [ -81.538420806932763, 44.321576636289961 ], [ -81.537165889673233, 44.322903122507064 ], [ -81.535854626182584, 44.324203012773658 ], [ -81.534489521452855, 44.325472040546146 ], [ -81.53307009768173, 44.326712421288299 ], [ -81.531599937508858, 44.327922275862242 ], [ -81.530079516962516, 44.329099384998798 ], [ -81.528510389233759, 44.330243916865349 ], [ -81.526893030996035, 44.331353652150263 ], [ -81.525229472959055, 44.332426541664788 ], [ -81.523520792304765, 44.33346497097785 ], [ -81.521769497386003, 44.334464673626826 ], [ -81.519976665887867, 44.335428035274234 ], [ -81.518143253321227, 44.336350619323589 ], [ -81.499487165649811, 44.357086517355448 ], [ -81.439472239923461, 44.388461006983455 ], [ -81.400504950783414, 44.404418174534435 ], [ -81.385558400317436, 44.407830521111187 ], [ -81.359903296272392, 44.4277831857884 ], [ -81.340093626853061, 44.453442867388716 ], [ -81.324823094007627, 44.474543848280796 ], [ -81.307377369880726, 44.505533279826906 ], [ -81.278950646948687, 44.537837090977163 ], [ -81.259079588452863, 44.563490963738857 ], [ -81.243968484352934, 44.599812214917016 ], [ -81.23580031230793, 44.636907274186939 ], [ -81.242425548951715, 44.655381203875528 ], [ -81.269941749389659, 44.676175959024178 ], [ -81.260472815090978, 44.702996659816705 ], [ -81.253391152892092, 44.735154357402401 ], [ -81.270704578666354, 44.770021855269441 ], [ -81.275173740713029, 44.798397069746898 ], [ -81.306474395905994, 44.834810215449011 ], [ -81.309102884423893, 44.855377507951495 ], [ -81.307154512035922, 44.880511420726556 ], [ -81.330744912501771, 44.90339299538968 ], [ -81.351093560051893, 44.941123423513176 ], [ -81.35723750389927, 44.962079496253423 ], [ -81.391369175952661, 44.986107935740193 ], [ -81.425523181095272, 45.01013111412194 ], [ -81.442198768090506, 45.032234502348018 ], [ -81.462926636823838, 45.052242695099437 ], [ -81.48851603926434, 45.08291615558975 ], [ -81.50550409774101, 45.120258163072215 ], [ -81.531138422820305, 45.150930739935049 ], [ -81.585653722165461, 45.164434383930214 ], [ -81.639354341812336, 45.165147316214373 ], [ -81.680928801265253, 45.172145688459914 ], [ -81.68315366429762, 45.195202077153077 ], [ -81.670798931737878, 45.219229986804393 ], [ -81.647056647373404, 45.229360577510917 ], [ -81.643544966382251, 45.228983439532968 ], [ -81.616283076390374, 45.23873160243415 ], [ -81.59413569254454, 45.241417613094576 ], [ -81.54091497011369, 45.238206901502586 ], [ -81.492829361976504, 45.227924480264484 ], [ -81.455291689486486, 45.21877215686645 ], [ -81.412081656939989, 45.219133616720676 ], [ -81.37940330012691, 45.220634147226953 ], [ -81.338610811126244, 45.226311957359066 ], [ -81.308341145975703, 45.233135666039814 ], [ -81.284865284655723, 45.225476633371592 ], [ -81.271703313813987, 45.203730570568247 ], [ -81.273126062845137, 45.181056273549217 ], [ -81.275097477474247, 45.155905240553871 ], [ -81.272466070638714, 45.135322599839157 ], [ -81.258230134735186, 45.118531299114686 ], [ -81.241045389476781, 45.098876037712287 ], [ -81.22441948718749, 45.076744265821915 ], [ -81.220710797857535, 45.061114950753286 ], [ -81.233744123118981, 45.034660370565071 ], [ -81.239223376654309, 45.009908485671758 ], [ -81.232564087337863, 44.99141946123391 ], [ -81.209180697544511, 44.983753940207279 ], [ -81.176413578243086, 44.969966222549125 ], [ -81.161136415494056, 44.958119920579357 ], [ -81.148065097465192, 44.936375519135005 ], [ -81.119930517402267, 44.918017426505635 ], [ -81.105776978768745, 44.901218481788746 ], [ -81.081159020846314, 44.883244584014108 ], [ -81.057277165969751, 44.878028062103908 ], [ -81.041098311347241, 44.886354124542819 ], [ -81.006351931338259, 44.897658924550917 ], [ -80.98191459925107, 44.894902076383488 ], [ -80.970733406053853, 44.880956957117107 ], [ -80.970583184886806, 44.865722302281078 ], [ -80.986856323277649, 44.809234425882202 ], [ -81.038273727656446, 44.787142095184286 ], [ -81.082688792700708, 44.764248582414631 ], [ -81.10268600999575, 44.738609724552191 ], [ -81.101405534257196, 44.728325598506856 ], [ -81.072438876033615, 44.730140712346547 ], [ -81.036670265799856, 44.746396828153209 ], [ -80.989324289447936, 44.766405850317547 ], [ -80.9557418315283, 44.77274920546818 ], [ -80.924382938296731, 44.76919298555535 ], [ -80.89470437972669, 44.758211219601186 ], [ -80.873117267028334, 44.743075439392541 ], [ -80.867829691976624, 44.734863819420376 ], [ -80.865899288326247, 44.711822107218552 ], [ -80.870929013280488, 44.68957311334426 ], [ -80.878316800496236, 44.672666836764826 ], [ -80.896002348588709, 44.641722665280547 ], [ -80.906719444792358, 44.60998665834191 ], [ -80.900747081461589, 44.589026936660673 ], [ -80.876983069807508, 44.583781805159695 ], [ -80.849871755002738, 44.593360271726205 ], [ -80.83609332703881, 44.606995758991815 ], [ -80.809080658747945, 44.631790465250894 ], [ -80.768244199264657, 44.670213810263704 ], [ -80.742307954347694, 44.690056135116656 ], [ -80.703567593981774, 44.703348131192122 ], [ -80.651380685087048, 44.697319607993784 ], [ -80.621777723733132, 44.686281406348272 ], [ -80.604320182166191, 44.66903538185209 ], [ -80.601343837662938, 44.650933587935633 ], [ -80.581501411816078, 44.613115655777776 ], [ -80.581437893497608, 44.597889689605722 ], [ -80.55416754896288, 44.576957688415135 ], [ -80.525821791799729, 44.576184278108144 ], [ -80.47432258147559, 44.567619145341169 ], [ -80.425130450339154, 44.549156172855298 ], [ -80.391584391476002, 44.540131032858341 ], [ -80.314117872048485, 44.520820841381969 ], [ -80.240739295751524, 44.49941377645888 ], [ -80.167407735438246, 44.477965151631693 ], [ -80.099879906399892, 44.462244858651594 ], [ -80.050755023852886, 44.474090642794764 ], [ -80.01599005243304, 44.500349958454869 ], [ -80.010693614484694, 44.522556635935722 ], [ -79.992566575947095, 44.568596413275948 ], [ -79.972639953717632, 44.622044475488792 ], [ -79.98002620470497, 44.650868521924529 ], [ -80.00714946523172, 44.671920929259223 ], [ -80.038942043678247, 44.688451325167364 ], [ -80.081764992518984, 44.703759136077124 ], [ -80.107224212297396, 44.716968910103873 ], [ -80.107722845378078, 44.744960573586859 ], [ -80.089108739568829, 44.76304348555243 ], [ -80.060047600323671, 44.779871058788103 ], [ -80.033922519127088, 44.784350370346004 ], [ -80.011275171745552, 44.789241887581902 ], [ -79.994397943375787, 44.799907914730248 ], [ -79.987366817015712, 44.814300894908868 ], [ -79.95188823444812, 44.827798234225718 ], [ -79.914192654634476, 44.820695034789495 ], [ -79.903246840015598, 44.806664433878467 ], [ -79.903337891896101, 44.791432215683436 ], [ -79.898851327293798, 44.765484865764094 ], [ -79.882749606876388, 44.743204549683369 ], [ -79.861891539574643, 44.740667352350776 ], [ -79.83060738159584, 44.736855491170736 ], [ -79.76385493717693, 44.746481603955729 ], [ -79.725623759852567, 44.741793729538074 ], [ -79.676973301014954, 44.735811584266585 ], [ -79.644948334343994, 44.749655236149096 ], [ -79.638906346667639, 44.774323576388248 ], [ -79.643292917585541, 44.800282243115383 ], [ -79.647227832277977, 44.813474348016449 ], [ -79.710918207415531, 44.831476094293798 ], [ -79.763600042022858, 44.850639204238817 ], [ -79.797700126941265, 44.87259485373658 ], [ -79.818378007593822, 44.905611444736117 ], [ -79.835694862145175, 44.922968733285359 ], [ -79.866368828082273, 44.94448659319054 ], [ -79.902844246513439, 44.971783229202011 ], [ -79.917219504616966, 45.001478163754477 ], [ -79.952041330494581, 45.020932930894176 ], [ -80.000854701825631, 45.042059704010704 ], [ -79.998410071891072, 45.067182746500244 ], [ -79.974994962103921, 45.08978358215343 ], [ -79.962646312169824, 45.111174426266963 ], [ -79.971348502705482, 45.119849257068999 ], [ -79.993446405323837, 45.132675032781854 ], [ -80.0330451285827, 45.147592011647447 ], [ -80.065069521915206, 45.164134499007091 ], [ -80.08779193493514, 45.174473039379123 ], [ -80.084783258205874, 45.202076766563899 ], [ -80.062534221645109, 45.219757494438788 ], [ -80.042589739884221, 45.24279895369304 ], [ -80.012713867443054, 45.26210648968047 ], [ -80.002591066237642, 45.304124915667977 ], [ -80.015890939682947, 45.338776281885153 ], [ -80.037474795623453, 45.354073463321775 ], [ -80.073755535813248, 45.353316759939325 ], [ -80.114772734977365, 45.332768999792478 ], [ -80.161010399079075, 45.320460556660542 ], [ -80.198424235874612, 45.329977331926457 ], [ -80.217126297933092, 45.342355744019386 ], [ -80.246364739568591, 45.355975669850068 ], [ -80.257462815385495, 45.385250142057458 ], [ -80.281453289791159, 45.421122471586038 ], [ -80.304295914840196, 45.431433252182927 ], [ -80.326565732803417, 45.459468165734251 ], [ -80.322468151755004, 45.476787106872465 ], [ -80.31719633751112, 45.499056842449292 ], [ -80.328342629883863, 45.513076969556771 ], [ -80.376449110205499, 45.523781787413071 ], [ -80.43455258571727, 45.538172033715178 ], [ -80.466863600042601, 45.554634922845665 ], [ -80.502180219046195, 45.589234864085036 ], [ -80.499905060428731, 45.614398727865833 ], [ -80.504637033917604, 45.625117978121942 ], [ -80.544641522317008, 45.639904856197951 ], [ -80.58119772424952, 45.669537343498043 ], [ -80.589540749939104, 45.695926038754699 ], [ -80.590827936234305, 45.721503781162035 ], [ -80.588581745842475, 45.74667790544612 ], [ -80.5927595224898, 45.75987464603601 ], [ -80.638780985589378, 45.780403085961375 ], [ -80.643048039730175, 45.808869607485697 ], [ -80.638434627812146, 45.828691442436025 ], [ -80.637356929097905, 45.848918278931933 ], [ -80.64393628861103, 45.867476617769626 ], [ -80.652826297889035, 45.876123908298375 ], [ -80.679423947109072, 45.886784908633757 ], [ -80.709572694422477, 45.897845681861753 ], [ -80.724413034946096, 45.912248011884095 ], [ -80.73341761023427, 45.936166467265679 ], [ -80.738884164166691, 45.959682197811489 ], [ -80.751447238628117, 45.984001876442811 ], [ -80.77226338075954, 46.004165319006695 ], [ -80.788286236370837, 46.013608417031271 ], [ -80.811295595355958, 46.00856824696627 ], [ -80.828346040990724, 45.997768989596494 ], [ -80.851915526952681, 45.9902425610113 ], [ -80.883847766245836, 45.99382689662432 ], [ -80.904569531066045, 45.998692088315657 ], [ -80.921602787138625, 45.987879197230185 ], [ -80.924440258728907, 45.975480455338811 ], [ -80.938905972887014, 45.944033939733721 ], [ -80.96116153400267, 45.926175519875045 ], [ -80.983407238731928, 45.908312282180887 ], [ -81.013452094513369, 45.904031588210863 ], [ -81.080798929929685, 45.911507840652042 ], [ -81.125208685112213, 45.924044519408241 ], [ -81.133799638322159, 45.950417423670984 ], [ -81.13697975428795, 45.96856554563044 ], [ -81.167798639906707, 45.977043978783129 ], [ -81.220482001671073, 45.985370851588939 ], [ -81.268295888771462, 45.982977033869368 ], [ -81.310665279773104, 45.972346934687003 ], [ -81.350023778162964, 45.958837026715685 ], [ -81.393713869217649, 45.958494809476846 ], [ -81.43576061785113, 45.965583897763395 ], [ -81.470714730385964, 45.971895240036311 ], [ -81.523150331839673, 45.964828237195604 ], [ -81.555362408719532, 45.950496880834379 ], [ -81.568474761046687, 45.956983810995887 ], [ -81.557856342164783, 45.988875886469025 ], [ -81.548317777683579, 46.015807182364981 ], [ -81.545879850992861, 46.043501104975284 ], [ -81.552732330450453, 46.062024556147144 ], [ -81.59377528658851, 46.074032704975664 ], [ -81.626870911709105, 46.072477012099974 ], [ -81.641873099534166, 46.053744049717153 ], [ -81.662582990791762, 46.025453416574123 ], [ -81.682196703625266, 46.002127796978932 ], [ -81.715466812932149, 45.982791109831957 ], [ -81.758099400781148, 45.987297923884675 ], [ -81.770166872508327, 45.998732546595882 ], [ -81.766413438537853, 46.016118287520015 ], [ -81.758566427602574, 46.035613338551272 ], [ -81.739507767628282, 46.056466330527748 ], [ -81.731107928177011, 46.078447788978671 ], [ -81.733052601572183, 46.086274904146158 ], [ -81.786963390694197, 46.089416886130252 ], [ -81.834831433123199, 46.086820948814079 ], [ -81.898526102289338, 46.078243905669744 ], [ -81.938733434473193, 46.077352721002555 ], [ -82.007412766940732, 46.079403646630766 ], [ -82.086251009399589, 46.085005024186032 ], [ -82.147821257580091, 46.086251819208101 ], [ -82.202708831936192, 46.102021252657572 ], [ -82.244339691459047, 46.129115047785383 ], [ -82.246273735587422, 46.1547059252498 ], [ -82.265068276079191, 46.169312893061075 ], [ -82.301760532842678, 46.167952235763671 ], [ -82.342531994980206, 46.164457164067066 ], [ -82.400101436444658, 46.167716817336476 ], [ -82.441873282710347, 46.176985155932606 ], [ -82.48162139500738, 46.178422644550309 ], [ -82.497931920626073, 46.169895489270012 ], [ -82.560591124226761, 46.148212435118381 ], [ -82.621723963706543, 46.151732291338021 ], [ -82.660996739177548, 46.173373837509331 ], [ -82.682952837599075, 46.190763291140094 ], [ -82.703361339907516, 46.197844120325406 ], [ -82.758909165140722, 46.193134721346738 ], [ -82.807809167585063, 46.185218725727765 ], [ -82.896557072424457, 46.196373804149417 ], [ -82.919958466075258, 46.188486246664489 ], [ -82.976959789064281, 46.176221101087194 ], [ -83.053534787069566, 46.179115851203328 ], [ -83.131064864528668, 46.192717870659443 ], [ -83.177403660905156, 46.206431968876203 ], [ -83.229322281209122, 46.21444158373847 ], [ -83.276877111109101, 46.222018604466541 ], [ -83.359467190952969, 46.232851906480491 ], [ -83.437705030193712, 46.243229856176654 ], [ -83.512166021270431, 46.250107480482839 ], [ -83.551014856027692, 46.256784677966372 ], [ -83.646840246341796, 46.268650647564876 ], [ -83.738315626682748, 46.280053607877228 ], [ -83.834208600051696, 46.291788662864086 ], [ -83.896728573819445, 46.291168841666902 ], [ -83.978946976673825, 46.304683221751844 ], [ -84.026094021780892, 46.315057954321681 ], [ -84.04526000140099, 46.332265494619492 ], [ -84.064435157103119, 46.349471167641497 ], [ -84.076974325215104, 46.403344959807555 ], [ -84.081293132344186, 46.453399084203774 ], [ -84.085617577870337, 46.503460428882583 ], [ -84.097679075787823, 46.535570825255967 ], [ -84.157670679546655, 46.550117184604112 ], [ -84.241909172304617, 46.554313448297755 ], [ -84.304084780464336, 46.531723198504807 ], [ -84.357412037671878, 46.508353190377605 ], [ -84.387073266592438, 46.492262435265417 ], [ -84.438725428095978, 46.47803487132748 ], [ -84.490470716359155, 46.488628550318374 ], [ -84.508737020219129, 46.511897126481031 ], [ -84.507789641444816, 46.542856772572733 ], [ -84.502969055314438, 46.570388035671328 ], [ -84.484378730035075, 46.599863832078285 ], [ -84.483841695552087, 46.602923427907072 ], [ -84.472872401769692, 46.614414132531103 ], [ -84.447687986926624, 46.655753264039134 ], [ -84.416885613408198, 46.677984651423174 ], [ -84.395977480104747, 46.694844055336034 ], [ -84.401558810175061, 46.713954043800115 ], [ -84.436894833859668, 46.716953060079149 ], [ -84.45618199561973, 46.709267587612793 ], [ -84.510796560729716, 46.704561368116828 ], [ -84.522439257734021, 46.71485629931724 ], [ -84.517075553750004, 46.745463710205478 ], [ -84.512242649192245, 46.773011528239834 ], [ -84.489174602059236, 46.802133268332042 ], [ -84.463820585622841, 46.818633919252662 ], [ -84.427887366067935, 46.818702320754298 ], [ -84.36044511674254, 46.819185666083918 ], [ -84.335598146054593, 46.832604703175889 ], [ -84.331775623517558, 46.854030957045914 ], [ -84.345659758120476, 46.876969334598122 ], [ -84.391645996049888, 46.896419379952007 ], [ -84.451491462834781, 46.91391775193518 ], [ -84.510168397589936, 46.912642774528877 ], [ -84.548299206002866, 46.900303893862805 ], [ -84.561054070698688, 46.904478506063576 ], [ -84.571667700595654, 46.92090102781912 ], [ -84.61102092122313, 46.927289522755963 ], [ -84.664211986125011, 46.93170567596097 ], [ -84.704836803775464, 46.95681368596113 ], [ -84.722251134596988, 46.9862151778716 ], [ -84.726365007553738, 47.014522084340307 ], [ -84.717690625764476, 47.03867064531488 ], [ -84.707948274437513, 47.068950235420672 ], [ -84.699259919189885, 47.093101950931974 ], [ -84.679544979397008, 47.128780713078115 ], [ -84.666922939313892, 47.14950254206255 ], [ -84.644326523510131, 47.175620248699438 ], [ -84.61672577428277, 47.204433569711547 ], [ -84.604069288324936, 47.225154908597943 ], [ -84.590330062011333, 47.252009095358126 ], [ -84.580497707608984, 47.282298885698246 ], [ -84.569578957263403, 47.318727175836237 ], [ -84.58364642751738, 47.34167615157304 ], [ -84.62110737740845, 47.360337501110799 ], [ -84.658054826904291, 47.382060050602576 ], [ -84.680562770418163, 47.40880774440754 ], [ -84.713623303923484, 47.427080933940672 ], [ -84.774043028812045, 47.444468273580434 ], [ -84.811617463481426, 47.463084018250299 ], [ -84.857630145124773, 47.48548379862951 ], [ -84.89525150406547, 47.504081632557593 ], [ -84.907098081557621, 47.514370318533786 ], [ -84.924229149640908, 47.546871007314572 ], [ -84.940331128071549, 47.58551327877727 ], [ -84.952493119974378, 47.620730994090302 ], [ -84.946208938528912, 47.657589794952663 ], [ -84.928034024398713, 47.68415630092646 ], [ -84.904830614175381, 47.71343748289884 ], [ -84.893747955850031, 47.725006401458003 ], [ -84.857045191561312, 47.753199095374988 ], [ -84.854103702847851, 47.770281435390039 ], [ -84.851753356273363, 47.783925076740601 ], [ -84.859679438142678, 47.790795002185114 ], [ -84.85782150689883, 47.828031858856605 ], [ -84.843529544563665, 47.858041702133278 ], [ -84.814663484572748, 47.893112116471563 ], [ -84.813309360516371, 47.927287872869968 ], [ -84.839258406822594, 47.935615308266229 ], [ -84.880312663500618, 47.935798421995415 ], [ -84.952888760842526, 47.938485734955279 ], [ -85.04054740058487, 47.932980054231095 ], [ -85.151742598730507, 47.923031901423997 ], [ -85.26085914902167, 47.925297070603882 ], [ -85.318907514809396, 47.932896915787133 ], [ -85.387496423520346, 47.931932670744473 ], [ -85.463599413428696, 47.912818661833803 ], [ -85.528159007184101, 47.908365917558541 ], [ -85.654788176729639, 47.914756803084856 ], [ -85.799602452781784, 47.950391949120345 ], [ -85.87851930282541, 47.999765781528403 ], [ -85.95160299094826, 48.058015550466102 ], [ -85.974363351039756, 48.08924708166942 ], [ -85.854391545564397, 48.091166444443189 ], [ -85.637365340437711, 48.096736712621521 ], [ -85.445834449608441, 48.104017438800909 ], [ -85.280867071124192, 48.10747260088155 ], [ -85.109560717603742, 48.098634715269867 ], [ -84.867391004593117, 48.054544077942197 ], [ -84.672635166453105, 47.991177354323241 ], [ -84.467550441895582, 47.938045279569714 ], [ -84.189107683198557, 47.866152075105155 ], [ -83.866775448033849, 47.800853564483404 ], [ -83.568024670439868, 47.748506839813274 ], [ -83.345623639088771, 47.703144848402872 ], [ -83.230358119098412, 47.679885446170609 ], [ -83.079123550556218, 47.649005807279401 ], [ -83.068095226284797, 47.647861973072658 ], [ -82.8917129833399, 47.629418500439861 ], [ -82.671408860979867, 47.606002666893545 ], [ -82.506308396894582, 47.588180320275924 ], [ -82.304719992532, 47.581210964420585 ], [ -82.04077544746427, 47.642455843499995 ], [ -81.915833855436091, 47.688778819684742 ], [ -81.764845580642216, 47.747093823820769 ], [ -81.506550266052855, 47.822935067778026 ], [ -81.300699561397778, 47.912036401247711 ], [ -80.944372817161295, 48.005220492268805 ], [ -80.762245509255592, 48.043362671211149 ], [ -80.517695378365048, 48.058265947441427 ], [ -80.215640005034373, 48.072858590096438 ], [ -80.028179706938971, 48.086487034699957 ], [ -79.739070966086643, 48.093964414396865 ], [ -79.525015590130081, 48.08055618633653 ], [ -79.273480561506872, 48.076784409832086 ], [ -79.028892740249049, 48.050718558998611 ], [ -78.804208868761478, 48.034502988388823 ], [ -78.568680049343413, 48.016311677405817 ], [ -78.344291040839906, 47.999248738205786 ], [ -78.111506128846074, 47.97294927117678 ], [ -77.900859788557952, 47.94946834935805 ], [ -77.655099309372233, 47.927897804335686 ], [ -77.382648347224091, 47.91688744510229 ], [ -77.181663253867328, 47.931466741543716 ], [ -76.999216431786977, 47.925859215577944 ], [ -76.830841552686763, 47.944925125387357 ], [ -76.708176739403982, 47.933113863526408 ], [ -76.637218827444968, 47.916958145117356 ], [ -76.612247405839753, 47.92072434987324 ], [ -76.409054222903123, 47.895894652916802 ], [ -76.186554295223658, 47.85981289647976 ], [ -75.914396208090295, 47.799597015023195 ], [ -75.675947490727737, 47.775386945950807 ], [ -75.465017624608578, 47.801855440364704 ], [ -75.190284952221845, 47.809267114442015 ], [ -74.878760898736274, 47.84839976087185 ], [ -74.619132755382026, 47.903662692963856 ], [ -74.372065372008066, 47.983901064202158 ], [ -74.191775837404762, 48.04467178337871 ], [ -74.050429625061355, 48.096736162987902 ], [ -73.872413439023219, 48.149714177914902 ], [ -73.714107092809456, 48.128418725287617 ], [ -73.366268083578447, 48.048269749096562 ], [ -73.036865991773894, 47.955040726050676 ], [ -72.823080018870229, 47.898663189111986 ], [ -72.623945923504735, 47.836966619193475 ], [ -72.496273874758074, 47.750038261680189 ], [ -72.389641433610763, 47.643799130631308 ], [ -72.078439884753166, 47.543645245874842 ], [ -71.770260346449959, 47.489852921193837 ], [ -71.504450521608092, 47.498226661594956 ], [ -71.26098901338959, 47.533909517088517 ], [ -71.070879313907341, 47.556856893733091 ], [ -70.754318582263934, 47.568600016903169 ], [ -70.568128810092773, 47.630456715368183 ], [ -70.457488750885162, 47.708109194925548 ], [ -70.41878260061317, 47.785440073236657 ], [ -70.455860120807188, 47.855554590918452 ], [ -70.583456263327264, 47.913684890470002 ], [ -70.823654467070511, 47.964145610187046 ], [ -71.188241466160932, 48.032011550130612 ], [ -71.571540817017564, 48.086975922019619 ], [ -71.826921089134061, 48.107329135178723 ], [ -72.108869626639347, 48.147949097663606 ], [ -72.28752748217974, 48.152087952354748 ], [ -72.461754524921631, 48.139548428454702 ], [ -72.626099427640256, 48.148162828681627 ], [ -72.793122411360144, 48.203689024992755 ], [ -72.893486713726148, 48.300657489448049 ], [ -72.938644716086529, 48.387029806793059 ], [ -72.930975281792556, 48.50998225782763 ], [ -72.907424636820537, 48.614380382939125 ], [ -72.835734947705134, 48.717378219875158 ], [ -72.648656495424532, 48.883788953627061 ], [ -72.448175530997574, 48.946151431665392 ], [ -72.275445878003197, 48.974703800208623 ], [ -72.116267942824152, 48.9745264501043 ], [ -71.940040737453813, 48.908398107829264 ], [ -71.823440889393552, 48.846159406802194 ], [ -71.651463005007983, 48.772641764624225 ], [ -71.473578758798254, 48.736628033031913 ], [ -71.340880374058059, 48.732967807619211 ], [ -71.208205250792105, 48.729157879976469 ], [ -71.097283789498633, 48.706309666061173 ], [ -70.964306068644731, 48.678778780310132 ], [ -70.79859310490761, 48.667648060355489 ], [ -70.647860639943147, 48.675024561722864 ], [ -70.456340520219015, 48.642387119439462 ], [ -70.298155153870923, 48.616549082746722 ], [ -70.147522054408725, 48.646720293542984 ], [ -70.040874488117879, 48.662790730544664 ], [ -69.904879577917086, 48.64120502088327 ], [ -69.775970910942206, 48.675634212935726 ], [ -69.550098413703182, 48.79799555964501 ], [ -69.394258507615376, 48.857404532780237 ], [ -69.182822422147538, 48.904267800070116 ], [ -68.989753091428071, 48.939275723364759 ], [ -68.834063056903219, 48.951151837404147 ], [ -68.680768708428133, 48.938107252427628 ], [ -68.685849387962449, 48.929952427112326 ], [ -68.701924323380837, 48.893221606970869 ], [ -68.727560902999357, 48.868385297332075 ], [ -68.761974005500846, 48.840312123026671 ], [ -68.807942518031354, 48.819523738133292 ], [ -68.865472200872389, 48.806011936319393 ], [ -68.975651883854866, 48.772983204972149 ], [ -69.009904850951798, 48.744858048795884 ], [ -69.042151334662719, 48.721320174281672 ], [ -69.081158103064951, 48.699116186948537 ], [ -69.113355595843601, 48.67556638295175 ], [ -69.139841808723247, 48.630973720002594 ], [ -69.166292031339623, 48.586386620188122 ], [ -69.202324620751469, 48.553645156177971 ], [ -69.232446265005976, 48.534672763704918 ], [ -69.287819807674467, 48.490797808221487 ], [ -69.329587821168531, 48.444262017808249 ], [ -69.40137480855914, 48.34395032835836 ], [ -69.464213320985124, 48.281679126900436 ], [ -69.539452492433796, 48.241694273261785 ], [ -69.642515111514456, 48.187233070840492 ], [ -69.750127293894664, 48.103857418397602 ], [ -69.794107969676872, 48.032998629871912 ], [ -69.84281540786678, 47.968034834266284 ], [ -69.894176212524172, 47.878823964815403 ], [ -69.927361212216439, 47.815866551383671 ], [ -69.966353291377203, 47.773850521851934 ], [ -70.021399769880148, 47.710172912844996 ], [ -70.08893655154165, 47.668690865046749 ], [ -70.139261897164047, 47.633799203925527 ], [ -70.206645358826705, 47.592273810289086 ], [ -70.238636182336535, 47.548936171176592 ], [ -70.27615024582235, 47.491831945695985 ], [ -70.31770556594428, 47.460213268085532 ], [ -70.370028794350034, 47.455334794285051 ], [ -70.463122936082044, 47.438403878507181 ], [ -70.539792628396143, 47.408447671844229 ], [ -70.575132570325039, 47.35588167488055 ], [ -70.617717519289101, 47.284957242716864 ], [ -70.654749711343698, 47.227802483426878 ], [ -70.68989992352428, 47.175239171088592 ], [ -70.757049609295521, 47.113905819606146 ], [ -70.784828557822024, 47.079690714002304 ], [ -70.837375777549482, 47.055041368437166 ], [ -70.908031119667683, 47.038688016734326 ], [ -70.975590148134231, 47.01187867707187 ], [ -71.043590628824944, 46.965444230977013 ], [ -71.099511987497067, 46.931525202177049 ], [ -71.182396331041204, 46.882903465806365 ], [ -71.192583775041754, 46.87494932216223 ], [ -71.21193804327639, 46.864861304585588 ], [ -71.246812078688365, 46.84780695439553 ], [ -71.281668092486015, 46.830744683149604 ], [ -71.305239028971229, 46.81355996938499 ], [ -71.32896459652892, 46.788575142258267 ], [ -71.344054256190574, 46.763961942200147 ], [ -71.364247942471394, 46.74811435354016 ], [ -71.420280353689606, 46.727103363929785 ], [ -71.474186388093074, 46.711554840578394 ], [ -71.521404692230931, 46.698677003891603 ], [ -71.571239813012312, 46.686265884246268 ], [ -71.634373562005536, 46.668441914453048 ], [ -71.696782511593426, 46.652417007372094 ], [ -71.751711847659692, 46.648688076192336 ], [ -71.791962264114673, 46.654008974184471 ], [ -71.834173888766117, 46.661622003557135 ], [ -71.885680083739217, 46.666986436926315 ], [ -71.937970938297823, 46.662710524193599 ], [ -71.997661527213282, 46.646075682129641 ], [ -72.060718251965369, 46.620263903570795 ], [ -72.108504543838762, 46.59757011965695 ], [ -72.169991288694845, 46.590953617116817 ], [ -72.218949265377603, 46.58014358884413 ], [ -72.259359786986437, 46.561952581342354 ], [ -72.297158128492697, 46.53549652573605 ], [ -72.322465613167452, 46.497083216219643 ], [ -72.343056514534084, 46.471485586603514 ], [ -72.368857917304183, 46.454604297071683 ], [ -72.421684771803086, 46.4327398962944 ], [ -72.469848155467645, 46.415888184520398 ], [ -72.516681521756439, 46.394893707283678 ], [ -72.567460693438562, 46.362899582285742 ], [ -72.60304058758696, 46.34186742514084 ], [ -72.635306779262407, 46.322200235852058 ], [ -72.670182355416387, 46.30298513278148 ], [ -72.716215870916741, 46.291546014168759 ], [ -72.775381764247101, 46.282375972399294 ], [ -72.833864550719596, 46.2672302836909 ], [ -72.902816840687592, 46.246092075936211 ], [ -72.950043202382531, 46.223131297803526 ], [ -73.01948916091672, 46.184541963126215 ], [ -73.051594259079309, 46.172566932666001 ], [ -73.058790565094739, 46.167970706911312 ], [ -73.089452895591634, 46.150811234891243 ], [ -73.11951254771283, 46.137227241204606 ], [ -73.147311217091072, 46.121048495403627 ], [ -73.176583993854891, 46.105119106777536 ], [ -73.202502123285086, 46.089715451674614 ], [ -73.2268855285824, 46.069641526246912 ], [ -73.242289708662724, 46.043630219046108 ], [ -73.252094528572613, 46.015565124621332 ], [ -73.265590241439071, 45.985929808126137 ], [ -73.2758132457042, 45.965649559592109 ], [ -73.295231898291377, 45.937028639568112 ], [ -73.30836939202058, 45.912846969145434 ], [ -73.338472802472737, 45.880545358707103 ], [ -73.362017764834093, 45.862537306700048 ], [ -73.385190006461457, 45.845565342886907 ], [ -73.407226023231715, 45.827299081520827 ], [ -73.43216975285749, 45.805124502297936 ], [ -73.447888117924421, 45.786886610117669 ], [ -73.466155616054067, 45.765781110506801 ], [ -73.484820260463437, 45.748043095578581 ], [ -73.501685677541971, 45.735499505970644 ], [ -73.509402029332037, 45.731305823094679 ], [ -73.533313283593216, 45.721051467005005 ], [ -73.560236846572849, 45.715700991355483 ], [ -73.630251933393069, 45.698914915559023 ], [ -73.660539896371361, 45.697411263778861 ], [ -73.699943330643066, 45.687538130980947 ], [ -73.743072137647204, 45.680477311776471 ], [ -73.771021744711291, 45.671966354706598 ], [ -73.806581594312092, 45.654833259552888 ], [ -73.835772065525035, 45.633336993355435 ], [ -73.864516675526218, 45.608469301418481 ], [ -73.889655226987671, 45.589590137727647 ], [ -73.917389660170187, 45.572239377104047 ], [ -73.936660815226048, 45.55677442882908 ], [ -73.966547676393688, 45.53758116917615 ], [ -74.0046970233644, 45.489018174006745 ], [ -74.022491112845628, 45.48117704960049 ], [ -74.039395723701688, 45.470063299795456 ], [ -74.057275792131961, 45.456016370064347 ], [ -74.062657381724705, 45.439904679637358 ], [ -74.052367284502353, 45.418107753138464 ], [ -74.040003907699784, 45.395966718039226 ], [ -74.031684357519424, 45.368315436025121 ], [ -74.037554819295949, 45.350741874355478 ], [ -74.062001992985969, 45.33006643419521 ], [ -74.091330665522818, 45.321014906361562 ], [ -74.125782932290008, 45.309712794144133 ], [ -74.166807951017091, 45.291764731522647 ], [ -74.185718501059313, 45.280980418811616 ], [ -74.208156393751395, 45.266139960051078 ], [ -74.225462438119166, 45.253544635082463 ], [ -74.262271876954188, 45.234886571637077 ], [ -74.296166062825819, 45.225007783648124 ], [ -74.331974178587316, 45.209263334895553 ], [ -74.367767601598374, 45.193507989245312 ], [ -74.404022222464818, 45.176278474957797 ], [ -74.447758910397937, 45.14946113526748 ], [ -74.48635666308364, 45.124886381265426 ], [ -74.525879258206004, 45.097373110434212 ], [ -74.556127137678629, 45.071435480985734 ], [ -74.590494582358701, 45.046164536138996 ], [ -74.615779628458682, 45.028671324763437 ], [ -74.63915810576141, 45.017034924285248 ], [ -74.668447501430478, 45.014061990383524 ], [ -74.705076494220378, 45.015350200039826 ], [ -74.761013888475702, 45.024358208904317 ], [ -74.804536390042443, 45.031346298778786 ], [ -74.823661367007276, 45.032871036279872 ], [ -74.869411558694637, 45.012453461566437 ], [ -74.923422439481115, 44.99334371498702 ], [ -74.994233329741235, 44.969189393675926 ], [ -75.056240204546, 44.945154710168872 ], [ -75.117518031131013, 44.916363383919347 ], [ -75.159642832540897, 44.899926781356854 ], [ -75.171378188776941, 44.897161349247042 ], [ -75.213267800646591, 44.887915855472521 ], [ -75.251443905259791, 44.876991813433285 ], [ -75.3020123583496, 44.854153728740606 ], [ -75.333466728215072, 44.829848167759565 ], [ -75.370647263864512, 44.807974343871038 ], [ -75.402756990666362, 44.788381556595404 ], [ -75.427282808458102, 44.772213228055065 ], [ -75.478566478073958, 44.732528328997425 ], [ -75.539216100068984, 44.697367249385287 ], [ -75.564388895078665, 44.685898474549269 ], [ -75.603931423312375, 44.662818359539642 ], [ -75.658707317516061, 44.625181330445251 ], [ -75.696567480486735, 44.600290995969907 ], [ -75.72937874078832, 44.577690644863566 ], [ -75.773539344516621, 44.546076572890087 ], [ -75.811310132702545, 44.521156847303665 ], [ -75.840079189522044, 44.490244890349587 ], [ -75.858808547790574, 44.463936646530804 ], [ -75.88812447984148, 44.423896952965499 ], [ -75.907548240215505, 44.402303250601122 ], [ -75.943130772250058, 44.377038957726008 ], [ -75.986773078304438, 44.36067353997236 ], [ -76.046112091852876, 44.342082477543251 ], [ -76.087213498168197, 44.326841826841793 ], [ -76.116471280397164, 44.313278519504536 ], [ -76.171667823663455, 44.304807967681406 ], [ -76.220160582381808, 44.294999055140316 ], [ -76.279764452489928, 44.279994220968796 ], [ -76.29789336142565, 44.267306307806145 ], [ -76.361475666587822, 44.243607150838244 ], [ -76.407335564164541, 44.229789917428754 ], [ -76.437772048960184, 44.213661841282985 ], [ -76.46626884014259, 44.204128944394675 ], [ -76.511957269484128, 44.201740803088185 ], [ -76.596520422451704, 44.198208848833993 ], [ -76.637308594599773, 44.190461720779581 ], [ -76.697296589057927, 44.171759616555015 ], [ -76.737425450160444, 44.166182901775606 ], [ -76.791202789730107, 44.146533973636949 ], [ -76.83018551488226, 44.122407227233253 ], [ -76.868510418344414, 44.100475701717251 ], [ -76.901229099893243, 44.086895818417545 ], [ -76.924076494992832, 44.074165227986185 ], [ -76.948166256866486, 44.057028158217335 ], [ -76.977727250987755, 44.054444407107248 ], [ -77.011570718108715, 44.059356466858688 ], [ -77.018933383777579, 44.067304785067073 ], [ -77.005962691163901, 44.079184318839111 ], [ -76.993611697702974, 44.088863399475464 ], [ -76.984958674587631, 44.096781821182219 ], [ -76.989244063791688, 44.104285568867311 ], [ -76.994153122149811, 44.109584885682217 ], [ -77.008925944443021, 44.11402145891968 ], [ -77.016916270588879, 44.119766227481961 ], [ -77.011304209052383, 44.139598866938123 ], [ -77.005104695333998, 44.150170203028829 ], [ -77.004440798650222, 44.163838766773218 ], [ -77.024765593083742, 44.171368984252219 ], [ -77.065485878863484, 44.16349109485656 ], [ -77.093870920518341, 44.153826497034707 ], [ -77.125948286636287, 44.142392235861607 ], [ -77.143832529166659, 44.135793563761673 ], [ -77.18081036501097, 44.141106597761762 ], [ -77.207928947366369, 44.147287578414513 ], [ -77.230737981832803, 44.145968979183415 ], [ -77.261556942579901, 44.138912961508119 ], [ -77.288050618479318, 44.124355756157328 ], [ -77.306541146058507, 44.126993421628086 ], [ -77.317027156919849, 44.135365537781333 ], [ -77.329984942237701, 44.14637948864938 ], [ -77.345400458417984, 44.148573027226185 ], [ -77.382987036248096, 44.140159768403301 ], [ -77.415619237206542, 44.126452042185825 ], [ -77.424636892135354, 44.122815101106639 ], [ -77.440856129045102, 44.116274840699482 ], [ -77.480845802363561, 44.099013874357624 ], [ -77.524502757782187, 44.079969208516282 ], [ -77.573691942328239, 44.063984030443457 ], [ -77.598821836008554, 44.042316394640814 ], [ -77.606126954614453, 44.027306442669108 ], [ -77.607338690782925, 44.026432529070298 ], [ -77.630026009015069, 44.010047370536768 ], [ -77.680342016997898, 43.989611567647152 ], [ -77.72147588983664, 43.979331042735289 ], [ -77.755247674179955, 43.972590404228548 ], [ -77.818499713139985, 43.963073023002828 ], [ -77.876874618133158, 43.959720346392018 ], [ -77.929698899754484, 43.947377308978233 ], [ -77.972900904729329, 43.933511178448001 ], [ -78.013897596874955, 43.927825176554862 ], [ -78.046545452164338, 43.923812487331332 ], [ -78.098952587594098, 43.919666234313084 ], [ -78.155886324534677, 43.91328583442256 ], [ -78.208279246155939, 43.90909421386467 ], [ -78.234009517729589, 43.901269346649563 ], [ -78.277839158346296, 43.884572037652703 ], [ -78.339965547172767, 43.873164085170707 ], [ -78.387081729894504, 43.873855319427982 ], [ -78.426583837101987, 43.873507643136854 ], [ -78.488675149355629, 43.862030159433985 ], [ -78.62492098167607, 43.837770546483519 ], [ -78.690754037201955, 43.826702206927195 ], [ -78.750662491741835, 43.82330603374389 ], [ -78.820267725785769, 43.812677481826299 ], [ -78.87565706691926, 43.811458479357256 ], [ -78.952845293971222, 43.801756578367375 ], [ -78.990561543753998, 43.792537690959122 ], [ -79.031702779787423, 43.769629118137715 ], [ -79.066953853114342, 43.754424091189911 ], [ -79.125997627135163, 43.722515030743573 ], [ -79.165688183764075, 43.705038942653296 ], [ -79.222608714182456, 43.681295895810308 ], [ -79.269855497175797, 43.664768183395459 ], [ -79.332961476914633, 43.647424968929393 ], [ -79.37367014123474, 43.641321956500967 ], [ -79.430917165533131, 43.631659629496674 ], [ -79.482083416048297, 43.598634340262102 ], [ -79.51800727816827, 43.563674080080013 ], [ -79.550097050518929, 43.528225324611803 ], [ -79.572576177432325, 43.500029901722769 ], [ -79.629516294248987, 43.442320402884278 ], [ -79.662149459657641, 43.40411607639269 ], [ -79.688330818167543, 43.376382076936537 ], [ -79.756948670150678, 43.334211841852394 ], [ -79.79051221672853, 43.324300481997184 ], [ -79.832939974496625, 43.309846578954229 ], [ -79.857718383891921, 43.287557950462769 ], [ -79.853393272732561, 43.272930530408061 ], [ -79.797932950913804, 43.260397631608832 ], [ -79.721759389702754, 43.236793955583828 ], [ -79.636105580185273, 43.220404690534323 ], [ -79.557390761839059, 43.207653218426913 ], [ -79.489376875015964, 43.19902965247492 ], [ -79.428934091038897, 43.19133475959331 ], [ -79.394274150565465, 43.189727730057349 ], [ -79.360952731785474, 43.182644922470445 ], [ -79.320086531763621, 43.174581789304312 ], [ -79.247427991254284, 43.184974071476717 ], [ -79.17514711645498, 43.209485027367386 ], [ -79.089444568950171, 43.240684132269607 ], [ -79.022191299090167, 43.260137596979227 ], [ -78.834665787173066, 43.291968382380979 ], [ -78.757338623135738, 43.304325802132603 ], [ -78.709219097562681, 43.309230380350769 ], [ -78.606799808035873, 43.312515588090911 ], [ -78.528004171395153, 43.33020084307352 ], [ -78.458843963364046, 43.340666763618131 ], [ -78.394857385884762, 43.346147780235505 ], [ -78.322594575509868, 43.35329928946804 ], [ -78.235204412169026, 43.358349190101812 ], [ -78.141682530249867, 43.356843341706785 ], [ -78.008077037818126, 43.344072740830384 ], [ -77.894981382852208, 43.342505697918959 ], [ -77.839956972831629, 43.343311296355061 ], [ -77.773501497119327, 43.328344051098043 ], [ -77.740914506072883, 43.30395777895481 ], [ -77.696308634774851, 43.280695098713757 ], [ -77.666890410507619, 43.273713612125029 ], [ -77.64640642702291, 43.248176204067462 ], [ -77.583111625000313, 43.23637247375742 ], [ -77.553659586708093, 43.21520437873388 ], [ -77.512195783139646, 43.195144047255347 ], [ -77.481399038815482, 43.207730491044806 ], [ -77.45663049695797, 43.226838099405981 ], [ -77.434083644646208, 43.237767326651436 ], [ -77.415339938474389, 43.236935105291572 ], [ -77.417606886369882, 43.237260039084475 ], [ -77.387251986852405, 43.244842734528177 ], [ -77.326973491276988, 43.258347056223819 ], [ -77.256691403932976, 43.265263095061961 ], [ -77.158730775797437, 43.269833226925201 ], [ -77.068474010910379, 43.27204267607906 ], [ -77.024058296408157, 43.262136376077741 ], [ -76.993740630124378, 43.244038406977474 ], [ -76.962518548203803, 43.229215938983835 ], [ -76.952575297670677, 43.222632546997517 ], [ -76.93622421224299, 43.230469005732218 ], [ -76.928470456471885, 43.241276534327696 ], [ -76.908002467447204, 43.255331703072564 ], [ -76.868474790631112, 43.269989139489752 ], [ -76.832123079124315, 43.28169073987906 ], [ -76.793028277510089, 43.294687512358493 ], [ -76.759383368705315, 43.3050668924595 ], [ -76.690660116893326, 43.330717123502239 ], [ -76.660652570420481, 43.336492443028128 ], [ -76.635097002148711, 43.351471234862572 ], [ -76.622671116216551, 43.370114839427757 ], [ -76.588248865295995, 43.40768521611691 ], [ -76.55802813496274, 43.430502165117645 ], [ -76.524191138617354, 43.449356310191497 ], [ -76.49355160860253, 43.4652653471354 ], [ -76.452018328402062, 43.477823645586227 ], [ -76.382747146306144, 43.48789186161536 ], [ -76.343084635771888, 43.493863487271099 ], [ -76.297921404378869, 43.502409407445867 ], [ -76.263619623781508, 43.514304547452291 ], [ -76.2414964488121, 43.533175649884868 ], [ -76.228930532168306, 43.551787460307125 ], [ -76.216227992806253, 43.578932439726174 ], [ -76.212321443850811, 43.657029536275651 ], [ -76.21491882164004, 43.696774291061118 ], [ -76.228301060157079, 43.748425419348401 ], [ -76.261020579939512, 43.823538535036249 ], [ -76.256088338953631, 43.848459379746657 ], [ -76.251882520081338, 43.854666470206205 ], [ -76.231345105845492, 43.851556053795704 ], [ -76.203610412312287, 43.84050579400553 ], [ -76.168642151495419, 43.854019155841797 ], [ -76.133381850473356, 43.884600346170998 ], [ -76.123348741176812, 43.91046194794837 ], [ -76.128605959990722, 43.924957514617475 ], [ -76.1474348190321, 43.950077320127285 ], [ -76.14259053001274, 43.966459983679918 ], [ -76.13531942817167, 43.991035710095552 ], [ -76.144673442603747, 44.007865887547759 ], [ -76.158258691176272, 44.018490143813167 ], [ -76.194986141730865, 44.015498822739382 ], [ -76.220883510208097, 44.000590532202672 ], [ -76.238233598878139, 43.974116158783289 ], [ -76.266272494872965, 43.968083888451851 ], [ -76.294070826247719, 43.979124096379685 ], [ -76.306712473918481, 43.993010244865658 ], [ -76.324072218741946, 44.031565806610431 ], [ -76.329863434265391, 44.044417786663729 ], [ -76.344334868460379, 44.06028524465065 ], [ -76.345329135069207, 44.089530863979995 ], [ -76.328586546707285, 44.105845356591892 ], [ -76.289765163849708, 44.123972124274175 ], [ -76.246215428801079, 44.149937546552188 ], [ -76.18443007277483, 44.164576770763709 ], [ -76.128035293025476, 44.185147061405765 ], [ -76.056385327448652, 44.208518820484009 ], [ -76.028982524227246, 44.222824605085684 ], [ -76.02098242607164, 44.224705446804165 ], [ -75.996499975535798, 44.23477847895699 ], [ -75.953235288462437, 44.25732503693321 ], [ -75.920217008742839, 44.281433249390474 ], [ -75.889671723771173, 44.304382396721181 ], [ -75.843228032805584, 44.337170918466221 ], [ -75.816744296651265, 44.360737775030827 ], [ -75.78785761933122, 44.399289265575419 ], [ -75.756878207530647, 44.437522624418861 ], [ -75.723082243817771, 44.47071171651357 ], [ -75.689523786101461, 44.510083568295805 ], [ -75.646333419072874, 44.552573205744352 ], [ -75.568540242638718, 44.601990814732822 ], [ -75.51895859297926, 44.629643247202864 ], [ -75.463849261600515, 44.661032999548617 ], [ -75.415337940985509, 44.691903492760012 ], [ -75.357819865768732, 44.716739773944205 ], [ -75.32229332958957, 44.740397577577809 ], [ -75.281012008324225, 44.775456384424821 ], [ -75.235090876079809, 44.797467454239687 ], [ -75.220391154054553, 44.802845174103958 ], [ -75.173724992204583, 44.820564980535188 ], [ -75.137858075355695, 44.83798266991495 ], [ -75.102435691765152, 44.853927619297139 ], [ -75.058935900779545, 44.87474299426691 ], [ -75.005738595816155, 44.898626523386724 ], [ -74.954571093255353, 44.922822045158618 ], [ -74.900424180319831, 44.935746028408047 ], [ -74.855278938377168, 44.940847416362551 ], [ -74.826493296685001, 44.942398751192982 ], [ -74.766377795355993, 44.94661083463744 ], [ -74.697329385146944, 44.944728234903742 ], [ -74.659319703200339, 44.947835709532754 ], [ -74.605102664135131, 44.960638694716778 ], [ -74.560266172402905, 44.978029238445338 ], [ -74.52829915965232, 44.995963641583181 ], [ -74.492980570173216, 45.024145298624546 ], [ -74.466870613275617, 45.050742707428 ], [ -74.427508980177109, 45.084436333988037 ], [ -74.389547012914889, 45.113724754634411 ], [ -74.347733102676614, 45.134662407061505 ], [ -74.306227732595602, 45.14792523792385 ], [ -74.262775729258408, 45.167031068440416 ], [ -74.229389133188064, 45.175435909515585 ], [ -74.201110568385275, 45.181585715243159 ], [ -74.175170117937853, 45.200472250418294 ], [ -74.169833916765185, 45.216580972137166 ], [ -74.155353648113689, 45.240447900015923 ], [ -74.124609505571627, 45.253904195261363 ], [ -74.085545900046142, 45.265981213592354 ], [ -74.047447160990657, 45.275117277674653 ], [ -73.989669521820176, 45.284066430201776 ], [ -73.949961793874564, 45.291365397305299 ], [ -73.885656251753559, 45.313100096944396 ], [ -73.851269066184244, 45.330539723987947 ], [ -73.819435749940425, 45.346858318538757 ], [ -73.788675380259477, 45.366445333370081 ], [ -73.760676480363756, 45.38903124110567 ], [ -73.751187796696925, 45.394026650124168 ], [ -73.724408913249079, 45.399410542772451 ], [ -73.698331226006061, 45.402711383804075 ], [ -73.664519880855465, 45.405802521876822 ], [ -73.632534708875227, 45.408095574169316 ], [ -73.599427795756128, 45.409093195925117 ], [ -73.582135526343421, 45.40946400790132 ], [ -73.566076204955763, 45.419927277120486 ], [ -73.559630995196017, 45.434218073718903 ], [ -73.555780024457746, 45.450047693430967 ], [ -73.556711943348773, 45.465589113837936 ], [ -73.563252261383653, 45.487574642449474 ], [ -73.571928474805773, 45.5033279819162 ], [ -73.57505156215997, 45.51704315210781 ], [ -73.564933515016108, 45.532916179677819 ], [ -73.551085828120989, 45.545960842387608 ], [ -73.534275821458664, 45.558504022185971 ], [ -73.524799564953526, 45.567891650487439 ], [ -73.512164160843639, 45.591035146763502 ], [ -73.505438274417031, 45.615181467756123 ], [ -73.499421699490355, 45.637250948098995 ], [ -73.486815426177287, 45.66480335911367 ], [ -73.475937916660868, 45.682751619488201 ], [ -73.459535782990386, 45.703065888841991 ], [ -73.438678464388644, 45.72262508440248 ], [ -73.411208694405445, 45.747661508404079 ], [ -73.383314418637539, 45.769324738893339 ], [ -73.362053839543208, 45.789914701362392 ], [ -73.319373357064137, 45.817861016265852 ], [ -73.290658848931017, 45.837178274437036 ], [ -73.275247265001084, 45.854361370718138 ], [ -73.260225846403614, 45.87491409209116 ], [ -73.240052048816295, 45.90119357076933 ], [ -73.232401806176298, 45.918604086412202 ], [ -73.217749855138933, 45.942524822666442 ], [ -73.20047763650247, 45.964900253899913 ], [ -73.1813432050442, 45.988059623532955 ], [ -73.167719600519987, 46.004452837900892 ], [ -73.141068996126137, 46.017513055333247 ], [ -73.117643594514192, 46.024573491404986 ], [ -73.093445367803838, 46.030131924689108 ], [ -73.058108224188317, 46.035715524053032 ], [ -73.025387367969429, 46.041741696022854 ], [ -72.997258993187913, 46.050497554462325 ], [ -72.962580624352256, 46.062002821937419 ], [ -72.912222651060233, 46.094115713877116 ], [ -72.888654142939956, 46.105588553628067 ], [ -72.856568589866384, 46.125303237276768 ], [ -72.82183822960387, 46.144557975302718 ], [ -72.792986567961634, 46.15510218262785 ], [ -72.756906925775326, 46.170223121179106 ], [ -72.732627281248497, 46.183501225438327 ], [ -72.697828904888752, 46.210507573591762 ], [ -72.633424109560977, 46.249854701846665 ], [ -72.595260677412213, 46.278212662789294 ], [ -72.553129926572637, 46.301978509792988 ], [ -72.512937349171793, 46.32802482959012 ], [ -72.461553058726622, 46.346256181787084 ], [ -72.423297217583126, 46.366786216806041 ], [ -72.374529770933222, 46.377664431801783 ], [ -72.336316015067524, 46.38260123400562 ], [ -72.293456274555496, 46.392552752270845 ], [ -72.267659851572176, 46.409416695111403 ], [ -72.256191443989181, 46.44831420139861 ], [ -72.233498557456102, 46.487177161788665 ], [ -72.204954601745783, 46.511355555263513 ], [ -72.171183885985428, 46.52680310541637 ], [ -72.095151291000121, 46.542517663476048 ], [ -72.069323650886929, 46.551561958956356 ], [ -72.041529893549423, 46.558301459646408 ], [ -72.008971655088004, 46.577841782635872 ], [ -71.988303287613036, 46.595608363928115 ], [ -71.958439812064569, 46.607820246879015 ], [ -71.922793175312165, 46.605326500378567 ], [ -71.877287625623481, 46.599095648003363 ], [ -71.840384174419924, 46.592448126272991 ], [ -71.793522353101622, 46.589849616394744 ], [ -71.73727110173877, 46.597249468936681 ], [ -71.690857218072424, 46.608368193154732 ], [ -71.64637462073425, 46.621777821078282 ], [ -71.60519953876053, 46.633826220733788 ], [ -71.554716755419165, 46.648076537254795 ], [ -71.52350051037962, 46.656058754793797 ], [ -71.389952640747367, 46.688299760411837 ], [ -71.352564248818325, 46.704895009932677 ], [ -71.297765275010192, 46.730016853025099 ], [ -71.251540157089707, 46.754751063335902 ], [ -71.216718272195607, 46.771801896784375 ], [ -71.167977174055082, 46.788230860556631 ], [ -71.112711900968648, 46.799520362077267 ], [ -71.057276960633331, 46.820361696219642 ], [ -70.873757537228272, 46.897014137157093 ], [ -70.774192280211622, 46.919656711662839 ], [ -70.638928839928738, 46.969715936586631 ], [ -70.530247019609476, 46.999058227536331 ], [ -70.447244038889977, 47.051769163964984 ], [ -70.408606873959812, 47.091507900651102 ], [ -70.369062760639693, 47.128222145941173 ], [ -70.338710656687979, 47.152524354753837 ], [ -70.333704359037299, 47.155584465051497 ], [ -70.309809029711417, 47.17669537915117 ], [ -70.282601488718655, 47.205305068070132 ], [ -70.272593260768701, 47.213642767717971 ], [ -70.25870660610002, 47.228634702359649 ], [ -70.242592936639369, 47.250867741637421 ], [ -70.240365344565149, 47.256977266358341 ], [ -70.223977320088693, 47.288921721482296 ], [ -70.220086136829309, 47.294476917905932 ], [ -70.215096353578915, 47.299756262010135 ], [ -70.200935079132947, 47.31252633366806 ], [ -70.18285300210627, 47.320310285250144 ], [ -70.163154397964504, 47.325862449384076 ], [ -70.155920011620267, 47.327527436549452 ], [ -70.148977759376265, 47.328083579165948 ], [ -70.122304375178089, 47.334751418748937 ], [ -70.116475120901043, 47.33752762387325 ], [ -70.110645487975205, 47.340580734252129 ], [ -70.100088259818079, 47.348361502380733 ], [ -70.078420016051169, 47.361141012222063 ], [ -70.073429541843225, 47.366696658177261 ], [ -70.048420857019593, 47.386142348202249 ], [ -70.043690026002679, 47.39086493899547 ], [ -70.040363882097864, 47.397251137315529 ], [ -70.039523494763017, 47.40280517065947 ], [ -70.044254666590064, 47.428363367972935 ], [ -70.040089911367687, 47.440303593186165 ], [ -70.041203882500596, 47.456133874071384 ], [ -70.039251042182968, 47.462245892585329 ], [ -70.031208018266767, 47.473354821583527 ], [ -70.026752808272249, 47.478076353387628 ], [ -70.021199577892631, 47.481968532506585 ], [ -70.017308947388145, 47.487529717909453 ], [ -70.006764196585067, 47.495304712566025 ], [ -70.000934773158562, 47.498081280780191 ], [ -69.98009072635017, 47.501696995231875 ], [ -69.967028631231713, 47.505863687060277 ], [ -69.95619604630599, 47.51253069362928 ], [ -69.942020610529227, 47.526691291619244 ], [ -69.935917622805434, 47.53030708512496 ], [ -69.929522205175445, 47.532528532330261 ], [ -69.907870303540491, 47.535030788807696 ], [ -69.901476645282145, 47.537251593290854 ], [ -69.895922032581581, 47.541141678224072 ], [ -69.887591783286496, 47.551417968747309 ], [ -69.885363097923431, 47.557529203102852 ], [ -69.881747089005117, 47.563915590812961 ], [ -69.873141510834458, 47.574198393342627 ], [ -69.861743349967384, 47.581699794318276 ], [ -69.827029163069909, 47.598637295771951 ], [ -69.805361497348557, 47.613086790209032 ], [ -69.78897334479008, 47.635585463228104 ], [ -69.773424257786928, 47.646977067247299 ], [ -69.758974493634369, 47.661693024399881 ], [ -69.751482929699065, 47.672253177829603 ], [ -69.715090254830926, 47.702251471041322 ], [ -69.710085858575312, 47.705304228642248 ], [ -69.705919615920919, 47.709468611174721 ], [ -69.674242141640107, 47.732524967025107 ], [ -69.658968580452594, 47.744746820036553 ], [ -69.639529227118473, 47.762805373745834 ], [ -69.607027776199757, 47.795863939297973 ], [ -69.592592991585676, 47.808919120016469 ], [ -69.568987022634772, 47.820582664318167 ], [ -69.556749757643558, 47.825589078047209 ], [ -69.545365725956415, 47.832531182698268 ], [ -69.543138178533169, 47.838634887909095 ], [ -69.5448023079, 47.843357077385633 ], [ -69.556185355887109, 47.85641744559107 ], [ -69.55591178480995, 47.866694964939654 ], [ -69.543687852865929, 47.88364006858076 ], [ -69.538973828105171, 47.888361722438361 ], [ -69.526202035511929, 47.904192481785437 ], [ -69.511752089213303, 47.918918328441933 ], [ -69.507587144265997, 47.92447151208961 ], [ -69.498416432482344, 47.933909761955746 ], [ -69.492861126260337, 47.937800385813318 ], [ -69.469256993154687, 47.96196961548592 ], [ -69.459536683277989, 47.969744810777023 ], [ -69.450090192014898, 47.979189038429581 ], [ -69.428697207061219, 47.995302968882022 ], [ -69.417864350577389, 48.001421374728409 ], [ -69.411195594131485, 48.003359864993129 ], [ -69.397035819953558, 48.005586438286535 ], [ -69.367020209861906, 48.007532478040218 ], [ -69.346482192076365, 48.011415489180614 ], [ -69.340637399836382, 48.014192706467291 ], [ -69.329818198562734, 48.021968330923364 ], [ -69.326202468409818, 48.026972182351955 ], [ -69.300354229081194, 48.046693206563546 ], [ -69.290908682363096, 48.056131522448297 ], [ -69.274810037594392, 48.067805081980609 ], [ -69.270079628489867, 48.072526425308524 ], [ -69.259536115371844, 48.080025703546809 ], [ -69.249525847147652, 48.088633260981275 ], [ -69.233413367343033, 48.100029894869508 ], [ -69.221754141209857, 48.105859107562942 ], [ -69.216184752097504, 48.109749264935978 ], [ -69.20370257138012, 48.115304486285197 ], [ -69.18063110805069, 48.127242908968945 ], [ -69.149517742067871, 48.139190978271252 ], [ -69.143414142347311, 48.141968328542703 ], [ -69.138133318112921, 48.145860195597614 ], [ -69.133419713693684, 48.150575254421533 ], [ -69.126735672536498, 48.160850772799726 ], [ -69.128963203225069, 48.162796259416588 ], [ -69.123409344197839, 48.166695784153021 ], [ -69.115626730558731, 48.178635160338771 ], [ -69.101466865369019, 48.192795167446285 ], [ -69.091197861544046, 48.200302305266234 ], [ -69.08619250846246, 48.205024226429202 ], [ -69.053691080920444, 48.228629716102802 ], [ -69.015924783558205, 48.254193773929039 ], [ -68.985910684080693, 48.269468193833546 ], [ -68.968132005332251, 48.28002067036703 ], [ -68.940071893955377, 48.295027171714658 ], [ -68.927848444001114, 48.299749893889725 ], [ -68.921455731890859, 48.303351067770429 ], [ -68.909797706159651, 48.308630190680631 ], [ -68.903403652960648, 48.310575140779854 ], [ -68.89757464225967, 48.313633010479066 ], [ -68.877569815949229, 48.32030271667773 ], [ -68.858129407388958, 48.325581018097758 ], [ -68.846182521576978, 48.331409846263149 ], [ -68.835072825246357, 48.339740621046325 ], [ -68.831196535526047, 48.344739354146157 ], [ -68.829245387638821, 48.350856261280171 ], [ -68.825353985569848, 48.357243564767785 ], [ -68.822850460950917, 48.363910710715274 ], [ -68.817022784886376, 48.366130168222625 ], [ -68.808949746740296, 48.365574554176177 ], [ -68.799245982786132, 48.363078476634996 ], [ -68.775349358100954, 48.363078241323464 ], [ -68.75340708984001, 48.365574224136836 ], [ -68.726458989056013, 48.372517069697061 ], [ -68.72006485209441, 48.37473578354647 ], [ -68.714526219836458, 48.378352120714901 ], [ -68.706180017113667, 48.389742826645715 ], [ -68.694780128478484, 48.396411321526742 ], [ -68.680895074863855, 48.400021134858768 ], [ -68.666733870066693, 48.401682609299307 ], [ -68.654511862590127, 48.408068191121544 ], [ -68.650620109832914, 48.413073245441147 ], [ -68.647294459274022, 48.41946622537381 ], [ -68.641465912413807, 48.423906942204141 ], [ -68.624222792375804, 48.433076338679975 ], [ -68.603684384067748, 48.438905135958493 ], [ -68.575912206845871, 48.443345400363121 ], [ -68.540892584083451, 48.451410124414963 ], [ -68.528959584403466, 48.45723980388172 ], [ -68.518675041134813, 48.46418143026969 ], [ -68.512572247935324, 48.469460478212667 ], [ -68.49645787333813, 48.490295985263479 ], [ -68.47340215455641, 48.515573046908393 ], [ -68.468670752261033, 48.520295815227847 ], [ -68.453122649526918, 48.532517089488529 ], [ -68.433942570144239, 48.541687167236837 ], [ -68.422008856789333, 48.545295816453148 ], [ -68.407283701266309, 48.548072766044321 ], [ -68.375331711217896, 48.546409471005603 ], [ -68.368114375870803, 48.547515893761535 ], [ -68.353953174269392, 48.551407764647195 ], [ -68.347849261281738, 48.554183633508032 ], [ -68.336176058956724, 48.561684017941687 ], [ -68.282831396725129, 48.600294758893696 ], [ -68.259515314949795, 48.612234303915642 ], [ -68.236443372509143, 48.62556995241281 ], [ -68.210625374314432, 48.636678483550625 ], [ -68.192832725015393, 48.643072682735834 ], [ -68.178673543494284, 48.646679847837653 ], [ -68.156455726533139, 48.649183543982318 ], [ -68.125051759286606, 48.648352606271999 ], [ -68.111441184807262, 48.651403866002923 ], [ -68.099781979703209, 48.65806379651999 ], [ -68.090062270514281, 48.66751654033596 ], [ -68.081182039459591, 48.677792176562562 ], [ -68.069783595269001, 48.686125043299981 ], [ -68.058111027742754, 48.691121720519092 ], [ -68.043659353402717, 48.693341497600933 ], [ -68.026447837846689, 48.691121982668498 ], [ -68.016727695312341, 48.688618671972044 ], [ -68.008121986571055, 48.688343503218562 ], [ -68.001178278135725, 48.68890090784636 ], [ -67.973116602263815, 48.695560860948895 ], [ -67.922821696422503, 48.714460035763786 ], [ -67.905336475686539, 48.722507050148884 ], [ -67.879213300468379, 48.731395686611464 ], [ -67.873383904890744, 48.734181583456007 ], [ -67.853943273296622, 48.740849614422011 ], [ -67.847839647727099, 48.743899271379817 ], [ -67.839783008212862, 48.746119964987017 ], [ -67.835052709616591, 48.748623305734398 ], [ -67.82200622293432, 48.752796132374577 ], [ -67.803100406065781, 48.760295599258271 ], [ -67.770613303641056, 48.771120451660735 ], [ -67.764510795241875, 48.774180400159686 ], [ -67.750899151286475, 48.778622102441481 ], [ -67.726438741177517, 48.788622823430067 ], [ -67.708936617302456, 48.79390377451849 ], [ -67.694761354210144, 48.803896444546638 ], [ -67.689480720338494, 48.806399897445864 ], [ -67.6750465072776, 48.809450869136235 ], [ -67.654765995261215, 48.816401465555899 ], [ -67.641170771680365, 48.820292873260549 ], [ -67.634228243704101, 48.821124209023743 ], [ -67.626980547670399, 48.823069684506677 ], [ -67.594219442439524, 48.833345844737295 ], [ -67.575602029047488, 48.841120953227517 ], [ -67.552546096390415, 48.854729949067902 ], [ -67.53087934952714, 48.859178492493456 ], [ -67.514216268325882, 48.858064584177789 ], [ -67.499490184195707, 48.85843898034836 ] ], [ [ -71.827761879604864, 48.564947906878373 ], [ -71.861551357690601, 48.597856371989657 ], [ -71.898599947626167, 48.622338061660891 ], [ -71.945110554637409, 48.639478960020163 ], [ -71.987032325361696, 48.651308662604428 ], [ -72.035189635086994, 48.664211655853002 ], [ -72.069319502953633, 48.679145291911176 ], [ -72.129966406596225, 48.694184690304454 ], [ -72.206283899213105, 48.702924511924046 ], [ -72.240626597399611, 48.693279292460893 ], [ -72.265646804237747, 48.686245444168769 ], [ -72.303130535338894, 48.67475593476297 ], [ -72.343661558581616, 48.672758902848841 ], [ -72.379542363124145, 48.665463385627014 ], [ -72.389020376917557, 48.640166417913036 ], [ -72.351877878155037, 48.597882654896637 ], [ -72.316254604921923, 48.56930676131406 ], [ -72.288459596482596, 48.537587627810005 ], [ -72.243647924814127, 48.498431790822295 ], [ -72.236121007089949, 48.465723596352056 ], [ -72.222399017456979, 48.431943280559331 ], [ -72.202352041639799, 48.415005669601719 ], [ -72.182165588761123, 48.415984240352365 ], [ -72.146399628906977, 48.42322179028077 ], [ -72.118419703925454, 48.427321843371523 ], [ -72.076619306990267, 48.41554196336061 ], [ -72.034834174033236, 48.403750151091849 ], [ -71.961886956821587, 48.40442813679671 ], [ -71.911070685358084, 48.413382932505961 ], [ -71.898114880705947, 48.415662693574689 ], [ -71.88227990298212, 48.43981243357937 ], [ -71.855406063546567, 48.475493154417144 ], [ -71.828254669890796, 48.529097000075389 ], [ -71.820187366385412, 48.550135953536987 ], [ -71.827761879604864, 48.564947906878373 ] ] ] ] } },
{ "type": "Feature", "properties": { "fid": 4, "AREA": 0.6597, "PERIMETER": 7.63472, "BETUALLE_": 5, "BETUALLE_I": 2, "CODE": 1 }, "geometry": { "type": "MultiPolygon", "coordinates": [ [ [ [ -58.050630996019223, 48.973349880478558 ], [ -57.988322074659258, 48.931000032059387 ], [ -57.98500557097141, 48.894199585516724 ], [ -58.007397582581135, 48.838789313997687 ], [ -58.055111796849069, 48.782518542018117 ], [ -58.120476966064679, 48.705091947413116 ], [ -58.167952018166666, 48.636890971132082 ], [ -58.188024190518675, 48.565988857552462 ], [ -58.194388642103398, 48.493759275647612 ], [ -58.188835307885341, 48.453408007857746 ], [ -58.212353175188788, 48.413363852354124 ], [ -58.245427600046042, 48.391177598078407 ], [ -58.32699192656407, 48.333865996256165 ], [ -58.423794496358887, 48.269481946815944 ], [ -58.510663561740486, 48.210839278899215 ], [ -58.626009594649581, 48.116686503956956 ], [ -58.687341044678313, 48.070747610955578 ], [ -58.819005827735246, 47.960955624999094 ], [ -58.97752837352941, 47.77976431582853 ], [ -59.059773233627389, 47.675384973982936 ], [ -59.131092519860381, 47.6148310823109 ], [ -59.23224492255131, 47.579331460125353 ], [ -59.236946687884277, 47.585823434948971 ], [ -59.245002115132912, 47.594154584941968 ], [ -59.255837410901968, 47.601662346607206 ], [ -59.265283049959926, 47.604163984668872 ], [ -59.27444469670818, 47.605270667602603 ], [ -59.289168101920808, 47.604994830303838 ], [ -59.297781693791457, 47.606658176389587 ], [ -59.304441666826079, 47.609992946959629 ], [ -59.3058338948372, 47.614997279200935 ], [ -59.306107674241566, 47.61998813948243 ], [ -59.306390240145618, 47.64610254434384 ], [ -59.309441777377018, 47.661101549480392 ], [ -59.309440988598098, 47.671379323598288 ], [ -59.304444608290332, 47.693603542601615 ], [ -59.304999330741246, 47.724990890366733 ], [ -59.302498126172381, 47.736105903974092 ], [ -59.297502461437055, 47.740546836102247 ], [ -59.290841466972189, 47.742492424453708 ], [ -59.285278222391987, 47.746100514710584 ], [ -59.280832105758364, 47.751662864314262 ], [ -59.28333431149882, 47.756103212233313 ], [ -59.292503085409827, 47.757774973872948 ], [ -59.300552409413413, 47.757217570064697 ], [ -59.306661795883791, 47.755829130572003 ], [ -59.315552069973585, 47.757499980635977 ], [ -59.32222684817355, 47.761109091383453 ], [ -59.326394113632254, 47.770272382917391 ], [ -59.327779866666667, 47.775268803611915 ], [ -59.328055597029, 47.785553480543925 ], [ -59.325562238476685, 47.796660844640847 ], [ -59.325561877007601, 47.807212022334689 ], [ -59.329728828801905, 47.816383040872388 ], [ -59.335274357164039, 47.820273366585347 ], [ -59.362220523411949, 47.833602699937913 ], [ -59.366393237452208, 47.837767929460185 ], [ -59.366392967887528, 47.843046979519954 ], [ -59.369164182631941, 47.852774945001038 ], [ -59.386390156633659, 47.869437114379167 ], [ -59.401939154806556, 47.880271427845216 ], [ -59.406943226948272, 47.889716582726201 ], [ -59.404717544659832, 47.900267733880455 ], [ -59.400831130330246, 47.906654808787337 ], [ -59.39167201135124, 47.916663787271247 ], [ -59.378052167018865, 47.922492879210779 ], [ -59.365553589394693, 47.924995049034273 ], [ -59.328613035104581, 47.928878273075632 ], [ -59.321945099929316, 47.930548529781277 ], [ -59.316389656876723, 47.934159162504201 ], [ -59.311386056929038, 47.938882038547938 ], [ -59.306104769757859, 47.950829074144906 ], [ -59.305001750691545, 47.956383074820316 ], [ -59.301940738300623, 47.962768976422311 ], [ -59.293059786885983, 47.972213572061065 ], [ -59.286665664760733, 47.974990182931379 ], [ -59.279442820921261, 47.975823438188598 ], [ -59.272773173546916, 47.977766952130679 ], [ -59.267775988784948, 47.982208713325896 ], [ -59.265005494561365, 47.988044992912357 ], [ -59.265007486319945, 47.993880598924235 ], [ -59.262781057000154, 47.999435164073653 ], [ -59.246949883807943, 48.011939414741626 ], [ -59.230276627602699, 48.022765622493814 ], [ -59.218603798000181, 48.029159714975094 ], [ -59.144448870856166, 48.061934949524797 ], [ -59.139168057647304, 48.065544266982172 ], [ -59.13277465427899, 48.068329173683487 ], [ -59.121666446565079, 48.075554676257561 ], [ -59.103334066296107, 48.083877755305799 ], [ -59.091384918152684, 48.090270579026416 ], [ -59.078613527005523, 48.094711089169586 ], [ -59.053887650448459, 48.105553554000551 ], [ -59.041115190052771, 48.110276466293136 ], [ -59.020552344357981, 48.116386490271324 ], [ -58.999166958102066, 48.11998722964784 ], [ -58.985000464281221, 48.121100724474609 ], [ -58.978883016740539, 48.123878809516199 ], [ -58.973325747069246, 48.127487802191403 ], [ -58.968888511993377, 48.13276614095129 ], [ -58.960556456694839, 48.143882167394047 ], [ -58.958054892946578, 48.14999452159865 ], [ -58.953330461838227, 48.155266807393176 ], [ -58.948609813624941, 48.159713825406925 ], [ -58.937217166750159, 48.16693858649073 ], [ -58.921942878897454, 48.180550404340089 ], [ -58.893888964957064, 48.198600277409511 ], [ -58.886389075470021, 48.201103765102765 ], [ -58.875832860867185, 48.207770501529055 ], [ -58.850837056499657, 48.218596272874457 ], [ -58.839164670766053, 48.224991154872882 ], [ -58.828340150791604, 48.233047393612196 ], [ -58.813614764833325, 48.247490686771926 ], [ -58.798338761493682, 48.260825458883637 ], [ -58.77610777780761, 48.274711740810432 ], [ -58.749998685289668, 48.287497954796606 ], [ -58.701393639076151, 48.319718739467042 ], [ -58.691109141798414, 48.328879335887372 ], [ -58.686385585669633, 48.33415870601614 ], [ -58.682501714319891, 48.340544414799595 ], [ -58.681115069297512, 48.346100154308395 ], [ -58.678339138203981, 48.351935787748822 ], [ -58.675836074695845, 48.363052996754604 ], [ -58.670280794819043, 48.374992629903439 ], [ -58.658333198337836, 48.381378137122105 ], [ -58.637780500363149, 48.38721481189512 ], [ -58.625832838573956, 48.392220357465206 ], [ -58.620552101778465, 48.396658755063754 ], [ -58.616392821246187, 48.40304567313548 ], [ -58.613890467327174, 48.40888210444416 ], [ -58.59888480630876, 48.423324833325957 ], [ -58.587777493854858, 48.430549375231379 ], [ -58.568893365867559, 48.438597387107357 ], [ -58.561943797727189, 48.440268728441438 ], [ -58.55583039930773, 48.443046459616063 ], [ -58.541673465468591, 48.445823433716448 ], [ -58.514725798158679, 48.45277372700081 ], [ -58.500558014010956, 48.455552067007879 ], [ -58.49277348422946, 48.455550798195823 ], [ -58.492776187753037, 48.450272076309915 ], [ -58.497780853804002, 48.445824674734027 ], [ -58.518891606606317, 48.441376100193175 ], [ -58.526108014135914, 48.44054441956569 ], [ -58.546394234629759, 48.43498928164157 ], [ -58.55889180635431, 48.429717936084074 ], [ -58.575836857021827, 48.418884767125739 ], [ -58.588889241641233, 48.412766013189852 ], [ -58.599998514592777, 48.405823613678081 ], [ -58.601113902728891, 48.400825302354818 ], [ -58.591943234960368, 48.398880503281823 ], [ -58.560552826460182, 48.411659810071754 ], [ -58.547499873357367, 48.416099245416873 ], [ -58.512503856686521, 48.423324512519258 ], [ -58.497778519529454, 48.424995804994332 ], [ -58.490835818687287, 48.426941085073658 ], [ -58.483611731610274, 48.427773348376157 ], [ -58.47083272246509, 48.432212022850585 ], [ -58.464723775968551, 48.436377900954156 ], [ -58.449441110844234, 48.44915686069367 ], [ -58.445548986440315, 48.455550035173317 ], [ -58.440833381705914, 48.460821977420736 ], [ -58.43416761164945, 48.47304527039978 ], [ -58.424719882822252, 48.48387874384246 ], [ -58.418335850823311, 48.486655907140893 ], [ -58.402777044033655, 48.486656206612921 ], [ -58.396111289026464, 48.488326433914416 ], [ -58.389166680580956, 48.490271878777492 ], [ -58.364166379130431, 48.50083139897896 ], [ -58.343886734114001, 48.506386063657011 ], [ -58.321670934069672, 48.508887136971154 ], [ -58.29028392035935, 48.508889510832539 ], [ -58.275275761634674, 48.509720890626021 ], [ -58.267776231155679, 48.51221375546929 ], [ -58.265557577747877, 48.517494402342066 ], [ -58.271109385218601, 48.521103034562927 ], [ -58.298341390639713, 48.527488897974614 ], [ -58.306106283533218, 48.527488013742406 ], [ -58.343612951872196, 48.524163037029638 ], [ -58.365004553227401, 48.52054681299245 ], [ -58.378881925847864, 48.516388584618014 ], [ -58.398056462426766, 48.509163989857399 ], [ -58.407219262744285, 48.51082686229411 ], [ -58.414161696220823, 48.510826366273939 ], [ -58.420279641916011, 48.508049357813874 ], [ -58.425003464005641, 48.502494934021911 ], [ -58.430555271299923, 48.499161360591593 ], [ -58.437498535488039, 48.502495247721342 ], [ -58.442498696267407, 48.50694256218334 ], [ -58.456664450890102, 48.513054497538548 ], [ -58.464447940101451, 48.513053055723184 ], [ -58.478883340218388, 48.511382933193289 ], [ -58.491944337089052, 48.505272907784892 ], [ -58.504448110380238, 48.50138931946168 ], [ -58.519721510288754, 48.500548199036771 ], [ -58.528609807817894, 48.502494070869396 ], [ -58.541669984722141, 48.509719977127403 ], [ -58.549171183412447, 48.517769978919809 ], [ -58.551665407900863, 48.522215375928795 ], [ -58.563888588105378, 48.534722505797454 ], [ -58.569450443075191, 48.538605098370113 ], [ -58.595274547220612, 48.542221637655906 ], [ -58.6030564091541, 48.542220886829945 ], [ -58.612220862294407, 48.54332707871049 ], [ -58.646743088930648, 48.549766397493016 ], [ -58.673613368365054, 48.554710327935858 ], [ -58.68250114791671, 48.554993235655161 ], [ -58.688887876744836, 48.553604526412187 ], [ -58.697218562316372, 48.553046531026844 ], [ -58.732214726322574, 48.545828743230359 ], [ -58.76555516345357, 48.535827723422464 ], [ -58.771941550341822, 48.534721398373087 ], [ -58.778051754766004, 48.531937420212849 ], [ -58.812501176096269, 48.523879486380494 ], [ -58.857505822295856, 48.518601519722395 ], [ -58.879995822161561, 48.516661996084167 ], [ -58.903052296877703, 48.515830432152356 ], [ -58.93138958726, 48.511939014179305 ], [ -58.954720434226736, 48.510827408597507 ], [ -58.979163129909203, 48.512496946939905 ], [ -58.988335750445749, 48.514441944681664 ], [ -59.004722653635845, 48.520272087197206 ], [ -59.013335494867427, 48.522216380353768 ], [ -59.027495555256237, 48.519439437815514 ], [ -59.041388266827681, 48.514998803762722 ], [ -59.047782054005587, 48.51388641425428 ], [ -59.063331961266506, 48.513054228638438 ], [ -59.0916669670491, 48.508330288651514 ], [ -59.105561425100376, 48.504715356505606 ], [ -59.111671532647293, 48.501936677144492 ], [ -59.118889052772559, 48.50110673777175 ], [ -59.13861135161639, 48.494713520034423 ], [ -59.14639369693861, 48.49305028192142 ], [ -59.19277376300515, 48.477767339794518 ], [ -59.19860752063925, 48.477768001077202 ], [ -59.232498657693377, 48.468596363529187 ], [ -59.246948356303697, 48.466658715976962 ], [ -59.255279151158746, 48.467492081716017 ], [ -59.260558829267531, 48.471930184112594 ], [ -59.261114338136494, 48.476654517048871 ], [ -59.256392740900047, 48.481934479218388 ], [ -59.239441644462978, 48.492767271193848 ], [ -59.229720878499322, 48.502778095156884 ], [ -59.22721865678556, 48.508888141812676 ], [ -59.232498757404258, 48.518326733615112 ], [ -59.232772755951281, 48.523048307951811 ], [ -59.228880403959124, 48.529160028087418 ], [ -59.223608344697475, 48.533882447091301 ], [ -59.215005213018912, 48.545547124707667 ], [ -59.210000410700111, 48.54999546966112 ], [ -59.202782728403257, 48.552490011682124 ], [ -59.188330372439182, 48.554436080333033 ], [ -59.182501563815883, 48.55638169249913 ], [ -59.177223877577397, 48.561102880594753 ], [ -59.16889314652564, 48.572768607875602 ], [ -59.159163719273515, 48.582771898104419 ], [ -59.137505132599898, 48.598876918346392 ], [ -59.131941651282766, 48.601104434410097 ], [ -59.111671193780872, 48.606659538457215 ], [ -59.105278403916621, 48.609435003640698 ], [ -59.084168649852174, 48.62638181721227 ], [ -59.077782030439366, 48.629158832563924 ], [ -59.050275771251414, 48.635551743068483 ], [ -59.030555745461506, 48.641936440127118 ], [ -59.024170207218688, 48.644715016249933 ], [ -59.018607880275113, 48.648331306102037 ], [ -58.964165421012467, 48.675553752654338 ], [ -58.929443253462686, 48.696380881062829 ], [ -58.923057263432597, 48.699158062250675 ], [ -58.908888567020313, 48.701933866501854 ], [ -58.90305275835032, 48.703880501834981 ], [ -58.88027745665174, 48.719986578088978 ], [ -58.855834872162013, 48.731659503162618 ], [ -58.828888797115901, 48.750832630900703 ], [ -58.81166803527951, 48.761666173065215 ], [ -58.799727900142081, 48.7680501088089 ], [ -58.774717294085249, 48.778877860361767 ], [ -58.767777356908077, 48.775551463355477 ], [ -58.772499333922916, 48.769989098593733 ], [ -58.784446055503864, 48.762213533091284 ], [ -58.815001650615294, 48.735823321536181 ], [ -58.821671893493708, 48.732490668536741 ], [ -58.849723882221319, 48.714997521330915 ], [ -58.873886253281853, 48.701659133154905 ], [ -58.891112806097496, 48.690827185440163 ], [ -58.91277228361789, 48.674713995534944 ], [ -58.938607105186094, 48.653603119171073 ], [ -58.947776272413421, 48.642768139317504 ], [ -58.955834312840047, 48.630273367001188 ], [ -58.958608776377403, 48.624161247338598 ], [ -58.958609818676216, 48.613884740809972 ], [ -58.955831837788509, 48.609436232587377 ], [ -58.947493644197444, 48.601105646207074 ], [ -58.94055116326534, 48.59776943344071 ], [ -58.93111575896156, 48.594993635004194 ], [ -58.895835476829518, 48.588883474896662 ], [ -58.893058533675273, 48.584435409361596 ], [ -58.894165432798346, 48.578881505239366 ], [ -58.899727026620013, 48.566939161604751 ], [ -58.901108852619096, 48.561379003182495 ], [ -58.900276176744391, 48.555825234082604 ], [ -58.896948979782941, 48.551934008119332 ], [ -58.888336569631946, 48.551102909948213 ], [ -58.876388168217943, 48.557494690164859 ], [ -58.865836357557065, 48.565544231226298 ], [ -58.860558759308915, 48.57166350765285 ], [ -58.848335087002837, 48.588882848383506 ], [ -58.845833099507637, 48.594994328588314 ], [ -58.845832119555837, 48.605270171093082 ], [ -58.847221072994273, 48.610273972090546 ], [ -58.852224743360026, 48.619713433021047 ], [ -58.852783480691834, 48.629716107881514 ], [ -58.848051306245289, 48.634995013471212 ], [ -58.841666512219135, 48.631103236973594 ], [ -58.842774503407995, 48.626098150541388 ], [ -58.840280240146932, 48.610550071526873 ], [ -58.841384151014701, 48.605551714571568 ], [ -58.841385626452897, 48.600272583312538 ], [ -58.841111883148585, 48.59499287157881 ], [ -58.839722465686563, 48.590271608754968 ], [ -58.834724204104333, 48.58055054333758 ], [ -58.824720924639983, 48.573325610727359 ], [ -58.817779589578052, 48.569991232127173 ], [ -58.809724055602935, 48.566939504828433 ], [ -58.792227579906601, 48.564155532234828 ], [ -58.767220127157934, 48.5616598191721 ], [ -58.743057621242443, 48.560821902269389 ], [ -58.728334097628974, 48.562491585365748 ], [ -58.721383772875015, 48.564437132406127 ], [ -58.715006074946196, 48.567214368939844 ], [ -58.709442195363707, 48.57083209761938 ], [ -58.704445227152753, 48.575272841966871 ], [ -58.695550360118354, 48.586937061642459 ], [ -58.683328546620778, 48.60582682821051 ], [ -58.676666176090379, 48.618048662943707 ], [ -58.675276898247631, 48.623604173347729 ], [ -58.672500552569112, 48.629432304531591 ], [ -58.669998859242767, 48.640831080928599 ], [ -58.67138598388334, 48.65082472347774 ], [ -58.674171854201298, 48.655267143618339 ], [ -58.676665054472679, 48.664993165092255 ], [ -58.679444947185573, 48.66944116625433 ], [ -58.680831376664607, 48.684715103970255 ], [ -58.668607917145067, 48.708885547919664 ], [ -58.664445310555081, 48.725547475531819 ], [ -58.658049470037291, 48.743049248593564 ], [ -58.652497527860191, 48.747490523632365 ], [ -58.635558337202497, 48.758330271448358 ], [ -58.625274871151731, 48.767495209264069 ], [ -58.621107458651245, 48.773605624119618 ], [ -58.618333760650025, 48.779715945705242 ], [ -58.616941624639807, 48.785271218873326 ], [ -58.614167240098006, 48.791108506692481 ], [ -58.611672095355026, 48.802214965512675 ], [ -58.603330941980431, 48.814713016656405 ], [ -58.597779956730584, 48.818329053691876 ], [ -58.584723820003632, 48.824438673284199 ], [ -58.574173397346243, 48.831938832455215 ], [ -58.55860747836509, 48.845543348073171 ], [ -58.543891521156873, 48.860823921219612 ], [ -58.53583449789091, 48.878600636937946 ], [ -58.534447329744708, 48.884163842651581 ], [ -58.534447767843787, 48.889434568868879 ], [ -58.53333181960771, 48.894995463697278 ], [ -58.530279955042488, 48.900825804097444 ], [ -58.528609713515543, 48.906936145177568 ], [ -58.525002402511021, 48.91276614627656 ], [ -58.51472543670215, 48.924712347871825 ], [ -58.505280663807866, 48.933876381005298 ], [ -58.505278307971132, 48.944435378107407 ], [ -58.506668999031184, 48.949433247898078 ], [ -58.506666285164968, 48.980545270869513 ], [ -58.503891309270777, 48.991661288942204 ], [ -58.503333725536692, 48.997490904615297 ], [ -58.500840469782204, 49.003607907532029 ], [ -58.489998126850651, 49.011107949284387 ], [ -58.47694463513259, 49.016938641521342 ], [ -58.465836747808211, 49.023604445634845 ], [ -58.459442224216723, 49.026381611431674 ], [ -58.454719395982984, 49.029991314423619 ], [ -58.450553290341411, 49.036384445371375 ], [ -58.450554873161906, 49.041663289439875 ], [ -58.449164562768864, 49.047216877271033 ], [ -58.446107969953793, 49.053878367065522 ], [ -58.444442072550636, 49.059988868137282 ], [ -58.436384315095381, 49.071937556527118 ], [ -58.426948841875458, 49.082771924757267 ], [ -58.422776530759847, 49.088881929806611 ], [ -58.422776610977053, 49.094154778556259 ], [ -58.424444610049939, 49.099159038092054 ], [ -58.424444041269233, 49.104439300986904 ], [ -58.419447954332284, 49.109718966041633 ], [ -58.412498241559675, 49.111381929020517 ], [ -58.40694583681438, 49.114997419783883 ], [ -58.400832371074387, 49.127487831500332 ], [ -58.396110622030967, 49.131379362164516 ], [ -58.351945315132717, 49.150268616822892 ], [ -58.34888476282984, 49.145829248927726 ], [ -58.347779555517619, 49.135551637076951 ], [ -58.345550955146955, 49.125266384590589 ], [ -58.345549185043851, 49.119988094522704 ], [ -58.350557214116442, 49.115546567042507 ], [ -58.368056264869551, 49.104714098109206 ], [ -58.359725265127629, 49.103882637444613 ], [ -58.343330270516894, 49.104438357138633 ], [ -58.342771840906025, 49.09999831117706 ], [ -58.348610963830616, 49.096381820250862 ], [ -58.358338718841544, 49.086380418674203 ], [ -58.363891608084757, 49.081940589101684 ], [ -58.368056615933057, 49.075828996161491 ], [ -58.369445912302076, 49.064994630847501 ], [ -58.366660753636957, 49.060271328195178 ], [ -58.360000969856863, 49.056938265764913 ], [ -58.350838123128916, 49.056654925851312 ], [ -58.336388156746871, 49.059433027952593 ], [ -58.323618046890473, 49.063323322458025 ], [ -58.3111105719005, 49.068602731719871 ], [ -58.297501658863915, 49.072220433607583 ], [ -58.29000000007651, 49.073051980166504 ], [ -58.281946197381593, 49.073050778885374 ], [ -58.273331079273675, 49.071937547669677 ], [ -58.240555396107638, 49.070273648767383 ], [ -58.223328569648636, 49.068328336118327 ], [ -58.215554412297067, 49.068328232411496 ], [ -58.189994917429694, 49.065543068588688 ], [ -58.171943331992267, 49.061934438048091 ], [ -58.158331875399647, 49.054993038754979 ], [ -58.152777362482979, 49.051100955989057 ], [ -58.143615468935351, 49.042494971383313 ], [ -58.131111779283188, 49.025551877417321 ], [ -58.123053374698557, 49.011939366064546 ], [ -58.114724685312467, 49.003608874115351 ], [ -58.098336041250555, 48.992218435140501 ], [ -58.084724283520323, 48.985267901807489 ], [ -58.077779660766048, 48.981933977846943 ], [ -58.060279259918985, 48.976096737115924 ], [ -58.050630996019223, 48.973349880478558 ] ] ] ] } },
{ "type": "Feature", "properties": { "fid": 5, "AREA": 0.06471, "PERIMETER": 0.9326, "BETUALLE_": 6, "BETUALLE_I": 34, "CODE": 1 }, "geometry": { "type": "MultiPolygon", "coordinates": [ [ [ [ -79.687569732895568, 48.526245848484017 ], [ -79.696170712496951, 48.523404338930568 ], [ -79.702937455702966, 48.521432821628487 ], [ -79.709819921956296, 48.51964522529785 ], [ -79.716814797494692, 48.51804805013785 ], [ -79.723905064543516, 48.516641578194111 ], [ -79.731078088438935, 48.515428913971789 ], [ -79.738322888469867, 48.514413358195164 ], [ -79.745624617410172, 48.513600065887417 ], [ -79.752971848976557, 48.512980765550331 ], [ -79.760352411200927, 48.51257015199139 ], [ -79.767754372282994, 48.512355288539716 ], [ -79.775163973014472, 48.512343774431407 ], [ -79.782567513769152, 48.51253630387567 ], [ -79.789953000280121, 48.512926858843038 ], [ -79.797308894587445, 48.513521002603269 ], [ -79.804618763094581, 48.514316815031862 ], [ -79.81187390629286, 48.515308672712095 ], [ -79.819058399875246, 48.51649933177908 ], [ -79.826161320784948, 48.517885220601883 ], [ -79.833170658523414, 48.519460338952769 ], [ -79.840074347516008, 48.521225597810869 ], [ -79.84685810232746, 48.523183957510938 ], [ -79.853513816146602, 48.525320662149014 ], [ -79.860029976214534, 48.527634390700136 ], [ -79.866388415095329, 48.530129965524345 ], [ -79.872585393180785, 48.532795450927601 ], [ -79.878608862392426, 48.535624861438883 ], [ -79.884445636967271, 48.53861669142389 ], [ -79.890086392982226, 48.541767581049903 ], [ -79.895523495711373, 48.545067453548256 ], [ -79.90074430515611, 48.548512567123375 ], [ -79.905741693799001, 48.552097515972818 ], [ -79.91050744091001, 48.555814463372613 ], [ -79.915031625242918, 48.55966229076045 ], [ -79.919307706126006, 48.563626442639944 ], [ -79.923325749087041, 48.567705799728472 ], [ -79.927079722863553, 48.571890475291809 ], [ -79.930566330010393, 48.576173203307356 ], [ -79.933773442467299, 48.58054800015644 ], [ -79.93670218430097, 48.585003499888145 ], [ -79.939340376791876, 48.589540626526642 ], [ -79.941689173961848, 48.59414109976025 ], [ -79.943742473215224, 48.598801933578784 ], [ -79.945493642777862, 48.603515469300028 ], [ -79.946942658892823, 48.608274810179395 ], [ -79.948087880786531, 48.613065954746084 ], [ -79.948924846135, 48.617886099208796 ], [ -79.949452999068129, 48.622723667951213 ], [ -79.949670654826306, 48.627571562874316 ], [ -79.949578909218687, 48.632418393754165 ], [ -79.949174948664222, 48.637261537643923 ], [ -79.948462651013955, 48.642085309243193 ], [ -79.947440293515939, 48.646889511737768 ], [ -79.946111192887244, 48.65166069470343 ], [ -79.944478630172469, 48.656392317260284 ], [ -79.942543709070918, 48.661072972992635 ], [ -79.940310280858597, 48.665693875560663 ], [ -79.937779942108193, 48.670255198579746 ], [ -79.934962684115249, 48.674737331034571 ], [ -79.93185789239277, 48.67914249199319 ], [ -79.928471089335332, 48.683462078296444 ], [ -79.924812808714478, 48.687681145746154 ], [ -79.920886365725394, 48.691793137303939 ], [ -79.916696694289428, 48.695798599467835 ], [ -79.912255437521907, 48.699685016621395 ], [ -79.907568149305817, 48.703443779411998 ], [ -79.902639780895342, 48.707075432226262 ], [ -79.897485874526367, 48.710565600455915 ], [ -79.892109738767616, 48.713914636755767 ], [ -79.886522487062848, 48.717112265004268 ], [ -79.880734629035771, 48.720157364636094 ], [ -79.874756204528381, 48.723037228274606 ], [ -79.868597169234846, 48.72575297798511 ], [ -79.862267530388237, 48.728298822754489 ], [ -79.855779525806525, 48.730666924231159 ], [ -79.849142559453156, 48.732860649723307 ], [ -79.842373898101783, 48.734865826857245 ], [ -79.835478506750306, 48.736689923984343 ], [ -79.828473095809088, 48.738321014068902 ], [ -79.821368225820208, 48.739757991683554 ], [ -79.814174977547083, 48.741004427852154 ], [ -79.806910077689764, 48.742048404132753 ], [ -79.799582387759429, 48.742895545331358 ], [ -79.792208588547879, 48.743540854180274 ], [ -79.784797599144625, 48.74398304638683 ], [ -79.777361595765925, 48.74422814114449 ], [ -79.769921205070602, 48.744262382070048 ], [ -79.762481351852017, 48.744100178060826 ], [ -79.755057638873865, 48.743734114695535 ], [ -79.747663954937394, 48.7431635030349 ], [ -79.740314699476187, 48.742392332042229 ], [ -79.733020960702959, 48.74142420587664 ], [ -79.725798340250648, 48.74025172396103 ], [ -79.718652890270235, 48.738884830472344 ], [ -79.711603392737118, 48.737330347680498 ], [ -79.704661047271458, 48.73557806237919 ], [ -79.697835138626701, 48.73364522831433 ], [ -79.691139597321808, 48.731524265134205 ], [ -79.684587138456791, 48.729218990075147 ], [ -79.678189829899779, 48.726742376997677 ], [ -79.671955474560164, 48.724090749723203 ], [ -79.66589893090034, 48.721272799587794 ], [ -79.660026267973095, 48.718291573129314 ], [ -79.654351249663591, 48.71515332994958 ], [ -79.648882667543518, 48.71186374722695 ], [ -79.643630961302648, 48.708428697275096 ], [ -79.63860548429129, 48.704851618536956 ], [ -79.633812202664274, 48.701142473831915 ], [ -79.629263189861319, 48.697307330660308 ], [ -79.624963894644509, 48.693351477154849 ], [ -79.62092141438329, 48.689280395566954 ], [ -79.617144494568549, 48.685099762349012 ], [ -79.613639570232024, 48.680824210556608 ], [ -79.610413217978191, 48.676454545617332 ], [ -79.607468553026905, 48.672005007406341 ], [ -79.604811566017091, 48.667478637505901 ], [ -79.602447667066471, 48.662880715190632 ], [ -79.600382186435866, 48.658223430346496 ], [ -79.598616066231301, 48.653516145910906 ], [ -79.597151974729783, 48.648761505325162 ], [ -79.595994655089058, 48.643973930248258 ], [ -79.595143388260396, 48.639162580874725 ], [ -79.594605293637429, 48.634326006030868 ], [ -79.594373462524842, 48.629484164733505 ], [ -79.59445278323102, 48.624637644310397 ], [ -79.59484360943074, 48.619798028364322 ], [ -79.59554414279809, 48.614972029844843 ], [ -79.596550282188204, 48.610175313681246 ], [ -79.597864764459345, 48.60540358948456 ], [ -79.599482916145149, 48.600674755548752 ], [ -79.601399067324436, 48.595997362788744 ], [ -79.603615384863303, 48.591369352587279 ], [ -79.606124403118201, 48.586812897477614 ], [ -79.608923340834664, 48.582325349365291 ], [ -79.612004817614576, 48.577921966047938 ], [ -79.615367711403223, 48.573600291096689 ], [ -79.619000775145906, 48.569377427388361 ], [ -79.622900597385453, 48.565259869039195 ], [ -79.627059393418349, 48.561251286140624 ], [ -79.631472111411057, 48.557357975837824 ], [ -79.636128178803276, 48.553587888644856 ], [ -79.64102083477681, 48.549954035145888 ], [ -79.646143538446864, 48.546448697208454 ], [ -79.651481218369753, 48.543090821724604 ], [ -79.657030576657036, 48.539879989373041 ], [ -79.662779929414626, 48.536828627192413 ], [ -79.668717806567372, 48.533928436046885 ], [ -79.674835770738397, 48.531199142509735 ], [ -79.681124012974465, 48.528632644001242 ], [ -79.687569732895568, 48.526245848484017 ] ] ] ] } },
{ "type": "Feature", "properties": { "fid": 7, "AREA": 1.79578, "PERIMETER": 20.41191, "BETUALLE_": 8, "BETUALLE_I": 1, "CODE": 1 }, "geometry": { "type": "MultiPolygon", "coordinates": [ [ [ [ -53.675714708421296, 48.022828078164977 ], [ -53.652220896156074, 48.033881294608427 ], [ -53.621384086821145, 48.047219513532518 ], [ -53.60777877399449, 48.051102313529022 ], [ -53.605834080038747, 48.046386217528564 ], [ -53.610284933894484, 48.040275139064583 ], [ -53.615554582164563, 48.03527077588182 ], [ -53.618889908347491, 48.029434731677959 ], [ -53.618850162501708, 48.028900659694123 ], [ -53.61777439605649, 48.014442452804083 ], [ -53.616662335546174, 48.009438248879171 ], [ -53.619163374668872, 47.998878298956946 ], [ -53.622498200725282, 47.993051052911952 ], [ -53.632773497303944, 47.982490498710938 ], [ -53.649994726967634, 47.970824314514708 ], [ -53.650277231582791, 47.965545468533342 ], [ -53.649445856766185, 47.960549102347805 ], [ -53.651388592358096, 47.955269295448879 ], [ -53.663330584904017, 47.9486006958807 ], [ -53.668891571767823, 47.944151899129437 ], [ -53.670280471149333, 47.928603294144246 ], [ -53.673888884320654, 47.922767759420701 ], [ -53.68360760793739, 47.911659421787178 ], [ -53.692770597373382, 47.899436718874689 ], [ -53.698609284632703, 47.896102012127017 ], [ -53.706666012374257, 47.896384987854461 ], [ -53.715005816840126, 47.898605037297244 ], [ -53.729164083292304, 47.905822276962382 ], [ -53.736663255491216, 47.905266314560492 ], [ -53.7638935045061, 47.899161948192521 ], [ -53.788056231091744, 47.90054464488248 ], [ -53.788337245088307, 47.895827317904832 ], [ -53.762778598322903, 47.890272616093235 ], [ -53.746949725097792, 47.889717133425258 ], [ -53.73082855528088, 47.88721441913092 ], [ -53.724440603925672, 47.883331358211812 ], [ -53.729440047139427, 47.872214896914073 ], [ -53.734726784734285, 47.866935988500686 ], [ -53.732496318131773, 47.862213322233664 ], [ -53.726103433310037, 47.858604436389733 ], [ -53.722495251030352, 47.854162987562013 ], [ -53.7216655558234, 47.849434559156187 ], [ -53.723607829486966, 47.843880130409609 ], [ -53.737779365647164, 47.826659570235535 ], [ -53.763061422983128, 47.800544017400647 ], [ -53.767775707338991, 47.794441741512557 ], [ -53.778610425923539, 47.783606602810998 ], [ -53.787506500367549, 47.773049114723264 ], [ -53.793335764773126, 47.768600400590316 ], [ -53.801392664571509, 47.76998903536154 ], [ -53.807501459382244, 47.773605165987782 ], [ -53.825561917015534, 47.794997068570453 ], [ -53.832504895058229, 47.804435875505696 ], [ -53.847494779177026, 47.820830696038279 ], [ -53.860833712755323, 47.833327778173413 ], [ -53.870834877470713, 47.841102201502437 ], [ -53.874442217989902, 47.84554378029047 ], [ -53.888336636693005, 47.852492774486358 ], [ -53.897781547094418, 47.855827251299679 ], [ -53.913611497697644, 47.857215754086134 ], [ -53.927780029373658, 47.855270388948504 ], [ -53.930282465281124, 47.849160435694905 ], [ -53.927222119720874, 47.844994118899486 ], [ -53.922501248166917, 47.841101853337854 ], [ -53.90610608820667, 47.838599564250401 ], [ -53.897500298509065, 47.836380026434796 ], [ -53.883329834271429, 47.829437268608643 ], [ -53.878053250778763, 47.825271839762593 ], [ -53.873327929248234, 47.821380334649575 ], [ -53.871665055868057, 47.816100368439351 ], [ -53.871940414687963, 47.806381350697997 ], [ -53.864167905586044, 47.803046982648077 ], [ -53.857781538862618, 47.799164129323067 ], [ -53.854445266358496, 47.794997839179587 ], [ -53.852501008236139, 47.785269712097431 ], [ -53.853891195340303, 47.770270747025677 ], [ -53.852782949329068, 47.76527369473277 ], [ -53.850556220946565, 47.760552521805714 ], [ -53.835558061959183, 47.748603441585189 ], [ -53.831947507760347, 47.744437123197535 ], [ -53.829726639572833, 47.729713767672258 ], [ -53.830000775308434, 47.724434047850792 ], [ -53.829170348277991, 47.71943691946769 ], [ -53.835555391726231, 47.717209260460841 ], [ -53.8505569258243, 47.71693447608569 ], [ -53.857505100111531, 47.715270406956506 ], [ -53.857507057938747, 47.710823271948108 ], [ -53.846108740177819, 47.703048779404718 ], [ -53.837501470746155, 47.699433080736782 ], [ -53.825563138779046, 47.692214687640998 ], [ -53.821387627591804, 47.687765967880544 ], [ -53.819999174356141, 47.683327030050698 ], [ -53.817504517478504, 47.678878832513213 ], [ -53.813331638546742, 47.67416469649438 ], [ -53.803054917235976, 47.666939862198369 ], [ -53.781389128942926, 47.655822226586025 ], [ -53.774443858320147, 47.642493257408489 ], [ -53.773611351509423, 47.637497356511972 ], [ -53.766397451642518, 47.629157866697795 ], [ -53.76083461021436, 47.619987464212272 ], [ -53.759727652796748, 47.615272966224261 ], [ -53.760283139821432, 47.609992921252982 ], [ -53.751112234192753, 47.608329961676752 ], [ -53.745278303662076, 47.610276435957616 ], [ -53.728880745318087, 47.624436290754673 ], [ -53.72555397038272, 47.63027170478064 ], [ -53.721939557238734, 47.641381006386879 ], [ -53.718603906958741, 47.647216699387734 ], [ -53.71305810454885, 47.651382331994164 ], [ -53.708609629684858, 47.657494521070632 ], [ -53.705277650528885, 47.663322052755845 ], [ -53.703330660762546, 47.668884872642245 ], [ -53.702499463927374, 47.674438648555238 ], [ -53.699723523929443, 47.679718442713479 ], [ -53.694999507967403, 47.685822115561976 ], [ -53.688607006027638, 47.688324711239368 ], [ -53.679999219494974, 47.686103422079441 ], [ -53.66499989677304, 47.674163051839606 ], [ -53.664718204263345, 47.663878435615665 ], [ -53.668059537714363, 47.658043693905718 ], [ -53.673614583860733, 47.652489177872283 ], [ -53.677779549591229, 47.646941854610127 ], [ -53.69805166735631, 47.626098913647127 ], [ -53.702498988838052, 47.619987744010366 ], [ -53.708893953318714, 47.608604338816662 ], [ -53.712500092549455, 47.59804558617823 ], [ -53.711387926834782, 47.593323084106586 ], [ -53.708053761835991, 47.588882182699145 ], [ -53.698883475561267, 47.585822711081363 ], [ -53.692496529926842, 47.588325666515168 ], [ -53.680557389261118, 47.596381178291573 ], [ -53.672775775345812, 47.597489317788259 ], [ -53.66889018942139, 47.593879559977289 ], [ -53.669997839510977, 47.583603804490252 ], [ -53.66833557490699, 47.573608040994174 ], [ -53.659163480008708, 47.570549216103316 ], [ -53.6538862780749, 47.574996605226382 ], [ -53.646949776858825, 47.576384362722429 ], [ -53.639167796642006, 47.573051900810142 ], [ -53.639725309777191, 47.567773219417703 ], [ -53.648887542141999, 47.555548784877381 ], [ -53.654997939040179, 47.549162961545377 ], [ -53.66082733390725, 47.538331214992397 ], [ -53.666665201225001, 47.521659577946792 ], [ -53.658890993242622, 47.521376797410483 ], [ -53.647500259826977, 47.528877245993819 ], [ -53.631111390518683, 47.543328105742262 ], [ -53.624442249718768, 47.554710579699787 ], [ -53.617774344408446, 47.556380035152685 ], [ -53.613334370134076, 47.55165734800795 ], [ -53.609723877144077, 47.542770903535988 ], [ -53.606108222590542, 47.538604170187682 ], [ -53.59722159424944, 47.536942369068598 ], [ -53.585275338293783, 47.541938076199081 ], [ -53.578057460656403, 47.542496486059932 ], [ -53.570281623470848, 47.539162594560153 ], [ -53.559166223088177, 47.531380901720212 ], [ -53.550552766340537, 47.529160266245178 ], [ -53.545280316432667, 47.534438933257945 ], [ -53.545006191268456, 47.539719316232173 ], [ -53.542503634316439, 47.550270624831242 ], [ -53.547784030573453, 47.559715611934401 ], [ -53.556664970012768, 47.567496804281681 ], [ -53.560279914346104, 47.571936574520549 ], [ -53.559723889760335, 47.576941554194178 ], [ -53.554716862689027, 47.582214272585993 ], [ -53.541113593664022, 47.585265968708399 ], [ -53.535560426525954, 47.589430688069946 ], [ -53.537781303028147, 47.593880358712276 ], [ -53.541387740008219, 47.598328222166643 ], [ -53.547499559436019, 47.601936961488292 ], [ -53.557502346360039, 47.609992854093463 ], [ -53.561111021957217, 47.614440457350469 ], [ -53.561943574772563, 47.619156524887799 ], [ -53.558609629927872, 47.624992790871332 ], [ -53.546394463842759, 47.630820997008925 ], [ -53.539169380745292, 47.631378533096722 ], [ -53.531388600260499, 47.627768972554293 ], [ -53.521941489751356, 47.614716295001024 ], [ -53.5144496880879, 47.614441204330802 ], [ -53.513617728999634, 47.61943769051053 ], [ -53.515837365609499, 47.624161600550273 ], [ -53.519448890397804, 47.628325904003667 ], [ -53.517501729633345, 47.633880183585511 ], [ -53.512223726664004, 47.638046548092973 ], [ -53.506109235677293, 47.641380687113212 ], [ -53.505562421649536, 47.64665994783617 ], [ -53.507783830665382, 47.651382401301923 ], [ -53.511391941488469, 47.655548379534025 ], [ -53.516661460508693, 47.664993171647517 ], [ -53.510834892901819, 47.66693905749645 ], [ -53.503333491461689, 47.667495855876709 ], [ -53.496948786004722, 47.669991328957714 ], [ -53.485000409924773, 47.678047163916517 ], [ -53.48055301959905, 47.682495344295646 ], [ -53.477217234378081, 47.688323778512498 ], [ -53.478049809941226, 47.693322092968394 ], [ -53.481667166590796, 47.697487343702228 ], [ -53.493058806263697, 47.705268846837484 ], [ -53.495832464006575, 47.710273974511132 ], [ -53.495833694842659, 47.71471264667418 ], [ -53.498337827624489, 47.729430342651661 ], [ -53.497780935050869, 47.734718422465725 ], [ -53.49583458374628, 47.740271403119912 ], [ -53.491111033680859, 47.746382344687667 ], [ -53.485832591260305, 47.750550277062693 ], [ -53.461389498397423, 47.763053664564289 ], [ -53.455835137665169, 47.767211539799064 ], [ -53.455277212432975, 47.772491020172069 ], [ -53.457503144804399, 47.776938759354586 ], [ -53.463889639227915, 47.78082316336728 ], [ -53.466109042558244, 47.785270979992198 ], [ -53.464723350462869, 47.795829738179201 ], [ -53.461113704252845, 47.806656462504051 ], [ -53.45471813609177, 47.81054749863614 ], [ -53.447220844286385, 47.809716156756153 ], [ -53.440552928687211, 47.811104672165868 ], [ -53.438333657952334, 47.817214518567781 ], [ -53.440277923960899, 47.826386412526112 ], [ -53.439719661137225, 47.831664921425094 ], [ -53.434997336857933, 47.837767726724962 ], [ -53.419724041515742, 47.853049427159661 ], [ -53.414160018424724, 47.85749886161593 ], [ -53.398611383892764, 47.872764936043602 ], [ -53.39222792390099, 47.875268317990411 ], [ -53.385002649186646, 47.875825104206392 ], [ -53.376107209201805, 47.872764344515154 ], [ -53.363333747801306, 47.86527340189533 ], [ -53.355836499093165, 47.865829421824138 ], [ -53.356948139953921, 47.870827738702992 ], [ -53.368056410452674, 47.893882428893107 ], [ -53.362220980947882, 47.898047333079369 ], [ -53.350280117463825, 47.904708867046288 ], [ -53.345275438323306, 47.909713182035205 ], [ -53.341666465901454, 47.915541621860626 ], [ -53.334725193787534, 47.932213665207023 ], [ -53.326669390409904, 47.944153024416075 ], [ -53.320000794857272, 47.955825198278418 ], [ -53.318062277009062, 47.961379865497022 ], [ -53.311384245244888, 47.972763479885572 ], [ -53.309440156331348, 47.978324502157726 ], [ -53.306106564565475, 47.984160856364625 ], [ -53.290839693206209, 47.999434913668779 ], [ -53.274444788627996, 48.013329718825965 ], [ -53.260832257038757, 48.016105230814226 ], [ -53.245002513315605, 48.01527409479251 ], [ -53.238891870571351, 48.017770018708077 ], [ -53.221938865830417, 48.030549172856475 ], [ -53.216110533769097, 48.033606460834662 ], [ -53.202224674476348, 48.03665878988312 ], [ -53.185271369162756, 48.03305135211167 ], [ -53.17916987224509, 48.036385382801726 ], [ -53.174446997575124, 48.042496763293038 ], [ -53.170555805451521, 48.053603535202797 ], [ -53.166108119774911, 48.059433677274967 ], [ -53.160277002715908, 48.063880405414949 ], [ -53.153885678760936, 48.06610161184306 ], [ -53.145552305283715, 48.066383995030257 ], [ -53.138894276801196, 48.063323889614523 ], [ -53.132498203315073, 48.059432683287419 ], [ -53.122497798333619, 48.051384515221443 ], [ -53.115006677448903, 48.043327905260668 ], [ -53.109999726518836, 48.039435401804006 ], [ -53.101942946574816, 48.038046702846295 ], [ -53.095000606270432, 48.039435002519468 ], [ -53.081947632932433, 48.045830193856595 ], [ -53.069450981675999, 48.049994776501286 ], [ -53.053329479762844, 48.04972009529353 ], [ -53.041945968010452, 48.055824546878654 ], [ -53.036667879322458, 48.060822425137168 ], [ -53.028609897602905, 48.072767906437534 ], [ -53.022771955643634, 48.076103567708749 ], [ -53.008896376058964, 48.078879271746061 ], [ -52.996949146809747, 48.08638058682638 ], [ -52.974715222890481, 48.116385686280083 ], [ -52.968886714514746, 48.120827225544652 ], [ -52.963890533346671, 48.127487063001006 ], [ -52.959723228485409, 48.143051763661184 ], [ -52.956389910593494, 48.148604035928642 ], [ -52.926948320464938, 48.169990055438852 ], [ -52.919997140431676, 48.171378374142847 ], [ -52.919725095622191, 48.169158379397814 ], [ -52.909995390396872, 48.166381658097926 ], [ -52.902221570852078, 48.16304699905735 ], [ -52.886114973111212, 48.151099838047685 ], [ -52.881944291558661, 48.147491186294737 ], [ -52.878609359049477, 48.143052072823089 ], [ -52.873329305475913, 48.133605581168112 ], [ -52.86721662711134, 48.125267428341495 ], [ -52.862221935617434, 48.121101067531249 ], [ -52.849724855281465, 48.11360909543702 ], [ -52.841942671246059, 48.110275921064215 ], [ -52.835557056894281, 48.106384633357088 ], [ -52.83139010585586, 48.101661395194739 ], [ -52.832777369599214, 48.096939105677563 ], [ -52.838890263105021, 48.093605388731653 ], [ -52.846108178219865, 48.091658852892266 ], [ -52.860283303293798, 48.089714793865731 ], [ -52.86583656372769, 48.085265981339759 ], [ -52.871940319395456, 48.082213973542146 ], [ -52.880280611993115, 48.083329289357039 ], [ -52.898055142555286, 48.090546104225403 ], [ -52.90416868221709, 48.089713767226471 ], [ -52.91138394248857, 48.088043816508183 ], [ -52.91750398889473, 48.084715810022317 ], [ -52.92833822677818, 48.075554865600253 ], [ -52.931671738898984, 48.069717771782315 ], [ -52.930833458440169, 48.064712703422735 ], [ -52.931945837191606, 48.058882512060649 ], [ -52.936386648338242, 48.054435225555864 ], [ -52.953887440352524, 48.042771265692117 ], [ -52.955832773423566, 48.037216166494368 ], [ -52.955001945151459, 48.032494707788572 ], [ -52.952782783984112, 48.027771278759332 ], [ -52.949440037916084, 48.023322746370887 ], [ -52.948606865091953, 48.018600502640638 ], [ -52.94916377147441, 48.013328821017588 ], [ -52.953889267478822, 48.00721776772221 ], [ -52.974168047296587, 47.985824915691332 ], [ -52.990838240617478, 47.973045014539011 ], [ -53.009171812290816, 47.961662070759694 ], [ -53.031111793313869, 47.94554108041752 ], [ -53.046949608000233, 47.930824586295628 ], [ -53.058051107151186, 47.922492603122322 ], [ -53.059998762912358, 47.916938417089682 ], [ -53.05944068725627, 47.896661066637421 ], [ -53.060281510622922, 47.89166260804484 ], [ -53.059441502150243, 47.886658539999594 ], [ -53.061943389640547, 47.880546200680747 ], [ -53.061943531731572, 47.876098036045079 ], [ -53.055557294647855, 47.872214218949026 ], [ -53.053330602639576, 47.86776785606493 ], [ -53.058332397272174, 47.861664305610269 ], [ -53.070839430956944, 47.854438735227795 ], [ -53.075836294649882, 47.850829800663256 ], [ -53.081117344922859, 47.845542289249572 ], [ -53.084441787152144, 47.839714497280092 ], [ -53.090277291108571, 47.82332561201013 ], [ -53.095000914366665, 47.817214862276813 ], [ -53.101393156420393, 47.813324316872993 ], [ -53.126105455171967, 47.802772215030991 ], [ -53.1322168305594, 47.798607240244792 ], [ -53.136949101733457, 47.794159124831836 ], [ -53.143614534161337, 47.782493694947725 ], [ -53.149444795838356, 47.766105603226052 ], [ -53.15916501568995, 47.754996381135065 ], [ -53.170282016618145, 47.746383716750181 ], [ -53.196661771184708, 47.737769638661085 ], [ -53.202225349126913, 47.733603380757074 ], [ -53.204170746828993, 47.728325367540364 ], [ -53.200553777624677, 47.723878078549703 ], [ -53.183884607555456, 47.720268707722845 ], [ -53.176110091614404, 47.719985770272729 ], [ -53.168061758079624, 47.718597715222273 ], [ -53.162773380243991, 47.714714424946848 ], [ -53.166390010250261, 47.708885743525379 ], [ -53.171386077382884, 47.70360493951349 ], [ -53.18305964207692, 47.694710287682007 ], [ -53.184441406781929, 47.689711803046499 ], [ -53.169997438984417, 47.692213794271801 ], [ -53.163053958700743, 47.692214493486354 ], [ -53.156660947523235, 47.688598356135898 ], [ -53.158608078669957, 47.68305243937489 ], [ -53.174171732079834, 47.667495531579391 ], [ -53.176109845881477, 47.662209100206852 ], [ -53.176392439707399, 47.656937527849216 ], [ -53.178336750855756, 47.651381835100558 ], [ -53.183607754893977, 47.646385746504016 ], [ -53.201666898356692, 47.636382639933586 ], [ -53.221105809830263, 47.628601527130392 ], [ -53.240836478098998, 47.622489906406997 ], [ -53.253058345414587, 47.617210462349952 ], [ -53.259726606878566, 47.615829725708927 ], [ -53.265006938949114, 47.611664314661283 ], [ -53.267218401102184, 47.606101577239819 ], [ -53.250000509057152, 47.601662744331868 ], [ -53.235000522721407, 47.603325682832043 ], [ -53.22888035967425, 47.605271127105823 ], [ -53.217498550329694, 47.612770056604376 ], [ -53.210555145693412, 47.614158355224845 ], [ -53.20583288887245, 47.609993550216331 ], [ -53.2091674974032, 47.604437742312683 ], [ -53.22138266508523, 47.597213468355875 ], [ -53.226943896709727, 47.594437304037413 ], [ -53.240279043074231, 47.590545287097861 ], [ -53.252784694700431, 47.584990381295547 ], [ -53.254721885628996, 47.579438056511414 ], [ -53.248336738787131, 47.575554221193471 ], [ -53.240837503164556, 47.575272609532654 ], [ -53.233885266055097, 47.576659993162636 ], [ -53.220831746900515, 47.581382854414919 ], [ -53.20249981961733, 47.590545793944187 ], [ -53.196386700240822, 47.592766054555653 ], [ -53.184439589362732, 47.599433782663468 ], [ -53.177781000423771, 47.601935604184739 ], [ -53.170553432361622, 47.602493135354628 ], [ -53.16972479799152, 47.597487712390205 ], [ -53.174445221780068, 47.591375986948158 ], [ -53.18638612826723, 47.584717460902922 ], [ -53.238051324326094, 47.566665145973467 ], [ -53.255836458147861, 47.556655025370006 ], [ -53.261115996946479, 47.551657453322164 ], [ -53.261674526349061, 47.546386073325017 ], [ -53.255279897389975, 47.542770369976729 ], [ -53.247223579598, 47.541380955182326 ], [ -53.232772487052223, 47.542496668787585 ], [ -53.218604287302277, 47.544441372396079 ], [ -53.204719869676055, 47.548882414827347 ], [ -53.193054961961387, 47.553878038351648 ], [ -53.185829881943789, 47.554435286065029 ], [ -53.182220305879753, 47.550270702608664 ], [ -53.181390099411971, 47.545273366509839 ], [ -53.181669644831914, 47.529991809285754 ], [ -53.180832364360796, 47.524994890600716 ], [ -53.182501796199169, 47.509436747302423 ], [ -53.186385485732977, 47.498604263509847 ], [ -53.200835617908687, 47.481376929558721 ], [ -53.20444616010716, 47.475547910623987 ], [ -53.206389852708917, 47.46998517654071 ], [ -53.198051809778782, 47.468596940140124 ], [ -53.185828754236937, 47.474433728514185 ], [ -53.175561485610274, 47.484718304579737 ], [ -53.166389080537208, 47.496941060535761 ], [ -53.160551494034593, 47.501105986713277 ], [ -53.153053754369012, 47.497490902491158 ], [ -53.152221200685574, 47.492766612596597 ], [ -53.152777685389282, 47.487495836865058 ], [ -53.152221188487218, 47.471932332383354 ], [ -53.153884977327309, 47.466934562800382 ], [ -53.158890847617712, 47.461936763170399 ], [ -53.177222051847544, 47.452773323166362 ], [ -53.183609889501881, 47.45054734803054 ], [ -53.195548874370623, 47.443876912589758 ], [ -53.199721461681079, 47.438323948875464 ], [ -53.197496596054727, 47.433875647630167 ], [ -53.189995928216064, 47.430275626265612 ], [ -53.182220518783843, 47.429991614604674 ], [ -53.175559556861401, 47.43138198637147 ], [ -53.163611825702439, 47.43804239363719 ], [ -53.152495818278702, 47.446379469122654 ], [ -53.145836170283701, 47.448043703906258 ], [ -53.135832914714079, 47.439987702779774 ], [ -53.123329427524958, 47.432496047613554 ], [ -53.123884583068573, 47.427215384018972 ], [ -53.130552790179642, 47.415543101713148 ], [ -53.12833503265513, 47.411102118928348 ], [ -53.121940281527927, 47.413322280353043 ], [ -53.111945175239732, 47.423607749751213 ], [ -53.083062345746711, 47.458328543689177 ], [ -53.065835547909373, 47.469985389444417 ], [ -53.053887516650533, 47.476653251001295 ], [ -53.047500072443412, 47.478873377067565 ], [ -53.023056941178929, 47.492768349835117 ], [ -53.018056779669003, 47.4963841594559 ], [ -53.01306272701369, 47.501388393459386 ], [ -53.00084071826091, 47.507217410811485 ], [ -52.995000627803577, 47.511383527697191 ], [ -52.951667004090531, 47.530823390687011 ], [ -52.919165990745753, 47.541664498262364 ], [ -52.907219490409815, 47.548331267170489 ], [ -52.89694982548307, 47.558600445934196 ], [ -52.878607387611893, 47.587494082253208 ], [ -52.859725347763245, 47.610825033443412 ], [ -52.849168114936873, 47.62110080013364 ], [ -52.84249931543912, 47.632766361740622 ], [ -52.840552195378692, 47.638327918913134 ], [ -52.837502298322256, 47.654158562838198 ], [ -52.838890125032719, 47.663880131102523 ], [ -52.841109358084324, 47.668600986876903 ], [ -52.841667213497423, 47.673325629781971 ], [ -52.840552379053754, 47.683876344654408 ], [ -52.823889112264979, 47.722763239018008 ], [ -52.820556451040325, 47.728600488136181 ], [ -52.815832150514701, 47.734436451467289 ], [ -52.80916642507097, 47.746101960574613 ], [ -52.805276260418097, 47.756941942900923 ], [ -52.803329410740808, 47.768051765975606 ], [ -52.798887780641408, 47.784164946524832 ], [ -52.791388120581054, 47.795548063995277 ], [ -52.785559204957529, 47.799721449679446 ], [ -52.779443034887613, 47.80304735078947 ], [ -52.770553700792199, 47.79972097661296 ], [ -52.766394384276708, 47.790549558991451 ], [ -52.756950380850469, 47.77721339703276 ], [ -52.755004547103667, 47.772491814807353 ], [ -52.750838697665195, 47.768050737995779 ], [ -52.745001935207256, 47.764441904170859 ], [ -52.71167028251628, 47.757218343252553 ], [ -52.704168729540385, 47.75388363041391 ], [ -52.700553643667604, 47.749435291648169 ], [ -52.698609763103676, 47.744712396878292 ], [ -52.696945299950663, 47.734993305533848 ], [ -52.697777445813735, 47.729713547872564 ], [ -52.69694403013677, 47.724989952374649 ], [ -52.698607227800821, 47.709434622849251 ], [ -52.696663457206981, 47.694710112140363 ], [ -52.698608377273565, 47.689156643346905 ], [ -52.705276142195174, 47.677489780432779 ], [ -52.710831477842952, 47.671935704510034 ], [ -52.714445983780301, 47.666098712239823 ], [ -52.709441555068025, 47.661933210491995 ], [ -52.693052402343127, 47.659432013612268 ], [ -52.685553993662339, 47.655822077857991 ], [ -52.677781003696666, 47.655548818443528 ], [ -52.664444691953236, 47.660820177831546 ], [ -52.657774129816417, 47.657494004943409 ], [ -52.656388673680382, 47.652488711681421 ], [ -52.656385437013498, 47.647774046285015 ], [ -52.652496491731569, 47.623320777050807 ], [ -52.648339968721025, 47.613883450576182 ], [ -52.646112058007255, 47.599158689609617 ], [ -52.651665353322123, 47.588043416444435 ], [ -52.656662793358848, 47.583052924742404 ], [ -52.684442174183403, 47.56193574367768 ], [ -52.688048470454675, 47.556097683976432 ], [ -52.688604868854071, 47.551102198866268 ], [ -52.680555790436998, 47.54972133382504 ], [ -52.674721022742673, 47.553879439044962 ], [ -52.674720076565031, 47.543609228334091 ], [ -52.648337678925579, 47.528876822232291 ], [ -52.631941615051424, 47.525268571049416 ], [ -52.623330369216433, 47.524712247573682 ], [ -52.616659514607591, 47.521377677320018 ], [ -52.614449799584818, 47.516661825893117 ], [ -52.620276583464573, 47.500273726047894 ], [ -52.625833180632881, 47.489158239858845 ], [ -52.631386549896114, 47.484992384805828 ], [ -52.639168511703645, 47.485267930025643 ], [ -52.64639285730744, 47.48332857097391 ], [ -52.662216921659194, 47.470544224259996 ], [ -52.668610363136459, 47.468047512247068 ], [ -52.682502724154183, 47.465270561234313 ], [ -52.688048992298398, 47.461104810712278 ], [ -52.684439379567308, 47.456656666487376 ], [ -52.653328723674434, 47.437768193173127 ], [ -52.649993932487313, 47.433602432980294 ], [ -52.650550612152941, 47.428328962593341 ], [ -52.655830281059927, 47.42332458272422 ], [ -52.685555588990802, 47.406936280340595 ], [ -52.696945643159225, 47.399438012231592 ], [ -52.702500309371899, 47.394156635443778 ], [ -52.710829135343964, 47.377212351304728 ], [ -52.718055112963455, 47.364998899882551 ], [ -52.725273248648151, 47.348328702281869 ], [ -52.728332831575635, 47.343322336781455 ], [ -52.732216496027625, 47.332214930333976 ], [ -52.735559273404569, 47.326659836725113 ], [ -52.73943915089, 47.315544773703252 ], [ -52.743056418544967, 47.309715129710114 ], [ -52.772773513873346, 47.309714759185262 ], [ -52.787506752903937, 47.308045121297305 ], [ -52.793336235393447, 47.306380781232662 ], [ -52.796951076871558, 47.300545844492724 ], [ -52.790839611976473, 47.296660559489716 ], [ -52.774443255304639, 47.295547168711458 ], [ -52.759169779664688, 47.293326828715642 ], [ -52.761116497777827, 47.287774048294509 ], [ -52.773886653951934, 47.283050273438221 ], [ -52.800834964773173, 47.276382788119051 ], [ -52.806662610966924, 47.273047389921032 ], [ -52.809996730076108, 47.267212492686212 ], [ -52.807777893035372, 47.262771848103021 ], [ -52.797500125663035, 47.249718427019587 ], [ -52.796952624587227, 47.244712314484119 ], [ -52.802223269515153, 47.24054667847544 ], [ -52.818894048565788, 47.244156426159492 ], [ -52.819450924143432, 47.239157591012564 ], [ -52.818609732980441, 47.234161696203721 ], [ -52.818611727069587, 47.224160418908184 ], [ -52.831672990593788, 47.201104425949673 ], [ -52.832504996232423, 47.195824409706063 ], [ -52.831672142674321, 47.190827239222088 ], [ -52.833062304322368, 47.180550484573665 ], [ -52.836113502645084, 47.174714509110771 ], [ -52.841667975106304, 47.170548461617784 ], [ -52.847779010137302, 47.167213610217239 ], [ -52.849723242629416, 47.16165984858835 ], [ -52.847779426288746, 47.157210502135513 ], [ -52.843886795542318, 47.152771989836715 ], [ -52.845275672081208, 47.142494379211222 ], [ -52.849723443788221, 47.136382761338261 ], [ -52.85555832725224, 47.130546943885818 ], [ -52.858336941485462, 47.125549162465624 ], [ -52.862222252779333, 47.11444091592363 ], [ -52.863617714656755, 47.104165363110766 ], [ -52.865555647319411, 47.098601437904229 ], [ -52.871383304802499, 47.095269197804974 ], [ -52.885002218544457, 47.092490846997975 ], [ -52.913887513378626, 47.090546867432586 ], [ -52.92028208023644, 47.088882304253126 ], [ -52.928337651504187, 47.089432066952206 ], [ -52.93443926969492, 47.086937161016408 ], [ -52.926947085130791, 47.083603348840612 ], [ -52.920837798284616, 47.079720631925454 ], [ -52.894164158882063, 47.071937390749959 ], [ -52.878884751960953, 47.069442256658064 ], [ -52.848334585587502, 47.067772833475189 ], [ -52.843612572915681, 47.063881802792324 ], [ -52.84416356189648, 47.058600884952483 ], [ -52.848883967361161, 47.052489148321087 ], [ -52.855835243430548, 47.051933679014901 ], [ -52.864449262132602, 47.054436775890487 ], [ -52.871664193707446, 47.053878730898269 ], [ -52.873610438139167, 47.048331706883324 ], [ -52.861114300360306, 47.03527009086698 ], [ -52.856108187227953, 47.026657804636372 ], [ -52.852782722948568, 47.022490534629554 ], [ -52.876944705915001, 47.010276311968049 ], [ -52.889998385855336, 47.006386471871096 ], [ -52.89527866918305, 47.001387752724355 ], [ -52.895836592470154, 46.99610155995704 ], [ -52.892226720256893, 46.991661798648472 ], [ -52.886115776394995, 46.988043502450893 ], [ -52.881384519736955, 46.9838790408417 ], [ -52.87916440707658, 46.979431610034752 ], [ -52.884171708307854, 46.974158786383541 ], [ -52.898614405136321, 46.971656214885002 ], [ -52.903885365716221, 46.968047922812815 ], [ -52.89749995182973, 46.964156540144124 ], [ -52.890000285071785, 46.960824233683162 ], [ -52.886391241068161, 46.956381804735287 ], [ -52.884445139525354, 46.951933978526839 ], [ -52.884171333894869, 46.941658914818312 ], [ -52.886115555728814, 46.936378381488097 ], [ -52.889166129613116, 46.931106423641609 ], [ -52.893890739799673, 46.924996555813422 ], [ -52.899728906839016, 46.921935521304022 ], [ -52.905557023500364, 46.916938933293146 ], [ -52.909996177231847, 46.911658056443436 ], [ -52.911665888212305, 46.906097774266868 ], [ -52.914160455639319, 46.885269907052795 ], [ -52.919999505148411, 46.868881523366511 ], [ -52.929725685018504, 46.851661828780095 ], [ -52.933608794338618, 46.840545059003745 ], [ -52.934439568612632, 46.835548243374703 ], [ -52.93277620736248, 46.825554715590059 ], [ -52.934997997739977, 46.804992197634959 ], [ -52.936943044913718, 46.799437514105136 ], [ -52.938330240043726, 46.789162458403588 ], [ -52.944161771308274, 46.785827171587357 ], [ -52.950836491898933, 46.784438211453789 ], [ -52.956946791996991, 46.781937403984166 ], [ -52.963616851601877, 46.778045858710165 ], [ -52.966110591199289, 46.767495347433794 ], [ -52.96888578996338, 46.762214285482742 ], [ -52.974440803940666, 46.758048110703868 ], [ -52.980827814169693, 46.756659959696051 ], [ -52.995833839315246, 46.756386604207805 ], [ -53.001945818764817, 46.75416464028865 ], [ -53.023886360302285, 46.738883222669791 ], [ -53.028610807576506, 46.73276618253896 ], [ -53.031669171494016, 46.726936974087828 ], [ -53.037781925772371, 46.709990989827929 ], [ -53.043890383425982, 46.698876140343067 ], [ -53.057776753712304, 46.680823053835482 ], [ -53.062773653980081, 46.675826078853532 ], [ -53.066108721868652, 46.669991787087753 ], [ -53.075560847306164, 46.658599970632061 ], [ -53.090835054857628, 46.643325763699025 ], [ -53.102501619966915, 46.636657793439618 ], [ -53.122771235974852, 46.632492444240945 ], [ -53.128882837664321, 46.629990026424736 ], [ -53.135831959724221, 46.628601294750894 ], [ -53.142228055688598, 46.62554982263417 ], [ -53.161109933104555, 46.619987260234026 ], [ -53.169164955812761, 46.619713270974131 ], [ -53.192497403063143, 46.623321530938924 ], [ -53.207220296577162, 46.630271831599913 ], [ -53.213334750129242, 46.633880692169114 ], [ -53.232772808952944, 46.649993447397591 ], [ -53.242774252431154, 46.663603433914467 ], [ -53.253058485835481, 46.68110591173572 ], [ -53.253059967273686, 46.691101314746724 ], [ -53.253889495040198, 46.696098248151841 ], [ -53.256112270929627, 46.700829500891196 ], [ -53.261115371686131, 46.704711257211294 ], [ -53.268334112839256, 46.708045457867023 ], [ -53.273057228410224, 46.712211248713103 ], [ -53.273887360824162, 46.716934815956115 ], [ -53.266112875202005, 46.72887456131479 ], [ -53.266945490050674, 46.733880062950668 ], [ -53.2741705129651, 46.73333033370379 ], [ -53.285004971788879, 46.724708635694064 ], [ -53.290839711747644, 46.721373192129242 ], [ -53.305831410885865, 46.706099767323508 ], [ -53.315552045438949, 46.69470933114868 ], [ -53.320837934446644, 46.690544579209465 ], [ -53.32722587258835, 46.688323812314195 ], [ -53.334168208147005, 46.692215427484129 ], [ -53.336662838123175, 46.696380325039556 ], [ -53.340552206084389, 46.710548327207775 ], [ -53.343888857889397, 46.714996485098808 ], [ -53.351945482850326, 46.716384571425188 ], [ -53.356948927511723, 46.711104513071305 ], [ -53.362221883321808, 46.706939084262757 ], [ -53.382218058306286, 46.686378721314348 ], [ -53.387778504738769, 46.6819390323449 ], [ -53.383613328206039, 46.698325273085622 ], [ -53.373610041503085, 46.708603163066343 ], [ -53.364165673700349, 46.720543605290594 ], [ -53.362502237687771, 46.726096348641683 ], [ -53.359444083633214, 46.731933184422786 ], [ -53.354170987137614, 46.736938802719763 ], [ -53.361947263601223, 46.737495379231348 ], [ -53.384171881738503, 46.721375000274506 ], [ -53.394447596394699, 46.711938024110083 ], [ -53.406105305617515, 46.705551629858512 ], [ -53.410553766953136, 46.700827877949358 ], [ -53.426391037430243, 46.687209544479892 ], [ -53.451394490344171, 46.661377123784561 ], [ -53.463613983235476, 46.654159859664361 ], [ -53.487219993886818, 46.643325099291381 ], [ -53.493613935772331, 46.641104800012926 ], [ -53.521110602949214, 46.620826844696168 ], [ -53.532776969034153, 46.614158557051525 ], [ -53.547782464544291, 46.614997353918319 ], [ -53.555001012550278, 46.614441013276412 ], [ -53.561668260502458, 46.612770549854631 ], [ -53.569451069866993, 46.614159675822179 ], [ -53.57722432380983, 46.617491331509214 ], [ -53.59166733884647, 46.629432322997125 ], [ -53.607779727861541, 46.636108408881341 ], [ -53.613891917372122, 46.640274049135911 ], [ -53.61777508663284, 46.644157954583605 ], [ -53.620276293476778, 46.654159506308204 ], [ -53.619996503977475, 46.658881901500436 ], [ -53.62444303953496, 46.668052405043461 ], [ -53.635003810952846, 46.680824002550494 ], [ -53.637502525110044, 46.695541924473936 ], [ -53.643056994516868, 46.704437714189226 ], [ -53.644165644260681, 46.709159794677007 ], [ -53.640838727728486, 46.714995128018188 ], [ -53.635833999218931, 46.720267704924446 ], [ -53.618332033463531, 46.731659729107022 ], [ -53.608336264713024, 46.740546576354177 ], [ -53.601945016124461, 46.752219421000262 ], [ -53.600837161798836, 46.762497621735221 ], [ -53.604721452278099, 46.776939483421991 ], [ -53.606948893384498, 46.781380719915184 ], [ -53.60861179770616, 46.791380826444161 ], [ -53.600836638797468, 46.803047004801613 ], [ -53.595832365723041, 46.80832550794851 ], [ -53.589996329486254, 46.811661800190571 ], [ -53.58555426630889, 46.817772518818337 ], [ -53.580283716780492, 46.822768058934543 ], [ -53.56666549611441, 46.841103211896254 ], [ -53.552496671497757, 46.864441126698324 ], [ -53.547499728730877, 46.869711635678442 ], [ -53.541388959393885, 46.87360416549928 ], [ -53.53527979478978, 46.875549003753441 ], [ -53.528337505508745, 46.876098196305833 ], [ -53.520834061898775, 46.875549485225783 ], [ -53.499999966000203, 46.880545359691034 ], [ -53.488892091426223, 46.886657000712304 ], [ -53.483612492988655, 46.891936751262996 ], [ -53.481940988439241, 46.897216305559773 ], [ -53.488892961537211, 46.896659238899318 ], [ -53.495003182172681, 46.893325405354489 ], [ -53.501397203846238, 46.891936629931784 ], [ -53.523057338699005, 46.890273366247357 ], [ -53.529723735732674, 46.888886195788636 ], [ -53.542504111727787, 46.884162775967972 ], [ -53.558610035781626, 46.871375944167916 ], [ -53.568611299409767, 46.861107574648372 ], [ -53.573333812010006, 46.854995302106339 ], [ -53.576391998907155, 46.849158365091711 ], [ -53.594720356064315, 46.824714495267727 ], [ -53.610002060207655, 46.808601073546491 ], [ -53.6313848193167, 46.792220699027403 ], [ -53.638053707297026, 46.790833574803145 ], [ -53.646110193755234, 46.792222061188752 ], [ -53.648056417759328, 46.796661333814058 ], [ -53.647780545917641, 46.801932186338483 ], [ -53.645835627312664, 46.807494543604911 ], [ -53.645278095118265, 46.812492358468553 ], [ -53.639724926724554, 46.829161419860959 ], [ -53.636391536609906, 46.834716048948181 ], [ -53.621666811319926, 46.850274438219927 ], [ -53.616944650176663, 46.856384294429404 ], [ -53.61055941625861, 46.868049485643397 ], [ -53.605833536266616, 46.874161342155951 ], [ -53.599725439773231, 46.885551557498502 ], [ -53.597776668202059, 46.891105583239472 ], [ -53.599441106718942, 46.900826424807448 ], [ -53.597496215157349, 46.906379654496462 ], [ -53.592498410419871, 46.911659591117278 ], [ -53.586663148651532, 46.914992674058986 ], [ -53.56388687560694, 46.913879916599548 ], [ -53.557502205489662, 46.916098941495235 ], [ -53.540839817923839, 46.928048245097131 ], [ -53.523055324472459, 46.939430970611724 ], [ -53.518891025373065, 46.944153520797649 ], [ -53.512221920859098, 46.955551622846315 ], [ -53.520834950498163, 46.957770503238166 ], [ -53.526664148636286, 46.95443788939513 ], [ -53.531387572975426, 46.949431645384102 ], [ -53.542502692337472, 46.940825964100817 ], [ -53.555274818319006, 46.936104816671545 ], [ -53.563057755413709, 46.937493133085006 ], [ -53.567778528932493, 46.941376399360138 ], [ -53.567505984945839, 46.94665545382653 ], [ -53.562773822957382, 46.952490493675064 ], [ -53.561112474381098, 46.958046786450602 ], [ -53.561387449155426, 46.963607599078003 ], [ -53.56610718861161, 46.972213850600461 ], [ -53.566947956816442, 46.977210466015329 ], [ -53.572776539259415, 46.973875689453621 ], [ -53.576111214381882, 46.968048475144961 ], [ -53.589721196844202, 46.949714431379867 ], [ -53.594718871644119, 46.944710816565909 ], [ -53.600553416441478, 46.9413760993491 ], [ -53.609727184324555, 46.94443525198416 ], [ -53.611944903402637, 46.959159253702751 ], [ -53.611671577078525, 46.964156852669483 ], [ -53.607779781272733, 46.975265988229644 ], [ -53.604446268271879, 46.981101194218056 ], [ -53.60388859792171, 46.98610559822432 ], [ -53.601944506316528, 46.991661388489419 ], [ -53.606947893347893, 46.995825602023771 ], [ -53.614165507593512, 46.995269018652415 ], [ -53.620551531550191, 46.991104719965534 ], [ -53.630553006548844, 46.982490179453642 ], [ -53.636663774473995, 46.979987796614289 ], [ -53.641671658799453, 46.983878739484979 ], [ -53.638336359982972, 46.989715993088652 ], [ -53.633611848785669, 47.0011069041566 ], [ -53.626944527958905, 47.012771509539178 ], [ -53.616395676977568, 47.021933900837567 ], [ -53.611671623077676, 47.027214086855636 ], [ -53.591942117065848, 47.042771344897382 ], [ -53.581946078093452, 47.053047071909525 ], [ -53.571113340035048, 47.061378629391072 ], [ -53.56750478817812, 47.067772624485187 ], [ -53.568892824078326, 47.072219538514297 ], [ -53.576112307109746, 47.075553187523973 ], [ -53.579728055212257, 47.079993821778395 ], [ -53.577780791733325, 47.085265912053892 ], [ -53.550835234850751, 47.106660265983137 ], [ -53.539444530439837, 47.114159170495583 ], [ -53.519164483064607, 47.118597525179183 ], [ -53.511945839213254, 47.119156271436204 ], [ -53.499170125070265, 47.123877826709268 ], [ -53.496947646087989, 47.129988581288238 ], [ -53.505004550919928, 47.131379221243883 ], [ -53.511673447882238, 47.13137805698706 ], [ -53.519165192778196, 47.133330338549918 ], [ -53.525001173705526, 47.137497049817711 ], [ -53.525832121382123, 47.147215887070153 ], [ -53.521943156906268, 47.158042799852971 ], [ -53.521384269542978, 47.163322668332647 ], [ -53.523611867683563, 47.16777088370327 ], [ -53.531671028901521, 47.169159161908347 ], [ -53.536392964359969, 47.163048415148566 ], [ -53.539444005196565, 47.157210798823193 ], [ -53.55166753660729, 47.151657428351868 ], [ -53.558608383709696, 47.149993825426392 ], [ -53.566109894851934, 47.150542369372772 ], [ -53.573332711104172, 47.154434147349235 ], [ -53.57472297971001, 47.158882272362007 ], [ -53.573891355427662, 47.163880543001177 ], [ -53.569450133198231, 47.169991332463887 ], [ -53.563056588763587, 47.181663821916693 ], [ -53.558334132278766, 47.187767790319818 ], [ -53.556662395432319, 47.193046254819365 ], [ -53.557503737029386, 47.198043534245159 ], [ -53.559441015102294, 47.202773204378381 ], [ -53.562773742412404, 47.196937053958422 ], [ -53.567505073783842, 47.190825567367355 ], [ -53.573890094551103, 47.179159695892785 ], [ -53.581671348064027, 47.167213436514118 ], [ -53.591385046186275, 47.156098322766582 ], [ -53.594442822743154, 47.150268580488614 ], [ -53.595550897394197, 47.144440089957143 ], [ -53.600555011445451, 47.128601976978572 ], [ -53.611672310459952, 47.120269974619262 ], [ -53.623328187204741, 47.113608733406757 ], [ -53.63417259386857, 47.103606657955524 ], [ -53.639998296378899, 47.101661734942319 ], [ -53.64639201940814, 47.105271189654232 ], [ -53.645277494089925, 47.115829381929053 ], [ -53.638892062545615, 47.127487246461918 ], [ -53.636948280475821, 47.132766049336695 ], [ -53.636114841743542, 47.143325680495991 ], [ -53.634170365832126, 47.148604720623915 ], [ -53.630830119560727, 47.154433768934169 ], [ -53.64861338498487, 47.144440955933021 ], [ -53.654168489008342, 47.140273415157999 ], [ -53.657219807320615, 47.134437534187867 ], [ -53.657776210396555, 47.129433501839884 ], [ -53.665274357852908, 47.107215209888089 ], [ -53.676667886600512, 47.084434472582764 ], [ -53.683609064369733, 47.083053898678301 ], [ -53.691664169656924, 47.084160498773059 ], [ -53.699166272302044, 47.083054006225375 ], [ -53.701941690868274, 47.078048488030532 ], [ -53.701111307639223, 47.073050782591146 ], [ -53.697494775820672, 47.068603241230207 ], [ -53.696663436191415, 47.063880598572091 ], [ -53.698609098159714, 47.058327125756939 ], [ -53.703612623988413, 47.053046854009388 ], [ -53.710000037855472, 47.050828218945092 ], [ -53.727494296429498, 47.04083184107931 ], [ -53.752784430479487, 47.031103876254349 ], [ -53.757505996261557, 47.03499617176265 ], [ -53.765007974674006, 47.034439005142033 ], [ -53.78833748157362, 47.005827657868558 ], [ -53.799729350842796, 46.983048561406314 ], [ -53.819723733759005, 46.962210892316278 ], [ -53.823060031699583, 46.956658491775649 ], [ -53.82833911902312, 46.952217106041061 ], [ -53.834166949600537, 46.948876387265443 ], [ -53.840553029868872, 46.946654288186473 ], [ -53.847779698091863, 46.94609845176759 ], [ -53.855002991166259, 46.94387820812679 ], [ -53.866661512021558, 46.938599765290043 ], [ -53.867219423842847, 46.933601863887283 ], [ -53.866112159298183, 46.928605171986284 ], [ -53.868058456749303, 46.923050470563545 ], [ -53.872496238735877, 46.916938486151679 ], [ -53.882774142230645, 46.907492964578196 ], [ -53.894164976591597, 46.899992944945438 ], [ -53.912498474567428, 46.890273147539986 ], [ -53.93138734130406, 46.883049329808962 ], [ -53.936386183423373, 46.87943201095154 ], [ -53.941666162306305, 46.874992213898842 ], [ -53.943611408715554, 46.869712053858663 ], [ -53.944158912972874, 46.864441255088082 ], [ -53.945832410430462, 46.858887420804429 ], [ -53.950835797438778, 46.853882886256997 ], [ -53.956947854678283, 46.851388168030105 ], [ -53.963890801270871, 46.849715268027069 ], [ -53.969719114455948, 46.846382792423142 ], [ -53.976105247666432, 46.844154914684061 ], [ -53.996666925048068, 46.840545366216169 ], [ -54.0036154252576, 46.838325979529955 ], [ -54.015839382236095, 46.832497437929362 ], [ -54.020835634639241, 46.828879560122189 ], [ -54.023887019527209, 46.823051881595113 ], [ -54.028886404724261, 46.818054093190902 ], [ -54.040559224984179, 46.811103876791151 ], [ -54.045280383589748, 46.806097787585884 ], [ -54.048613097232447, 46.800270660256928 ], [ -54.053330160797316, 46.794998894746136 ], [ -54.062499376748363, 46.798049710005657 ], [ -54.068611789145642, 46.801933174146846 ], [ -54.077498085877622, 46.803322037570027 ], [ -54.084168106953648, 46.80332195775474 ], [ -54.090836447883952, 46.801932880115658 ], [ -54.09722307645989, 46.799437968691052 ], [ -54.104720591520682, 46.799719784263274 ], [ -54.117218299952469, 46.807212906555336 ], [ -54.132217688808751, 46.813880380129163 ], [ -54.149443945224675, 46.818054163617447 ], [ -54.156944148002253, 46.818602816357256 ], [ -54.172224777962342, 46.817496507541144 ], [ -54.178886789445677, 46.816101167975503 ], [ -54.187774916932646, 46.819161676861427 ], [ -54.189993977281276, 46.823607893654334 ], [ -54.190835226624067, 46.828606028325346 ], [ -54.187775298388658, 46.838882310569552 ], [ -54.194441234723499, 46.85277533788436 ], [ -54.19638892334077, 46.862496477568243 ], [ -54.196663871172071, 46.883331672694943 ], [ -54.193328997899812, 46.893608294179877 ], [ -54.179442914105174, 46.917212135769276 ], [ -54.178336718395521, 46.923050863557336 ], [ -54.180832259999562, 46.932213791120525 ], [ -54.180556326555717, 46.937491623651304 ], [ -54.17833670557097, 46.942763836966705 ], [ -54.169166174171998, 46.95416128134211 ], [ -54.166105415196412, 46.959991850440993 ], [ -54.164161152336753, 46.965546708615705 ], [ -54.163331916515276, 46.975821983644558 ], [ -54.160826384214225, 46.981933866519 ], [ -54.147499402060838, 46.99887975368879 ], [ -54.131941717390703, 47.01249626741393 ], [ -54.121941356745602, 47.022767029112195 ], [ -54.11860541853887, 47.028603093866487 ], [ -54.115004843654653, 47.039719365882206 ], [ -54.111389776498605, 47.046104765238319 ], [ -54.102225270261009, 47.05665502147825 ], [ -54.101669376030991, 47.062493036139685 ], [ -54.096947011297551, 47.07332637727901 ], [ -54.09249868577043, 47.079436886861991 ], [ -54.086661689271146, 47.084160874175737 ], [ -54.08083406166633, 47.087493545314906 ], [ -54.078054628804701, 47.092766109855731 ], [ -54.074448011730901, 47.103882575495447 ], [ -54.073060920537294, 47.114715253379636 ], [ -54.070284071083179, 47.119987054751711 ], [ -54.066664343627558, 47.131103461572344 ], [ -54.063615671182014, 47.136939712137696 ], [ -54.059723603165317, 47.147773578771655 ], [ -54.053328991503172, 47.159430749367587 ], [ -54.048614385304752, 47.166100624641054 ], [ -54.02639096525008, 47.196098122997057 ], [ -54.016944019827569, 47.207214950468391 ], [ -54.013618664587831, 47.213051573761085 ], [ -54.011672658858295, 47.218597478713058 ], [ -54.012221711540754, 47.228600347681109 ], [ -54.006950124623458, 47.233878842856015 ], [ -53.999999760937747, 47.234435957269319 ], [ -53.976943196347271, 47.233605360700963 ], [ -53.968887658611422, 47.232207120324844 ], [ -53.960000051682471, 47.229155956136012 ], [ -53.946106408549966, 47.222213865883511 ], [ -53.937500442178944, 47.219985542317247 ], [ -53.93167092461573, 47.22331920760189 ], [ -53.931114062373567, 47.22832416280643 ], [ -53.933327398536164, 47.233047462831593 ], [ -53.936942906308545, 47.237212463275711 ], [ -53.949441253966121, 47.244713242842494 ], [ -53.956947969132436, 47.248047427054317 ], [ -53.984170616746418, 47.257499788952792 ], [ -53.990280109107239, 47.261108950820194 ], [ -53.993889075413342, 47.265274036970638 ], [ -53.996109441431464, 47.269989816397697 ], [ -53.996948779835051, 47.274711068601384 ], [ -53.996666701402802, 47.279990276756337 ], [ -53.998335813305644, 47.300545368263137 ], [ -53.997496865938906, 47.310272292842022 ], [ -53.99277607642582, 47.315543370754362 ], [ -53.986388482992133, 47.318055041628369 ], [ -53.979438782186506, 47.319442705160142 ], [ -53.970551799139955, 47.316383038784501 ], [ -53.968886258516889, 47.311103591452714 ], [ -53.972496461012, 47.306381896849828 ], [ -53.974717494712969, 47.300269512113339 ], [ -53.970832881100634, 47.296386671887682 ], [ -53.964723250904719, 47.299720568633916 ], [ -53.958054102652639, 47.301383182156684 ], [ -53.928612830477405, 47.30277265433989 ], [ -53.921944487019715, 47.304161396873738 ], [ -53.917503803397878, 47.310271383961862 ], [ -53.919723309974074, 47.314995132404022 ], [ -53.92611094941563, 47.318602858772714 ], [ -53.920837033214582, 47.323883539663939 ], [ -53.908606933569011, 47.329718741826781 ], [ -53.897498231340002, 47.337211387057387 ], [ -53.885557656346919, 47.343879347955344 ], [ -53.879998159614473, 47.348045929483348 ], [ -53.875555253364062, 47.354164518326961 ], [ -53.876387705668044, 47.359161011884957 ], [ -53.910827008271283, 47.352491895613085 ], [ -53.918335434949029, 47.352775041790615 ], [ -53.914717788615775, 47.363884414064032 ], [ -53.915548977084327, 47.368881911585724 ], [ -53.913888040969461, 47.374161007300714 ], [ -53.908333038316378, 47.378601267185921 ], [ -53.896394771113982, 47.385268958230128 ], [ -53.891113613950942, 47.389435628790316 ], [ -53.867501183953699, 47.402771924463309 ], [ -53.841941536382492, 47.412491523927507 ], [ -53.835273453366106, 47.413878441118619 ], [ -53.815551223008349, 47.420271895514603 ], [ -53.808891246390885, 47.423324155300179 ], [ -53.803886264747291, 47.426939738770415 ], [ -53.832779306599868, 47.424714280859753 ], [ -53.841667530023869, 47.425269255210317 ], [ -53.848052875783203, 47.428330534964829 ], [ -53.850281558868119, 47.433053116181014 ], [ -53.849724365542052, 47.438324330392724 ], [ -53.855001220755192, 47.442215456762177 ], [ -53.861671779205047, 47.440827452954075 ], [ -53.873886318381551, 47.433327958662282 ], [ -53.879441081396607, 47.430824316868375 ], [ -53.8988867327649, 47.424437543261696 ], [ -53.906386942116583, 47.424713545861813 ], [ -53.910279375369882, 47.428879156823648 ], [ -53.907776748250846, 47.434989967040522 ], [ -53.907774863948831, 47.439712162319076 ], [ -53.912772474805024, 47.443604117533511 ], [ -53.920280926488509, 47.446938783461938 ], [ -53.924170874026515, 47.45138575126353 ], [ -53.923615104060595, 47.45665867033653 ], [ -53.907501892972263, 47.470268294613291 ], [ -53.902497162890107, 47.475548008748127 ], [ -53.899443035495565, 47.481102643083268 ], [ -53.900274699307644, 47.486107309174564 ], [ -53.899170528134874, 47.496658198999498 ], [ -53.897499054066884, 47.501937484554944 ], [ -53.887222717151587, 47.512497884905137 ], [ -53.882776051343072, 47.518599834952248 ], [ -53.883613206713285, 47.523321712284478 ], [ -53.891669962917192, 47.524710593832189 ], [ -53.898054630578834, 47.528327595772858 ], [ -53.900275605999298, 47.533051218847902 ], [ -53.900551030203125, 47.538328913140901 ], [ -53.897499376391742, 47.548881942310658 ], [ -53.890839982643378, 47.560546233538162 ], [ -53.885558276722016, 47.576942019988792 ], [ -53.893059881198894, 47.591102227500002 ], [ -53.895278858789126, 47.600273363302207 ], [ -53.894721046416784, 47.605551925726346 ], [ -53.896950656155326, 47.609993255142662 ], [ -53.903327641887373, 47.613608291104711 ], [ -53.92194324509979, 47.605551805557049 ], [ -53.930281601626071, 47.606658517049596 ], [ -53.930833539025528, 47.611663201848273 ], [ -53.929999729285072, 47.621932595583324 ], [ -53.933609646460233, 47.626380127550185 ], [ -53.935827850511039, 47.630821371184744 ], [ -53.935271803654857, 47.636107774242809 ], [ -53.937500571253693, 47.64083054717765 ], [ -53.942497329116115, 47.644713289343279 ], [ -53.94554808403737, 47.654160089546096 ], [ -53.944999547579904, 47.659431677075659 ], [ -53.940552820085827, 47.66554262797905 ], [ -53.93833088367785, 47.671662009627397 ], [ -53.938331305166152, 47.676102489567505 ], [ -53.943054295694033, 47.680274313039725 ], [ -53.952225908368845, 47.68332606809517 ], [ -53.958611577212537, 47.68693648606898 ], [ -53.962217933379179, 47.691376330578791 ], [ -53.96305710208717, 47.696098670018721 ], [ -53.962218009016539, 47.701935553276748 ], [ -53.959167324149249, 47.707213179213674 ], [ -53.960281333244751, 47.71221038275911 ], [ -53.966111296128233, 47.721099883732258 ], [ -53.968886839620474, 47.735825077796754 ], [ -53.968331129069341, 47.740829939449952 ], [ -53.966392051521879, 47.74638397041651 ], [ -53.965837186068136, 47.751662552488732 ], [ -53.966659605137025, 47.756385138895418 ], [ -53.970277762932525, 47.760825772893568 ], [ -53.978051381320057, 47.761108969812788 ], [ -53.983885522197731, 47.757773790170802 ], [ -53.990836193025956, 47.756386475182815 ], [ -53.99694966891105, 47.760551423541528 ], [ -53.999443650430692, 47.764443692425161 ], [ -54.004447498111631, 47.768599586305434 ], [ -54.005003443907526, 47.774162185263464 ], [ -54.003333052569552, 47.778876461164401 ], [ -54.003890932356121, 47.789161269733718 ], [ -54.009169944885492, 47.803046566632972 ], [ -54.005278337332577, 47.814155555838639 ], [ -54.006393476681147, 47.819160461648465 ], [ -54.012778395325505, 47.816664470073185 ], [ -54.022499138502866, 47.805268184732455 ], [ -54.033333038763672, 47.796660816470435 ], [ -54.047225588084345, 47.793610164849326 ], [ -54.063887096032786, 47.797218091733271 ], [ -54.070281337767923, 47.800827008229781 ], [ -54.072500359237374, 47.805549771528582 ], [ -54.07305878662585, 47.810821033761883 ], [ -54.071111928156263, 47.816383222547785 ], [ -54.061385899627695, 47.82777443235414 ], [ -54.063331325580663, 47.837493486113061 ], [ -54.068337498933197, 47.841377679871087 ], [ -54.075562535818548, 47.849999454928572 ], [ -54.080000087675984, 47.859161805907348 ], [ -54.081672025552685, 47.869155613313623 ], [ -54.087775044806349, 47.865829940428078 ], [ -54.093329977482355, 47.861380327093059 ], [ -54.095833580051199, 47.850274137578161 ], [ -54.096107741482456, 47.830277000847168 ], [ -54.099439985090626, 47.824440259087702 ], [ -54.106109441772041, 47.823052298857085 ], [ -54.114166672580225, 47.824165835009929 ], [ -54.12305438500298, 47.826385755768996 ], [ -54.139441586336233, 47.833329070295243 ], [ -54.146667555632924, 47.837493521515938 ], [ -54.160828214314016, 47.853606431075512 ], [ -54.171112694965572, 47.871657553934291 ], [ -54.177498159676723, 47.875267935083365 ], [ -54.186386204308853, 47.877486388913745 ], [ -54.201667118588965, 47.878043340549759 ], [ -54.209997780306246, 47.879432079980916 ], [ -54.228331409735432, 47.885552213611334 ], [ -54.243615118850364, 47.892219489664278 ], [ -54.249999220945554, 47.895826935877608 ], [ -54.255006111521524, 47.89999339294998 ], [ -54.263335161437418, 47.901099333523732 ], [ -54.265005923984035, 47.895546250334881 ], [ -54.263060319031744, 47.891106043563425 ], [ -54.257782102815817, 47.886940486547523 ], [ -54.245001714794547, 47.879714362730361 ], [ -54.237221436827205, 47.876381421608414 ], [ -54.228333210107373, 47.873322815742945 ], [ -54.202224724036022, 47.866935533764973 ], [ -54.197219356247345, 47.862768768367069 ], [ -54.195275726835, 47.85749805312755 ], [ -54.195000440302266, 47.843047703018748 ], [ -54.197219794742182, 47.832215370591946 ], [ -54.199165501127275, 47.826659058407394 ], [ -54.202499058284729, 47.820830899340848 ], [ -54.206107532286275, 47.809988782782682 ], [ -54.206664303845258, 47.804161566091778 ], [ -54.210281249173114, 47.793608647366383 ], [ -54.211386575512833, 47.782768825558293 ], [ -54.212777404139842, 47.777771580827135 ], [ -54.219162128556569, 47.766106027138022 ], [ -54.223886038232735, 47.759994283698866 ], [ -54.248612287548077, 47.733048743498692 ], [ -54.259170741815609, 47.715270225684023 ], [ -54.269166712011391, 47.704994013828951 ], [ -54.28556188959864, 47.69221547233569 ], [ -54.293333847270553, 47.690826579470077 ], [ -54.300835131844913, 47.691931900203087 ], [ -54.323890550280545, 47.70193542247371 ], [ -54.332502366711921, 47.702492189451242 ], [ -54.337776519433937, 47.698875559880499 ], [ -54.336661740006612, 47.693878141025436 ], [ -54.323059165865466, 47.671104118503209 ], [ -54.319725184479111, 47.656937660590856 ], [ -54.320281511547634, 47.651656933323764 ], [ -54.325278965484152, 47.640548840914811 ], [ -54.33777753797753, 47.621657545872289 ], [ -54.348511658253308, 47.610649782409112 ], [ -54.353057475501316, 47.606102394391826 ], [ -54.356108866794358, 47.600272558637393 ], [ -54.369162577456521, 47.582497224616276 ], [ -54.372223001633792, 47.576661240265494 ], [ -54.377495070585205, 47.571663307994299 ], [ -54.396109436736886, 47.548049795499509 ], [ -54.415831047409284, 47.527214168918405 ], [ -54.424721623769514, 47.514999424922351 ], [ -54.435271042743828, 47.505553953637005 ], [ -54.441108290949771, 47.502220986247202 ], [ -54.460282004768338, 47.494713334250335 ], [ -54.460557133899464, 47.48943387905441 ], [ -54.455559860952178, 47.485550373127225 ], [ -54.446945278007178, 47.483330844807135 ], [ -54.443886761654774, 47.4891586398873 ], [ -54.438332464421713, 47.493606162527975 ], [ -54.432221283994977, 47.489990932482762 ], [ -54.42972555029025, 47.485267740596463 ], [ -54.428887343571951, 47.480269784059942 ], [ -54.426390892878629, 47.475821049141452 ], [ -54.425559033124856, 47.470825153477328 ], [ -54.417504168772993, 47.457496547466931 ], [ -54.411668219085399, 47.453323339172393 ], [ -54.403328742368728, 47.450545887156707 ], [ -54.409165500255661, 47.446938522669001 ], [ -54.41916724906968, 47.436653891648376 ], [ -54.435556031202417, 47.423881230732853 ], [ -54.441382981164267, 47.420548235734138 ], [ -54.448883291495818, 47.420829257849597 ], [ -54.452501264787486, 47.424995215530231 ], [ -54.452224361444216, 47.430275527092505 ], [ -54.44721955194867, 47.435264241918304 ], [ -54.440834654768373, 47.446938056483077 ], [ -54.441940047910727, 47.451933573646826 ], [ -54.445548952989768, 47.456099335389354 ], [ -54.453612721737386, 47.45582541141011 ], [ -54.458610054207426, 47.452216943399065 ], [ -54.468603183470222, 47.441658326171662 ], [ -54.473326526914342, 47.434990618635197 ], [ -54.478050141253497, 47.430550632167446 ], [ -54.482498765706104, 47.424439494343353 ], [ -54.502226299046548, 47.403603253031768 ], [ -54.505279979520346, 47.397774798616908 ], [ -54.501671103835754, 47.393327038298331 ], [ -54.494720766394941, 47.39415809946518 ], [ -54.483612415740289, 47.402487801021486 ], [ -54.477493252917753, 47.404990821552502 ], [ -54.472496665440772, 47.401100038334306 ], [ -54.477493271585665, 47.395827692163458 ], [ -54.48277222545272, 47.391662261540581 ], [ -54.495278184358526, 47.386657804225649 ], [ -54.501114733203806, 47.382491573138502 ], [ -54.511117230856541, 47.372764765859841 ], [ -54.517220217307795, 47.369438033453527 ], [ -54.526107085161854, 47.372489954440773 ], [ -54.529723828787191, 47.376936621616466 ], [ -54.529168367698972, 47.381935160167231 ], [ -54.536948726089463, 47.382210092379069 ], [ -54.547781267112612, 47.373604418783763 ], [ -54.577780695961231, 47.357216774020586 ], [ -54.582779928389314, 47.353607772264468 ], [ -54.587774132775721, 47.348328060072561 ], [ -54.595000271737554, 47.346100727901387 ], [ -54.60139401426283, 47.345268287971685 ], [ -54.611390626813261, 47.353050127308236 ], [ -54.613060837153952, 47.358329465710483 ], [ -54.613335444311844, 47.36277067891114 ], [ -54.606949923554652, 47.374434776816514 ], [ -54.601944933958428, 47.37971483978739 ], [ -54.596662614380641, 47.383880827637675 ], [ -54.588890552291616, 47.383607062470404 ], [ -54.582221676873814, 47.385268013145215 ], [ -54.577224198820474, 47.390548191086097 ], [ -54.569450371940718, 47.402488981110366 ], [ -54.559998787720126, 47.413878607574595 ], [ -54.545006420197922, 47.428604369539528 ], [ -54.529168695248693, 47.442214318807402 ], [ -54.509727591914036, 47.464156196876836 ], [ -54.505278810121851, 47.470269048802983 ], [ -54.489996945655932, 47.486380505242337 ], [ -54.47249519877149, 47.510276731563749 ], [ -54.465005008212593, 47.527771357412774 ], [ -54.452224379096862, 47.545548009785257 ], [ -54.426391929118594, 47.572769377305178 ], [ -54.422500544408734, 47.578330835354215 ], [ -54.41722104700974, 47.583602180032273 ], [ -54.410826025833316, 47.594993875206235 ], [ -54.413330382258501, 47.599716081025505 ], [ -54.418334088031251, 47.603607724835612 ], [ -54.430558321727332, 47.597770725355694 ], [ -54.440833683432068, 47.58693579236391 ], [ -54.473326287754674, 47.548881484875778 ], [ -54.478880311572588, 47.544440860929853 ], [ -54.488892587461642, 47.534164797252664 ], [ -54.493612986150112, 47.527489331717817 ], [ -54.503057508043547, 47.51749458265347 ], [ -54.508613220772347, 47.513327511572086 ], [ -54.523330518994619, 47.497772804700062 ], [ -54.530280412561204, 47.485268424251963 ], [ -54.531943236413213, 47.479988203404602 ], [ -54.539444301099074, 47.468048724935464 ], [ -54.554443975252475, 47.452217243906361 ], [ -54.563613394662688, 47.439987783054619 ], [ -54.578887334183975, 47.423882534860262 ], [ -54.589164798986403, 47.415825520576426 ], [ -54.604721873810149, 47.401931605657659 ], [ -54.616111597201225, 47.394440635692661 ], [ -54.621384879009966, 47.389991557448838 ], [ -54.635559163593427, 47.386381982696562 ], [ -54.658333621129714, 47.388604485232214 ], [ -54.661666904524928, 47.382767094335783 ], [ -54.663887040170813, 47.372214426270205 ], [ -54.671385933361854, 47.372489347138711 ], [ -54.676110323372697, 47.381659963295938 ], [ -54.678335815738997, 47.396941696665074 ], [ -54.685553734537905, 47.396384490191821 ], [ -54.691383369553066, 47.392767670583844 ], [ -54.707778110563162, 47.379989653627284 ], [ -54.709441745354489, 47.374435619726988 ], [ -54.704718811587057, 47.369986258288719 ], [ -54.697220672167532, 47.366660923541225 ], [ -54.694717649655537, 47.361939328958975 ], [ -54.700280521383142, 47.357772237418502 ], [ -54.719993428335023, 47.352217769912919 ], [ -54.727218052786299, 47.351388039609297 ], [ -54.733056452311267, 47.355827963004444 ], [ -54.734168180263545, 47.360550662645451 ], [ -54.730827845223537, 47.371658228994029 ], [ -54.739723445641701, 47.37304785148099 ], [ -54.745279056843657, 47.362212772549825 ], [ -54.751113109508736, 47.358604771544762 ], [ -54.759172107560971, 47.358886765937584 ], [ -54.767502074570459, 47.36110679782189 ], [ -54.773332229172972, 47.365272163679187 ], [ -54.771668617255436, 47.375549119772963 ], [ -54.779440911571392, 47.375822714297207 ], [ -54.785561113588813, 47.373321462047592 ], [ -54.791389564642373, 47.369712726480472 ], [ -54.811385266077593, 47.362770814886666 ], [ -54.818611537592133, 47.363609122915534 ], [ -54.81945139061439, 47.368599178399485 ], [ -54.803054662894283, 47.380546406261331 ], [ -54.79361692585536, 47.391936545903825 ], [ -54.786667492020925, 47.413879728322947 ], [ -54.787507595738582, 47.418883954135048 ], [ -54.796112740652731, 47.420831011120789 ], [ -54.80750286747751, 47.413322397922741 ], [ -54.815001670906618, 47.401099380740987 ], [ -54.82000076973884, 47.384720195683833 ], [ -54.824720633083381, 47.378601775277296 ], [ -54.83000115242595, 47.374159699650519 ], [ -54.836944262167826, 47.3727633254667 ], [ -54.843055987841552, 47.376380684069233 ], [ -54.842223235209133, 47.386657831528431 ], [ -54.837501353808975, 47.39804732442461 ], [ -54.825561325926671, 47.416099494039898 ], [ -54.823616484269152, 47.421660755293004 ], [ -54.831116233474077, 47.421105236935439 ], [ -54.836388025154612, 47.416663527262614 ], [ -54.83805177501776, 47.411102990986059 ], [ -54.841109615463552, 47.405265285541162 ], [ -54.851943755795588, 47.396659648763759 ], [ -54.856390911464565, 47.390548636981087 ], [ -54.866944421356919, 47.37276436235652 ], [ -54.872773268087158, 47.368049961043269 ], [ -54.882499418851914, 47.355828088594848 ], [ -54.898055360223474, 47.343604644589831 ], [ -54.904165739323652, 47.340270669293027 ], [ -54.918059248701276, 47.336380175484145 ], [ -54.922501801975621, 47.331938905965664 ], [ -54.924169982828261, 47.31554404987056 ], [ -54.928338464168199, 47.304992013920653 ], [ -54.933882394657488, 47.300545147967462 ], [ -54.94110906047932, 47.29999658371365 ], [ -54.94777684378424, 47.29833161071074 ], [ -54.953055107908575, 47.294158973173666 ], [ -54.962501230949201, 47.282767740944848 ], [ -54.968885712137109, 47.280273271628062 ], [ -54.972497308955248, 47.284438437769857 ], [ -54.980553642258442, 47.28555320990921 ], [ -54.989724792986046, 47.274162327270702 ], [ -54.993332157271411, 47.267770102004988 ], [ -55.003615951481798, 47.258331151921382 ], [ -55.008055831299707, 47.252220814938852 ], [ -55.022225310789878, 47.236937942537281 ], [ -55.033614376663031, 47.228599784774104 ], [ -55.039169614893829, 47.2258225149289 ], [ -55.04389038050877, 47.220825110645812 ], [ -55.045553781632421, 47.215270341941469 ], [ -55.043333582897993, 47.210548672360417 ], [ -55.024444787504251, 47.199715000883813 ], [ -55.014448903342625, 47.191933149139409 ], [ -55.010834028721405, 47.187492338628331 ], [ -55.008338375366023, 47.183052891677299 ], [ -55.007780987485816, 47.17749110586292 ], [ -55.012221349954416, 47.172767818786795 ], [ -55.018607660664294, 47.170547770565285 ], [ -55.033332635507755, 47.169990387077135 ], [ -55.043060846883982, 47.159431814992907 ], [ -55.053612529244795, 47.150826436840475 ], [ -55.059996949672687, 47.148331524293681 ], [ -55.067503277093259, 47.147216666902139 ], [ -55.0730592442494, 47.150543268567787 ], [ -55.075005849687351, 47.160271193301021 ], [ -55.069167489446016, 47.187209823659508 ], [ -55.068892940321525, 47.192489114830337 ], [ -55.069725404339543, 47.19721331311689 ], [ -55.076111649074207, 47.200829101747118 ], [ -55.08416815722299, 47.201935296117171 ], [ -55.103889143111779, 47.196381685879317 ], [ -55.115006265016042, 47.187211298533811 ], [ -55.134170507397641, 47.166938980599269 ], [ -55.127776786883999, 47.16332140566081 ], [ -55.120552114823063, 47.163879818525032 ], [ -55.113891616901682, 47.165541498942687 ], [ -55.098884568518692, 47.16582369551984 ], [ -55.090836360258173, 47.164712330913879 ], [ -55.085554843933565, 47.160819642980343 ], [ -55.083609389713487, 47.156097225597428 ], [ -55.083062650207879, 47.150825118496471 ], [ -55.08555675253438, 47.130271945552458 ], [ -55.086111294103191, 47.119713345329998 ], [ -55.085273161867597, 47.11499867459387 ], [ -55.081671897293297, 47.11055041654636 ], [ -55.069168190988549, 47.102776572272575 ], [ -55.065552417034745, 47.098601469605136 ], [ -55.065834164424437, 47.093323658384065 ], [ -55.069449301911192, 47.082213595341607 ], [ -55.075277700994171, 47.078880635424007 ], [ -55.083328384411956, 47.079994312628109 ], [ -55.098335686026026, 47.080550678396129 ], [ -55.104721614859422, 47.078049997691593 ], [ -55.103889509389425, 47.073325817168929 ], [ -55.096390911761482, 47.064712323446528 ], [ -55.095550782849543, 47.059714493437397 ], [ -55.100281351833509, 47.054711242296868 ], [ -55.106390956125942, 47.052215971865273 ], [ -55.120834663330534, 47.049165034202815 ], [ -55.134169297305505, 47.047492154324409 ], [ -55.140282891545382, 47.044997323223313 ], [ -55.144166176746481, 47.03860503449576 ], [ -55.146948967232824, 47.028327799928839 ], [ -55.146110909484754, 47.023322656851107 ], [ -55.149445075759942, 47.012214127115321 ], [ -55.154715892396133, 47.0080492218232 ], [ -55.163330440656672, 47.009994825282945 ], [ -55.166947958500117, 47.014442137917406 ], [ -55.17444684927937, 47.01749504011925 ], [ -55.17861318735833, 47.02137726791743 ], [ -55.174721763242353, 47.032768981013497 ], [ -55.17389042806775, 47.043883827226345 ], [ -55.174721689231106, 47.04888126335576 ], [ -55.169723099145344, 47.065268530822095 ], [ -55.175002392736197, 47.068602645222597 ], [ -55.193055226710435, 47.07305190213161 ], [ -55.199165732824923, 47.07054825803926 ], [ -55.202499824045113, 47.05971464187639 ], [ -55.201667420248782, 47.054710092694862 ], [ -55.194999659525003, 47.040274915595006 ], [ -55.190276118520025, 47.011382509915066 ], [ -55.190553161659288, 47.006102783601072 ], [ -55.189436576044933, 47.001388851683508 ], [ -55.189995811469458, 46.996101617669694 ], [ -55.193328477745816, 46.984992833871694 ], [ -55.19777718989252, 46.978873775994799 ], [ -55.207222977439031, 46.968322719496634 ], [ -55.212776442736825, 46.964158390184323 ], [ -55.229997254381999, 46.953879675456861 ], [ -55.230278167496877, 46.948600675608951 ], [ -55.225554356834856, 46.939429839144069 ], [ -55.225829168588696, 46.934432230051684 ], [ -55.230278131959572, 46.92833013980119 ], [ -55.236946725638497, 46.923607921867706 ], [ -55.241669282657035, 46.921380114203863 ], [ -55.246946768155496, 46.916938527974544 ], [ -55.258613196892298, 46.910271705843194 ], [ -55.2772215856047, 46.902770460344719 ], [ -55.290558301903445, 46.899436023431029 ], [ -55.30555632750081, 46.899162264068195 ], [ -55.313889323418252, 46.90110139038277 ], [ -55.330559547935096, 46.907493679007011 ], [ -55.338052313607911, 46.907768364914254 ], [ -55.333608925098261, 46.898605313179289 ], [ -55.339994552207081, 46.896942497832782 ], [ -55.365836209506526, 46.904709078182073 ], [ -55.371939863578575, 46.902213916955127 ], [ -55.371108446993958, 46.897216690459906 ], [ -55.361670446135172, 46.88888489490806 ], [ -55.356947507603856, 46.884162611086502 ], [ -55.354444919040802, 46.879715520011928 ], [ -55.358336900115688, 46.874159433026321 ], [ -55.384170772354189, 46.865829285388529 ], [ -55.385001960756803, 46.866103515387429 ], [ -55.39999251051951, 46.86582957479763 ], [ -55.425004559693257, 46.871101762596538 ], [ -55.432502583236847, 46.871101208341479 ], [ -55.456664642786642, 46.874709791700973 ], [ -55.463616646709262, 46.877487643225081 ], [ -55.468605336003542, 46.8816598230718 ], [ -55.471937529913234, 46.886382881139291 ], [ -55.474440706432368, 46.895546039898512 ], [ -55.474716398567423, 46.901099874462105 ], [ -55.468886978508593, 46.922493783517091 ], [ -55.468055551713455, 46.92832822661628 ], [ -55.474717824142779, 46.928328802889943 ], [ -55.481383515044655, 46.92665810301294 ], [ -55.491944189037703, 46.918053466556593 ], [ -55.504447870053113, 46.913047641738721 ], [ -55.51222333273585, 46.912490854648468 ], [ -55.520554926549643, 46.915267837402865 ], [ -55.525277468784033, 46.919159512866642 ], [ -55.526391065454433, 46.923881231743707 ], [ -55.522225294155135, 46.930276236178472 ], [ -55.520552864708684, 46.935545883881481 ], [ -55.525275801495347, 46.939712795328134 ], [ -55.531387821353327, 46.936105118574055 ], [ -55.540281319101943, 46.924713681799396 ], [ -55.541945027733384, 46.919159110131623 ], [ -55.542228936774784, 46.914154284508086 ], [ -55.541390012748145, 46.90387752786755 ], [ -55.543335634982306, 46.898330050051229 ], [ -55.548615035165874, 46.8941575825081 ], [ -55.555558612085704, 46.89332604708509 ], [ -55.559441546996169, 46.897491077861368 ], [ -55.562499517734935, 46.902488458745133 ], [ -55.566389999360673, 46.911376626678546 ], [ -55.573617482373777, 46.910545776041801 ], [ -55.591667028819586, 46.900542481512559 ], [ -55.596389184769102, 46.896940826916783 ], [ -55.601943332161071, 46.891936176731214 ], [ -55.605833230866928, 46.886383516903244 ], [ -55.611390594762504, 46.881935426983993 ], [ -55.616111387146127, 46.876655517121414 ], [ -55.626946361196723, 46.868881818447115 ], [ -55.634172217471061, 46.866661148063635 ], [ -55.648887053662861, 46.866385640630916 ], [ -55.670554690963854, 46.863610365296836 ], [ -55.689720576212501, 46.85832885976226 ], [ -55.698332879719466, 46.860550263216204 ], [ -55.704718272468909, 46.86388438468272 ], [ -55.714723433060044, 46.871932813983108 ], [ -55.721382764718278, 46.870269841315206 ], [ -55.726661307155126, 46.865829802898439 ], [ -55.740838060413303, 46.849998697390284 ], [ -55.740836290898606, 46.85526940714702 ], [ -55.74555191085156, 46.859160271580585 ], [ -55.751945401543949, 46.862768955881116 ], [ -55.760003766559699, 46.863884125655545 ], [ -55.781112517670643, 46.860824849244523 ], [ -55.80333020099475, 46.860549995949874 ], [ -55.845832848752913, 46.869713417829253 ], [ -55.881386564308571, 46.880546847114438 ], [ -55.915002329729951, 46.887496642380292 ], [ -55.923613709277149, 46.889717622324305 ], [ -55.931390113983156, 46.892768044620851 ], [ -55.946662473495515, 46.899435950436612 ], [ -55.966110282388513, 46.909988459652062 ], [ -55.969161194401359, 46.91499223172908 ], [ -55.972770828137605, 46.924438132731737 ], [ -55.9808272469689, 46.93221371593777 ], [ -55.982774480053621, 46.936652532882263 ], [ -55.984168675588464, 46.941657694058414 ], [ -55.983055741223303, 46.952492877761237 ], [ -55.980550588139224, 46.95777176022861 ], [ -55.971381292576545, 46.969154433049042 ], [ -55.969993798308927, 46.974707968389772 ], [ -55.966660012173001, 46.981377326175377 ], [ -55.952498068883706, 46.996383194094058 ], [ -55.942223016381497, 47.005272191540435 ], [ -55.930832027533889, 47.012213919743083 ], [ -55.919997623645756, 47.019989181746261 ], [ -55.898888707494386, 47.040275728961255 ], [ -55.894721939608687, 47.044998280136504 ], [ -55.891386617498434, 47.051657952853404 ], [ -55.886946529683549, 47.056097985995088 ], [ -55.871107690493616, 47.06916076935822 ], [ -55.865555177121237, 47.072768293638241 ], [ -55.851943967120576, 47.076104273675412 ], [ -55.836944868490328, 47.075554808190027 ], [ -55.82888679965366, 47.074439576557403 ], [ -55.814447282907402, 47.075827969528689 ], [ -55.80805178035785, 47.078330137042805 ], [ -55.787223334755573, 47.095824572191752 ], [ -55.775275495174185, 47.101935641415828 ], [ -55.768607031270236, 47.103323946952216 ], [ -55.753060205385346, 47.103050446745868 ], [ -55.745552309093171, 47.104439632793977 ], [ -55.738891892430914, 47.104438490715111 ], [ -55.723609097681013, 47.104164491407957 ], [ -55.715551376228419, 47.103050564348791 ], [ -55.698051274950068, 47.098044244186234 ], [ -55.682503212294357, 47.091376643880608 ], [ -55.67444535232503, 47.090269528470721 ], [ -55.656387395769414, 47.098876014768791 ], [ -55.642227955212221, 47.101105464120543 ], [ -55.628882181595571, 47.1044383994521 ], [ -55.607780276058485, 47.107215277188004 ], [ -55.601110822025404, 47.108886714918448 ], [ -55.586944863387593, 47.110276174354084 ], [ -55.573616663397935, 47.113608325241366 ], [ -55.561386203312821, 47.119438986601686 ], [ -55.544166860125834, 47.129715320384477 ], [ -55.531387543310764, 47.133879750144978 ], [ -55.524445076479282, 47.13555057552685 ], [ -55.516943645890528, 47.135269196332473 ], [ -55.500838500879539, 47.133049585801942 ], [ -55.493331847241464, 47.133879708137336 ], [ -55.487778739306968, 47.137215158070326 ], [ -55.477492902286578, 47.146660236561452 ], [ -55.468887788112518, 47.159157098967427 ], [ -55.462776188854129, 47.170829397936529 ], [ -55.461112394777423, 47.176384204687963 ], [ -55.456108215270056, 47.180550410540597 ], [ -55.435830866056051, 47.186934852670831 ], [ -55.430000120865103, 47.190268333977507 ], [ -55.410554452405336, 47.209991508860298 ], [ -55.40444284158464, 47.212494458516979 ], [ -55.389168891019821, 47.211937606538818 ], [ -55.382217773515059, 47.213607688024204 ], [ -55.376663658116009, 47.216933187283409 ], [ -55.360557235241288, 47.229988646347088 ], [ -55.35500440827176, 47.233329550621939 ], [ -55.348054653361125, 47.2363810193036 ], [ -55.335272296687641, 47.239159037104393 ], [ -55.329443727643323, 47.242492600371364 ], [ -55.325004667974916, 47.248603654470656 ], [ -55.321945442526157, 47.254440025648144 ], [ -55.316664845818913, 47.258887937297914 ], [ -55.303611709646233, 47.26305393456947 ], [ -55.298340745799997, 47.267211598020204 ], [ -55.29528125932989, 47.273048682616754 ], [ -55.290557586028228, 47.278328195245628 ], [ -55.285278224536434, 47.294998302141728 ], [ -55.286392311341331, 47.299721449616719 ], [ -55.285835457791144, 47.310271799882102 ], [ -55.286949845157487, 47.314995187131892 ], [ -55.286116721042873, 47.3255537944815 ], [ -55.280556855637805, 47.342766453094434 ], [ -55.273332333853475, 47.354163631254281 ], [ -55.268890882908742, 47.365272085209121 ], [ -55.267776723566023, 47.381104734271823 ], [ -55.269723556761441, 47.390831221601175 ], [ -55.266662559808957, 47.396659836923419 ], [ -55.262221854241616, 47.402771714492154 ], [ -55.25694974248308, 47.40720988169744 ], [ -55.24583417616779, 47.414710480584318 ], [ -55.239439544276266, 47.417214012108417 ], [ -55.21777229712351, 47.433601798822096 ], [ -55.211946039368996, 47.437209395075122 ], [ -55.202225340497556, 47.446099519370449 ], [ -55.196387838888448, 47.449432458593556 ], [ -55.179169143542524, 47.460548948511061 ], [ -55.172502049136497, 47.463882196822446 ], [ -55.165833926314328, 47.465271160020571 ], [ -55.144165640443966, 47.465828669009134 ], [ -55.137222652622718, 47.467490926042458 ], [ -55.131111895167962, 47.469985148035491 ], [ -55.119994222991529, 47.477768327592322 ], [ -55.10778082419214, 47.483605445605455 ], [ -55.100554330430967, 47.484161630511338 ], [ -55.083610710260452, 47.481101151376002 ], [ -55.075836774915892, 47.480821001742747 ], [ -55.047227010979384, 47.484993411015182 ], [ -55.040283266637985, 47.484993319059974 ], [ -55.026947464166497, 47.488045710098469 ], [ -55.014725889280044, 47.495544475417368 ], [ -55.001671128880439, 47.499718241761492 ], [ -54.979437489792502, 47.500548807092486 ], [ -54.972769183882114, 47.502220090973346 ], [ -54.951394594230777, 47.504997744526484 ], [ -54.94666198873098, 47.510275960007412 ], [ -54.94972269981934, 47.519714692398132 ], [ -54.949441211570729, 47.524993566103028 ], [ -54.943612315487201, 47.528328270733788 ], [ -54.937217312654411, 47.530823376664479 ], [ -54.929724568917017, 47.532210781985341 ], [ -54.922774651559251, 47.532211908209554 ], [ -54.906387870095557, 47.529715601873363 ], [ -54.899169043944497, 47.530547626549875 ], [ -54.886390374477095, 47.535553418175247 ], [ -54.875001301577221, 47.542220783614468 ], [ -54.868055775943347, 47.543883883577557 ], [ -54.863335950505949, 47.549164556508771 ], [ -54.860002566498977, 47.554992141007567 ], [ -54.845833550709678, 47.55693801646153 ], [ -54.841666729498854, 47.563324584312014 ], [ -54.843886439025106, 47.567771588114461 ], [ -54.843054789562238, 47.578330974146901 ], [ -54.841384493123812, 47.583602161455751 ], [ -54.849167371320419, 47.583877399948179 ], [ -54.854446259981039, 47.579720221540292 ], [ -54.857780952218562, 47.573882146416111 ], [ -54.86361596134298, 47.56888659738344 ], [ -54.869163418708467, 47.566939267341922 ], [ -54.876943705925157, 47.570274541752433 ], [ -54.875274374852111, 47.575829611531574 ], [ -54.865006745847381, 47.585548061107573 ], [ -54.855835233226259, 47.603051150396155 ], [ -54.850280066179685, 47.607216517415914 ], [ -54.824448793123651, 47.617767475120104 ], [ -54.795280028001187, 47.633048375115251 ], [ -54.787779735147346, 47.635269217374507 ], [ -54.782502799706251, 47.638045775277362 ], [ -54.769165956717416, 47.642218764863074 ], [ -54.741666966329504, 47.649162485252042 ], [ -54.729994511407014, 47.654159183542454 ], [ -54.718887008603474, 47.661933552793506 ], [ -54.712777087346382, 47.66526833041253 ], [ -54.704719054444588, 47.665824405364731 ], [ -54.69722008828191, 47.664710515034322 ], [ -54.715554982205504, 47.670829195156195 ], [ -54.723609318388199, 47.6719360518291 ], [ -54.738335172950563, 47.670831077021006 ], [ -54.751397508397382, 47.666663316400225 ], [ -54.76500769578189, 47.663604654980809 ], [ -54.7699964180282, 47.667496434850378 ], [ -54.769165841248238, 47.678048678963897 ], [ -54.775277071639756, 47.674712218128839 ], [ -54.779441373121188, 47.668327489829437 ], [ -54.789727419680816, 47.658882163028245 ], [ -54.795280038950203, 47.654707540443937 ], [ -54.80722172439463, 47.647773894946063 ], [ -54.826110392911986, 47.640273392629872 ], [ -54.832780820026471, 47.638885245376869 ], [ -54.845549741696857, 47.633879243468023 ], [ -54.878050863476041, 47.623322298109279 ], [ -54.891670485299457, 47.620269398996825 ], [ -54.924444738673415, 47.609718247454673 ], [ -54.949439207491842, 47.599715725084614 ], [ -54.956389987011576, 47.59804616199817 ], [ -54.970833383540963, 47.596657129016826 ], [ -55.006950440903303, 47.593605186552651 ], [ -55.014724154881065, 47.593606000794423 ], [ -55.015841891278896, 47.594482318484609 ], [ -54.930828853957777, 47.635669750652006 ], [ -54.804798537891983, 47.714040210623907 ], [ -54.703844243512982, 47.78441428106089 ], [ -54.542821563071996, 47.889398557350333 ], [ -54.417685072457616, 47.934679916811803 ], [ -54.178777468922895, 47.962328190620319 ], [ -53.986305675584568, 47.989232380937864 ], [ -53.828325804884877, 48.006410965625328 ], [ -53.794448072127928, 47.99638424025072 ], [ -53.779167806280526, 47.996659101105976 ], [ -53.760003615392513, 48.003883784501085 ], [ -53.754173095719771, 48.007217137323622 ], [ -53.747496884232547, 48.00972059096874 ], [ -53.726660251926909, 48.013054311447824 ], [ -53.696664316536797, 48.014442255839995 ], [ -53.689996689964055, 48.016105228144887 ], [ -53.675714708421296, 48.022828078164977 ] ] ] ] } },
{ "type": "Feature", "properties": { "fid": 8, "AREA": 0.0684, "PERIMETER": 1.90411, "BETUALLE_": 9, "BETUALLE_I": 44, "CODE": 1 }, "geometry": { "type": "MultiPolygon", "coordinates": [ [ [ [ -88.911377403047624, 47.993844708282502 ], [ -88.891812748792219, 48.013412500757731 ], [ -88.867756598327645, 48.024980338827035 ], [ -88.846135186686553, 48.026595534235589 ], [ -88.820758228252203, 48.026858521882055 ], [ -88.810550938374078, 48.035762537891237 ], [ -88.783950271392769, 48.046959032825335 ], [ -88.762623219722769, 48.052140491118905 ], [ -88.741469311509633, 48.055754328903774 ], [ -88.720926927380887, 48.061259660143335 ], [ -88.700387907244917, 48.072468564289814 ], [ -88.678869788387118, 48.079200028730511 ], [ -88.664192194415421, 48.088459325081637 ], [ -88.650805640469486, 48.102878686480047 ], [ -88.637022355978502, 48.122593094621443 ], [ -88.631364308407569, 48.131729829956143 ], [ -88.584756885240509, 48.135544773545497 ], [ -88.530898139782522, 48.142102107907846 ], [ -88.504386232875405, 48.151686931141384 ], [ -88.459323006019289, 48.161839205372026 ], [ -88.435820931328337, 48.16528409111524 ], [ -88.419938101362519, 48.162845768725283 ], [ -88.424250748745848, 48.145777507244681 ], [ -88.446913943070271, 48.129704987074255 ], [ -88.479104076339212, 48.111001433679377 ], [ -88.499267162057734, 48.09636300613964 ], [ -88.516405223538314, 48.087850137798171 ], [ -88.537762424375543, 48.082707954961009 ], [ -88.550126330210716, 48.075509619912253 ], [ -88.556871580552141, 48.057001532815406 ], [ -88.560781823799147, 48.043059770881165 ], [ -88.586203464345218, 48.022408302626246 ], [ -88.598730313409192, 48.013643252433262 ], [ -88.627817932372054, 48.001041055258632 ], [ -88.66094125965563, 47.993362819773587 ], [ -88.72029714338673, 47.977623758744123 ], [ -88.765192983633924, 47.967397251076981 ], [ -88.807959293411656, 47.955474165783187 ], [ -88.841556610051782, 47.943067028341147 ], [ -88.86301347320709, 47.936316191293123 ], [ -88.881833947261754, 47.932568270066049 ], [ -88.905398787054494, 47.927489983691089 ], [ -88.936164361025931, 47.919631479392955 ], [ -88.946166133261869, 47.912283816481121 ], [ -88.961419526274454, 47.89891898137553 ], [ -88.946601740597259, 47.887171273800831 ], [ -88.910018527592953, 47.885307624508442 ], [ -88.898244284755151, 47.887848392726958 ], [ -88.88961299839859, 47.882693709287416 ], [ -88.904357000257946, 47.874022812033367 ], [ -88.940009573552743, 47.863275993543922 ], [ -88.973364619085032, 47.852402450390336 ], [ -89.004423449167916, 47.841408389645828 ], [ -89.042326345477804, 47.830749336835183 ], [ -89.072862899212979, 47.824426736667881 ], [ -89.112198878439727, 47.82167412247216 ], [ -89.148752031069066, 47.82348398506408 ], [ -89.1642503313834, 47.82895928036389 ], [ -89.171579934946166, 47.84659241592157 ], [ -89.165526332231224, 47.860428358993559 ], [ -89.143465446535942, 47.873475191668966 ], [ -89.142638816329438, 47.881285853473557 ], [ -89.139193808275692, 47.892109508810513 ], [ -89.145063074872297, 47.901823660232594 ], [ -89.155839542771432, 47.908637426460899 ], [ -89.149280818124339, 47.927163970777059 ], [ -89.120328046351801, 47.939871585140068 ], [ -89.072883907364798, 47.953224036655833 ], [ -89.046697515359114, 47.961343090228908 ], [ -89.004308787223508, 47.970213643969814 ], [ -88.973697073202814, 47.976526639126682 ], [ -88.933749344763541, 47.983929624898117 ], [ -88.911941563603875, 47.993818923726423 ], [ -88.911377403047624, 47.993844708282502 ] ] ] ] } },
{ "type": "Feature", "properties": { "fid": 9, "AREA": 0.00814, "PERIMETER": 0.39534, "BETUALLE_": 10, "BETUALLE_I": 7, "CODE": 1 }, "geometry": { "type": "MultiPolygon", "coordinates": [ [ [ [ -64.485220725400907, 48.013091491916533 ], [ -64.48216916775263, 48.008643691112056 ], [ -64.469121335699825, 47.969748938181581 ], [ -64.46855391433111, 47.964477663197485 ], [ -64.469942423923811, 47.953361329103309 ], [ -64.473836953581426, 47.947806892599765 ], [ -64.495776657318686, 47.933915168840613 ], [ -64.51329625032713, 47.924751015527107 ], [ -64.532720406988545, 47.918365118609358 ], [ -64.547169058126741, 47.91503230411908 ], [ -64.552724613771815, 47.912803794322627 ], [ -64.557728887652701, 47.908921842638094 ], [ -64.561605981796859, 47.903359369652989 ], [ -64.566900652506561, 47.899476160330671 ], [ -64.573841592575377, 47.898087495257961 ], [ -64.583013318701404, 47.899476109929488 ], [ -64.588844313785472, 47.902809965336587 ], [ -64.593283972156954, 47.906694338985737 ], [ -64.593846215841353, 47.911972487929319 ], [ -64.593007425231463, 47.91809169207162 ], [ -64.577734281739893, 47.94002447441175 ], [ -64.567738886845078, 47.94919630837375 ], [ -64.556891452994151, 47.955589825365145 ], [ -64.551886669276158, 47.959473152566702 ], [ -64.542730535331302, 47.968916519932399 ], [ -64.537726269064876, 47.981414868116765 ], [ -64.535789030835119, 47.998365896100751 ], [ -64.533010984349247, 48.010031452931763 ], [ -64.531073360562317, 48.016143381848437 ], [ -64.526342010640818, 48.021696161776092 ], [ -64.522176318518305, 48.025588397629818 ], [ -64.516349428237064, 48.028640199134557 ], [ -64.509132565262561, 48.030027825319735 ], [ -64.500510512955401, 48.02752461926778 ], [ -64.494938402162077, 48.023916980428496 ], [ -64.490223367065738, 48.020025954286425 ], [ -64.485220725400907, 48.013091491916533 ] ] ] ] } },
{ "type": "Feature", "properties": { "fid": 10, "AREA": 0.01876, "PERIMETER": 0.87277, "BETUALLE_": 11, "BETUALLE_I": 8, "CODE": 1 }, "geometry": { "type": "MultiPolygon", "coordinates": [ [ [ [ -64.482166054580048, 47.917809865287978 ], [ -64.486331376946922, 47.912248342144885 ], [ -64.491335463860139, 47.908363025300432 ], [ -64.494388694865904, 47.901969843830564 ], [ -64.498279358195788, 47.88975596998862 ], [ -64.499119748766304, 47.884201914721181 ], [ -64.498552411492611, 47.878364881748645 ], [ -64.499392732990231, 47.872803891600476 ], [ -64.498277908967452, 47.86808921611135 ], [ -64.500506772887121, 47.86197800919944 ], [ -64.501069846129681, 47.856424105689193 ], [ -64.503007689374712, 47.850311912099656 ], [ -64.514116114394724, 47.832536595949456 ], [ -64.522449387208482, 47.822260652855 ], [ -64.540500778712058, 47.803362855677705 ], [ -64.566348465654173, 47.783922044088044 ], [ -64.584949137419358, 47.765589079503243 ], [ -64.604389803396487, 47.748371489204345 ], [ -64.609942663056813, 47.745311985208453 ], [ -64.6352270455248, 47.735867094314685 ], [ -64.640231747157927, 47.731974755490022 ], [ -64.646060877113271, 47.72891484478091 ], [ -64.646900074150921, 47.733920883856456 ], [ -64.649953037695738, 47.738368496688949 ], [ -64.651889655808816, 47.743090691811283 ], [ -64.656345080527714, 47.746980951448407 ], [ -64.663563438881084, 47.7500410468326 ], [ -64.68022815317083, 47.750873851798438 ], [ -64.689945548471414, 47.753092858349078 ], [ -64.692724036704689, 47.758089906216163 ], [ -64.689947239739269, 47.76392739492416 ], [ -64.678272933033043, 47.770029182786971 ], [ -64.664953302105602, 47.773363311570812 ], [ -64.659125283152719, 47.776423095080567 ], [ -64.652456362679317, 47.778644193759355 ], [ -64.647450948189686, 47.782533340942884 ], [ -64.645511966420187, 47.788644507601731 ], [ -64.647449762906419, 47.793367620474513 ], [ -64.66022381570933, 47.799761081380026 ], [ -64.668843720592776, 47.802530391702405 ], [ -64.673835704879892, 47.798646565787763 ], [ -64.675789062133944, 47.792536305289126 ], [ -64.680225985899639, 47.78781413494908 ], [ -64.686056071820502, 47.791148309999251 ], [ -64.686605961600023, 47.796426619860831 ], [ -64.679114885811714, 47.807536065809089 ], [ -64.668843506276929, 47.815309120452078 ], [ -64.671898664015799, 47.819756824967463 ], [ -64.681341153357252, 47.820313289829159 ], [ -64.693274916340584, 47.815865687454334 ], [ -64.700232329741951, 47.818926086179012 ], [ -64.702185484204989, 47.823649008625893 ], [ -64.697167533618426, 47.836145385457392 ], [ -64.684944060466322, 47.852257695200926 ], [ -64.667731695700937, 47.861145775975338 ], [ -64.666891301864013, 47.866974737763861 ], [ -64.661613599180782, 47.870865632268973 ], [ -64.641623129661426, 47.876976283190963 ], [ -64.62938696729978, 47.881700428726887 ], [ -64.623558034559011, 47.884759986532991 ], [ -64.617162415718624, 47.886697407049112 ], [ -64.608557190089357, 47.886979132454279 ], [ -64.583562640217522, 47.885033383945107 ], [ -64.573842764504178, 47.882806665315066 ], [ -64.566897905388998, 47.879754358138875 ], [ -64.566348168364499, 47.874749809837809 ], [ -64.575793368729961, 47.866144117706511 ], [ -64.576617823338481, 47.860314863857951 ], [ -64.564396901693655, 47.865585581207178 ], [ -64.557163509979475, 47.866976069861366 ], [ -64.548832841325037, 47.866426694734798 ], [ -64.540499442609118, 47.8639234294969 ], [ -64.532717900018724, 47.864199193940721 ], [ -64.51994841786798, 47.868638525531239 ], [ -64.509403715892134, 47.876420710186423 ], [ -64.506350130012876, 47.882805717747594 ], [ -64.5074517307241, 47.893364697782943 ], [ -64.509402604620007, 47.898086651703451 ], [ -64.507449048416717, 47.903916103057021 ], [ -64.495777961348892, 47.920869088387448 ], [ -64.491337348472939, 47.925592080534464 ], [ -64.485783541233189, 47.930314699059949 ], [ -64.482165886870803, 47.935303291400963 ], [ -64.47633868741633, 47.938079981047999 ], [ -64.473012144515337, 47.933915156141232 ], [ -64.476887289387633, 47.928368795327522 ], [ -64.481617771711328, 47.923644583540487 ], [ -64.482166054580048, 47.917809865287978 ] ] ] ] } },
{ "type": "Feature", "properties": { "fid": 11, "AREA": 0.00125, "PERIMETER": 0.14147, "BETUALLE_": 12, "BETUALLE_I": 9, "CODE": 1 }, "geometry": { "type": "MultiPolygon", "coordinates": [ [ [ [ -64.756906209315062, 47.814752721126538 ], [ -64.75829246102488, 47.803644207396594 ], [ -64.756356779765909, 47.798922517220149 ], [ -64.753015047542164, 47.794480664167423 ], [ -64.748558989548812, 47.790590016500758 ], [ -64.751626854626195, 47.784762248906496 ], [ -64.764413468214755, 47.780589791554654 ], [ -64.773567017944117, 47.78337355601623 ], [ -64.784402072518958, 47.796427830873526 ], [ -64.786339786562607, 47.801141923866723 ], [ -64.787178841685929, 47.805863231485425 ], [ -64.784128643334682, 47.812251107185368 ], [ -64.784676130196019, 47.817536546600465 ], [ -64.784127154107793, 47.82309073826351 ], [ -64.778847493652719, 47.826982530203736 ], [ -64.772454206799495, 47.82920247781172 ], [ -64.763574570479221, 47.827814451133435 ], [ -64.757745631978153, 47.824480259150882 ], [ -64.755792621100937, 47.81975669068661 ], [ -64.756906209315062, 47.814752721126538 ] ] ] ] } },
{ "type": "Feature", "properties": { "fid": 12, "AREA": 0.01735, "PERIMETER": 0.61155, "BETUALLE_": 13, "BETUALLE_I": 46, "CODE": 1 }, "geometry": { "type": "MultiPolygon", "coordinates": [ [ [ [ -85.738581998352586, 47.77827540777983 ], [ -85.670129876752981, 47.784999871848342 ], [ -85.640971087844861, 47.786772783153246 ], [ -85.604963544016371, 47.788025722614584 ], [ -85.576557080713528, 47.7850994375138 ], [ -85.559304635451497, 47.777477887975543 ], [ -85.549910441935666, 47.764128400223456 ], [ -85.552303981308114, 47.749296882974612 ], [ -85.563055912152535, 47.732729519972914 ], [ -85.581030007739628, 47.721443458854253 ], [ -85.611036327519741, 47.714222230674409 ], [ -85.646112170458395, 47.711322629829098 ], [ -85.677143579239768, 47.712060501737668 ], [ -85.7001942744578, 47.71219978031133 ], [ -85.728301729220576, 47.709549018493448 ], [ -85.756928604077871, 47.710883158294308 ], [ -85.789994854513893, 47.713326937132166 ], [ -85.808519479813214, 47.72022056224241 ], [ -85.819223576013073, 47.732852912915746 ], [ -85.825122838404965, 47.746714794473945 ], [ -85.817700498018226, 47.75722414899046 ], [ -85.804938311917823, 47.764973622107888 ], [ -85.788748852691668, 47.772469665848597 ], [ -85.767341837621203, 47.776418804269895 ], [ -85.738581998352586, 47.77827540777983 ] ] ] ] } },
{ "type": "Feature", "properties": { "fid": 13, "AREA": 0.00029, "PERIMETER": 0.08691, "BETUALLE_": 14, "BETUALLE_I": 10, "CODE": 1 }, "geometry": { "type": "MultiPolygon", "coordinates": [ [ [ [ -64.924670818738932, 47.316988863407474 ], [ -64.925219366364601, 47.311426164286203 ], [ -64.928273044685454, 47.305041554808035 ], [ -64.936895147915735, 47.29615231835534 ], [ -64.942158077170248, 47.30004452555503 ], [ -64.939671432135071, 47.30587349966931 ], [ -64.935778728566262, 47.311709044649874 ], [ -64.933825426957668, 47.317545745443944 ], [ -64.934391419085912, 47.327265627994258 ], [ -64.932712081785795, 47.333102159748016 ], [ -64.927723612511215, 47.330042637842745 ], [ -64.928563098928294, 47.324487872286923 ], [ -64.926610694724673, 47.319490353506005 ], [ -64.924670818738932, 47.316988863407474 ] ] ] ] } },
{ "type": "Feature", "properties": { "fid": 14, "AREA": 0.0007, "PERIMETER": 0.16672, "BETUALLE_": 15, "BETUALLE_I": 12, "CODE": 1 }, "geometry": { "type": "MultiPolygon", "coordinates": [ [ [ [ -64.969945447658318, 47.271709829287467 ], [ -64.976063648213156, 47.26810083864914 ], [ -64.980228340088971, 47.263377789483854 ], [ -64.982165263409513, 47.257266898532052 ], [ -64.986606151147328, 47.252543997752198 ], [ -64.996616250824673, 47.244487843814596 ], [ -65.002460020912068, 47.241428431602493 ], [ -65.011617033337046, 47.233378916365261 ], [ -65.018010905730307, 47.231425926186397 ], [ -65.02383957934471, 47.234768167174664 ], [ -65.015233253745691, 47.243655257337842 ], [ -65.004965583771281, 47.251437386930625 ], [ -65.001348632978946, 47.256992077143757 ], [ -64.986331016052034, 47.268931625107314 ], [ -64.980227454931793, 47.271983380596012 ], [ -64.970234841222876, 47.279765291915552 ], [ -64.96440697233065, 47.282816652127956 ], [ -64.959949412770158, 47.278924641753882 ], [ -64.969945447658318, 47.271709829287467 ] ] ] ] } },
{ "type": "Feature", "properties": { "fid": 15, "AREA": 0.00059, "PERIMETER": 0.10478, "BETUALLE_": 16, "BETUALLE_I": 14, "CODE": 1 }, "geometry": { "type": "MultiPolygon", "coordinates": [ [ [ [ -65.03271963801761, 47.187259146996652 ], [ -65.030782471285292, 47.182544246579248 ], [ -65.029682517710071, 47.171985231666532 ], [ -65.030507400338081, 47.165875953094798 ], [ -65.037448869854245, 47.164485907798586 ], [ -65.046621418683728, 47.165592687605454 ], [ -65.054950884729962, 47.168377841138081 ], [ -65.056615451087382, 47.173100031986216 ], [ -65.052999965087778, 47.178097034572161 ], [ -65.047445389921322, 47.181156557664842 ], [ -65.045505970905808, 47.186985127232617 ], [ -65.044941194548812, 47.192813975550123 ], [ -65.041889543242476, 47.199207291395467 ], [ -65.035510365895988, 47.201435724416278 ], [ -65.03271963801761, 47.187259146996652 ] ] ] ] } },
{ "type": "Feature", "properties": { "fid": 16, "AREA": 0.00065, "PERIMETER": 0.1472, "BETUALLE_": 17, "BETUALLE_I": 15, "CODE": 1 }, "geometry": { "type": "MultiPolygon", "coordinates": [ [ [ [ -65.002732991333076, 47.128651802078124 ], [ -64.995500580766702, 47.119764403100682 ], [ -64.990222224883993, 47.111432603164232 ], [ -64.988557166079019, 47.10115480668756 ], [ -64.994385433353273, 47.098096465974663 ], [ -64.998827535816176, 47.101988579788745 ], [ -65.004672317659484, 47.116156147881973 ], [ -65.012455003211983, 47.124211963627516 ], [ -65.028840733257226, 47.129483517590984 ], [ -65.036897849552233, 47.130596933503099 ], [ -65.042727878149762, 47.133932278248452 ], [ -65.037174649688126, 47.13837895125674 ], [ -65.03022972754593, 47.1397674156524 ], [ -65.022448440847654, 47.13865366447294 ], [ -65.014116102014626, 47.13615841008081 ], [ -65.002732991333076, 47.128651802078124 ] ] ] ] } },
{ "type": "Feature", "properties": { "fid": 17, "AREA": 0.00037, "PERIMETER": 0.09967, "BETUALLE_": 18, "BETUALLE_I": 16, "CODE": 1 }, "geometry": { "type": "MultiPolygon", "coordinates": [ [ [ [ -65.097736337875574, 47.0958766359675 ], [ -65.110782858236007, 47.090880037615648 ], [ -65.12105214530429, 47.08310571174524 ], [ -65.126608742765399, 47.086430672003779 ], [ -65.123008090239182, 47.091984781001024 ], [ -65.112448720559769, 47.100598538177039 ], [ -65.107166281573328, 47.103100698583802 ], [ -65.10078866451002, 47.105047697650086 ], [ -65.084949968180823, 47.10532143602164 ], [ -65.086904600708564, 47.099210224580517 ], [ -65.097736337875574, 47.0958766359675 ] ] ] ] } },
{ "type": "Feature", "properties": { "fid": 18, "AREA": 0.67414, "PERIMETER": 11.00747, "BETUALLE_": 19, "BETUALLE_I": 11, "CODE": 1 }, "geometry": { "type": "MultiPolygon", "coordinates": [ [ [ [ -62.359564371216884, 46.473350963777314 ], [ -62.351112361882514, 46.472762390876113 ], [ -62.328612887769118, 46.473319685849603 ], [ -62.313889927388779, 46.474990936351119 ], [ -62.30638931962703, 46.475264741915524 ], [ -62.298338052513472, 46.474434402643638 ], [ -62.283334178581129, 46.47499125448546 ], [ -62.275275101463755, 46.476096197238185 ], [ -62.252784563406891, 46.476653400717119 ], [ -62.224167654797675, 46.478874976406324 ], [ -62.182503182098294, 46.485824159725738 ], [ -62.166389023901601, 46.486106445608911 ], [ -62.158049432968738, 46.483879233695674 ], [ -62.150275195740186, 46.484160826689632 ], [ -62.133329501048614, 46.482765666902083 ], [ -62.108054211766735, 46.478324030723293 ], [ -62.058050349375264, 46.472763074087048 ], [ -62.040000931164322, 46.468880425982022 ], [ -62.014724224787699, 46.465270695382557 ], [ -61.996667244935928, 46.461379257241674 ], [ -61.979720257375824, 46.459160578420985 ], [ -61.97054953430154, 46.456939470554708 ], [ -61.965003162337545, 46.453322195161441 ], [ -61.968887412100514, 46.447768156753746 ], [ -61.973611410139362, 46.443046739687439 ], [ -61.991667192513617, 46.435264500537308 ], [ -62.002502817292232, 46.427215380419568 ], [ -62.013062264743105, 46.421104735760665 ], [ -62.045835979598323, 46.41137718947909 ], [ -62.057503413380289, 46.407211120873896 ], [ -62.069451749159022, 46.401382070142532 ], [ -62.095274474174175, 46.382492683319853 ], [ -62.101113405749601, 46.37971597669145 ], [ -62.119721100343021, 46.372765119386088 ], [ -62.148888818411749, 46.369437375646001 ], [ -62.154166989814584, 46.367209475231633 ], [ -62.160279046104392, 46.364158042577415 ], [ -62.168336162756141, 46.35332512083999 ], [ -62.173332252190932, 46.349434095065924 ], [ -62.181114426275272, 46.348601841389886 ], [ -62.195830123821089, 46.348602421931552 ], [ -62.215554735493726, 46.34360424294055 ], [ -62.223610032403016, 46.344153559219372 ], [ -62.232773333046815, 46.346383339378853 ], [ -62.253059544279651, 46.35610288844039 ], [ -62.272225474743856, 46.371658720784581 ], [ -62.27777828176643, 46.374711079394238 ], [ -62.285835563131798, 46.377487618025761 ], [ -62.277497607057278, 46.363608834835688 ], [ -62.274170647577925, 46.359992950614597 ], [ -62.268333857353163, 46.351105604978578 ], [ -62.266944824577344, 46.346383042379095 ], [ -62.266944717761469, 46.340544852694478 ], [ -62.272223124742695, 46.338326285874004 ], [ -62.279724213108636, 46.338044130067985 ], [ -62.288894632247306, 46.34027167034364 ], [ -62.296951222823324, 46.343048054943658 ], [ -62.309164936929051, 46.34999860485734 ], [ -62.32639233390767, 46.354995310906482 ], [ -62.342772127592056, 46.356102801764322 ], [ -62.357779313751337, 46.355826381733621 ], [ -62.355835883666572, 46.350829125645092 ], [ -62.349440416061924, 46.347770493500889 ], [ -62.344999850432522, 46.343880395356415 ], [ -62.344717906228666, 46.338598871714886 ], [ -62.348053456309522, 46.332214865564389 ], [ -62.352781606208538, 46.32749216337443 ], [ -62.351393176830371, 46.322219544777518 ], [ -62.348052551944626, 46.318328878880521 ], [ -62.334724744746602, 46.311936385398532 ], [ -62.339439127463564, 46.307213411805961 ], [ -62.347495984808816, 46.308045061818376 ], [ -62.36111579548858, 46.305548978163202 ], [ -62.391387451917957, 46.304435444538434 ], [ -62.4005522592673, 46.30693761045211 ], [ -62.359724668444507, 46.28276823733858 ], [ -62.361945790143118, 46.276656684623532 ], [ -62.366944142523941, 46.27304802308656 ], [ -62.371666719800515, 46.268325481787485 ], [ -62.373886254698256, 46.262213991031189 ], [ -62.379441303908898, 46.25943835995394 ], [ -62.388893547779439, 46.261665844795722 ], [ -62.395553441999738, 46.264998167729388 ], [ -62.403611350742146, 46.265549101438317 ], [ -62.418607806322797, 46.264999569048172 ], [ -62.427221646304019, 46.266388623286261 ], [ -62.442221361941158, 46.272491856541109 ], [ -62.451393107880669, 46.274711729139383 ], [ -62.467499248284824, 46.27582481359623 ], [ -62.47499976395396, 46.275550685184356 ], [ -62.489724655908752, 46.273604578846992 ], [ -62.495003511536162, 46.271378838874142 ], [ -62.492226219952435, 46.266936832006046 ], [ -62.48444251735787, 46.264160618237547 ], [ -62.466941373665108, 46.261108045111435 ], [ -62.458609613579789, 46.260550627067481 ], [ -62.449439587257899, 46.258331330865602 ], [ -62.437216978229941, 46.251663798716365 ], [ -62.428886012721676, 46.243606750274914 ], [ -62.423057582668747, 46.234719472682102 ], [ -62.419723097922798, 46.225264593020349 ], [ -62.419448956230347, 46.219986051888299 ], [ -62.424720979246246, 46.215544923987352 ], [ -62.453887669005553, 46.214440066567199 ], [ -62.470276189052797, 46.215544837423209 ], [ -62.488052504665674, 46.219436324678348 ], [ -62.500838064657763, 46.215270903351772 ], [ -62.507506207566294, 46.2141566254545 ], [ -62.515555197632857, 46.214714335538858 ], [ -62.530555670689658, 46.220543920527945 ], [ -62.541671534144768, 46.227211105898952 ], [ -62.555276078989827, 46.233330152757674 ], [ -62.563887688078388, 46.234993517514837 ], [ -62.57194575590114, 46.235549484972609 ], [ -62.585272532989954, 46.232208760883999 ], [ -62.587500941479988, 46.226378148390943 ], [ -62.581671347617799, 46.222762832974112 ], [ -62.572503368473456, 46.220268996523671 ], [ -62.555274593792809, 46.217490374654858 ], [ -62.536666089660777, 46.212768712460708 ], [ -62.528609875521198, 46.209991724551109 ], [ -62.515007872514943, 46.203605086105455 ], [ -62.500000332792169, 46.192490459376458 ], [ -62.498335570849569, 46.187767516634111 ], [ -62.498056125007942, 46.182494711955414 ], [ -62.503614452808442, 46.179718554961781 ], [ -62.511114470271352, 46.17943561318922 ], [ -62.55944082779358, 46.195823232622047 ], [ -62.565835300788741, 46.199157384921484 ], [ -62.580833026646943, 46.20499464725647 ], [ -62.58944103523411, 46.20638245651508 ], [ -62.595832185047222, 46.204437512692749 ], [ -62.595276233118049, 46.199158370138676 ], [ -62.588608831978362, 46.196099442629617 ], [ -62.572501233976887, 46.190542955905535 ], [ -62.568337578059456, 46.186654202755975 ], [ -62.603891224088592, 46.182494371465253 ], [ -62.603888879511821, 46.177215654259662 ], [ -62.586943234216477, 46.175269766495937 ], [ -62.564446608161695, 46.176101372179453 ], [ -62.556388341991799, 46.175552741693721 ], [ -62.547501789552747, 46.174164831809755 ], [ -62.53944405772144, 46.17138011450924 ], [ -62.53417256475425, 46.167770005214663 ], [ -62.531387089178537, 46.16332278112894 ], [ -62.535276923385695, 46.157768217399308 ], [ -62.541113663793887, 46.154991004282849 ], [ -62.546111208800212, 46.151100827113403 ], [ -62.544448038017215, 46.146384790816299 ], [ -62.534727373659727, 46.138885397297123 ], [ -62.541387953803607, 46.13610872157377 ], [ -62.545555907508756, 46.132210510110646 ], [ -62.545280116951247, 46.126938077013108 ], [ -62.542228053944989, 46.122490212114094 ], [ -62.534173765042638, 46.121932452811222 ], [ -62.527778235158095, 46.12416181644673 ], [ -62.520554643991176, 46.124435707158213 ], [ -62.511672736305663, 46.12276402274604 ], [ -62.507506384044639, 46.118881066933227 ], [ -62.500000277833315, 46.119155642776043 ], [ -62.493331378566459, 46.121932833705195 ], [ -62.485556369063858, 46.120543445907316 ], [ -62.478333481207905, 46.120827223128643 ], [ -62.477217535840509, 46.126379803814643 ], [ -62.478880041142745, 46.131935549304146 ], [ -62.481667853197315, 46.13638289073333 ], [ -62.489998353780564, 46.138327713683616 ], [ -62.497221982917559, 46.138045418246911 ], [ -62.506109718926744, 46.139716780750064 ], [ -62.51389160027869, 46.142220121431798 ], [ -62.509727226580573, 46.148606350233734 ], [ -62.504448743230348, 46.150824532953528 ], [ -62.489166168793297, 46.151382287791797 ], [ -62.473054317007652, 46.150267825317918 ], [ -62.468888755535978, 46.146102503490027 ], [ -62.46721716630308, 46.141379585122429 ], [ -62.471108057034023, 46.135826423196725 ], [ -62.469718511455888, 46.131104083408438 ], [ -62.460831556156712, 46.118050864887302 ], [ -62.458334424275812, 46.112769880027102 ], [ -62.455003022797818, 46.109161578817172 ], [ -62.449164713246461, 46.100547881490378 ], [ -62.447492994768645, 46.095543711270203 ], [ -62.446946377465679, 46.090545664507559 ], [ -62.449164350843255, 46.084434167373786 ], [ -62.453057556303612, 46.078881081075998 ], [ -62.465279866111821, 46.073883521692636 ], [ -62.467216684266333, 46.068053192377725 ], [ -62.471108584970501, 46.060822082130535 ], [ -62.47527339215484, 46.056938199366208 ], [ -62.482498669370571, 46.054993474802316 ], [ -62.498335633706652, 46.05693712915307 ], [ -62.519163896444731, 46.053603133021433 ], [ -62.526665550505747, 46.053047521720771 ], [ -62.534447496987077, 46.053878681522633 ], [ -62.540841777330066, 46.05165812096817 ], [ -62.543061972675851, 46.045829673897757 ], [ -62.547499629858997, 46.041107954501925 ], [ -62.568062653991149, 46.03749890731455 ], [ -62.573890478768668, 46.034722009652633 ], [ -62.571113173093416, 46.030273815989766 ], [ -62.561667998467001, 46.028045752392757 ], [ -62.547502498340414, 46.029433779111784 ], [ -62.530829482828914, 46.027488797553239 ], [ -62.52277258014859, 46.024711711609314 ], [ -62.515837134589731, 46.021377330240156 ], [ -62.510557339174674, 46.017769514586888 ], [ -62.501113437725181, 46.015548672144014 ], [ -62.460000704558965, 46.022490928886931 ], [ -62.454719715965496, 46.018882270001093 ], [ -62.459167481904153, 46.006385447308034 ], [ -62.47360878909798, 45.994711897737005 ], [ -62.4969462666051, 45.983879727258028 ], [ -62.510000991866463, 45.979156509061092 ], [ -62.541670524890826, 45.970543590346082 ], [ -62.548614744317469, 45.969435886332768 ], [ -62.556945709830181, 45.969437298418768 ], [ -62.571386632444884, 45.968048161105379 ], [ -62.577224159619661, 45.966659990480174 ], [ -62.584724817619595, 45.966384380145627 ], [ -62.591666512263203, 45.964995865326706 ], [ -62.613891393976267, 45.962768160324217 ], [ -62.650277582965877, 45.960273000821886 ], [ -62.658334155718329, 45.961104793132733 ], [ -62.666108146713199, 45.960549554173234 ], [ -62.674172106934016, 45.961379840925801 ], [ -62.681387221867205, 45.961105255495688 ], [ -62.730551988689108, 45.965270417470983 ], [ -62.736947182445199, 45.963325793741674 ], [ -62.741670097316323, 45.959434177687065 ], [ -62.742775460750984, 45.953880903885079 ], [ -62.746664808313767, 45.948326303132532 ], [ -62.755821645971935, 45.95054895922582 ], [ -62.761086070287547, 45.954165101246517 ], [ -62.76911040339364, 45.9569461198219 ], [ -62.812329628963568, 45.964176895810667 ], [ -62.820364782415055, 45.964735025477907 ], [ -62.837535266246903, 45.967518396660303 ], [ -62.856374144937959, 45.977519145655478 ], [ -62.870220837039568, 45.988919657901612 ], [ -62.876870935041751, 45.991974415339115 ], [ -62.882409668380745, 45.995584121077663 ], [ -62.886570801648467, 45.999477386422768 ], [ -62.889614325007024, 46.003924348524144 ], [ -62.885186564866302, 46.008645529992819 ], [ -62.869665566368667, 46.008367281015637 ], [ -62.875212420928314, 46.011976866052272 ], [ -62.895153434652748, 46.021420438359186 ], [ -62.904293147003202, 46.023652534031967 ], [ -62.918984457880455, 46.029484852172203 ], [ -62.929788628260951, 46.037271062215495 ], [ -62.932825101351384, 46.040887826691666 ], [ -62.934489170595874, 46.0456027409247 ], [ -62.930617844789609, 46.051155109447009 ], [ -62.924523517340631, 46.053374297912058 ], [ -62.915650969743901, 46.052540250083631 ], [ -62.897932468622095, 46.04809455236299 ], [ -62.889896963037664, 46.047534022674277 ], [ -62.885462177882701, 46.052257147781781 ], [ -62.885743320540527, 46.057534522134688 ], [ -62.889898656866251, 46.061421027159859 ], [ -62.895710256549165, 46.065038762260748 ], [ -62.903746645069667, 46.067542332295119 ], [ -62.926464477022193, 46.067549193040442 ], [ -62.940029788267822, 46.065326401983661 ], [ -62.952773659179563, 46.061163709804354 ], [ -62.967733245264014, 46.060610884524777 ], [ -62.975768803254219, 46.061171037925234 ], [ -62.982415579664455, 46.059784825195003 ], [ -62.996820700749844, 46.058400584725909 ], [ -63.003205773832796, 46.0561742198582 ], [ -63.010432823191699, 46.056730793058712 ], [ -63.018205907584601, 46.055623442836946 ], [ -63.025981462618446, 46.056729741604386 ], [ -63.030146272886846, 46.06089550873444 ], [ -63.024591777391009, 46.063680259646716 ], [ -63.011263352103946, 46.067014267865787 ], [ -62.991008804708947, 46.069788693155232 ], [ -62.970227267570493, 46.074230975392446 ], [ -62.958870158360227, 46.079224971244649 ], [ -62.936706611873994, 46.091990189475339 ], [ -62.922029734506786, 46.092541531443587 ], [ -62.916763278376145, 46.096431827733397 ], [ -62.90845590373025, 46.106705647914964 ], [ -62.903463721151674, 46.110320681815573 ], [ -62.890726497297514, 46.114481862259375 ], [ -62.886847717501922, 46.120026965822944 ], [ -62.881581916079476, 46.132530941224282 ], [ -62.87493071438989, 46.135030990918921 ], [ -62.86773365776277, 46.134754660414508 ], [ -62.865794367535614, 46.140307372026214 ], [ -62.871608220346964, 46.143643161804718 ], [ -62.875760533852691, 46.147809594783631 ], [ -62.881027619216262, 46.151137461656916 ], [ -62.884907963766125, 46.155862360062855 ], [ -62.890454846669876, 46.159471801393337 ], [ -62.891284181444711, 46.153643696511857 ], [ -62.896265730715626, 46.150036928594858 ], [ -62.902633848126825, 46.14781834936678 ], [ -62.909557775575124, 46.14670695356098 ], [ -62.91593588742721, 46.143931990335169 ], [ -62.920369709237079, 46.14004192555786 ], [ -62.928679425059286, 46.129766393766481 ], [ -62.935875440347509, 46.128097894524501 ], [ -62.950004979095446, 46.126996559055186 ], [ -62.958596300470397, 46.128662736563541 ], [ -62.95915253708128, 46.133666621143369 ], [ -62.958040105713444, 46.139220015456672 ], [ -62.950841508505079, 46.157827350355433 ], [ -62.947511970875659, 46.164211143727492 ], [ -62.943631483457715, 46.169772127805764 ], [ -62.936989132973487, 46.172546570359422 ], [ -62.929508377043412, 46.172818643996749 ], [ -62.928679952370963, 46.17838063398348 ], [ -62.931723555800964, 46.18282365071267 ], [ -62.943630832196312, 46.190043929149674 ], [ -62.950561573455147, 46.192548250903364 ], [ -62.968291077789814, 46.194773155904542 ], [ -62.977428660413644, 46.197003617151502 ], [ -62.984358419172828, 46.195891112451797 ], [ -62.985188166058371, 46.190337183307683 ], [ -62.981308799851512, 46.185614919162674 ], [ -62.977710736332753, 46.176723961365639 ], [ -62.983247846902557, 46.17394803208326 ], [ -63.009319365338818, 46.178119541641301 ], [ -63.018483238545002, 46.180347342449913 ], [ -63.024592806299495, 46.189228136972133 ], [ -63.052375439190541, 46.196169846903715 ], [ -63.087096178359516, 46.201730764412268 ], [ -63.10293676138847, 46.202006211730506 ], [ -63.112100750787697, 46.204233464209224 ], [ -63.118766051744593, 46.207286199622608 ], [ -63.121545506064273, 46.211733820132295 ], [ -63.119598949596423, 46.217837622255345 ], [ -63.115159323030234, 46.222560481019016 ], [ -63.103766190144611, 46.228396443086638 ], [ -63.094321224389489, 46.236727388187994 ], [ -63.075714461796487, 46.24395233438085 ], [ -63.068488186481275, 46.244226355051666 ], [ -63.062651329896056, 46.247286828548198 ], [ -63.062936629709064, 46.252290504369121 ], [ -63.064873446798984, 46.257014788706236 ], [ -63.065154560415536, 46.262285903588428 ], [ -63.057655306036992, 46.264787132430783 ], [ -63.050987601335024, 46.265345189908004 ], [ -63.042655832148228, 46.263957307282183 ], [ -63.041265549811442, 46.270059356579139 ], [ -63.041823002957841, 46.275338425354768 ], [ -63.03821450367321, 46.280343045467092 ], [ -63.030150989951032, 46.279786908295407 ], [ -63.028205740315627, 46.28562269645365 ], [ -63.023488739888926, 46.290345952072791 ], [ -63.017096628234363, 46.292566628022158 ], [ -63.009604573848691, 46.292841536798839 ], [ -63.001547248180408, 46.290063282175403 ], [ -62.995439214332627, 46.292290972763908 ], [ -62.990180934338206, 46.295896533568246 ], [ -62.978814860816122, 46.301722530860616 ], [ -62.968565716751208, 46.309495048116197 ], [ -62.964137674945569, 46.314214705057076 ], [ -62.962197002956366, 46.320051134139241 ], [ -62.968847529913482, 46.318946438257939 ], [ -63.001547053021284, 46.310342452285425 ], [ -63.014327675534034, 46.30616861041208 ], [ -63.034600289758103, 46.301729878684135 ], [ -63.040711110701579, 46.299792212247958 ], [ -63.052100780895834, 46.293954951801723 ], [ -63.057930653415738, 46.290903584790314 ], [ -63.073493446399311, 46.278947004752922 ], [ -63.079048676191732, 46.275895884254652 ], [ -63.085434477226947, 46.273949738732533 ], [ -63.090158064471176, 46.269227628172466 ], [ -63.094042030801759, 46.263681124074807 ], [ -63.109321315052753, 46.252290733329311 ], [ -63.117379831820529, 46.24117578738359 ], [ -63.122095544566015, 46.237283548172584 ], [ -63.129319870193015, 46.236177520315813 ], [ -63.145433814955588, 46.241449563667295 ], [ -63.148769160815789, 46.250901337970653 ], [ -63.154041240085995, 46.254511925587458 ], [ -63.162377757905688, 46.255067396879845 ], [ -63.169046354316748, 46.258119478527561 ], [ -63.186541673585303, 46.268953218972229 ], [ -63.19432329795908, 46.27005947821624 ], [ -63.196269525680506, 46.264230412516319 ], [ -63.187929857848587, 46.256174243418485 ], [ -63.180994553038687, 46.247285966132793 ], [ -63.172098611107884, 46.240061289360412 ], [ -63.169046301735897, 46.23562131138614 ], [ -63.168489187941105, 46.230616591711268 ], [ -63.171824057150481, 46.224231156350989 ], [ -63.178208518781091, 46.222002318789308 ], [ -63.199602899759611, 46.219224559492751 ], [ -63.204600198377094, 46.215617426837021 ], [ -63.209323302392349, 46.210895039440381 ], [ -63.220432804451818, 46.204783839294315 ], [ -63.249325616020222, 46.201730231185756 ], [ -63.265439526265034, 46.202845138269801 ], [ -63.271825832672498, 46.200898731930529 ], [ -63.272382497543873, 46.195337365507953 ], [ -63.267102599841088, 46.191730447136692 ], [ -63.259610211395291, 46.192003824294318 ], [ -63.245716264191962, 46.194505688046952 ], [ -63.237103465421626, 46.193118271186819 ], [ -63.231541755490525, 46.189501169496403 ], [ -63.225710468361953, 46.180895487498397 ], [ -63.218485511963166, 46.182009162508812 ], [ -63.213771600556662, 46.185892582470181 ], [ -63.211542634357279, 46.191730190318687 ], [ -63.205989489537558, 46.194780790772093 ], [ -63.182649163669616, 46.194782064707134 ], [ -63.178210587423386, 46.199503016176777 ], [ -63.179881797263782, 46.204233294754189 ], [ -63.179323581118737, 46.210061856852015 ], [ -63.172381942798516, 46.211175768126104 ], [ -63.164322928793432, 46.210619782332465 ], [ -63.142656001351043, 46.20173170588042 ], [ -63.138489414755433, 46.19783955810508 ], [ -63.13793209297738, 46.192561474464739 ], [ -63.139876463938677, 46.186450729403809 ], [ -63.156540687538708, 46.176729234541909 ], [ -63.180992988321407, 46.167567766045117 ], [ -63.193764935675603, 46.163393605597001 ], [ -63.215160194895851, 46.160061091235185 ], [ -63.219316583161756, 46.156170352230291 ], [ -63.220154409871668, 46.144786963608276 ], [ -63.223763933733636, 46.139789827772617 ], [ -63.237934584678982, 46.1381191104444 ], [ -63.252941206392919, 46.137568536571948 ], [ -63.260996211696181, 46.138117808792664 ], [ -63.288494237187187, 46.143954519059648 ], [ -63.353773887834436, 46.165064295299658 ], [ -63.390999560849238, 46.1742352529253 ], [ -63.408494168080459, 46.177011001076437 ], [ -63.416278018753495, 46.179788743039296 ], [ -63.420717366413392, 46.18367168951027 ], [ -63.421274523574503, 46.188952404855073 ], [ -63.422944546478512, 46.193675000844351 ], [ -63.43265681079405, 46.19533753772135 ], [ -63.445436152096136, 46.19256034189835 ], [ -63.454608775577391, 46.19478086875985 ], [ -63.464055146345054, 46.202844094572384 ], [ -63.474330261014899, 46.20978668216533 ], [ -63.480715523633108, 46.21783663355027 ], [ -63.489332061475707, 46.219224368398471 ], [ -63.496280758928478, 46.217836412128499 ], [ -63.504613117981485, 46.207567143291357 ], [ -63.511554428355304, 46.206452096189111 ], [ -63.519054353408698, 46.206171371626233 ], [ -63.527111700262168, 46.208671569265377 ], [ -63.544057131912822, 46.21061827807516 ], [ -63.565443420391304, 46.219505117106806 ], [ -63.57267011422892, 46.218392941580184 ], [ -63.584334712879183, 46.213119629455939 ], [ -63.591279191869042, 46.212006261000454 ], [ -63.624895544202289, 46.222282742721056 ], [ -63.642115130476739, 46.225060592903354 ], [ -63.649064936766898, 46.22811300342773 ], [ -63.656283656882117, 46.236450824537755 ], [ -63.661836582100719, 46.239783970179758 ], [ -63.669892810922391, 46.242560267421105 ], [ -63.697946508225137, 46.249229621127739 ], [ -63.701007748194833, 46.253677486978425 ], [ -63.699062507868973, 46.259505099761199 ], [ -63.69989430913607, 46.270057462759951 ], [ -63.701563549589054, 46.275336384474087 ], [ -63.706005233172554, 46.278670416793368 ], [ -63.714062838630745, 46.281447916733903 ], [ -63.725445524612645, 46.288397202999526 ], [ -63.732671286609992, 46.296730182281209 ], [ -63.741285229530796, 46.304502538748523 ], [ -63.753789742129939, 46.310889686326298 ], [ -63.781843796696222, 46.317839981980285 ], [ -63.799070393670981, 46.320341796693775 ], [ -63.806006549933599, 46.323393811040496 ], [ -63.810456892202758, 46.32755915466366 ], [ -63.812119209274549, 46.332281231811798 ], [ -63.811286418233315, 46.337835302464704 ], [ -63.80684583148151, 46.342557469941326 ], [ -63.800735896357644, 46.344503741719386 ], [ -63.793793813197198, 46.341445518894375 ], [ -63.784904517822419, 46.34005571380721 ], [ -63.784623847511156, 46.345891640886983 ], [ -63.801567831179824, 46.361448654791239 ], [ -63.804902599714225, 46.365895179064402 ], [ -63.806565657908173, 46.370610726714432 ], [ -63.800179879041963, 46.372832021279194 ], [ -63.789071617533665, 46.365613399884957 ], [ -63.771567173451778, 46.360890433349738 ], [ -63.745452210622574, 46.356725139276485 ], [ -63.736287628593828, 46.353949611899644 ], [ -63.728506435183441, 46.352842879957123 ], [ -63.714062981572226, 46.354231805034111 ], [ -63.718503649240077, 46.358114490986893 ], [ -63.749626850861048, 46.369222983803077 ], [ -63.756292058699465, 46.372282454297199 ], [ -63.764899249994613, 46.380337213792913 ], [ -63.759344910113604, 46.383115188886471 ], [ -63.744344830925385, 46.383946613753203 ], [ -63.73823534421782, 46.385891826988043 ], [ -63.738507947972522, 46.391171910551869 ], [ -63.74434682788818, 46.394779662391734 ], [ -63.753792390818781, 46.396450768135011 ], [ -63.761017589392615, 46.396724937594961 ], [ -63.799073582084127, 46.395612587449477 ], [ -63.815453976861036, 46.39645160488476 ], [ -63.840455617222247, 46.398944869936827 ], [ -63.857958342616541, 46.401721630049352 ], [ -63.875453884306161, 46.406444495982079 ], [ -63.884075943589067, 46.40783481909142 ], [ -63.884906558234995, 46.402279907028358 ], [ -63.889347562625808, 46.397557245482325 ], [ -63.897403754409559, 46.400058603022849 ], [ -63.901846498023218, 46.404224552420416 ], [ -63.916294269402314, 46.421169592917046 ], [ -63.92101801538962, 46.424504491066678 ], [ -63.929076423474349, 46.425060624673286 ], [ -63.935737186675858, 46.424503446049236 ], [ -63.948233049128476, 46.420056369253693 ], [ -63.952679902730026, 46.415333639719712 ], [ -63.95352121893275, 46.409779790592381 ], [ -63.962966013046284, 46.401164531309711 ], [ -63.969342626848238, 46.399227771024343 ], [ -63.981290716554064, 46.393948567032034 ], [ -63.988515915859352, 46.393672983859062 ], [ -64.00630859545754, 46.395611425654955 ], [ -64.058785361314804, 46.404498263332627 ], [ -64.091027249107199, 46.406162568095837 ], [ -64.121287856585241, 46.404773763462451 ], [ -64.1293431481472, 46.407275656350514 ], [ -64.132412884668625, 46.411723434171854 ], [ -64.134365868555335, 46.416447378624049 ], [ -64.132410801309987, 46.433390221179259 ], [ -64.130457466721154, 46.439219489714475 ], [ -64.126566817545907, 46.444773010971993 ], [ -64.121289026675271, 46.44866500565967 ], [ -64.110470690267547, 46.441722362322444 ], [ -64.105189273563653, 46.445605826311265 ], [ -64.105738618241375, 46.450893449051627 ], [ -64.107691920933405, 46.455616195899701 ], [ -64.110743133501941, 46.460055642456666 ], [ -64.111294568276648, 46.465059597961726 ], [ -64.107401675201828, 46.477275279612755 ], [ -64.108517413441092, 46.487559278199861 ], [ -64.112132188816815, 46.497003660945254 ], [ -64.115187218332878, 46.523111256717634 ], [ -64.113248253799085, 46.528939170432267 ], [ -64.112683370383436, 46.534784595855299 ], [ -64.109355810959798, 46.541170133448126 ], [ -64.104915981388743, 46.545891217698035 ], [ -64.099636031498918, 46.549782914570415 ], [ -64.093520141956432, 46.551720701379487 ], [ -64.086575317496695, 46.553108615872446 ], [ -64.070477338400792, 46.547837874794368 ], [ -64.069639193766406, 46.553383989195446 ], [ -64.075757156555156, 46.562272289865049 ], [ -64.070753229039923, 46.565888968718639 ], [ -64.062680198396421, 46.565607129753154 ], [ -64.057399100253747, 46.569505307366256 ], [ -64.058789521069002, 46.579781816350518 ], [ -64.061854539379979, 46.58422198893544 ], [ -64.079082605080785, 46.58671676379312 ], [ -64.079648239703971, 46.602836826569934 ], [ -64.083249991656089, 46.612274418413953 ], [ -64.082428004215998, 46.618659644217445 ], [ -64.077969667405824, 46.623382997875837 ], [ -64.072692287343301, 46.625611184730197 ], [ -64.068814630279007, 46.631163619777986 ], [ -64.070754197985508, 46.635887882633661 ], [ -64.077422473914609, 46.634780226094144 ], [ -64.094632601976713, 46.625609988214023 ], [ -64.104919057946546, 46.618112008089888 ], [ -64.113522916633684, 46.608665680149848 ], [ -64.121289453411293, 46.597275238803157 ], [ -64.125745992914688, 46.592551595565382 ], [ -64.13268870886948, 46.591439762910269 ], [ -64.140746676835548, 46.593942196339853 ], [ -64.153533121727705, 46.600608905666462 ], [ -64.191574251566067, 46.614501917537105 ], [ -64.207139874644284, 46.625327161288972 ], [ -64.214083303544925, 46.628386492373096 ], [ -64.222979858571605, 46.629775572979113 ], [ -64.23825372417474, 46.628388355863692 ], [ -64.257709485316269, 46.623382041793029 ], [ -64.273256283344011, 46.623382689194507 ], [ -64.285756016773021, 46.630050073438611 ], [ -64.29408880550929, 46.632552392570474 ], [ -64.302143446410312, 46.633110151182784 ], [ -64.316868463179034, 46.631439214904006 ], [ -64.322986608185516, 46.629219104465605 ], [ -64.327979714211267, 46.625327041621162 ], [ -64.333255854928865, 46.622825770834702 ], [ -64.358527409790796, 46.623107047407146 ], [ -64.386877516787294, 46.620886522125979 ], [ -64.391317779070732, 46.624769875050156 ], [ -64.39576023073775, 46.634497686220563 ], [ -64.401313167964403, 46.643111345308959 ], [ -64.405755365049885, 46.652831508250749 ], [ -64.413260892329731, 46.66588447994436 ], [ -64.414925506811443, 46.670606416105755 ], [ -64.416025574845534, 46.681166772870085 ], [ -64.414087199720257, 46.697829197127838 ], [ -64.409646020316728, 46.711164846192993 ], [ -64.399652408450535, 46.727545522015845 ], [ -64.381861913624661, 46.746716516676813 ], [ -64.346321496364197, 46.773663067585602 ], [ -64.323265490429947, 46.786442981839691 ], [ -64.312689232179224, 46.793385597727912 ], [ -64.295753969092715, 46.801715696772682 ], [ -64.285482938892002, 46.809490933457106 ], [ -64.272423053438999, 46.823665883025868 ], [ -64.249092546940489, 46.868107549210599 ], [ -64.247139043299441, 46.874216980219153 ], [ -64.246590489503291, 46.879772178886348 ], [ -64.243249224860293, 46.886165589689575 ], [ -64.23575528610202, 46.897548542927858 ], [ -64.226309803528181, 46.906153982532778 ], [ -64.205755179228802, 46.921435408381264 ], [ -64.20131729817281, 46.926440403867389 ], [ -64.196021009872709, 46.93004836435896 ], [ -64.182135061534865, 46.945596143711022 ], [ -64.167974455387778, 46.956713873759774 ], [ -64.156592510680795, 46.962824007370529 ], [ -64.143529010300583, 46.966158721360564 ], [ -64.121588359167319, 46.969209299121886 ], [ -64.104924257509253, 46.979767736029935 ], [ -64.082982372236714, 46.99560033758916 ], [ -64.067145240956449, 47.004220563890158 ], [ -64.060751123590379, 47.006158048551931 ], [ -64.049915559170998, 47.013109750023517 ], [ -64.020206064124068, 47.038658320118529 ], [ -64.00186542722912, 47.056152352004474 ], [ -63.99824933148804, 47.061714095714322 ], [ -63.991032543551846, 47.058656444622152 ], [ -63.987970688063889, 47.054215393580655 ], [ -63.986308266572472, 47.049492371391587 ], [ -63.984088421042337, 47.036715226094522 ], [ -63.986307149726223, 47.030045753663444 ], [ -63.986310192696997, 47.019211843096656 ], [ -63.988528134140324, 47.013110042154828 ], [ -63.990472161046888, 46.996438857457292 ], [ -63.994363626301869, 46.984217625900982 ], [ -63.996027554772823, 46.973100358879456 ], [ -63.996858990445119, 46.95671334485462 ], [ -63.995752194489491, 46.946154831839955 ], [ -63.991305214468206, 46.931438099165383 ], [ -63.969352062502743, 46.901713843158589 ], [ -63.966857968347178, 46.891719340528248 ], [ -63.98324633895281, 46.880604210626863 ], [ -64.003816442457307, 46.865055733634016 ], [ -64.012421713628768, 46.855609455497977 ], [ -64.024369047287379, 46.838939345999727 ], [ -64.026306150618439, 46.832829845744854 ], [ -64.027420848205537, 46.82143859473873 ], [ -64.030747765391979, 46.815053576254158 ], [ -64.03880507137842, 46.817830563952093 ], [ -64.040740902605634, 46.822551498771659 ], [ -64.047701760953444, 46.821163906982676 ], [ -64.057403132397269, 46.801717086804238 ], [ -64.06546193379431, 46.80449526984345 ], [ -64.072985529021409, 46.813382832226402 ], [ -64.076860666907308, 46.809215818537737 ], [ -64.075762605079731, 46.79894013471371 ], [ -64.077697912691491, 46.792829293823353 ], [ -64.081864878715109, 46.786717503758375 ], [ -64.091035190967574, 46.778660898733619 ], [ -64.084090605542073, 46.769773786305358 ], [ -64.076859203390683, 46.756445951554916 ], [ -64.073808367294959, 46.752279554715471 ], [ -64.066864404017849, 46.749220568774639 ], [ -64.039078070913405, 46.743383424823975 ], [ -64.03103450515394, 46.742827369526346 ], [ -64.024077425482048, 46.74421516199363 ], [ -64.015760565406907, 46.743666133347602 ], [ -64.008528292514654, 46.744216481924184 ], [ -64.004361810217858, 46.749776275662555 ], [ -63.999355376688122, 46.753668882732988 ], [ -63.991027375759579, 46.753111095021183 ], [ -63.985472363700396, 46.749494143032571 ], [ -63.978520185208026, 46.746442005677075 ], [ -63.974071196091657, 46.742552151496689 ], [ -63.971022280845645, 46.738387167186886 ], [ -63.974353671644515, 46.731718944372446 ], [ -63.978237227154303, 46.726155954730388 ], [ -63.980182379892028, 46.71421791352784 ], [ -63.96601481068992, 46.708944320202249 ], [ -63.954629989324779, 46.701721136810391 ], [ -63.942684232447675, 46.689772893354743 ], [ -63.922130463025411, 46.680610877999129 ], [ -63.917687300106778, 46.676444457239647 ], [ -63.912125946220399, 46.673110717808925 ], [ -63.903522149361102, 46.665328583461765 ], [ -63.902963269576389, 46.660050015969908 ], [ -63.89962740521878, 46.655609311213013 ], [ -63.881568656401861, 46.645608252968835 ], [ -63.879905565825581, 46.640892708117221 ], [ -63.882682069881547, 46.629220307214062 ], [ -63.880736518518212, 46.624498263757211 ], [ -63.879630034914996, 46.614221458926885 ], [ -63.884627720238178, 46.610338407141697 ], [ -63.89379902537322, 46.613114277114981 ], [ -63.911019765740917, 46.622826668722986 ], [ -63.912962945526928, 46.616998362583828 ], [ -63.903519802342615, 46.603943910599334 ], [ -63.896849966743126, 46.600893355855071 ], [ -63.887688500296441, 46.600061731777579 ], [ -63.873519143853137, 46.601167489455598 ], [ -63.865186589620826, 46.600610614209522 ], [ -63.861021347810656, 46.605332270137659 ], [ -63.857687169553941, 46.611725409478375 ], [ -63.858245253071587, 46.61699699146358 ], [ -63.862686153067685, 46.620888455064872 ], [ -63.864357625396934, 46.625611170839314 ], [ -63.858795896657817, 46.628662969989271 ], [ -63.849905641578403, 46.627273793598057 ], [ -63.83629633074009, 46.621162887678224 ], [ -63.831855889996184, 46.61727269409031 ], [ -63.831024222539504, 46.612000653290657 ], [ -63.834623141613115, 46.605614764187557 ], [ -63.843510424875447, 46.596162246373538 ], [ -63.844069068860769, 46.590608371186846 ], [ -63.838515979354227, 46.586999193927895 ], [ -63.834350039897082, 46.583116203977674 ], [ -63.832676285273457, 46.57755523822204 ], [ -63.837402175604652, 46.574502476166067 ], [ -63.843793791877673, 46.572282237261241 ], [ -63.85074358255207, 46.571169122421558 ], [ -63.855740954202865, 46.567278372472749 ], [ -63.861295163439699, 46.543947285790836 ], [ -63.864354161767416, 46.537560849442386 ], [ -63.868237714240536, 46.532000032344655 ], [ -63.873236195693998, 46.526446121551679 ], [ -63.882405290693477, 46.518663283673803 ], [ -63.901288664781831, 46.512277486433412 ], [ -63.921851256680341, 46.508668515947974 ], [ -63.92851933899324, 46.505892877562587 ], [ -63.935737897950183, 46.49533426399357 ], [ -63.944068026092339, 46.485056576251466 ], [ -63.942678137276516, 46.479495325193454 ], [ -63.936849685304907, 46.476717213715943 ], [ -63.909629417954797, 46.493388799158247 ], [ -63.902676552870759, 46.494501651352145 ], [ -63.896298585201315, 46.496722735948644 ], [ -63.88546611125026, 46.503673283230938 ], [ -63.87879023073836, 46.504778808837642 ], [ -63.870731538905879, 46.504228953071099 ], [ -63.853237248109004, 46.499498701092911 ], [ -63.84601153465217, 46.500614143166018 ], [ -63.846845889112245, 46.50589219185337 ], [ -63.842404823942424, 46.510615116775178 ], [ -63.83102205865702, 46.516450992319001 ], [ -63.821851332631773, 46.513675123659461 ], [ -63.812677294583587, 46.50061414114132 ], [ -63.81101706392154, 46.495334058269876 ], [ -63.812961776591152, 46.489781179631606 ], [ -63.816851893047556, 46.484226247230609 ], [ -63.826846242983926, 46.476444241291986 ], [ -63.838236885879205, 46.470608154005781 ], [ -63.840182544376439, 46.464503952893701 ], [ -63.827683963911198, 46.458110915259432 ], [ -63.809900387109295, 46.455890879690322 ], [ -63.801288165369016, 46.45394447005976 ], [ -63.779627792991327, 46.445057311064915 ], [ -63.772675930862796, 46.44644511980195 ], [ -63.765184196522334, 46.4467197327577 ], [ -63.755454904355211, 46.445057922482661 ], [ -63.741568912151479, 46.439495537083715 ], [ -63.732399657179378, 46.43894741286568 ], [ -63.726006569547778, 46.439496639091701 ], [ -63.708787089351468, 46.437557922335507 ], [ -63.70322968556912, 46.440610178262581 ], [ -63.7037891131869, 46.445890546945023 ], [ -63.701843492928553, 46.451725123497155 ], [ -63.697396602685181, 46.456447574785265 ], [ -63.697952638436327, 46.461727465059369 ], [ -63.699621628565474, 46.46645078782317 ], [ -63.722116187524755, 46.480609075669285 ], [ -63.722397029096101, 46.485615431412761 ], [ -63.728226993297305, 46.489223257980349 ], [ -63.737397550195368, 46.491442421079995 ], [ -63.739342259087216, 46.496165463884566 ], [ -63.737122995301, 46.502285538081871 ], [ -63.727121300098801, 46.509783438600309 ], [ -63.720728569655492, 46.512004192021621 ], [ -63.699897413900615, 46.515613268020623 ], [ -63.700455232354962, 46.520891958923585 ], [ -63.704903253222128, 46.524776264346507 ], [ -63.711846271012014, 46.527834791523098 ], [ -63.71989732294638, 46.528391789575451 ], [ -63.727120965155457, 46.530886554600102 ], [ -63.72267157741414, 46.54367413229766 ], [ -63.715456894095439, 46.553941710835709 ], [ -63.709069767516702, 46.55616234390461 ], [ -63.701570167550535, 46.556444324434551 ], [ -63.69434369837527, 46.557833892553305 ], [ -63.675737008491744, 46.564220201363987 ], [ -63.661560853561411, 46.566447604816439 ], [ -63.646567959087143, 46.56727866599428 ], [ -63.618231714943292, 46.561167681291771 ], [ -63.570454200557514, 46.54533637160749 ], [ -63.534344158666286, 46.535891294181013 ], [ -63.497117674324365, 46.527834554739528 ], [ -63.490175026313914, 46.524777136700138 ], [ -63.489892696945255, 46.519504047831546 ], [ -63.498225039535157, 46.50922834764738 ], [ -63.500453141664757, 46.503118272325167 ], [ -63.499895281119358, 46.49811279220927 ], [ -63.496287337514339, 46.488393010204447 ], [ -63.491006394549416, 46.492282309112277 ], [ -63.484894659104064, 46.494503110245951 ], [ -63.479333955063971, 46.490895645005601 ], [ -63.472109358881553, 46.482556480308169 ], [ -63.467667623256986, 46.478664968660205 ], [ -63.458505040508996, 46.465611473807115 ], [ -63.454056740217567, 46.461729582701409 ], [ -63.447946606283914, 46.463673169702943 ], [ -63.442665884379934, 46.467558189475817 ], [ -63.439888125643741, 46.479221120435675 ], [ -63.435164380708663, 46.484501716421796 ], [ -63.424056661916516, 46.489780457469891 ], [ -63.421837229398086, 46.495892832725723 ], [ -63.428779129249996, 46.49894282832431 ], [ -63.445168058103746, 46.500065328041373 ], [ -63.454055948926886, 46.501454855118943 ], [ -63.46072665240235, 46.504505056542229 ], [ -63.456842108933273, 46.510059247101928 ], [ -63.448776549337964, 46.509503658004647 ], [ -63.42239440819516, 46.505337800439804 ], [ -63.405440106564214, 46.504230633404134 ], [ -63.338223076975723, 46.49728152514966 ], [ -63.319615899938277, 46.492833784136479 ], [ -63.314334581017555, 46.488668729615426 ], [ -63.302944283656771, 46.471441833637961 ], [ -63.301272937319027, 46.466452063240702 ], [ -63.305439714088031, 46.454504656681898 ], [ -63.304890448626274, 46.449224375641229 ], [ -63.302112463507896, 46.445058837869105 ], [ -63.28627940080311, 46.444777430101837 ], [ -63.279330127353539, 46.441725389270644 ], [ -63.276551977294069, 46.437276196652064 ], [ -63.27294213111945, 46.427839905125566 ], [ -63.267388131824553, 46.424231522715878 ], [ -63.255441810340216, 46.422835015080047 ], [ -63.248215278482945, 46.423116146896568 ], [ -63.240165243342801, 46.420340044742517 ], [ -63.239327180381757, 46.415336379696292 ], [ -63.241555770273784, 46.409224800066866 ], [ -63.241272434337716, 46.403387071970577 ], [ -63.238222241910037, 46.399786265065188 ], [ -63.230995396438878, 46.400892389898218 ], [ -63.215722001256133, 46.412277426064001 ], [ -63.211829027985338, 46.417836774258454 ], [ -63.214882140618435, 46.422285128186346 ], [ -63.216545492556271, 46.427009217064061 ], [ -63.21015934860754, 46.429228620024126 ], [ -63.202109425137259, 46.428671530491407 ], [ -63.187102535927174, 46.429228743524689 ], [ -63.170714750606514, 46.428115897716914 ], [ -63.140713309315267, 46.429503055230889 ], [ -63.124326843867728, 46.428396784319368 ], [ -63.090990998797487, 46.417837631357642 ], [ -63.07349690670673, 46.415060689473584 ], [ -63.036546040894059, 46.417563578221312 ], [ -62.991286534295284, 46.419507619474651 ], [ -62.942249931296246, 46.426994065722198 ], [ -62.912612781732456, 46.428923089097943 ], [ -62.905963673754869, 46.430316757700545 ], [ -62.883806557069747, 46.43197575116173 ], [ -62.862472086490094, 46.434744797398054 ], [ -62.854438511080879, 46.434186946405568 ], [ -62.846403406854812, 46.431408433333964 ], [ -62.842248801143235, 46.42751479401614 ], [ -62.839477913521755, 46.423074817953427 ], [ -62.83892260430644, 46.417793583400268 ], [ -62.8355993941394, 46.413628367019044 ], [ -62.827571503504309, 46.412786508172125 ], [ -62.820920290351012, 46.414173059956589 ], [ -62.816210145403382, 46.418901414170875 ], [ -62.814270936162686, 46.424730087 ], [ -62.814546018599131, 46.430010417416675 ], [ -62.810663456551715, 46.435563933754388 ], [ -62.804296612158922, 46.437507557874518 ], [ -62.783524111793852, 46.441109355235 ], [ -62.769112653170659, 46.442493649799836 ], [ -62.7619157132278, 46.444438247677823 ], [ -62.746946868764859, 46.444992555816455 ], [ -62.730276939234606, 46.44221508205603 ], [ -62.693053950540332, 46.433051301353466 ], [ -62.676667732770319, 46.431937443182036 ], [ -62.646109592706672, 46.432212411679188 ], [ -62.610556798524911, 46.425270308578 ], [ -62.602501045621054, 46.424713279185113 ], [ -62.587501257675811, 46.425269674044188 ], [ -62.586387664859409, 46.431106280259868 ], [ -62.593329540843051, 46.434156916260115 ], [ -62.602781795468971, 46.436379319914174 ], [ -62.663055979757061, 46.445823524706846 ], [ -62.678613030390231, 46.446098270781093 ], [ -62.695549348886402, 46.448044786859697 ], [ -62.698607391920781, 46.452490895690758 ], [ -62.692497233380955, 46.456101293728054 ], [ -62.686386798429467, 46.457497438766943 ], [ -62.665832846955809, 46.461105060991251 ], [ -62.63611455235413, 46.463050420915906 ], [ -62.608337772045594, 46.467766518560182 ], [ -62.595001509211691, 46.470825723236523 ], [ -62.58750013722161, 46.471099906291627 ], [ -62.579445201408618, 46.468323117741399 ], [ -62.570838189362092, 46.466932910968474 ], [ -62.555556233974187, 46.467490891762431 ], [ -62.534728234428819, 46.471100492809164 ], [ -62.491111789931693, 46.475265608930002 ], [ -62.47721678102846, 46.477768499562423 ], [ -62.470275816694731, 46.477211305002719 ], [ -62.45555766673499, 46.478600295515271 ], [ -62.423331697849129, 46.477767161998024 ], [ -62.41554958583388, 46.476654939980833 ], [ -62.399995447389685, 46.476378974264207 ], [ -62.391388067703275, 46.474709767491177 ], [ -62.383889735975849, 46.474990720272878 ], [ -62.359564371216884, 46.473350963777314 ] ] ] ] } },
{ "type": "Feature", "properties": { "fid": 19, "AREA": 1.23619, "PERIMETER": 13.53431, "BETUALLE_": 20, "BETUALLE_I": 6, "CODE": 1 }, "geometry": { "type": "MultiPolygon", "coordinates": [ [ [ [ -61.077498779073721, 45.688881936618301 ], [ -61.070839721455513, 45.689986673639041 ], [ -61.041947926193842, 45.704161972357696 ], [ -61.031111609517119, 45.710822249640735 ], [ -61.012779962498698, 45.71888021577287 ], [ -60.996391215662676, 45.727766926842222 ], [ -60.989997824811631, 45.729713160473246 ], [ -60.972772504921103, 45.738044212605324 ], [ -60.954719371024495, 45.745544456361472 ], [ -60.935829405557868, 45.751388026359258 ], [ -60.922224805550627, 45.753609584251272 ], [ -60.914444843050092, 45.753608813818161 ], [ -60.890555002749558, 45.75166353160688 ], [ -60.881943181846637, 45.750001189322369 ], [ -60.864166552743917, 45.744438621558494 ], [ -60.844163257795451, 45.735266841520577 ], [ -60.832221545069309, 45.728325292436033 ], [ -60.816664966837742, 45.722488986854664 ], [ -60.809996964438689, 45.719155159305735 ], [ -60.800833550692147, 45.711662122958494 ], [ -60.797781883729705, 45.707214163725212 ], [ -60.796393126703386, 45.70249240139772 ], [ -60.801110402177038, 45.690544827477041 ], [ -60.811943921039983, 45.683875481945236 ], [ -60.821670103369243, 45.674712596959125 ], [ -60.825562033100759, 45.66944076256496 ], [ -60.834999518619192, 45.660269730921812 ], [ -60.839996247969594, 45.656380293013854 ], [ -60.851113383401398, 45.649993338725913 ], [ -60.849723799761271, 45.644995766271691 ], [ -60.844161195480133, 45.641379455289012 ], [ -60.827782201915113, 45.639159100679862 ], [ -60.820839227794217, 45.640275209046102 ], [ -60.821388371813775, 45.645271577306865 ], [ -60.823891688169553, 45.649718914716438 ], [ -60.829170847461818, 45.653319402326552 ], [ -60.821668808199348, 45.653603050188813 ], [ -60.815552011742255, 45.655547871512191 ], [ -60.811386757583847, 45.661102016538919 ], [ -60.81388750355535, 45.665541801730662 ], [ -60.807777860649033, 45.667495883776141 ], [ -60.778609451786934, 45.668883198687688 ], [ -60.773056110191952, 45.671661411506911 ], [ -60.771666401603937, 45.677214596841083 ], [ -60.771941555484993, 45.682495192281444 ], [ -60.767501055222333, 45.688597724820625 ], [ -60.761116219886972, 45.690543323306571 ], [ -60.753060781085125, 45.68832395827765 ], [ -60.745002929059254, 45.680274148274144 ], [ -60.742227418120656, 45.675826838491098 ], [ -60.733611327861325, 45.674162633532248 ], [ -60.728880690726974, 45.678603608435225 ], [ -60.730551377540394, 45.683602208810328 ], [ -60.73305588853119, 45.688041186517836 ], [ -60.737220131174979, 45.691933392768767 ], [ -60.738891005833956, 45.696654144135948 ], [ -60.737778666111687, 45.702216350057753 ], [ -60.733612986652496, 45.707771233076429 ], [ -60.72833316725729, 45.711379869953653 ], [ -60.727217211459717, 45.716934281414041 ], [ -60.730826658712147, 45.721655684437231 ], [ -60.736389646073157, 45.725265297640156 ], [ -60.744720371654388, 45.732764312024791 ], [ -60.74888742794905, 45.741935756673158 ], [ -60.74777830351529, 45.747772478317195 ], [ -60.733612221569715, 45.773049481784241 ], [ -60.729439935445797, 45.778602371487125 ], [ -60.719717872195787, 45.788330318486345 ], [ -60.702780017882468, 45.797493168805168 ], [ -60.691108839357653, 45.801659249367304 ], [ -60.676664887402382, 45.802772161222542 ], [ -60.66860871793611, 45.802214647168171 ], [ -60.662771798491342, 45.804993467133961 ], [ -60.651106913872368, 45.822220247289572 ], [ -60.636948409875693, 45.835823256170187 ], [ -60.632773107954762, 45.841376563596398 ], [ -60.607781751691327, 45.860823823716146 ], [ -60.602227082953064, 45.863885247357132 ], [ -60.586111705123415, 45.875549797789951 ], [ -60.545556545359609, 45.894439723082655 ], [ -60.535278649171573, 45.901657035220722 ], [ -60.531112873046354, 45.907211857049695 ], [ -60.525832497680405, 45.91249042322648 ], [ -60.51694663672744, 45.92082955836063 ], [ -60.511391109554253, 45.924712382536491 ], [ -60.498885242555609, 45.928329518439718 ], [ -60.491944888028748, 45.929435274602973 ], [ -60.466940309634772, 45.938042429880007 ], [ -60.442496683635092, 45.959159842282048 ], [ -60.425001368718533, 45.968880274417252 ], [ -60.409164010966286, 45.979987435655744 ], [ -60.404166280464025, 45.984436703403652 ], [ -60.400833936501932, 45.990829719897533 ], [ -60.395835744850736, 45.996101953637002 ], [ -60.40166561675538, 45.994712754487871 ], [ -60.426948663055818, 45.985550549745128 ], [ -60.438606834056259, 45.979987128021122 ], [ -60.444998468417602, 45.97832513201709 ], [ -60.457503330626828, 45.972763523190018 ], [ -60.462500165295076, 45.969711834478858 ], [ -60.510834136571077, 45.949997361688091 ], [ -60.517220429918325, 45.948327092949263 ], [ -60.531942757819955, 45.946380931576236 ], [ -60.547227127082472, 45.947486951859119 ], [ -60.555000253117953, 45.946937268207208 ], [ -60.559722755039743, 45.943879035437952 ], [ -60.560827845626747, 45.938324427848208 ], [ -60.563333403540582, 45.932212512125794 ], [ -60.569449529872735, 45.930275741792272 ], [ -60.591385314799155, 45.929161611326734 ], [ -60.605278582149026, 45.926941590345471 ], [ -60.61167086534202, 45.9249942711808 ], [ -60.629723587026398, 45.917495252523175 ], [ -60.640000840489314, 45.910270022439597 ], [ -60.644721201445797, 45.905547319461945 ], [ -60.655273534076827, 45.898329553719407 ], [ -60.661108348756798, 45.895271924429331 ], [ -60.667503083040536, 45.89360686737006 ], [ -60.673332754914604, 45.890550032189793 ], [ -60.686112666663256, 45.886940914430411 ], [ -60.693885968783199, 45.886107767511774 ], [ -60.708892950459258, 45.887214658351041 ], [ -60.723329482743623, 45.893325562674804 ], [ -60.727492913763918, 45.897492107391805 ], [ -60.730279529363926, 45.901931060151483 ], [ -60.733329233450114, 45.916665063575572 ], [ -60.736945630584117, 45.921378006785517 ], [ -60.74277342970035, 45.924438163970692 ], [ -60.751671395542793, 45.925269444061598 ], [ -60.773054756494197, 45.924713891492935 ], [ -60.781669150992919, 45.926384060407962 ], [ -60.788338703387659, 45.929436061850062 ], [ -60.789725945972272, 45.934432256808627 ], [ -60.78889295184571, 45.939987301400052 ], [ -60.785279243452457, 45.946381522870261 ], [ -60.780556022501976, 45.95082907686394 ], [ -60.774718402332127, 45.953606259443823 ], [ -60.755563370673087, 45.959434317852889 ], [ -60.737502467707479, 45.966933429412023 ], [ -60.716659676975297, 45.981659780706593 ], [ -60.691383548824192, 46.001937609873345 ], [ -60.679168626532778, 46.006660727168239 ], [ -60.628051529117037, 46.021933344168033 ], [ -60.622223250900099, 46.024993440182662 ], [ -60.601394911524721, 46.039717955002871 ], [ -60.582777818034579, 46.047775429499268 ], [ -60.561941869950942, 46.061935886630174 ], [ -60.554167347961751, 46.062767626929769 ], [ -60.541114857319329, 46.065543118728442 ], [ -60.52361418298976, 46.075554785938415 ], [ -60.519165912804162, 46.079438566615153 ], [ -60.490836823157466, 46.094435643843049 ], [ -60.485001883577752, 46.098602937296128 ], [ -60.476387865616815, 46.108047713966116 ], [ -60.461669163009418, 46.120826502555914 ], [ -60.450837000068631, 46.128325899266841 ], [ -60.42861245780044, 46.14110601031453 ], [ -60.424170629532867, 46.145827142968976 ], [ -60.418608231953719, 46.14943738586399 ], [ -60.409722554939393, 46.159431498516874 ], [ -60.40610594996123, 46.165824764805294 ], [ -60.397223748889431, 46.177215373200028 ], [ -60.388053785507765, 46.185822711541135 ], [ -60.376664502233552, 46.193046483456477 ], [ -60.370835588851143, 46.195823472648328 ], [ -60.351395886766007, 46.199996699228109 ], [ -60.32944590800043, 46.201104407285257 ], [ -60.32250066895422, 46.202216899592877 ], [ -60.315834910881961, 46.204161730594208 ], [ -60.309997092286594, 46.206939572807521 ], [ -60.304998491485598, 46.210548839604449 ], [ -60.299994960669814, 46.214995015436685 ], [ -60.295281323956715, 46.226937226457224 ], [ -60.295280385371974, 46.232209134428608 ], [ -60.304169832765254, 46.233879655830854 ], [ -60.309995864005309, 46.231102734461217 ], [ -60.3152779234346, 46.227485807962026 ], [ -60.319999557094405, 46.222762838012549 ], [ -60.326109919105022, 46.219436457018766 ], [ -60.341109923650151, 46.219711452300949 ], [ -60.35778034428148, 46.225265758244568 ], [ -60.365556118325941, 46.224991543474594 ], [ -60.372771753903528, 46.223320758964782 ], [ -60.389442246766784, 46.214714459707281 ], [ -60.39610989225325, 46.213050133728935 ], [ -60.401938078731362, 46.210274023719776 ], [ -60.406945209236369, 46.206384093967173 ], [ -60.418335428155068, 46.199998283368046 ], [ -60.422774629892679, 46.19554113062128 ], [ -60.428053945409836, 46.192488499260762 ], [ -60.442498512326672, 46.179435851081116 ], [ -60.453329993163926, 46.172218958151397 ], [ -60.463332645006055, 46.163879473068292 ], [ -60.479164173424103, 46.152770906820813 ], [ -60.490556266038553, 46.14638497917111 ], [ -60.506392789424353, 46.135267878668138 ], [ -60.512221546887019, 46.132490962114268 ], [ -60.528053493234019, 46.121657966005408 ], [ -60.533334268038374, 46.116386358221384 ], [ -60.536949936628595, 46.111380898529696 ], [ -60.547499961638884, 46.104164274461773 ], [ -60.566946471415321, 46.097770787668196 ], [ -60.579728188557404, 46.092490877779923 ], [ -60.589997739779498, 46.084991264567734 ], [ -60.595833606941632, 46.082215266900214 ], [ -60.605836140915308, 46.074715304370812 ], [ -60.629997100713886, 46.065269457638486 ], [ -60.644164420768142, 46.063049042178164 ], [ -60.65194031164598, 46.063881361940872 ], [ -60.656103520322169, 46.067772224391149 ], [ -60.656388973195632, 46.073051455812056 ], [ -60.652496312690701, 46.079436859094621 ], [ -60.63833648870537, 46.093047273925109 ], [ -60.615279594205404, 46.104438728102238 ], [ -60.608338273948554, 46.106941229322643 ], [ -60.594161684941817, 46.120545186875447 ], [ -60.589997806985487, 46.126098451099722 ], [ -60.584724305756886, 46.129713734963246 ], [ -60.570557429738116, 46.14360933553246 ], [ -60.553329150737639, 46.164435155745743 ], [ -60.548616295698217, 46.16888383123586 ], [ -60.532776865758684, 46.179991850825971 ], [ -60.515008284663885, 46.18859779485728 ], [ -60.49972420736983, 46.200271056444493 ], [ -60.490279811498972, 46.209435057055586 ], [ -60.482497105767266, 46.221375291006012 ], [ -60.473326763905384, 46.231375280544661 ], [ -60.45610831254794, 46.241378083718075 ], [ -60.444718017481534, 46.246102754576221 ], [ -60.42861093975111, 46.257217641676291 ], [ -60.404997712691454, 46.279990853960051 ], [ -60.399727665784312, 46.283881341012709 ], [ -60.388893791241472, 46.291107091559581 ], [ -60.365005829771491, 46.301383740404006 ], [ -60.359726519826751, 46.304992880225491 ], [ -60.347779494738511, 46.310546303449328 ], [ -60.332778004593564, 46.310822407336168 ], [ -60.318895041307449, 46.313049235431336 ], [ -60.305558001559689, 46.315827081881622 ], [ -60.285277688505161, 46.321381626587417 ], [ -60.282219102159019, 46.317497330514151 ], [ -60.283331479649206, 46.311935416631144 ], [ -60.283333924977249, 46.306655170220608 ], [ -60.277777669361505, 46.30304655035642 ], [ -60.2630626338265, 46.296943883202218 ], [ -60.261672123802974, 46.286942087466926 ], [ -60.258895591705596, 46.277213577630221 ], [ -60.256111062956251, 46.272766198465305 ], [ -60.248336992880283, 46.263884772316459 ], [ -60.238609873666832, 46.256941820692532 ], [ -60.215004267402094, 46.24804574953869 ], [ -60.209725763395184, 46.244438837232785 ], [ -60.205558275354477, 46.240272528057567 ], [ -60.203331940008574, 46.235266817390695 ], [ -60.205001454563707, 46.224708526459189 ], [ -60.217774039264938, 46.208329178869668 ], [ -60.233886222040354, 46.197487746478629 ], [ -60.261948793043409, 46.181662983908673 ], [ -60.281670562913732, 46.164437689289258 ], [ -60.286950041623975, 46.160820455657287 ], [ -60.289444276018337, 46.154709537731613 ], [ -60.280829181526911, 46.153045533308742 ], [ -60.274443091694351, 46.154991356391989 ], [ -60.263060043099081, 46.16137766356777 ], [ -60.258337539615951, 46.166099925590927 ], [ -60.247778790827056, 46.173323732919137 ], [ -60.240280499898525, 46.173607966937894 ], [ -60.233613223918056, 46.170272988106973 ], [ -60.228331623485353, 46.166381817037319 ], [ -60.225554987068335, 46.161933138160308 ], [ -60.221106351638532, 46.147490853264991 ], [ -60.218604509682002, 46.143049873976366 ], [ -60.211944152539566, 46.139991117733032 ], [ -60.205001876406534, 46.140830474492191 ], [ -60.199165621982949, 46.143608085633986 ], [ -60.195000508345281, 46.150542488044799 ], [ -60.193054167175006, 46.155823722399845 ], [ -60.193328891775842, 46.161102601777877 ], [ -60.196104145839904, 46.170830409349861 ], [ -60.198606738983017, 46.175827461925067 ], [ -60.199439462957521, 46.190826118497782 ], [ -60.194443555775599, 46.202773079457856 ], [ -60.186109749362672, 46.213608423685976 ], [ -60.176390805585775, 46.222762861660144 ], [ -60.149995926122848, 46.241103552155316 ], [ -60.138055578302158, 46.246658056702202 ], [ -60.131941620554805, 46.248603790486854 ], [ -60.124167618099278, 46.248604344325045 ], [ -60.099997719324456, 46.246382854319464 ], [ -60.091668012405393, 46.244712168317697 ], [ -60.066107040536032, 46.236656916569778 ], [ -60.041672683375154, 46.227767546654619 ], [ -60.038612292272099, 46.223878055167496 ], [ -60.04306043271535, 46.218598495118293 ], [ -60.077224486336206, 46.212493483745348 ], [ -60.083059899689928, 46.209717226715838 ], [ -60.088332788069224, 46.206101408228029 ], [ -60.084165598901379, 46.202217707559946 ], [ -60.076393297043261, 46.199156730709298 ], [ -60.067780225088342, 46.197486990977076 ], [ -60.059998220751595, 46.198326343687484 ], [ -60.047500376567555, 46.20138472393964 ], [ -60.041673219341618, 46.204161889772507 ], [ -60.034172175739883, 46.204163612518919 ], [ -60.009443761089848, 46.201103995400956 ], [ -60.001947262003554, 46.20110268408029 ], [ -59.981385716650003, 46.204993879249685 ], [ -59.966942044136729, 46.206101303142432 ], [ -59.958609384134299, 46.204436507788607 ], [ -59.950554538261322, 46.201385330221875 ], [ -59.945273756493812, 46.197767862055755 ], [ -59.94166575873551, 46.193045422759994 ], [ -59.939993946597838, 46.188880630356337 ], [ -59.93999612809948, 46.183601905584453 ], [ -59.938605247576504, 46.178879595409931 ], [ -59.938332749205728, 46.173607080285429 ], [ -59.940552828164883, 46.167771241994146 ], [ -59.944441730106163, 46.161375972054032 ], [ -59.944443556577397, 46.15609766222525 ], [ -59.941383532750962, 46.151656128961065 ], [ -59.933058314667534, 46.151656673362879 ], [ -59.918059725947288, 46.162764626672839 ], [ -59.906387906823241, 46.169715589958209 ], [ -59.89500361112885, 46.174712998979068 ], [ -59.888053937474801, 46.175827531962057 ], [ -59.873054084286146, 46.17582705103311 ], [ -59.864448593954435, 46.174163828031652 ], [ -59.855277544565737, 46.171660279529632 ], [ -59.844719077476725, 46.164155206847695 ], [ -59.837501485824802, 46.16582577737131 ], [ -59.82388940727558, 46.16721377752269 ], [ -59.815833705955122, 46.166382407623388 ], [ -59.810553468641466, 46.162764687756237 ], [ -59.817503528687361, 46.160270750907941 ], [ -59.830284816861905, 46.158042702199033 ], [ -59.836945699256866, 46.156098461002948 ], [ -59.848608798749751, 46.150542931631037 ], [ -59.85333179921335, 46.146101668542364 ], [ -59.859725558623886, 46.133880733487281 ], [ -59.860558384840218, 46.128044133808913 ], [ -59.874443139172676, 46.113609281422953 ], [ -59.879996672262713, 46.109992406294424 ], [ -59.884727871559157, 46.105551817289523 ], [ -59.887504157127132, 46.098877684723035 ], [ -59.888054781624255, 46.088883018651828 ], [ -59.885276000113954, 46.079163400684116 ], [ -59.878881895338196, 46.081108669112716 ], [ -59.876387846199933, 46.086936701798372 ], [ -59.871667603712908, 46.091377183409818 ], [ -59.866112178048084, 46.094992692345507 ], [ -59.85305734179849, 46.098046259217732 ], [ -59.845832085836896, 46.098875601368505 ], [ -59.827224314378505, 46.105553001170748 ], [ -59.815552948093163, 46.111106824556643 ], [ -59.808608735156348, 46.111938036228146 ], [ -59.809722574654316, 46.106383328684089 ], [ -59.819451020945429, 46.097215030464987 ], [ -59.824721522151648, 46.093605975094206 ], [ -59.834167975999698, 46.084715972186579 ], [ -59.839721883147682, 46.080827012039563 ], [ -59.857780305886685, 46.071379411175279 ], [ -59.868888273697308, 46.067213689907078 ], [ -59.879722669781458, 46.059715588612164 ], [ -59.883889142270228, 46.05443498957014 ], [ -59.893891515106283, 46.044715883554268 ], [ -59.898611787198178, 46.041663997711112 ], [ -59.90444143188423, 46.038887529547772 ], [ -59.911940531313036, 46.037216784136412 ], [ -59.93360907531617, 46.03665969245413 ], [ -59.947492979292171, 46.034721818505844 ], [ -59.953887181968206, 46.032768137621517 ], [ -59.957504584010231, 46.026658337763152 ], [ -59.95999831291585, 46.020546200916733 ], [ -59.958610032577361, 46.015831289087878 ], [ -59.953055609107317, 46.00694185561985 ], [ -59.949165695395628, 46.002776186238137 ], [ -59.933608337854231, 45.99693931998155 ], [ -59.924722302097514, 45.995269238017649 ], [ -59.916945881741377, 45.994439063596545 ], [ -59.901939961240245, 45.994712396573178 ], [ -59.881112609950094, 45.997489255043348 ], [ -59.860281742518694, 46.00221999514266 ], [ -59.853890355750224, 46.002496048553411 ], [ -59.830282823432761, 46.000831007968856 ], [ -59.823615821027495, 45.997488921817315 ], [ -59.825004125196742, 45.991935903623499 ], [ -59.835555968303943, 45.98471765130946 ], [ -59.835832684891514, 45.978873591497127 ], [ -59.83388515569407, 45.974709588363893 ], [ -59.821112966754292, 45.968048199542707 ], [ -59.806947729397393, 45.955825264542781 ], [ -59.799994225456018, 45.948043554775047 ], [ -59.799728285353652, 45.94276540149481 ], [ -59.801108475342026, 45.937210956324009 ], [ -59.805557648918629, 45.932770999770746 ], [ -59.811943194720563, 45.929436184337213 ], [ -59.818612281141924, 45.929161783669649 ], [ -59.827499815935532, 45.931664403274645 ], [ -59.84055323190595, 45.93832493917467 ], [ -59.848609114725534, 45.939154733927744 ], [ -59.856110077845685, 45.938880516608279 ], [ -59.875831377128563, 45.932769862942621 ], [ -59.910279990824051, 45.916663636125072 ], [ -59.916662915866773, 45.913322791537183 ], [ -59.92583556755411, 45.904990509198448 ], [ -59.931672414916598, 45.902214748113067 ], [ -59.938050768210694, 45.900268801822932 ], [ -59.951940730312067, 45.898331178520444 ], [ -59.95860899940326, 45.901657689953041 ], [ -59.96694257530244, 45.903319782086932 ], [ -59.973328386979475, 45.901381782647931 ], [ -59.978880358623897, 45.89777386472975 ], [ -59.983330547829418, 45.893325632056019 ], [ -59.985831242510415, 45.887214420798493 ], [ -59.978331797047993, 45.87860178913806 ], [ -59.977219982247057, 45.873046963448814 ], [ -59.981110784323789, 45.869713516968531 ], [ -59.994162645162746, 45.866103094364227 ], [ -60.031668125456569, 45.866387104938156 ], [ -60.038894473696303, 45.865546728240673 ], [ -60.051940598091441, 45.862494816444823 ], [ -60.066390709977341, 45.861380579187511 ], [ -60.109725700318762, 45.870543452838163 ], [ -60.117216048929585, 45.870545049912522 ], [ -60.130279899469855, 45.867767333283112 ], [ -60.136116952147844, 45.864998518847919 ], [ -60.155272841222256, 45.846656818899625 ], [ -60.159438637448488, 45.84110200549221 ], [ -60.160553303844274, 45.835548550830872 ], [ -60.156387162587599, 45.83166609480724 ], [ -60.141387943349528, 45.832497159285559 ], [ -60.134169215622777, 45.831939027235272 ], [ -60.125558587133938, 45.828879645656947 ], [ -60.121107193373327, 45.825272286602257 ], [ -60.117775445870365, 45.820549236134511 ], [ -60.113335708281852, 45.817215924335322 ], [ -60.103889739325645, 45.81526899422537 ], [ -60.075561529838254, 45.816939982571839 ], [ -60.071672027639046, 45.812767033947857 ], [ -60.070000276781208, 45.808043468022632 ], [ -60.073617662114607, 45.796386603863525 ], [ -60.088332201016449, 45.783606102405962 ], [ -60.094162959470943, 45.780822584225419 ], [ -60.107505401192888, 45.77804508633519 ], [ -60.115554817943938, 45.778878322387449 ], [ -60.122773036359881, 45.778603422612306 ], [ -60.144446487676021, 45.776098907861993 ], [ -60.163054107861136, 45.769440424017326 ], [ -60.174446516462545, 45.763886816372413 ], [ -60.195830817711162, 45.749160944271104 ], [ -60.20527583681811, 45.739990099879115 ], [ -60.213888639210793, 45.728599258670037 ], [ -60.220833996629217, 45.716659556360433 ], [ -60.229163955945232, 45.705552169812222 ], [ -60.233884904496364, 45.701103868875336 ], [ -60.245833006939286, 45.694992786457171 ], [ -60.258339607175152, 45.691658979376257 ], [ -60.30361214027392, 45.691375118725951 ], [ -60.316108657259711, 45.688041465491928 ], [ -60.321943689173935, 45.68526467430727 ], [ -60.336112056301118, 45.671660029995252 ], [ -60.340277447455016, 45.666099674288837 ], [ -60.35583526933263, 45.655266933364651 ], [ -60.379721957157919, 45.644995996434595 ], [ -60.392228207096565, 45.641105732363172 ], [ -60.405275100573711, 45.638884780180661 ], [ -60.411667564847207, 45.636939924976581 ], [ -60.439163975722558, 45.632767232904413 ], [ -60.460829639714937, 45.631660779314011 ], [ -60.469444637601946, 45.634720603676733 ], [ -60.476662118035762, 45.642494988490313 ], [ -60.483328484222305, 45.641661969453565 ], [ -60.488334864721175, 45.63693960093984 ], [ -60.490553909610981, 45.631104422331553 ], [ -60.494162546147841, 45.624709347241087 ], [ -60.498885252875226, 45.620269368907067 ], [ -60.513061772793307, 45.618880403649037 ], [ -60.542777051768326, 45.618323892542534 ], [ -60.550833051020064, 45.619155903292466 ], [ -60.557501591917898, 45.618050163637228 ], [ -60.563615060043702, 45.615271946512657 ], [ -60.574722770725387, 45.608330274422052 ], [ -60.580284488382595, 45.606100885336893 ], [ -60.593887812186466, 45.603883076841782 ], [ -60.601393055858829, 45.603882377442638 ], [ -60.608612616254611, 45.602218259937239 ], [ -60.613892031443733, 45.599997477188694 ], [ -60.624442577387263, 45.592766015816316 ], [ -60.636391427857347, 45.586379208777153 ], [ -60.649725233798478, 45.583603022072225 ], [ -60.661666751205267, 45.57887951595535 ], [ -60.666388184026559, 45.575828765533288 ], [ -60.666106972126499, 45.565269051179897 ], [ -60.673058326105192, 45.564155164278986 ], [ -60.69749508578078, 45.56749795604388 ], [ -60.732771966669894, 45.563880373907516 ], [ -60.740837927048197, 45.566940230911875 ], [ -60.74222590621774, 45.571662516097916 ], [ -60.740837538643248, 45.577216845329446 ], [ -60.741387589928905, 45.582497193848077 ], [ -60.744162648545348, 45.586937143786521 ], [ -60.748053566800145, 45.59082726858621 ], [ -60.765556606990273, 45.594992498750891 ], [ -60.820838446314887, 45.599159565799582 ], [ -60.828337357106776, 45.598876818337217 ], [ -60.844717996695756, 45.601387182894456 ], [ -60.853888701848128, 45.603882156910338 ], [ -60.852782003138522, 45.609435213476992 ], [ -60.848054436502338, 45.613884259841321 ], [ -60.843887354235243, 45.6194392687731 ], [ -60.843054503017825, 45.624992519511878 ], [ -60.845833946605012, 45.629432157305629 ], [ -60.849722732260744, 45.63360652467999 ], [ -60.855278341522883, 45.637215897343538 ], [ -60.871497294986874, 45.6397174592149 ], [ -60.884728318279414, 45.636382800566601 ], [ -60.884443975644949, 45.631378040264742 ], [ -60.885558525453597, 45.625824746369119 ], [ -60.890556984774307, 45.620543519420188 ], [ -60.90110880172282, 45.614716453993474 ], [ -60.907500223992159, 45.612769520485202 ], [ -60.929726456365898, 45.621659738049829 ], [ -60.938606818449855, 45.622490895296743 ], [ -60.9450012086293, 45.622214827788824 ], [ -60.94110780679754, 45.618048332915492 ], [ -60.939719056297633, 45.613326577731655 ], [ -60.943610721504527, 45.60777339649723 ], [ -60.948884482516533, 45.604163519853778 ], [ -60.960831399419355, 45.599434076144398 ], [ -60.967772804117864, 45.598326744770233 ], [ -60.973327072300116, 45.607216724637091 ], [ -60.97888186709713, 45.610824159805325 ], [ -60.984998971147277, 45.608886738292419 ], [ -60.990280019452534, 45.605270561832015 ], [ -61.007225002393369, 45.608329427449689 ], [ -61.02417007287869, 45.613884158167274 ], [ -61.011117338073966, 45.601387076504828 ], [ -61.010559782077308, 45.596938547188621 ], [ -61.01472584366045, 45.591377781387486 ], [ -61.020836852541684, 45.588044146760552 ], [ -61.026666020585189, 45.586654798255211 ], [ -61.034172503163248, 45.58638020397273 ], [ -61.041946884727103, 45.587212149562866 ], [ -61.051393398825752, 45.589713799077977 ], [ -61.059166966144147, 45.590271928745565 ], [ -61.061385805467459, 45.58443484918967 ], [ -61.065552365926941, 45.578881424228172 ], [ -61.070839317032274, 45.575270629060675 ], [ -61.08222292488454, 45.569441991412752 ], [ -61.101670092185174, 45.564438229386035 ], [ -61.142776816925632, 45.558326377432543 ], [ -61.148337557622405, 45.555267816388081 ], [ -61.168334908895652, 45.551383977814396 ], [ -61.176390920839737, 45.554161893652378 ], [ -61.147782573110661, 45.568329721884282 ], [ -61.144165387607259, 45.574713854457812 ], [ -61.145836103525944, 45.57943795562295 ], [ -61.152222927445109, 45.582771399161032 ], [ -61.161110070624737, 45.583602406234903 ], [ -61.168334995857514, 45.584160451664417 ], [ -61.189993784704498, 45.582772213055208 ], [ -61.198606714375707, 45.584160474780376 ], [ -61.203613457968089, 45.587769499582663 ], [ -61.205276465381836, 45.592766838453102 ], [ -61.20694800089197, 45.602494249041804 ], [ -61.209725412820902, 45.606941001985042 ], [ -61.217215480857071, 45.606940564204571 ], [ -61.220833854638244, 45.600548447283884 ], [ -61.220552052642645, 45.595267994181185 ], [ -61.217215590614884, 45.585823214400257 ], [ -61.218331128199893, 45.579993893325558 ], [ -61.225273397012934, 45.579162060698629 ], [ -61.233886329916729, 45.582215230091137 ], [ -61.240837739308823, 45.581107981772178 ], [ -61.245550276196731, 45.578048989779511 ], [ -61.250281323421952, 45.573325447767395 ], [ -61.255278548638991, 45.569716683157914 ], [ -61.267501505531712, 45.564994195651572 ], [ -61.273054795950166, 45.561934658128543 ], [ -61.270554524922417, 45.557769626547206 ], [ -61.270279085908591, 45.55249017444109 ], [ -61.268606925032401, 45.547774557951854 ], [ -61.269446869133105, 45.542221905639643 ], [ -61.276389835526096, 45.541107134974993 ], [ -61.285002876771337, 45.54249555590463 ], [ -61.312500264578986, 45.549163896396678 ], [ -61.319999776795669, 45.552772057511802 ], [ -61.324448098593841, 45.556100031334431 ], [ -61.32805748842177, 45.560820947671345 ], [ -61.333610848226584, 45.56443778066923 ], [ -61.336944926669737, 45.573325307234001 ], [ -61.339720369870676, 45.577773751124937 ], [ -61.353333291909415, 45.589431633782972 ], [ -61.354719993983828, 45.594155000693689 ], [ -61.355003426338165, 45.599432747180771 ], [ -61.357781158753205, 45.603881122289486 ], [ -61.386117101460954, 45.631935396840028 ], [ -61.400833748936186, 45.64305201107522 ], [ -61.41694765868403, 45.653877387760318 ], [ -61.430558367841236, 45.665543134496914 ], [ -61.435827470226521, 45.674995665379932 ], [ -61.439162269389513, 45.684157636804144 ], [ -61.44471811643718, 45.692763879583424 ], [ -61.448882577507739, 45.696938508050764 ], [ -61.454718584776423, 45.705551361785595 ], [ -61.457504301879013, 45.715271556501982 ], [ -61.455559057056391, 45.726378576345063 ], [ -61.453331800855942, 45.732490985253541 ], [ -61.454172176734332, 45.742766841471258 ], [ -61.455559078087084, 45.747490782919883 ], [ -61.458611581558394, 45.757217660141897 ], [ -61.465835179617244, 45.770828264328671 ], [ -61.471664530440549, 45.779717358668002 ], [ -61.476106234428499, 45.788886581364814 ], [ -61.477492649573627, 45.793610081846708 ], [ -61.478050263167304, 45.80387839832413 ], [ -61.479719968138646, 45.808600321524693 ], [ -61.483888284782815, 45.812766452630576 ], [ -61.492224801467572, 45.826102577014396 ], [ -61.493613135830131, 45.830826386686574 ], [ -61.494720061843026, 45.846383137332069 ], [ -61.490554457956584, 45.869437757903619 ], [ -61.488607614676447, 45.874710383149271 ], [ -61.489998717090792, 45.885269397196531 ], [ -61.500283218955531, 45.897492145166169 ], [ -61.50556376542643, 45.901099743123069 ], [ -61.513618308563913, 45.909155889258599 ], [ -61.514169747336446, 45.919989961581166 ], [ -61.52111177388803, 45.928604806374409 ], [ -61.523055769577908, 45.932770299506217 ], [ -61.518057089125378, 45.94526732942991 ], [ -61.518891291054324, 45.949714057765419 ], [ -61.521109766058629, 45.954993224870158 ], [ -61.524444904835626, 45.958603042431861 ], [ -61.525557243824153, 45.964156997621586 ], [ -61.523887783896875, 45.974708606583661 ], [ -61.524444295665234, 45.979712946693844 ], [ -61.527495752590283, 45.989433815480204 ], [ -61.542777613809754, 46.00582852181109 ], [ -61.545279003348895, 46.010276302999742 ], [ -61.548615629604498, 46.019715379536457 ], [ -61.547499493408083, 46.02555081535229 ], [ -61.533059827942196, 46.039161784230103 ], [ -61.527222516981887, 46.041939137428699 ], [ -61.517221108526243, 46.04860716423758 ], [ -61.504174297065937, 46.054710631701006 ], [ -61.494163122644395, 46.061660105722936 ], [ -61.482774623893569, 46.066665378625999 ], [ -61.475274407583257, 46.078605081484774 ], [ -61.473053377435917, 46.084433971708464 ], [ -61.46555384444769, 46.113327835553875 ], [ -61.455559717005421, 46.137496266970743 ], [ -61.447776662245026, 46.149437538838903 ], [ -61.438889077965605, 46.15943225183559 ], [ -61.412774101142325, 46.178329056211929 ], [ -61.400832073280505, 46.184433447923446 ], [ -61.390839648445045, 46.191376470697584 ], [ -61.373885161844818, 46.200829229891802 ], [ -61.349167318944893, 46.209434158233684 ], [ -61.343329452725889, 46.212493100061401 ], [ -61.305558459898599, 46.224991669737044 ], [ -61.293890166329632, 46.230820236571539 ], [ -61.283332925857685, 46.238884792141697 ], [ -61.279165510150598, 46.243606664868857 ], [ -61.276107526146241, 46.255270698765052 ], [ -61.268057635025762, 46.273605544388573 ], [ -61.254723800314174, 46.288329614464175 ], [ -61.248054432133515, 46.292221358444131 ], [ -61.234169754161741, 46.303878452247929 ], [ -61.229164357376476, 46.306939341676859 ], [ -61.20999911573594, 46.32471571807806 ], [ -61.197493196015557, 46.341102684757189 ], [ -61.186661913450799, 46.360275718156615 ], [ -61.184165916228828, 46.366936492402488 ], [ -61.173332520539383, 46.384437740826776 ], [ -61.162771886760325, 46.393324976172224 ], [ -61.154167439177648, 46.402771132006443 ], [ -61.146666767766256, 46.41471084342141 ], [ -61.13694662780857, 46.424437266496867 ], [ -61.126106901173856, 46.430274581114126 ], [ -61.113335936237426, 46.434157733433928 ], [ -61.107505261967169, 46.437209057257938 ], [ -61.097219670414184, 46.44609827993893 ], [ -61.08943818707484, 46.458045113480352 ], [ -61.077781329534112, 46.487768961001215 ], [ -61.075003985934309, 46.509719757400234 ], [ -61.071669236015147, 46.516106083821484 ], [ -61.057778659102262, 46.530823111956359 ], [ -61.05249690199097, 46.534438587839418 ], [ -61.043058599882293, 46.543609790330287 ], [ -61.035277978366544, 46.555548469420962 ], [ -61.033057191788807, 46.561661411835267 ], [ -61.031113370047763, 46.572769295581395 ], [ -61.032500916754209, 46.577490596464173 ], [ -61.035276617760346, 46.581940053122956 ], [ -61.039443532372459, 46.586106232233234 ], [ -61.054169331502358, 46.592217594915965 ], [ -61.05805323413977, 46.596099252788441 ], [ -61.055830855404793, 46.602217530216343 ], [ -61.034447317651228, 46.628600400706802 ], [ -61.029725818049542, 46.633330857886392 ], [ -61.024445060182558, 46.636939581387665 ], [ -61.017503698064068, 46.63804587119423 ], [ -61.014724015206525, 46.633606630042799 ], [ -61.016945197150015, 46.62748680833991 ], [ -61.020554331115854, 46.621102412208543 ], [ -61.02888369424349, 46.610275927147043 ], [ -61.029999104481234, 46.60471233027819 ], [ -61.029443000426127, 46.599434462088631 ], [ -61.027222319684057, 46.594436784328735 ], [ -61.021384156145643, 46.591377774366364 ], [ -61.013891206808708, 46.591660133923384 ], [ -61.011674046843908, 46.602776512255438 ], [ -61.011947674859684, 46.61388282134326 ], [ -61.010001444285173, 46.619156827702945 ], [ -61.0016704143098, 46.629990399337927 ], [ -60.996949498455251, 46.634720559399298 ], [ -60.991669870506655, 46.63832884750714 ], [ -60.978881523989287, 46.643881700731711 ], [ -60.973884455872373, 46.646941393174345 ], [ -60.969160229521613, 46.651382928298986 ], [ -60.965005022055067, 46.656937411397784 ], [ -60.959167356168898, 46.67443853919179 ], [ -60.948607205224086, 46.69360405895987 ], [ -60.91500041096662, 46.737494418933935 ], [ -60.900277702830572, 46.762771564450951 ], [ -60.892227888598192, 46.773879637091554 ], [ -60.881943587674172, 46.783607206655567 ], [ -60.873611832147816, 46.793052508164081 ], [ -60.863616869910089, 46.801383797463309 ], [ -60.840280433659018, 46.813605801971178 ], [ -60.833885640038858, 46.81554371155552 ], [ -60.805558164795038, 46.820273550472891 ], [ -60.793890129587524, 46.825271921015819 ], [ -60.746108745391503, 46.85999204711144 ], [ -60.741386488344858, 46.864158809505241 ], [ -60.724716323473849, 46.87499206067676 ], [ -60.714722129566582, 46.882492045280365 ], [ -60.704444893587834, 46.891379757616043 ], [ -60.695274982786998, 46.90165666303988 ], [ -60.691941174200856, 46.907211068485601 ], [ -60.68666095454185, 46.912491034561022 ], [ -60.684439283554212, 46.918602294797715 ], [ -60.678335903324928, 46.930824292071321 ], [ -60.670556693428118, 46.953604972099015 ], [ -60.664443038526443, 46.966102940360798 ], [ -60.656944621849149, 46.978599713937896 ], [ -60.640282724541684, 46.999999361032415 ], [ -60.609167633281359, 47.024437102956519 ], [ -60.597778393972597, 47.031104816082454 ], [ -60.591941635716864, 47.033331662418504 ], [ -60.583327116621547, 47.031662407530931 ], [ -60.563330676891205, 47.021659896954809 ], [ -60.529168685484642, 47.016937399353758 ], [ -60.523055716056327, 47.013054730703516 ], [ -60.511391876846261, 47.001106572633596 ], [ -60.50611101392866, 46.99748905376152 ], [ -60.496949601976787, 46.994995002500914 ], [ -60.488609006716494, 46.994156543631469 ], [ -60.48082754887853, 46.994437200315517 ], [ -60.460831236860344, 46.9991617891069 ], [ -60.436943220092992, 47.010275805729144 ], [ -60.431671495388997, 47.014159677834442 ], [ -60.419997400112983, 47.01971520633758 ], [ -60.41277419532932, 47.022217519970752 ], [ -60.398055885764471, 47.023324007452764 ], [ -60.390000737403952, 47.020270614971487 ], [ -60.384726978866347, 47.016663312226491 ], [ -60.381941585563197, 47.006943409001721 ], [ -60.382498572924248, 47.002219770589292 ], [ -60.385002632497923, 46.996102388055384 ], [ -60.394721015787596, 46.986939013830529 ], [ -60.400275120851909, 46.982764611766477 ], [ -60.406386618312901, 46.979986777943239 ], [ -60.418333417488086, 46.972763621237355 ], [ -60.427495903573984, 46.965828375873997 ], [ -60.451110557632418, 46.941931924878588 ], [ -60.455275105204514, 46.936653037771883 ], [ -60.457779128891282, 46.930550265268664 ], [ -60.466110805039158, 46.918053006620859 ], [ -60.470832786009424, 46.913605291585654 ], [ -60.475830288187261, 46.910544862878773 ], [ -60.493888504519575, 46.902213728448622 ], [ -60.498055266407597, 46.89665989651499 ], [ -60.492775720560509, 46.893050667170066 ], [ -60.484167277640154, 46.892769234949078 ], [ -60.471381567188082, 46.89610195173907 ], [ -60.458892802447728, 46.900824563932552 ], [ -60.450836488020407, 46.897774736869899 ], [ -60.439994897858384, 46.880271899068312 ], [ -60.444999341051862, 46.87499277342306 ], [ -60.451109447324981, 46.873604461685325 ], [ -60.456107553098363, 46.869155804908871 ], [ -60.452224064233768, 46.864440807369768 ], [ -60.445273635993694, 46.861663277330742 ], [ -60.436943500873213, 46.8611063922772 ], [ -60.422500543385254, 46.862214297277376 ], [ -60.406661604599869, 46.861381121900251 ], [ -60.352781980934175, 46.861663489490432 ], [ -60.345833600619351, 46.862496513582023 ], [ -60.33444199593054, 46.868880650309777 ], [ -60.326111337701924, 46.86832416428318 ], [ -60.320838519945724, 46.864440300170095 ], [ -60.315552669806252, 46.85582663894521 ], [ -60.309440132046376, 46.851103816376124 ], [ -60.302222706529484, 46.837493807512352 ], [ -60.301392749038932, 46.831939560240649 ], [ -60.304442480391863, 46.81526962542209 ], [ -60.315551597825625, 46.796943965342933 ], [ -60.318892913709171, 46.785270554808335 ], [ -60.316946299851587, 46.764717243902879 ], [ -60.317781320901787, 46.759162752891747 ], [ -60.321671340383766, 46.747772106610235 ], [ -60.322775761517164, 46.736381115818887 ], [ -60.327223834236335, 46.724991241618831 ], [ -60.33611200575541, 46.714996039676301 ], [ -60.343888015624572, 46.702216165434002 ], [ -60.346948166080253, 46.685547339724295 ], [ -60.352225462320192, 46.681937622969592 ], [ -60.359168752169303, 46.67943498666947 ], [ -60.385833430144892, 46.67416462585777 ], [ -60.391944631932688, 46.6713782941953 ], [ -60.396108959169531, 46.665825275599083 ], [ -60.39194443472212, 46.656653391028321 ], [ -60.383056167255305, 46.654990860099822 ], [ -60.367500638402547, 46.654433143019688 ], [ -60.358612095323508, 46.652771138248667 ], [ -60.354447427440533, 46.648605005754789 ], [ -60.359444625180693, 46.644158347855509 ], [ -60.379996940042524, 46.639991761474114 ], [ -60.384728390282255, 46.635552462246103 ], [ -60.382218326828635, 46.630546486423619 ], [ -60.379166819521735, 46.626656050699204 ], [ -60.371108205635558, 46.62387711483963 ], [ -60.362503982227224, 46.622214430001094 ], [ -60.354447456676851, 46.619155897469945 ], [ -60.349167814699079, 46.61554817503086 ], [ -60.345549637994914, 46.610825030448744 ], [ -60.345000983959167, 46.606385125008977 ], [ -60.347494686613388, 46.600273941437912 ], [ -60.356948477293784, 46.591103204111363 ], [ -60.373053778724639, 46.580277316819348 ], [ -60.389168482152158, 46.566939843739711 ], [ -60.401109408504531, 46.551932782552896 ], [ -60.41082617785549, 46.533333620987854 ], [ -60.415832730926631, 46.521378742661355 ], [ -60.41750306690566, 46.514442299241296 ], [ -60.427781277805025, 46.491378596641681 ], [ -60.44610476986842, 46.459715988278106 ], [ -60.448609172864487, 46.45304811685866 ], [ -60.452223489712438, 46.44748771484943 ], [ -60.459167201433402, 46.429435928185377 ], [ -60.461670855563632, 46.41777115871708 ], [ -60.466109035540882, 46.406380545259225 ], [ -60.469718673472961, 46.3999942589193 ], [ -60.478881062559708, 46.389990571458057 ], [ -60.494163067849861, 46.378042938442881 ], [ -60.505005300957542, 46.370827899296565 ], [ -60.514450896828244, 46.361662857910666 ], [ -60.516944387212966, 46.355552543869102 ], [ -60.516113036345907, 46.339988177492863 ], [ -60.531111383291879, 46.327217648672999 ], [ -60.535278444113935, 46.321663878244529 ], [ -60.53722502469298, 46.310546745280256 ], [ -60.54444726888044, 46.292770501054989 ], [ -60.552780664392223, 46.281936124436747 ], [ -60.557500750277185, 46.277214603391059 ], [ -60.563613306446378, 46.274436263363192 ], [ -60.589439119083345, 46.25499599693142 ], [ -60.590279593516954, 46.249436062413473 ], [ -60.589438266466466, 46.244156283375297 ], [ -60.58999788904601, 46.239158935844429 ], [ -60.592224760832458, 46.233330845522069 ], [ -60.603889129117064, 46.214995823061265 ], [ -60.606393020143578, 46.208329298305159 ], [ -60.613618834923059, 46.196380039121991 ], [ -60.609167291074399, 46.201935033403572 ], [ -60.60333282144186, 46.204710810672971 ], [ -60.598053286085012, 46.20110215516759 ], [ -60.596391595113332, 46.196098073610663 ], [ -60.590836258005815, 46.198876740676774 ], [ -60.573889769036604, 46.220825601796925 ], [ -60.565003424721134, 46.230820654298576 ], [ -60.553330350426876, 46.248878578587608 ], [ -60.551391614148699, 46.254996517671096 ], [ -60.543334003172468, 46.26666196596554 ], [ -60.528053434563013, 46.278602158926013 ], [ -60.510003813021669, 46.287772544506034 ], [ -60.499725721933885, 46.294441447910238 ], [ -60.479720394951755, 46.311104149354009 ], [ -60.468055312959152, 46.316665239958532 ], [ -60.455559553536041, 46.321381393012693 ], [ -60.443886430714102, 46.326941860072267 ], [ -60.430556378697986, 46.331382804158018 ], [ -60.424172168711571, 46.331664433943665 ], [ -60.416389827171734, 46.328048486057128 ], [ -60.412216080163432, 46.318886217358148 ], [ -60.414444775467167, 46.307769836951586 ], [ -60.416947834443924, 46.301658120550435 ], [ -60.418061318801016, 46.296103690131588 ], [ -60.419167407373912, 46.290549789793729 ], [ -60.417777325779774, 46.285826629679676 ], [ -60.419998015840626, 46.279991880238612 ], [ -60.424720759915054, 46.275268315057332 ], [ -60.438050124027043, 46.270829041760543 ], [ -60.454719894170495, 46.262214854162103 ], [ -60.470550575194956, 46.251106778285973 ], [ -60.479996972917291, 46.241936378252056 ], [ -60.493056373898654, 46.226653034632513 ], [ -60.509171768625038, 46.215546039920433 ], [ -60.522774932021427, 46.200829126479178 ], [ -60.539444117303987, 46.190827234989612 ], [ -60.549444885106503, 46.182494765491761 ], [ -60.5636131179347, 46.168601554633454 ], [ -60.567504108877714, 46.163321076422065 ], [ -60.586111390555907, 46.144158047284492 ], [ -60.590277903707793, 46.138602518343674 ], [ -60.600279446287679, 46.130271662508534 ], [ -60.6061091877298, 46.127487391163122 ], [ -60.616111640607897, 46.12082592665665 ], [ -60.64583589900122, 46.106101673362843 ], [ -60.664444952807358, 46.099434708669079 ], [ -60.687776422288515, 46.088325346255985 ], [ -60.701108978625641, 46.085266483811054 ], [ -60.706391070622949, 46.088883724733698 ], [ -60.707780516090708, 46.099716165422272 ], [ -60.713058612695761, 46.103324543933546 ], [ -60.719445165126011, 46.101387637913717 ], [ -60.729439241435813, 46.093047253642666 ], [ -60.734999852444666, 46.089432735252721 ], [ -60.73944233131639, 46.084716715425699 ], [ -60.751394883772512, 46.078605416330923 ], [ -60.776663966735164, 46.07138043651522 ], [ -60.788894888214998, 46.066665200754443 ], [ -60.809441139979974, 46.063607236094171 ], [ -60.843330679345684, 46.056656425321577 ], [ -60.852227084910041, 46.059157495771238 ], [ -60.859169122452514, 46.058043438566486 ], [ -60.863333265754854, 46.052490360701604 ], [ -60.870276422617195, 46.051658962755099 ], [ -60.876944104564473, 46.054709905720294 ], [ -60.876107392087626, 46.060272015035743 ], [ -60.865280036590875, 46.067772036331966 ], [ -60.858893800222383, 46.069716069582086 ], [ -60.853331134826355, 46.072494180481563 ], [ -60.84972341948049, 46.078879872048986 ], [ -60.858611687873427, 46.081382439270982 ], [ -60.866662234935795, 46.082215151444991 ], [ -60.873885791633519, 46.081108203340193 ], [ -60.879997029678883, 46.07916132855248 ], [ -60.885277672334787, 46.075554600851284 ], [ -60.890000852306471, 46.070830773562328 ], [ -60.897224138699286, 46.058045298912752 ], [ -60.905555857908773, 46.047217399580305 ], [ -60.910277422541476, 46.04249615838895 ], [ -60.922501379736438, 46.037773841333767 ], [ -60.933882388658574, 46.030548141351062 ], [ -60.942771807673395, 46.022217002330429 ], [ -60.953612023321995, 46.014159372768255 ], [ -60.958054046865286, 46.01027575649524 ], [ -60.969718339292442, 45.99276786827523 ], [ -60.974717533343373, 45.988327576626254 ], [ -60.986113794888418, 45.982489842887702 ], [ -61.011949255692699, 45.974159215180016 ], [ -61.023886750943035, 45.96943642751377 ], [ -61.062218289421146, 45.959160465257007 ], [ -61.080283550112647, 45.951659003688221 ], [ -61.087776721376606, 45.951385843230788 ], [ -61.0958319402516, 45.952216668088688 ], [ -61.105003372677601, 45.954712951688059 ], [ -61.113061725627759, 45.955268369358272 ], [ -61.1177759324463, 45.950829602768728 ], [ -61.117498990029468, 45.945541067475681 ], [ -61.118330939535305, 45.939986217768663 ], [ -61.121940677358175, 45.933600587929298 ], [ -61.126945101963997, 45.928328428408996 ], [ -61.125555843582092, 45.923607409464559 ], [ -61.11833088871002, 45.923049153506525 ], [ -61.111389745391001, 45.924164043126218 ], [ -61.08972228129894, 45.925552110965889 ], [ -61.074722069571706, 45.926102555726814 ], [ -61.06666727472313, 45.925269730199183 ], [ -61.059167014160472, 45.925553506335291 ], [ -61.052225086711324, 45.92665826648453 ], [ -61.027220901762945, 45.935264002509115 ], [ -61.014166780107423, 45.938324717455508 ], [ -60.99333380599866, 45.941375209083375 ], [ -60.988890282875616, 45.945824331916157 ], [ -60.989165041953925, 45.956382861005345 ], [ -60.987777222607683, 45.962492604082605 ], [ -60.984168057568262, 45.967491040641185 ], [ -60.957220818220733, 45.984993376281587 ], [ -60.940550968364022, 45.994436949241653 ], [ -60.933883341042339, 45.996940683121046 ], [ -60.9202796966539, 46.000000952539018 ], [ -60.909165215422007, 46.004996667051742 ], [ -60.896392660084203, 46.008888828332481 ], [ -60.892775182796242, 46.015274657655574 ], [ -60.893058600054054, 46.020271655174838 ], [ -60.892228327613843, 46.025824924968767 ], [ -60.886947878547758, 46.031104320279539 ], [ -60.875558611172217, 46.03694103644289 ], [ -60.862503704181364, 46.039161632065998 ], [ -60.854720917305826, 46.036384934334791 ], [ -60.853057698751513, 46.031380374860348 ], [ -60.843886532044422, 46.02887659050122 ], [ -60.829728163781319, 46.031662270880986 ], [ -60.823615652326346, 46.033607914268075 ], [ -60.795281124189756, 46.048051215157308 ], [ -60.782218822778226, 46.05248935160791 ], [ -60.770834500094857, 46.057495884712957 ], [ -60.757508732909074, 46.06054628984031 ], [ -60.743057973581188, 46.061660888518745 ], [ -60.735558014959835, 46.05804449735146 ], [ -60.734168181337154, 46.053320492857466 ], [ -60.734168670711014, 46.047492615428517 ], [ -60.742224037748464, 46.037216675174136 ], [ -60.761115862096375, 46.01888161650178 ], [ -60.771384245312262, 46.011383058943551 ], [ -60.791113395634092, 45.993880873885487 ], [ -60.795555350312043, 45.989432745081849 ], [ -60.803885842376268, 45.978598574478823 ], [ -60.807503857676195, 45.972214132599426 ], [ -60.807501699854555, 45.966934609521424 ], [ -60.802779711804199, 45.952490511416435 ], [ -60.802497491311385, 45.94721242778796 ], [ -60.806947220811153, 45.941100756980319 ], [ -60.808890009943113, 45.935820785382475 ], [ -60.807504195302165, 45.93110577886808 ], [ -60.822776940529884, 45.929993638576946 ], [ -60.848883616201547, 45.924713046554594 ], [ -60.855835371135719, 45.9222172612346 ], [ -60.860557937443616, 45.919157879488083 ], [ -60.870278149253416, 45.910819391235549 ], [ -60.87610569479115, 45.908042631946756 ], [ -60.883057405701905, 45.906937243742739 ], [ -60.898056390411092, 45.906654705615054 ], [ -60.906104967147996, 45.907494571706842 ], [ -60.918892329573502, 45.914436180489986 ], [ -60.926667662716817, 45.913879854908842 ], [ -60.938888539588675, 45.908881153527886 ], [ -60.943887278185755, 45.905822567356921 ], [ -60.95027862404789, 45.903876914379396 ], [ -60.956947100233805, 45.903046475880366 ], [ -60.963614703489398, 45.906097262286387 ], [ -60.968603938976528, 45.910545497570659 ], [ -60.974439796438077, 45.913604830076643 ], [ -60.97999549655848, 45.910546063176049 ], [ -60.985832063760697, 45.898330351957668 ], [ -60.991385821771225, 45.893883341170934 ], [ -60.996949507174001, 45.891937117931199 ], [ -61.011115748229756, 45.890549389918142 ], [ -61.046112317606706, 45.897774556911372 ], [ -61.053612279913366, 45.89777460429282 ], [ -61.060553949497269, 45.896658545056845 ], [ -61.066391003788851, 45.893883602490256 ], [ -61.071113596272191, 45.889160252523013 ], [ -61.063330440555667, 45.886382090518389 ], [ -61.049447502664272, 45.888328903588558 ], [ -61.043891336661432, 45.88471895815902 ], [ -61.048056227180673, 45.879433209533005 ], [ -61.0536127840966, 45.874993425707359 ], [ -61.059440378686404, 45.87221441653503 ], [ -61.065001124695094, 45.86998828185245 ], [ -61.086112076406657, 45.867766757094913 ], [ -61.09194212604735, 45.864714992613436 ], [ -61.096663794760417, 45.860274181149435 ], [ -61.097779923370737, 45.854712690875054 ], [ -61.094716858346715, 45.850273778513603 ], [ -61.087775455994631, 45.847489136924111 ], [ -61.079726898682779, 45.846938687974735 ], [ -61.073058059469986, 45.848045619891707 ], [ -61.060830008056541, 45.852775251002399 ], [ -61.049444752849361, 45.85833006811815 ], [ -61.038895403897214, 45.865830575526459 ], [ -61.026106613330853, 45.869712541214028 ], [ -61.019164177051898, 45.870825947407262 ], [ -61.004447009478014, 45.871101506747209 ], [ -60.983611527019029, 45.874160596667302 ], [ -60.978331808896847, 45.878043601918108 ], [ -60.982498495125093, 45.881935873329773 ], [ -60.989998987084959, 45.881935232711655 ], [ -60.968054691482152, 45.883332100852833 ], [ -60.960280829051321, 45.880271643205219 ], [ -60.955276936712004, 45.876098754890791 ], [ -60.944442444926928, 45.863608072994708 ], [ -60.936387502314531, 45.860824274567968 ], [ -60.92833654927982, 45.859993897605442 ], [ -60.919447752586933, 45.857497215903422 ], [ -60.915833030810681, 45.852776075192814 ], [ -60.917779399995155, 45.847487763662841 ], [ -60.922775091836066, 45.843880229708631 ], [ -60.929169422973963, 45.841933323232929 ], [ -60.936942252851217, 45.844711724341913 ], [ -60.955557790585644, 45.854995667154142 ], [ -60.963333247970432, 45.857772655104135 ], [ -60.970276414152174, 45.856660043473468 ], [ -60.969993214342807, 45.851662069074983 ], [ -60.966390696878406, 45.84693929459231 ], [ -60.94638708447804, 45.837768009370137 ], [ -60.93555481750758, 45.830550516692362 ], [ -60.935270903841989, 45.825271895970012 ], [ -60.940551042104339, 45.821662023475021 ], [ -60.947494979251545, 45.820549397898695 ], [ -60.961945312464302, 45.826659680955018 ], [ -60.969994492628253, 45.827490900966176 ], [ -60.97582864965181, 45.824440258305081 ], [ -60.978051297613639, 45.818602692354148 ], [ -60.983055258781803, 45.813324555904408 ], [ -60.988609483324232, 45.811103195124389 ], [ -60.995835283442503, 45.811104909658674 ], [ -60.999999960521492, 45.81499383692298 ], [ -61.002784868973478, 45.819443467700701 ], [ -61.010832528888358, 45.820274349115451 ], [ -61.019447315845859, 45.809989713046562 ], [ -61.025001047018925, 45.806382216699355 ], [ -61.036391919970825, 45.800826358171022 ], [ -61.067503149751445, 45.791664780135875 ], [ -61.079171400440153, 45.786109670889012 ], [ -61.106949425642377, 45.769990138905648 ], [ -61.111946576992885, 45.766388362218805 ], [ -61.11805688343442, 45.763609902908428 ], [ -61.127776100984491, 45.755271076303828 ], [ -61.129997553822804, 45.749161103334934 ], [ -61.129998938264364, 45.743323572387666 ], [ -61.125832241200044, 45.739989468145566 ], [ -61.121109807726086, 45.744713789219766 ], [ -61.113616238655482, 45.74471213633894 ], [ -61.109725597763799, 45.734993741573312 ], [ -61.109443738567187, 45.729713776794334 ], [ -61.113059991478124, 45.723319734028095 ], [ -61.126387794462779, 45.719710740145004 ], [ -61.131943262800874, 45.71749020947513 ], [ -61.136948717668304, 45.713882034339193 ], [ -61.147223727380464, 45.704993726853715 ], [ -61.149169087758004, 45.699714867044975 ], [ -61.14250312062731, 45.696380328702674 ], [ -61.077498779073721, 45.688881936618301 ] ] ] ] } },
{ "type": "Feature", "properties": { "fid": 20, "AREA": 0.00095, "PERIMETER": 0.22433, "BETUALLE_": 21, "BETUALLE_I": 17, "CODE": 1 }, "geometry": { "type": "MultiPolygon", "coordinates": [ [ [ [ -63.93379627510339, 46.710052572106363 ], [ -63.928241895696779, 46.705886928715564 ], [ -63.925464436459158, 46.701446638399013 ], [ -63.915742225207332, 46.693381904022978 ], [ -63.899629464977814, 46.683112343107709 ], [ -63.886856466093924, 46.677277541839537 ], [ -63.881294806157392, 46.673667010387405 ], [ -63.873796877568886, 46.665328668112629 ], [ -63.879348351359155, 46.662552704447371 ], [ -63.890742130955452, 46.669502448754166 ], [ -63.896019272781068, 46.673667543205369 ], [ -63.90129443359929, 46.676162239967191 ], [ -63.946018851277337, 46.7042234618959 ], [ -63.959909771472084, 46.710334163848167 ], [ -63.96601643746709, 46.718939564701827 ], [ -63.961024693149156, 46.722821988764352 ], [ -63.943517170333124, 46.718107812780254 ], [ -63.936299196838945, 46.715057337903261 ], [ -63.93379627510339, 46.710052572106363 ] ] ] ] } },
{ "type": "Feature", "properties": { "fid": 21, "AREA": 0.00201, "PERIMETER": 0.36871, "BETUALLE_": 22, "BETUALLE_I": 18, "CODE": 1 }, "geometry": { "type": "MultiPolygon", "coordinates": [ [ [ [ -63.806851583758537, 46.630882341419337 ], [ -63.800184405807634, 46.627831835989326 ], [ -63.79462950274656, 46.624222596957772 ], [ -63.767125232409335, 46.612001480101007 ], [ -63.761569323451255, 46.608392453273524 ], [ -63.754626882775398, 46.605333697232588 ], [ -63.746294499921184, 46.602838502818386 ], [ -63.726008639941412, 46.593386000913071 ], [ -63.714348706988034, 46.586999944158784 ], [ -63.709902063954097, 46.583116716350631 ], [ -63.708238579262606, 46.578394111879454 ], [ -63.714068656813303, 46.575335082960649 ], [ -63.720728567225322, 46.578669747169648 ], [ -63.728229089895351, 46.580889195533445 ], [ -63.749904793776651, 46.589777873786389 ], [ -63.758792130745348, 46.592554958662632 ], [ -63.766566284158976, 46.593941486099666 ], [ -63.7740681027935, 46.591997485199499 ], [ -63.779346614475415, 46.589494813223155 ], [ -63.786854511837944, 46.589219306090619 ], [ -63.790189528768636, 46.593669104050598 ], [ -63.79713117802519, 46.612558372536803 ], [ -63.800459040635985, 46.616998853283157 ], [ -63.80490482755345, 46.620889432432726 ], [ -63.82879574034979, 46.633943315136243 ], [ -63.843238571403994, 46.640054797385567 ], [ -63.852967461796055, 46.64255528326138 ], [ -63.858520174268108, 46.645890358752624 ], [ -63.862967187470851, 46.649780778400789 ], [ -63.864356435668739, 46.655327187086073 ], [ -63.857130412794454, 46.652275784387029 ], [ -63.846570758296906, 46.644501667272436 ], [ -63.829078117051083, 46.641167722139805 ], [ -63.820190646198128, 46.638389899180524 ], [ -63.806851583758537, 46.630882341419337 ] ] ] ] } },
{ "type": "Feature", "properties": { "fid": 22, "AREA": 0.00029, "PERIMETER": 0.0637, "BETUALLE_": 23, "BETUALLE_I": 22, "CODE": 1 }, "geometry": { "type": "MultiPolygon", "coordinates": [ [ [ [ -63.78073291052231, 46.535059590933663 ], [ -63.774065732079663, 46.531168823674896 ], [ -63.773234597545915, 46.526721793178488 ], [ -63.778230859733647, 46.521441721331051 ], [ -63.784907990305967, 46.520053505560242 ], [ -63.793513038598725, 46.52199758386967 ], [ -63.79740442552896, 46.526721925559514 ], [ -63.796848708509422, 46.531725952541734 ], [ -63.791851299393571, 46.535334460438541 ], [ -63.784627217292027, 46.535891060995674 ], [ -63.78073291052231, 46.535059590933663 ] ] ] ] } },
{ "type": "Feature", "properties": { "fid": 23, "AREA": 0.0, "PERIMETER": 0.02483, "BETUALLE_": 24, "BETUALLE_I": 24, "CODE": 1 }, "geometry": { "type": "MultiPolygon", "coordinates": [ [ [ [ -64.667873511530999, 46.516812419831354 ], [ -64.678541353273189, 46.523109113101626 ], [ -64.672696042141254, 46.520332927208251 ], [ -64.667873511530999, 46.516812419831354 ] ] ] ] } },
{ "type": "Feature", "properties": { "fid": 24, "AREA": 0.0, "PERIMETER": 0.00697, "BETUALLE_": 25, "BETUALLE_I": 25, "CODE": 1 }, "geometry": { "type": "MultiPolygon", "coordinates": [ [ [ [ -64.665067264268814, 46.514760311746208 ], [ -64.667873511530999, 46.516812419831354 ], [ -64.666318682682714, 46.515892179484446 ], [ -64.665067264268814, 46.514760311746208 ] ] ] ] } },
{ "type": "Feature", "properties": { "fid": 25, "AREA": 0.00066, "PERIMETER": 0.15745, "BETUALLE_": 26, "BETUALLE_I": 26, "CODE": 1 }, "geometry": { "type": "MultiPolygon", "coordinates": [ [ [ [ -64.665067264268814, 46.514760311746208 ], [ -64.662426139653462, 46.512833196350812 ], [ -64.651319074573564, 46.506165585898735 ], [ -64.636883278412654, 46.499222050919613 ], [ -64.622416012149998, 46.487831669349944 ], [ -64.614925127841246, 46.479774642466829 ], [ -64.608529899847824, 46.471162577147439 ], [ -64.609095357821914, 46.466163903312285 ], [ -64.61547415515534, 46.463387216263683 ], [ -64.62353021349746, 46.465890189559673 ], [ -64.625469640291826, 46.470605384780988 ], [ -64.629083392876396, 46.474221923322332 ], [ -64.635495018894233, 46.482826764171655 ], [ -64.639661142900067, 46.486717373554512 ], [ -64.642712318391176, 46.49116505616162 ], [ -64.647153539375154, 46.49505638302778 ], [ -64.65771309628191, 46.508110330069172 ], [ -64.665067264268814, 46.514760311746208 ] ] ] ] } },
{ "type": "Feature", "properties": { "fid": 26, "AREA": 0.00032, "PERIMETER": 0.09622, "BETUALLE_": 27, "BETUALLE_I": 19, "CODE": 1 }, "geometry": { "type": "MultiPolygon", "coordinates": [ [ [ [ -63.269884596380294, 46.450339197953191 ], [ -63.254052990178067, 46.444220197476753 ], [ -63.245163243988152, 46.442831256283675 ], [ -63.240165575313135, 46.438665488815417 ], [ -63.245722143990747, 46.435614640013036 ], [ -63.253219989578255, 46.435331492864805 ], [ -63.261002444871259, 46.436446301134531 ], [ -63.268777499974831, 46.439779763256333 ], [ -63.284333775748827, 46.450895477420396 ], [ -63.269884596380294, 46.450339197953191 ] ] ] ] } },
{ "type": "Feature", "properties": { "fid": 27, "AREA": 0.0002, "PERIMETER": 0.06041, "BETUALLE_": 28, "BETUALLE_I": 30, "CODE": 1 }, "geometry": { "type": "MultiPolygon", "coordinates": [ [ [ [ -64.590479556037337, 46.3878349424878 ], [ -64.584922695046956, 46.383669435681938 ], [ -64.584373677292433, 46.37893985348456 ], [ -64.589088435052602, 46.373667099495947 ], [ -64.596872221954754, 46.374773937395453 ], [ -64.599922538385968, 46.379220421282255 ], [ -64.598535713535853, 46.390338886648621 ], [ -64.599099601812014, 46.395610607934458 ], [ -64.596032111484405, 46.391169495357474 ], [ -64.590479556037337, 46.3878349424878 ] ] ] ] } },
{ "type": "Feature", "properties": { "fid": 28, "AREA": 0.00024, "PERIMETER": 0.06212, "BETUALLE_": 29, "BETUALLE_I": 32, "CODE": 1 }, "geometry": { "type": "MultiPolygon", "coordinates": [ [ [ [ -64.537967842312483, 46.271999443770589 ], [ -64.540196313908112, 46.265339580254576 ], [ -64.539646539821149, 46.260059702889372 ], [ -64.537418446703825, 46.255893841889936 ], [ -64.543522472682227, 46.253949547308132 ], [ -64.549093181715477, 46.257282764877814 ], [ -64.55241828853238, 46.261729880587744 ], [ -64.553242040525532, 46.266171755621976 ], [ -64.551306574882005, 46.272281969606091 ], [ -64.546591826067811, 46.276166042369333 ], [ -64.537967842312483, 46.271999443770589 ] ] ] ] } },
{ "type": "Feature", "properties": { "fid": 29, "AREA": 0.0004, "PERIMETER": 0.10438, "BETUALLE_": 30, "BETUALLE_I": 21, "CODE": 1 }, "geometry": { "type": "MultiPolygon", "coordinates": [ [ [ [ -62.408333362164413, 46.199713784694978 ], [ -62.399993209847381, 46.199158222329046 ], [ -62.395834992331764, 46.195265443018592 ], [ -62.395552662448083, 46.189987082175044 ], [ -62.398336544077573, 46.178329974507761 ], [ -62.404997634370332, 46.181663377282696 ], [ -62.406660065185221, 46.186378918313359 ], [ -62.412215786398214, 46.189987005604358 ], [ -62.421668322263116, 46.192214113464814 ], [ -62.436384863967398, 46.198044153370446 ], [ -62.430001047179715, 46.200272749076483 ], [ -62.408333362164413, 46.199713784694978 ] ] ] ] } },
{ "type": "Feature", "properties": { "fid": 30, "AREA": 0.00024, "PERIMETER": 0.06167, "BETUALLE_": 31, "BETUALLE_I": 20, "CODE": 1 }, "geometry": { "type": "MultiPolygon", "coordinates": [ [ [ [ -61.55583270358062, 45.999161774853114 ], [ -61.554717246895699, 45.993607528873724 ], [ -61.552781223416439, 45.989432856031947 ], [ -61.557501732498068, 45.984161078492399 ], [ -61.564163355910367, 45.987494748635619 ], [ -61.575280289567154, 45.994713161853149 ], [ -61.571113828873742, 46.000274422979594 ], [ -61.565278513362763, 46.003052308995123 ], [ -61.55583270358062, 45.999161774853114 ] ] ] ] } },
{ "type": "Feature", "properties": { "fid": 31, "AREA": 0.00159, "PERIMETER": 0.21301, "BETUALLE_": 32, "BETUALLE_I": 31, "CODE": 1 }, "geometry": { "type": "MultiPolygon", "coordinates": [ [ [ [ -62.527220286680318, 45.813050103535645 ], [ -62.533888425863765, 45.810272163194412 ], [ -62.559722345404879, 45.803046207613789 ], [ -62.589438212339992, 45.801934074717622 ], [ -62.597497911605764, 45.802489697615115 ], [ -62.603890645261494, 45.806381062627622 ], [ -62.600836143166774, 45.8119361898517 ], [ -62.595275221939403, 45.814994021789111 ], [ -62.563613010419218, 45.824997411233184 ], [ -62.535833711014526, 45.830277274796813 ], [ -62.521110538343905, 45.831107000199758 ], [ -62.505005425475282, 45.829720146484902 ], [ -62.511116039230352, 45.827775189429381 ], [ -62.515838570640831, 45.823052317708104 ], [ -62.519723313077193, 45.817497322312171 ], [ -62.527220286680318, 45.813050103535645 ] ] ] ] } },
{ "type": "Feature", "properties": { "fid": 32, "AREA": 0.00124, "PERIMETER": 0.13487, "BETUALLE_": 33, "BETUALLE_I": 56, "CODE": 1 }, "geometry": { "type": "MultiPolygon", "coordinates": [ [ [ [ -85.471847694982102, 45.807130412746453 ], [ -85.458788970631176, 45.805127274747896 ], [ -85.443570219064739, 45.799006073083149 ], [ -85.434921790197023, 45.79142628091811 ], [ -85.433537879318294, 45.782439142140916 ], [ -85.436479730960954, 45.772805233358056 ], [ -85.447913196411605, 45.767286835828266 ], [ -85.462199327836998, 45.77037467403369 ], [ -85.468607843323312, 45.778765180822248 ], [ -85.474477159591686, 45.786128203131589 ], [ -85.478880132634288, 45.793868351124509 ], [ -85.477720568215034, 45.801177741745292 ], [ -85.474165959007209, 45.805831898292098 ], [ -85.470533876908888, 45.806536552537068 ], [ -85.471847694982102, 45.807130412746453 ] ] ] ] } },
{ "type": "Feature", "properties": { "fid": 33, "AREA": 0.00099, "PERIMETER": 0.11329, "BETUALLE_": 34, "BETUALLE_I": 57, "CODE": 1 }, "geometry": { "type": "MultiPolygon", "coordinates": [ [ [ [ -85.330321294749879, 45.789619909364824 ], [ -85.318896156998505, 45.786250218433374 ], [ -85.31520737690748, 45.778559951667766 ], [ -85.315846203240014, 45.770224381208784 ], [ -85.320194272667806, 45.76070318360793 ], [ -85.328161348833731, 45.75492027851795 ], [ -85.337888512470627, 45.755688562977305 ], [ -85.346677448985503, 45.762300859333521 ], [ -85.350603455817307, 45.768529262387126 ], [ -85.351124589151098, 45.778435217989767 ], [ -85.347171074552719, 45.785521814580079 ], [ -85.340210332830182, 45.789412782952859 ], [ -85.331633521796348, 45.790215105370152 ], [ -85.330321294749879, 45.789619909364824 ] ] ] ] } },
{ "type": "Feature", "properties": { "fid": 34, "AREA": 0.01621, "PERIMETER": 0.54966, "BETUALLE_": 35, "BETUALLE_I": 58, "CODE": 1 }, "geometry": { "type": "MultiPolygon", "coordinates": [ [ [ [ -85.556087708508031, 45.683492673730022 ], [ -85.553014058957629, 45.69410196706491 ], [ -85.545926494110532, 45.703413449945245 ], [ -85.527805273672385, 45.715813596759908 ], [ -85.519476621114464, 45.72404112010183 ], [ -85.511609450273653, 45.733785307745293 ], [ -85.502889898752144, 45.740009754244504 ], [ -85.493164028724621, 45.743691898346235 ], [ -85.473555174119284, 45.743152294630043 ], [ -85.461667897987397, 45.738280159213033 ], [ -85.459199922890505, 45.731676348485905 ], [ -85.464219325206443, 45.722205860675672 ], [ -85.471089076382711, 45.714358578460953 ], [ -85.478960113433331, 45.700181063805374 ], [ -85.482277254685883, 45.683674606203141 ], [ -85.474025258517813, 45.673663943104437 ], [ -85.467395525732712, 45.662298726131425 ], [ -85.466550069632618, 45.649906712023103 ], [ -85.463469338415621, 45.638327567349286 ], [ -85.452764534515524, 45.617277657135759 ], [ -85.454465550286173, 45.602129368508677 ], [ -85.475111862179247, 45.591419044925715 ], [ -85.491284199384737, 45.577894787514829 ], [ -85.504602996944442, 45.569075142725318 ], [ -85.514762678931334, 45.562473902137917 ], [ -85.549170875006411, 45.557753830215795 ], [ -85.571724975441867, 45.557039669254316 ], [ -85.582430480199108, 45.560330603283404 ], [ -85.591834325557116, 45.567464919347941 ], [ -85.59078967395287, 45.587591253660662 ], [ -85.579266957182085, 45.607400067160221 ], [ -85.567049101651662, 45.631594805107078 ], [ -85.564132700431969, 45.641227723544155 ], [ -85.559527234481308, 45.657136880236706 ], [ -85.557843415923358, 45.66785298523272 ], [ -85.555082304924241, 45.680949275461899 ], [ -85.556087708508031, 45.683492673730022 ] ] ] ] } },
{ "type": "Feature", "properties": { "fid": 35, "AREA": 0.00154, "PERIMETER": 0.14865, "BETUALLE_": 36, "BETUALLE_I": 59, "CODE": 1 }, "geometry": { "type": "MultiPolygon", "coordinates": [ [ [ [ -85.656309612072022, 45.725723216436322 ], [ -85.64752861550312, 45.732444524215808 ], [ -85.633567565743348, 45.736302184002355 ], [ -85.620442291133173, 45.734802323232216 ], [ -85.613790541753048, 45.727880798657658 ], [ -85.615856771048726, 45.719164357306056 ], [ -85.623316519688615, 45.707414839437902 ], [ -85.628234665520012, 45.698424583740419 ], [ -85.645887696313807, 45.693373531312396 ], [ -85.659396455327368, 45.696872575155282 ], [ -85.666201253122026, 45.70281809337645 ], [ -85.664369821944874, 45.710071728965779 ], [ -85.660996864314541, 45.718194528052422 ], [ -85.655918456367047, 45.723721268705383 ], [ -85.656309612072022, 45.725723216436322 ] ] ] ] } },
{ "type": "Feature", "properties": { "fid": 36, "AREA": 0.04051, "PERIMETER": 1.10739, "BETUALLE_": 37, "BETUALLE_I": 55, "CODE": 1 }, "geometry": { "type": "MultiPolygon", "coordinates": [ [ [ [ -73.988123943668526, 45.431390787709198 ], [ -73.979509848922746, 45.443131711330146 ], [ -73.962723974498019, 45.451320108245163 ], [ -73.945235591694427, 45.461585989896811 ], [ -73.926613381630162, 45.470564287283423 ], [ -73.909193803612894, 45.485228609186265 ], [ -73.89647369286547, 45.495187726606304 ], [ -73.874527924775549, 45.504706744105746 ], [ -73.849894785784258, 45.508284156163064 ], [ -73.815261202894661, 45.509087789923484 ], [ -73.789848694710059, 45.510328132929011 ], [ -73.766053532246502, 45.520622174693649 ], [ -73.748584823718701, 45.535269920434061 ], [ -73.731595602576249, 45.557688015149509 ], [ -73.716008584717585, 45.575947603993029 ], [ -73.690118618739746, 45.596872726589858 ], [ -73.677053922493187, 45.612259919566071 ], [ -73.65989639212971, 45.625860310344841 ], [ -73.642731869236542, 45.639459011602057 ], [ -73.62295384499086, 45.651517950576398 ], [ -73.604590993077082, 45.659416967706903 ], [ -73.591676546072478, 45.660537886232973 ], [ -73.574618321804792, 45.655461725429866 ], [ -73.564141310291049, 45.644898369367311 ], [ -73.558052638632702, 45.630678059178187 ], [ -73.559721706802193, 45.616669248804506 ], [ -73.566072313836358, 45.593559216420729 ], [ -73.576911941919548, 45.575605771117651 ], [ -73.591826453334505, 45.559440318819497 ], [ -73.605668978413192, 45.546391033138036 ], [ -73.620155760280682, 45.526857215895014 ], [ -73.627540069809825, 45.500632778789928 ], [ -73.635393780798623, 45.482180497433134 ], [ -73.64548892504574, 45.466304507166882 ], [ -73.66822410470165, 45.45915019673285 ], [ -73.699814663979126, 45.453482835572451 ], [ -73.732943599964486, 45.452460735663799 ], [ -73.771909282309963, 45.448018862983481 ], [ -73.808266494514228, 45.442029770957191 ], [ -73.843067588260212, 45.43138017294325 ], [ -73.868647457391646, 45.420282420296871 ], [ -73.886213854101399, 45.414431531387088 ], [ -73.889963696423777, 45.411220614953486 ], [ -73.902223739192479, 45.40089425923626 ], [ -73.927066271957841, 45.398850042601367 ], [ -73.963894917069723, 45.400340658443888 ], [ -73.98787243825214, 45.407416071846271 ], [ -73.99998298404121, 45.417154948525486 ], [ -73.999120624967617, 45.426288615581875 ], [ -73.988123943668526, 45.431390787709198 ] ] ] ] } },
{ "type": "Feature", "properties": { "fid": 37, "AREA": 0.01313, "PERIMETER": 0.64621, "BETUALLE_": 38, "BETUALLE_I": 23, "CODE": 1 }, "geometry": { "type": "MultiPolygon", "coordinates": [ [ [ [ -60.910279333090877, 45.546103951908606 ], [ -60.936111089728428, 45.539161474009518 ], [ -60.947492769448978, 45.533607979136058 ], [ -60.952500642220365, 45.529990758491195 ], [ -60.962502110619155, 45.519988757088818 ], [ -60.963059295014929, 45.514998685653573 ], [ -60.96166930405078, 45.510275506249222 ], [ -60.958611321100676, 45.50582979009527 ], [ -60.950553319024316, 45.497772628251106 ], [ -60.975554593619734, 45.477484508618566 ], [ -60.993888479993437, 45.457770706489029 ], [ -61.000283075546847, 45.455825849249877 ], [ -61.007782632389613, 45.457213472924757 ], [ -61.013060360122509, 45.460822922888688 ], [ -61.019448644742049, 45.463882423566318 ], [ -61.021109039327158, 45.468879463614329 ], [ -61.004172618607953, 45.478873598999677 ], [ -60.999724229995273, 45.482765292387072 ], [ -60.998886730853407, 45.493606925980387 ], [ -61.008055665885571, 45.495827523395313 ], [ -61.031112019540871, 45.496384306436589 ], [ -61.054718567636797, 45.498329951844063 ], [ -61.07222900812166, 45.502494071061271 ], [ -61.077499552535251, 45.506102384685946 ], [ -61.081672606303329, 45.510276231856729 ], [ -61.082780091853479, 45.515548527859977 ], [ -61.084723350840804, 45.519714061053854 ], [ -61.101942217568578, 45.523048885617115 ], [ -61.105834364547142, 45.526938226417649 ], [ -61.10194481271779, 45.532492962558067 ], [ -61.105836361251107, 45.536384497472334 ], [ -61.108336825913007, 45.540832565423734 ], [ -61.104446673081462, 45.546387572434654 ], [ -61.098610069080962, 45.549162716931178 ], [ -61.023612598090459, 45.574995904863876 ], [ -61.017218233677163, 45.575271933850971 ], [ -61.008895233833101, 45.573609395600364 ], [ -61.001112807994339, 45.570831589329011 ], [ -60.993058323570146, 45.569993058138991 ], [ -60.936943612904031, 45.576661261660661 ], [ -60.928055607338031, 45.574439311522248 ], [ -60.923890180559084, 45.570275059962462 ], [ -60.918609300333365, 45.56666612022422 ], [ -60.910554046643185, 45.565826881553541 ], [ -60.912216627092704, 45.57083109978052 ], [ -60.90804944856356, 45.576102995264151 ], [ -60.900275528819108, 45.575554613210137 ], [ -60.879997230401372, 45.560545971514173 ], [ -60.878606869098206, 45.555824768376276 ], [ -60.883888367048982, 45.550545878748437 ], [ -60.889168483278979, 45.548332937520989 ], [ -60.910279333090877, 45.546103951908606 ] ] ] ] } },
{ "type": "Feature", "properties": { "fid": 38, "AREA": 0.00022, "PERIMETER": 0.05999, "BETUALLE_": 39, "BETUALLE_I": 28, "CODE": 1 }, "geometry": { "type": "MultiPolygon", "coordinates": [ [ [ [ -61.208609248569516, 45.567214858570573 ], [ -61.202499803739975, 45.563323202987526 ], [ -61.199997660274065, 45.558326311487605 ], [ -61.204718729958607, 45.555266332684916 ], [ -61.212774973910157, 45.556656256113619 ], [ -61.219993640406599, 45.559990814764014 ], [ -61.224168151579434, 45.564155515073246 ], [ -61.222220958812443, 45.569442469706217 ], [ -61.214165238381327, 45.568884920452369 ], [ -61.208609248569516, 45.567214858570573 ] ] ] ] } },
{ "type": "Feature", "properties": { "fid": 39, "AREA": 0.00132, "PERIMETER": 0.14783, "BETUALLE_": 40, "BETUALLE_I": 29, "CODE": 1 }, "geometry": { "type": "MultiPolygon", "coordinates": [ [ [ [ -61.136116958562468, 45.528603335237193 ], [ -61.133056597585437, 45.518881556756419 ], [ -61.138052201719169, 45.51388611875587 ], [ -61.14610991055887, 45.516106117289503 ], [ -61.153886565752586, 45.504165238378775 ], [ -61.160277494956205, 45.502218877259246 ], [ -61.181944345084609, 45.500831881702901 ], [ -61.188049000928508, 45.514159237265602 ], [ -61.188330879900732, 45.51943945611562 ], [ -61.186112644871208, 45.525269402429842 ], [ -61.180832515605758, 45.529160417040274 ], [ -61.174171363640049, 45.531662000892048 ], [ -61.166664235420718, 45.531662813684449 ], [ -61.15305278491234, 45.533883004115303 ], [ -61.145837367419475, 45.534163912374282 ], [ -61.136116958562468, 45.528603335237193 ] ] ] ] } },
{ "type": "Feature", "properties": { "fid": 40, "AREA": 0.0008, "PERIMETER": 0.12311, "BETUALLE_": 41, "BETUALLE_I": 27, "CODE": 1 }, "geometry": { "type": "MultiPolygon", "coordinates": [ [ [ [ -60.922774374436756, 45.482208842443995 ], [ -60.91639025589032, 45.473045715181705 ], [ -60.917222280307278, 45.468048417194353 ], [ -60.922773592123342, 45.465271444460811 ], [ -60.930558580448256, 45.465270172986259 ], [ -60.938607474306529, 45.466659316907219 ], [ -60.944161800998437, 45.470268016192193 ], [ -60.945549521437904, 45.475265743694294 ], [ -60.943329007100736, 45.481102998842523 ], [ -60.938333210963421, 45.486381026271943 ], [ -60.936387045440227, 45.49166135788402 ], [ -60.929167440546927, 45.502776616717291 ], [ -60.920554276593251, 45.50138875856495 ], [ -60.914161303247539, 45.498047797912875 ], [ -60.909163393098979, 45.49388013361478 ], [ -60.919448008355872, 45.486380447136632 ], [ -60.922774374436756, 45.482208842443995 ] ] ] ] } },
{ "type": "Feature", "properties": { "fid": 41, "AREA": 0.00114, "PERIMETER": 0.12899, "BETUALLE_": 42, "BETUALLE_I": 60, "CODE": 1 }, "geometry": { "type": "MultiPolygon", "coordinates": [ [ [ [ -85.843334244673969, 45.420435311456757 ], [ -85.843002259991508, 45.42261342195102 ], [ -85.839687607007832, 45.423831330362972 ], [ -85.833390265367896, 45.424088808167014 ], [ -85.826504041900975, 45.421367656558608 ], [ -85.819730550367225, 45.417917238450457 ], [ -85.814098413341853, 45.413819939714834 ], [ -85.807881043105311, 45.406742023616722 ], [ -85.805676822139489, 45.400700766356394 ], [ -85.80597763838513, 45.391913363234451 ], [ -85.809148745576437, 45.384811519877815 ], [ -85.818977519718842, 45.381884628524361 ], [ -85.826667774609632, 45.386137199013092 ], [ -85.833805572088522, 45.394018509122006 ], [ -85.842086022839382, 45.401252870376183 ], [ -85.847055615011186, 45.409702721963377 ], [ -85.847201613028318, 45.415587908136651 ], [ -85.843334244673969, 45.420435311456757 ] ] ] ] } },
{ "type": "Feature", "properties": { "fid": 42, "AREA": 0.00102, "PERIMETER": 0.13187, "BETUALLE_": 43, "BETUALLE_I": 41, "CODE": 1 }, "geometry": { "type": "MultiPolygon", "coordinates": [ [ [ [ -66.023014128909054, 45.399510455625112 ], [ -66.034669602834327, 45.381450797212956 ], [ -66.037173611190909, 45.375623238916226 ], [ -66.042725715691049, 45.371174765159864 ], [ -66.049671859771465, 45.370343358451954 ], [ -66.059116693735092, 45.372289453751854 ], [ -66.06328294916446, 45.375622567067317 ], [ -66.060777861639423, 45.381733650281561 ], [ -66.052174269485931, 45.393124390770737 ], [ -66.044665432125683, 45.405895184731094 ], [ -66.040774946462122, 45.411175685034081 ], [ -66.034672760315075, 45.415614917086664 ], [ -66.028567383274805, 45.415897087065019 ], [ -66.023561967896086, 45.411449767400896 ], [ -66.021900206574841, 45.407285473340345 ], [ -66.023014128909054, 45.399510455625112 ] ] ] ] } },
{ "type": "Feature", "properties": { "fid": 43, "AREA": 0.00412, "PERIMETER": 0.23816, "BETUALLE_": 44, "BETUALLE_I": 61, "CODE": 1 }, "geometry": { "type": "MultiPolygon", "coordinates": [ [ [ [ -86.902586808052604, 45.367096993342585 ], [ -86.880641957925434, 45.377966123060617 ], [ -86.857469880398085, 45.376394412302595 ], [ -86.829347783775276, 45.368302905920416 ], [ -86.824397330755303, 45.361789247935555 ], [ -86.826639708969523, 45.345471821256972 ], [ -86.834389458662514, 45.3315882932542 ], [ -86.845030072181913, 45.317901883737349 ], [ -86.857164186189905, 45.314609710799189 ], [ -86.886380863746666, 45.314532892598429 ], [ -86.893671642783161, 45.32532150744683 ], [ -86.905921856624886, 45.342618141368838 ], [ -86.910045418473217, 45.355249774418958 ], [ -86.902586808052604, 45.367096993342585 ] ] ] ] } },
{ "type": "Feature", "properties": { "fid": 44, "AREA": 0.00044, "PERIMETER": 0.09085, "BETUALLE_": 45, "BETUALLE_I": 42, "CODE": 1 }, "geometry": { "type": "MultiPolygon", "coordinates": [ [ [ [ -66.123004678508551, 45.32923482414963 ], [ -66.127719117072004, 45.324513217537202 ], [ -66.134677566010367, 45.32368170185083 ], [ -66.140506229887919, 45.320905539032964 ], [ -66.145236896683286, 45.316173367165355 ], [ -66.151891656833925, 45.315342603085782 ], [ -66.158558823664208, 45.318677230997288 ], [ -66.156057501177855, 45.324513375658583 ], [ -66.145238630840581, 45.332570889632834 ], [ -66.13440551448376, 45.33839791887484 ], [ -66.126605597036672, 45.33756644498088 ], [ -66.122716375533344, 45.333400828005033 ], [ -66.123004678508551, 45.32923482414963 ] ] ] ] } },
{ "type": "Feature", "properties": { "fid": 45, "AREA": 0.00032, "PERIMETER": 0.0694, "BETUALLE_": 46, "BETUALLE_I": 33, "CODE": 1 }, "geometry": { "type": "MultiPolygon", "coordinates": [ [ [ [ -60.94499842901547, 45.286940954814114 ], [ -60.94943970374927, 45.280821819415756 ], [ -60.952224666968895, 45.274437009030528 ], [ -60.958611200461981, 45.277488616833537 ], [ -60.961670256812894, 45.281380581298514 ], [ -60.964446481166483, 45.285826822660276 ], [ -60.964721808959993, 45.290832973619736 ], [ -60.95889296120378, 45.293609972298633 ], [ -60.954445025033564, 45.298332226614512 ], [ -60.946388379702029, 45.297493876818102 ], [ -60.943610361457218, 45.29332605527491 ], [ -60.94499842901547, 45.286940954814114 ] ] ] ] } },
{ "type": "Feature", "properties": { "fid": 46, "AREA": 0.00027, "PERIMETER": 0.07828, "BETUALLE_": 47, "BETUALLE_I": 35, "CODE": 1 }, "geometry": { "type": "MultiPolygon", "coordinates": [ [ [ [ -61.331117044112858, 45.181107215942113 ], [ -61.335557293110696, 45.184433638190072 ], [ -61.330002710562745, 45.188881191739981 ], [ -61.321944829548947, 45.191931868060195 ], [ -61.315550784197669, 45.193046562546549 ], [ -61.307503198184435, 45.192215810796149 ], [ -61.29917167006689, 45.188598397875694 ], [ -61.303887841642215, 45.18554711731003 ], [ -61.309998851111871, 45.183601236105531 ], [ -61.323614792641344, 45.181381761396771 ], [ -61.331117044112858, 45.181107215942113 ] ] ] ] } },
{ "type": "Feature", "properties": { "fid": 47, "AREA": 0.00586, "PERIMETER": 0.31347, "BETUALLE_": 48, "BETUALLE_I": 62, "CODE": 1 }, "geometry": { "type": "MultiPolygon", "coordinates": [ [ [ [ -86.022616739419703, 45.128590532747957 ], [ -86.019965527341569, 45.139395446017794 ], [ -86.007584556184312, 45.145808060247468 ], [ -85.983636811401652, 45.146222658652782 ], [ -85.968884999594366, 45.14071814792225 ], [ -85.958086464466177, 45.129641406255367 ], [ -85.956422266999823, 45.119982710860448 ], [ -85.954867944558657, 45.1095957403748 ], [ -85.957154709894766, 45.094365152674769 ], [ -85.95560052921104, 45.083981054346246 ], [ -85.949072420443045, 45.079089949296367 ], [ -85.931543537017006, 45.064571317227177 ], [ -85.931935345687819, 45.055067859600015 ], [ -85.942256121009549, 45.048509011285439 ], [ -85.967677101856097, 45.051881747187764 ], [ -85.983434815952037, 45.05746216689414 ], [ -85.99546833460127, 45.067161503870537 ], [ -86.008531139660974, 45.076936782389311 ], [ -86.019328906720077, 45.088008552995845 ], [ -86.027051961853786, 45.098850651714379 ], [ -86.029319381941264, 45.111487308048773 ], [ -86.026670729387774, 45.122291982215316 ], [ -86.02396766877942, 45.12649248979136 ], [ -86.022616739419703, 45.128590532747957 ] ] ] ] } },
{ "type": "Feature", "properties": { "fid": 48, "AREA": 0.0003, "PERIMETER": 0.0718, "BETUALLE_": 49, "BETUALLE_I": 36, "CODE": 1 }, "geometry": { "type": "MultiPolygon", "coordinates": [ [ [ [ -61.559998270247476, 45.119712244971488 ], [ -61.551390896976535, 45.116660898243254 ], [ -61.549729645047492, 45.111663563129191 ], [ -61.553609909971591, 45.106384962945768 ], [ -61.558890976211849, 45.102493651621202 ], [ -61.562218238117218, 45.096100959207895 ], [ -61.567505386679493, 45.105553904905044 ], [ -61.5688918861267, 45.12054435367294 ], [ -61.563057988818393, 45.123322213171406 ], [ -61.559998270247476, 45.119712244971488 ] ] ] ] } },
{ "type": "Feature", "properties": { "fid": 49, "AREA": 0.00157, "PERIMETER": 0.15085, "BETUALLE_": 50, "BETUALLE_I": 64, "CODE": 1 }, "geometry": { "type": "MultiPolygon", "coordinates": [ [ [ [ -86.106704479889743, 45.02336326126845 ], [ -86.09219607555373, 45.030354558212665 ], [ -86.074764680707474, 45.029063299965621 ], [ -86.069149692002199, 45.024980542927871 ], [ -86.065422357551242, 45.015173440519973 ], [ -86.066605724504257, 45.007194721148174 ], [ -86.067681144776756, 44.999942269564038 ], [ -86.071234817952558, 44.98994164229611 ], [ -86.079862375689871, 44.987649609863468 ], [ -86.092052083827525, 44.989284661907639 ], [ -86.103814566552728, 44.993821132802523 ], [ -86.110131818000966, 45.000154260172081 ], [ -86.112947707500624, 45.009160219568791 ], [ -86.109612290968073, 45.017711883472366 ], [ -86.102710922464894, 45.022333910653956 ], [ -86.106704479889743, 45.02336326126845 ] ] ] ] } },
{ "type": "Feature", "properties": { "fid": 50, "AREA": 0.00024, "PERIMETER": 0.07298, "BETUALLE_": 51, "BETUALLE_I": 37, "CODE": 1 }, "geometry": { "type": "MultiPolygon", "coordinates": [ [ [ [ -61.975273998057283, 45.017768649274949 ], [ -61.968055518968228, 45.018050185776772 ], [ -61.959998291744554, 45.01721199477192 ], [ -61.954718574816056, 45.01361125276496 ], [ -61.960556466454193, 45.010825033628969 ], [ -61.973328125098917, 45.007773323223994 ], [ -61.980826433201976, 45.007498714435883 ], [ -61.988609795513717, 45.010275892574896 ], [ -61.983611499409818, 45.015549637466208 ], [ -61.975273998057283, 45.017768649274949 ] ] ] ] } },
{ "type": "Feature", "properties": { "fid": 51, "AREA": 0.00044, "PERIMETER": 0.09138, "BETUALLE_": 52, "BETUALLE_I": 39, "CODE": 1 }, "geometry": { "type": "MultiPolygon", "coordinates": [ [ [ [ -61.960740360204397, 44.999999446203084 ], [ -61.956664127580204, 45.001937444246792 ], [ -61.950590640467873, 44.999999600450778 ], [ -61.943609220895219, 44.99777277536802 ], [ -61.926666980460269, 44.99249399104405 ], [ -61.925561517210383, 44.987212948523251 ], [ -61.931946506601598, 44.984993381451829 ], [ -61.954446084628081, 44.985267524304525 ], [ -61.96083023838073, 44.988326445387521 ], [ -61.963616026400487, 44.992768218053989 ], [ -61.962502420117303, 44.999161208406115 ], [ -61.960740360204397, 44.999999446203084 ] ] ] ] } },
{ "type": "Feature", "properties": { "fid": 52, "AREA": 0.00088, "PERIMETER": 0.18887, "BETUALLE_": 53, "BETUALLE_I": 40, "CODE": 1 }, "geometry": { "type": "MultiPolygon", "coordinates": [ [ [ [ -62.022497650114218, 44.93637857553778 ], [ -62.028609707434626, 44.934432277595064 ], [ -62.036393769918874, 44.934990132344495 ], [ -62.053328533176625, 44.946097126155735 ], [ -62.069169202809647, 44.935547140799514 ], [ -62.0861129090924, 44.928330318387069 ], [ -62.094162063276158, 44.928329197235769 ], [ -62.099722844318343, 44.931937791666137 ], [ -62.099724367948859, 44.937209661107303 ], [ -62.09583150507423, 44.94110137008947 ], [ -62.089720417402809, 44.943321562853676 ], [ -62.07556209709815, 44.946099354717255 ], [ -62.05471788744633, 44.946936654241981 ], [ -62.034448064677228, 44.950546058896826 ], [ -62.027221075230436, 44.950828904865226 ], [ -62.019164505800099, 44.948043019242633 ], [ -62.017777142910525, 44.943047730889539 ], [ -62.022497650114218, 44.93637857553778 ] ] ] ] } },
{ "type": "Feature", "properties": { "fid": 53, "AREA": 0.01669, "PERIMETER": 0.50737, "BETUALLE_": 54, "BETUALLE_I": 51, "CODE": 1 }, "geometry": { "type": "MultiPolygon", "coordinates": [ [ [ [ -66.877678241195184, 44.690138623192276 ], [ -66.860773113859423, 44.715091081299875 ], [ -66.852958473333388, 44.724835942917387 ], [ -66.83954727376711, 44.734144185195952 ], [ -66.820385431041103, 44.735583832449883 ], [ -66.795145479987198, 44.729899226352444 ], [ -66.776971094426756, 44.711011273878746 ], [ -66.763296735225381, 44.689846657753655 ], [ -66.753785545959914, 44.66715372689481 ], [ -66.756493746069339, 44.645578923987372 ], [ -66.780470774765234, 44.607445523729645 ], [ -66.81001777662091, 44.587824519211068 ], [ -66.834229751631838, 44.580143844418664 ], [ -66.860201225161546, 44.573675753264098 ], [ -66.885226153094564, 44.571917807840542 ], [ -66.908700736277424, 44.578841090366744 ], [ -66.909082102576306, 44.596171854427411 ], [ -66.901394736261054, 44.610868122647069 ], [ -66.892653342731663, 44.62532819899431 ], [ -66.880426222775867, 44.639826848446027 ], [ -66.873113418397423, 44.656253116750058 ], [ -66.870663793588818, 44.672132854000253 ], [ -66.873697064115333, 44.68349345049856 ], [ -66.877678241195184, 44.690138623192276 ] ] ] ] } },
{ "type": "Feature", "properties": { "fid": 54, "AREA": 0.00062, "PERIMETER": 0.12729, "BETUALLE_": 55, "BETUALLE_I": 43, "CODE": 1 }, "geometry": { "type": "MultiPolygon", "coordinates": [ [ [ [ -63.514862426600146, 44.616200848384594 ], [ -63.50847539272884, 44.612593113486689 ], [ -63.504308516068235, 44.608701039727315 ], [ -63.501532394607167, 44.604260188217452 ], [ -63.499861878844548, 44.59953208059968 ], [ -63.499302310097967, 44.594251332275157 ], [ -63.494857478215941, 44.590924456933372 ], [ -63.492079041963486, 44.586751878396228 ], [ -63.496251492051201, 44.582035760263715 ], [ -63.50124926599603, 44.590367625454547 ], [ -63.505416095780674, 44.594250427995824 ], [ -63.511810725207766, 44.59731023011615 ], [ -63.519026532806926, 44.597034795784779 ], [ -63.524023960261715, 44.593143755235538 ], [ -63.524582477554596, 44.598423635022314 ], [ -63.53124998747824, 44.611759320227662 ], [ -63.53180612288309, 44.616757485215871 ], [ -63.526526404441782, 44.621197388993586 ], [ -63.519583150787057, 44.620923381181576 ], [ -63.514862426600146, 44.616200848384594 ] ] ] ] } },
{ "type": "Feature", "properties": { "fid": 55, "AREA": 0.00058, "PERIMETER": 0.10423, "BETUALLE_": 56, "BETUALLE_I": 45, "CODE": 1 }, "geometry": { "type": "MultiPolygon", "coordinates": [ [ [ [ -64.162652277721477, 44.448140619297149 ], [ -64.160988395810918, 44.443417966541638 ], [ -64.157936363546284, 44.438978097511971 ], [ -64.163766984791394, 44.435361706454962 ], [ -64.170709816234208, 44.435644167005357 ], [ -64.174875129541718, 44.439525720165776 ], [ -64.17765325954268, 44.443975414168285 ], [ -64.178200861818922, 44.448972009632456 ], [ -64.177927711539326, 44.453976615073294 ], [ -64.175148785852315, 44.460370067033388 ], [ -64.169595274176245, 44.46480940986168 ], [ -64.162941759451783, 44.466754395540669 ], [ -64.155710678587553, 44.466481580026588 ], [ -64.14794181805533, 44.463979182339131 ], [ -64.149882512470697, 44.457867056584426 ], [ -64.155434546055361, 44.455091258197641 ], [ -64.162652277721477, 44.448140619297149 ] ] ] ] } },
{ "type": "Feature", "properties": { "fid": 56, "AREA": 0.00386, "PERIMETER": 0.3897, "BETUALLE_": 57, "BETUALLE_I": 52, "CODE": 1 }, "geometry": { "type": "MultiPolygon", "coordinates": [ [ [ [ -66.214107355388109, 44.363694492535238 ], [ -66.222161737642253, 44.35257883193465 ], [ -66.240489200885634, 44.337579173407761 ], [ -66.244654372781881, 44.332856407635589 ], [ -66.249110037674114, 44.327302446297573 ], [ -66.256052764548045, 44.315912215356171 ], [ -66.267999804877405, 44.30174557722809 ], [ -66.282162728441449, 44.289804802896199 ], [ -66.290769063777844, 44.280909640669705 ], [ -66.313826463460032, 44.250636963167331 ], [ -66.321622907771754, 44.252864167876972 ], [ -66.323834463507083, 44.257585975468345 ], [ -66.32328522843568, 44.263415338895662 ], [ -66.318845987507217, 44.268687270642602 ], [ -66.314664669821042, 44.272022304938851 ], [ -66.313000686505092, 44.27813236392111 ], [ -66.312710104652751, 44.283694181697996 ], [ -66.309659326912723, 44.290081046706504 ], [ -66.302442059642743, 44.300631908250459 ], [ -66.294109773414178, 44.31035778813753 ], [ -66.272440617965742, 44.332583199507745 ], [ -66.22771895520772, 44.3859117938281 ], [ -66.218835266430474, 44.394799967476487 ], [ -66.213833025414488, 44.397858700859324 ], [ -66.205774608611506, 44.395357082553048 ], [ -66.204109673087942, 44.38508051086351 ], [ -66.204660308995585, 44.37951913092185 ], [ -66.207437204253068, 44.372849978088325 ], [ -66.214107355388109, 44.363694492535238 ] ] ] ] } },
{ "type": "Feature", "properties": { "fid": 57, "AREA": 0.00031, "PERIMETER": 0.09899, "BETUALLE_": 58, "BETUALLE_I": 47, "CODE": 1 }, "geometry": { "type": "MultiPolygon", "coordinates": [ [ [ [ -64.239038440114868, 44.387035981034089 ], [ -64.227380073026609, 44.379811925385063 ], [ -64.22071482993988, 44.376752175718636 ], [ -64.228205825447574, 44.37619511641342 ], [ -64.235986598145047, 44.376752023265567 ], [ -64.243479245553303, 44.377866443802581 ], [ -64.250727869266683, 44.381199796802065 ], [ -64.266826184065252, 44.383428410820009 ], [ -64.262384776478669, 44.388142947470101 ], [ -64.249322969862263, 44.390928526308784 ], [ -64.239038440114868, 44.387035981034089 ] ] ] ] } },
{ "type": "Feature", "properties": { "fid": 58, "AREA": 0.00023, "PERIMETER": 0.06446, "BETUALLE_": 59, "BETUALLE_I": 48, "CODE": 1 }, "geometry": { "type": "MultiPolygon", "coordinates": [ [ [ [ -64.180153028475189, 44.305921858417832 ], [ -64.186530143444543, 44.303144954004779 ], [ -64.192923160783863, 44.302314523670873 ], [ -64.203499232482258, 44.310088290329311 ], [ -64.20182012071092, 44.315366625016402 ], [ -64.194588170637886, 44.315642816432231 ], [ -64.176536996802639, 44.311476886617989 ], [ -64.180153028475189, 44.305921858417832 ] ] ] ] } },
{ "type": "Feature", "properties": { "fid": 59, "AREA": 0.00132, "PERIMETER": 0.15136, "BETUALLE_": 60, "BETUALLE_I": 54, "CODE": 1 }, "geometry": { "type": "MultiPolygon", "coordinates": [ [ [ [ -66.337995664966328, 44.245083429679156 ], [ -66.344115792059114, 44.242306090537973 ], [ -66.353836614269667, 44.233691406220757 ], [ -66.360214160293722, 44.232853584071485 ], [ -66.36688202553097, 44.23591161705621 ], [ -66.373276583313199, 44.235079427865564 ], [ -66.378266292809613, 44.238970972185534 ], [ -66.377167789562606, 44.250087918805207 ], [ -66.373001384670005, 44.256471797455845 ], [ -66.359114719705417, 44.268138025548922 ], [ -66.344389208078624, 44.27924564456066 ], [ -66.339108905102336, 44.282297593208327 ], [ -66.33717174226787, 44.260639287697252 ], [ -66.331615830422308, 44.257862112408091 ], [ -66.330779294000379, 44.252863630355058 ], [ -66.337995664966328, 44.245083429679156 ] ] ] ] } },
{ "type": "Feature", "properties": { "fid": 60, "AREA": 0.0003, "PERIMETER": 0.09239, "BETUALLE_": 61, "BETUALLE_I": 49, "CODE": 1 }, "geometry": { "type": "MultiPolygon", "coordinates": [ [ [ [ -64.344326970316189, 44.240645629269125 ], [ -64.336270605384996, 44.240927689143575 ], [ -64.320446631905028, 44.238426408400322 ], [ -64.314876743270133, 44.235092560655936 ], [ -64.318216276342966, 44.230087148385373 ], [ -64.334606004745964, 44.232033661566533 ], [ -64.357663991743038, 44.233145762782975 ], [ -64.353207640876136, 44.238701426781297 ], [ -64.344326970316189, 44.240645629269125 ] ] ] ] } },
{ "type": "Feature", "properties": { "fid": 61, "AREA": 0.00136, "PERIMETER": 0.18503, "BETUALLE_": 62, "BETUALLE_I": 50, "CODE": 1 }, "geometry": { "type": "MultiPolygon", "coordinates": [ [ [ [ -64.342937757132773, 44.199532561759341 ], [ -64.345164582021113, 44.187866633076894 ], [ -64.350717615196302, 44.184814298655859 ], [ -64.357661150098835, 44.184533184116866 ], [ -64.364330463017978, 44.187591393841124 ], [ -64.368479541230329, 44.191476160972208 ], [ -64.384883957731546, 44.182312863911548 ], [ -64.391826874438635, 44.179818630528722 ], [ -64.399608850467473, 44.180924085117553 ], [ -64.402385340503827, 44.185090075471372 ], [ -64.401823595812402, 44.190925523208357 ], [ -64.399608844393143, 44.198141992330562 ], [ -64.396284492581188, 44.202315817444244 ], [ -64.394605467228757, 44.208428650041448 ], [ -64.391553452297217, 44.214812486852274 ], [ -64.391003734333026, 44.220366759785875 ], [ -64.383221853736629, 44.217864195681479 ], [ -64.380155627847529, 44.213424323541766 ], [ -64.377377723814178, 44.204262345757897 ], [ -64.37321058848309, 44.200371240879143 ], [ -64.367383466607691, 44.202590490083203 ], [ -64.363216784476094, 44.207312916678681 ], [ -64.357098937184588, 44.209533694310515 ], [ -64.350430481330292, 44.210647575151384 ], [ -64.343776297287718, 44.207595045230313 ], [ -64.342937757132773, 44.199532561759341 ] ] ] ] } },
{ "type": "Feature", "properties": { "fid": 63, "AREA": 0.05286, "PERIMETER": 0.87211, "BETUALLE_": 64, "BETUALLE_I": 66, "CODE": 1 }, "geometry": { "type": "MultiPolygon", "coordinates": [ [ [ [ -94.02871444908061, 44.166692927346176 ], [ -94.004384429450482, 44.166628470305128 ], [ -93.972767535521839, 44.164887622391127 ], [ -93.946053540826867, 44.158195204188665 ], [ -93.916960751178976, 44.144880617539449 ], [ -93.892779409631984, 44.126618808300968 ], [ -93.873548605688754, 44.098458018169076 ], [ -93.863984595984789, 44.078595356237045 ], [ -93.864171037441679, 44.055465393771968 ], [ -93.88630034058491, 44.022498975777189 ], [ -93.915550049436661, 44.009376065961888 ], [ -93.944803836876105, 43.994601000079776 ], [ -93.981321514296695, 43.981490906718079 ], [ -94.022642724580109, 43.974996062204561 ], [ -94.080905801461853, 43.976787114514046 ], [ -94.114881038058456, 43.980164658943274 ], [ -94.148817149571315, 43.991794635404219 ], [ -94.173030700634911, 44.006706567797416 ], [ -94.197155398600145, 44.043091496124489 ], [ -94.206757638466414, 44.069546401379185 ], [ -94.206618486507281, 44.100947241571426 ], [ -94.179772396679965, 44.12238803333809 ], [ -94.148049442065073, 44.143818032994801 ], [ -94.128528868292804, 44.155351672036204 ], [ -94.111418086571703, 44.170196682705864 ], [ -94.089501417685497, 44.173455309836115 ], [ -94.057870437265706, 44.173380638689459 ], [ -94.0360134949333, 44.166711676741187 ], [ -94.02871444908061, 44.166692927346176 ] ] ] ] } },
{ "type": "Feature", "properties": { "fid": 64, "AREA": 0.11746, "PERIMETER": 2.26266, "BETUALLE_": 65, "BETUALLE_I": 63, "CODE": 1 }, "geometry": { "type": "MultiPolygon", "coordinates": [ [ [ [ -77.424636892135354, 44.122815101106639 ], [ -77.418060728174396, 44.117631632372436 ], [ -77.415589767251987, 44.114988698517699 ], [ -77.40756504496386, 44.109267786464152 ], [ -77.390908949984592, 44.100028487596497 ], [ -77.371200757060961, 44.101812522062893 ], [ -77.352101992684084, 44.101389801228819 ], [ -77.347165941825224, 44.096103820087748 ], [ -77.340358107009251, 44.074505159587339 ], [ -77.329877051342152, 44.066135675497513 ], [ -77.312017191880486, 44.061296344247296 ], [ -77.275074282406038, 44.056020900135081 ], [ -77.249216366121175, 44.056908309719226 ], [ -77.22890116899994, 44.060874032508124 ], [ -77.198111790545667, 44.067923383066173 ], [ -77.185790858696066, 44.077617910799717 ], [ -77.171002952636385, 44.084663723964994 ], [ -77.15373848624877, 44.100525503161428 ], [ -77.131545533996672, 44.111091396725733 ], [ -77.105046148444387, 44.114153662614051 ], [ -77.084108237593597, 44.108841179178064 ], [ -77.076112622875158, 44.103098156990285 ], [ -77.074276364926448, 44.098246649942517 ], [ -77.078029347937317, 44.073561528132586 ], [ -77.086074056667769, 44.056377640190505 ], [ -77.096569592856568, 44.041839920915635 ], [ -77.108920295122957, 44.020693371487233 ], [ -77.108321156757356, 44.011436483592909 ], [ -77.096020340740992, 44.009660421607769 ], [ -77.076330412491373, 44.011400382630065 ], [ -77.065863585889176, 44.014472160413362 ], [ -77.052941878100981, 44.014896192973055 ], [ -77.021570499871501, 44.012642620019008 ], [ -77.006197516415384, 44.010412361106624 ], [ -76.972332927461551, 44.01696244754919 ], [ -76.947062928155148, 44.02704636587081 ], [ -76.918709963481504, 44.036679665559312 ], [ -76.886705149158686, 44.036597651193922 ], [ -76.894167096843674, 44.021629962898629 ], [ -76.907771190060856, 44.007559121176563 ], [ -76.930592445965729, 43.994829596407328 ], [ -76.997716977580382, 43.972488256354822 ], [ -77.013119213467206, 43.963259429554263 ], [ -77.023031860489851, 43.939474595464375 ], [ -77.026794407708692, 43.914798549754167 ], [ -77.01820459797591, 43.911257701479094 ], [ -76.977049290445905, 43.90986195079995 ], [ -76.94630337071851, 43.916848929431566 ], [ -76.886042700351425, 43.926397934082964 ], [ -76.864552585476446, 43.923253552093961 ], [ -76.851083572269943, 43.914399496350548 ], [ -76.848080235149666, 43.902491307478684 ], [ -76.847519473274403, 43.89323344582013 ], [ -76.878264857357834, 43.886269707598544 ], [ -76.931730038099488, 43.878032211445174 ], [ -76.969842776602647, 43.867537250588491 ], [ -77.011633213125464, 43.855276742915407 ], [ -77.052786484380007, 43.845206480912495 ], [ -77.115400633164612, 43.838228088984778 ], [ -77.131355302054843, 43.838243452623907 ], [ -77.169404012006638, 43.839149098576875 ], [ -77.199469579193021, 43.845772525226465 ], [ -77.231383177490244, 43.85723648766524 ], [ -77.244275687029884, 43.868255239450718 ], [ -77.256557661936881, 43.881474987335764 ], [ -77.260244647449667, 43.891168910403373 ], [ -77.255949336948717, 43.906596121785121 ], [ -77.254726029182635, 43.92246204815207 ], [ -77.255956251125966, 43.929514033365237 ], [ -77.267632885648439, 43.933479685520417 ], [ -77.284223435761021, 43.931269748053012 ], [ -77.308183029538682, 43.925531052334499 ], [ -77.33889598112637, 43.918460285853016 ], [ -77.386184470886278, 43.909159876498272 ], [ -77.417489153907255, 43.89986576345094 ], [ -77.451251011911211, 43.893205796668788 ], [ -77.485653181649113, 43.895792216562199 ], [ -77.504132211168141, 43.909859499851486 ], [ -77.507857311651662, 43.919547257396871 ], [ -77.523879713846512, 43.930974525443247 ], [ -77.539251271396836, 43.933144421192736 ], [ -77.561432231318392, 43.945432642337892 ], [ -77.557806194960563, 43.958665025108971 ], [ -77.547421844658174, 43.973236772528622 ], [ -77.549340177271688, 43.989540771000797 ], [ -77.569727302909641, 44.008447848743906 ], [ -77.607338690782925, 44.026432529070298 ], [ -77.606126954614453, 44.027306442669108 ], [ -77.598821836008554, 44.042316394640814 ], [ -77.573691942328239, 44.063984030443457 ], [ -77.524502757782187, 44.079969208516282 ], [ -77.480845802363561, 44.099013874357624 ], [ -77.440856129045102, 44.116274840699482 ], [ -77.424636892135354, 44.122815101106639 ] ] ] ] } },
{ "type": "Feature", "properties": { "fid": 65, "AREA": 0.00047, "PERIMETER": 0.08272, "BETUALLE_": 66, "BETUALLE_I": 53, "CODE": 1 }, "geometry": { "type": "MultiPolygon", "coordinates": [ [ [ [ -64.758776967595182, 43.911761186985807 ], [ -64.756290560055845, 43.906757244788352 ], [ -64.756289904709249, 43.901760142768609 ], [ -64.758229454219503, 43.895930770431463 ], [ -64.763507991202417, 43.89287243433963 ], [ -64.770178292924371, 43.895648451472333 ], [ -64.776280253261717, 43.904261915951956 ], [ -64.779896005613622, 43.913706704950314 ], [ -64.78017309610685, 43.91954308420349 ], [ -64.774893644961381, 43.922038720058978 ], [ -64.766561055254314, 43.920649580354748 ], [ -64.762395067203457, 43.916767221257679 ], [ -64.758776967595182, 43.911761186985807 ] ] ] ] } },
{ "type": "Feature", "properties": { "fid": 66, "AREA": 0.30148, "PERIMETER": 2.47837, "BETUALLE_": 67, "BETUALLE_I": 67, "CODE": 1 }, "geometry": { "type": "MultiPolygon", "coordinates": [ [ [ [ -91.844406782149434, 43.357420372908607 ], [ -91.81265214465266, 43.404540758395555 ], [ -91.783609337390871, 43.439973610172025 ], [ -91.77220371557344, 43.470868259973159 ], [ -91.764017752825211, 43.511368835080582 ], [ -91.745160446130498, 43.556511453251332 ], [ -91.726212285340011, 43.604052529895746 ], [ -91.683169959238512, 43.634534730283058 ], [ -91.615151777324272, 43.676612124600886 ], [ -91.562025918834024, 43.690193153639413 ], [ -91.477735311079371, 43.688947518843463 ], [ -91.436138365752328, 43.671582545068162 ], [ -91.409150197808003, 43.637702420274827 ], [ -91.393259230586168, 43.587269387934434 ], [ -91.387900006054323, 43.537012997650507 ], [ -91.379353378909272, 43.477170593187665 ], [ -91.366599939726143, 43.438768786367433 ], [ -91.3608570318777, 43.400485631599622 ], [ -91.358223199894994, 43.374191240140583 ], [ -91.368524986093576, 43.348314798643585 ], [ -91.360894589403216, 43.358364269669806 ], [ -91.359172207366356, 43.326041042729436 ], [ -91.360296623634994, 43.291869162061758 ], [ -91.361542594524096, 43.253909124664681 ], [ -91.348374134376456, 43.230923130463921 ], [ -91.343870061057075, 43.198582178571812 ], [ -91.344991485900351, 43.164438557427474 ], [ -91.343268581137167, 43.132152804651902 ], [ -91.335488740635071, 43.114958103272791 ], [ -91.319373689320486, 43.09763689680495 ], [ -91.292463268571936, 43.070665521696455 ], [ -91.279329440809491, 43.04770261582695 ], [ -91.249982251891694, 43.011217577917087 ], [ -91.21516909682407, 42.972755163755103 ], [ -91.196705788481964, 42.94403083831223 ], [ -91.181026345258104, 42.915356945028144 ], [ -91.176639752592067, 42.881183945037066 ], [ -91.180506767084893, 42.849042885685272 ], [ -91.211508256260515, 42.834383689069696 ], [ -91.283385767331822, 42.841184528804106 ], [ -91.33568529896597, 42.853350100542968 ], [ -91.360149419141337, 42.868873011129239 ], [ -91.38986508719691, 42.893948847646001 ], [ -91.414167112098383, 42.915155732708584 ], [ -91.457901335866808, 42.936645262259091 ], [ -91.515880392193722, 42.946961038420426 ], [ -91.570753534668214, 42.968591198947045 ], [ -91.600833235933067, 42.984179953424778 ], [ -91.621803262648527, 43.026189144202057 ], [ -91.620447029711443, 43.071691921563534 ], [ -91.624476667030933, 43.122974872601986 ], [ -91.654271350366329, 43.149955346192392 ], [ -91.700826488026564, 43.175266219170481 ], [ -91.755806116232947, 43.198785733274228 ], [ -91.802516635066254, 43.220285942735423 ], [ -91.821358330184097, 43.243320160002305 ], [ -91.845459896307247, 43.277820032969814 ], [ -91.850289297689685, 43.304477719895921 ], [ -91.849389466431191, 43.336767357762085 ], [ -91.844406782149434, 43.357420372908607 ] ] ] ] } },
{ "type": "Feature", "properties": { "fid": 67, "AREA": 0.07358, "PERIMETER": 1.29493, "BETUALLE_": 68, "BETUALLE_I": 69, "CODE": 1 }, "geometry": { "type": "MultiPolygon", "coordinates": [ [ [ [ -92.590223580607557, 43.414209867947484 ], [ -92.548426577772673, 43.411911078695461 ], [ -92.500931611309056, 43.415252728609936 ], [ -92.447939130814035, 43.414723748797343 ], [ -92.394990512109501, 43.412278152858896 ], [ -92.336554949748702, 43.405960592630208 ], [ -92.29499319952707, 43.394104575607756 ], [ -92.259017759261525, 43.382305090316528 ], [ -92.242747973691209, 43.363117171279157 ], [ -92.240785796725433, 43.328886600713219 ], [ -92.244165852446315, 43.304221583029822 ], [ -92.252932563454024, 43.287219002694542 ], [ -92.295113778681909, 43.27058164803131 ], [ -92.350941606793285, 43.265476965473432 ], [ -92.417732913556918, 43.268070152642714 ], [ -92.506727012628133, 43.274655549651257 ], [ -92.551249336101677, 43.276984917982695 ], [ -92.590203480778726, 43.279254833018186 ], [ -92.662583687910526, 43.281818180501162 ], [ -92.718291159956962, 43.282311346965798 ], [ -92.765429912639547, 43.29411693073088 ], [ -92.787610621117821, 43.300004856325032 ], [ -92.803978541601268, 43.319145595870253 ], [ -92.811853246734202, 43.345821636156494 ], [ -92.811437472963277, 43.368631910028903 ], [ -92.797078229799439, 43.391327438442516 ], [ -92.771661591734031, 43.408227692197748 ], [ -92.735296352136714, 43.413621391094431 ], [ -92.701790041543532, 43.415228857178519 ], [ -92.676649729417079, 43.416908012143182 ], [ -92.629271351062016, 43.414573676123794 ], [ -92.618153612537157, 43.412569808785072 ], [ -92.590223580607557, 43.414209867947484 ] ] ] ] } },
{ "type": "Feature", "properties": { "fid": 68, "AREA": 0.04539, "PERIMETER": 0.78071, "BETUALLE_": 69, "BETUALLE_I": 71, "CODE": 1 }, "geometry": { "type": "MultiPolygon", "coordinates": [ [ [ [ -90.900755709724606, 42.530991392692684 ], [ -90.875332219595322, 42.532724852591834 ], [ -90.824801977555992, 42.527518470935121 ], [ -90.774519413373625, 42.515800654486327 ], [ -90.746743080704988, 42.495803263804333 ], [ -90.722390307501087, 42.469366286845002 ], [ -90.707871349889658, 42.434439413853738 ], [ -90.712587929909063, 42.393364161226181 ], [ -90.726217126842798, 42.367617761768372 ], [ -90.768136817953476, 42.346699250736663 ], [ -90.809721201199665, 42.334430388576223 ], [ -90.866714374587474, 42.333240753226285 ], [ -90.932501634141772, 42.351674942091371 ], [ -90.966377613593906, 42.378228091218382 ], [ -90.987537284700878, 42.40674176037669 ], [ -90.996123654649992, 42.432882186383608 ], [ -90.994986851137639, 42.46537133986164 ], [ -90.984804042980699, 42.484709774006397 ], [ -90.960236855272683, 42.509105846965426 ], [ -90.919541957537859, 42.527404355570759 ], [ -90.900755709724606, 42.530991392692684 ] ] ] ] } },
{ "type": "Feature", "properties": { "fid": 69, "AREA": 0.08129, "PERIMETER": 1.20791, "BETUALLE_": 70, "BETUALLE_I": 73, "CODE": 1 }, "geometry": { "type": "MultiPolygon", "coordinates": [ [ [ [ -93.30991631832245, 42.358838177557786 ], [ -93.307083745792312, 42.387758700676521 ], [ -93.291924476604734, 42.408106742383545 ], [ -93.242084618304361, 42.418048005843559 ], [ -93.185070852964827, 42.405804915631215 ], [ -93.133182026769077, 42.383364804615191 ], [ -93.101357378694914, 42.349130375682485 ], [ -93.057211597138263, 42.30971614049691 ], [ -93.010768373922829, 42.260081007902691 ], [ -92.961887409719338, 42.210436863592513 ], [ -92.952539124230938, 42.17296944193118 ], [ -92.913637752395061, 42.123410010103434 ], [ -92.901727655549962, 42.092739936061072 ], [ -92.909931160297702, 42.04353127925414 ], [ -92.93487911251809, 42.031816348668087 ], [ -92.98432805381546, 42.037247996823339 ], [ -93.040797813772031, 42.071593045081244 ], [ -93.085104098669021, 42.092262907588335 ], [ -93.158941674355049, 42.13009596716244 ], [ -93.200510608300831, 42.174531380254265 ], [ -93.247032810251554, 42.222401671330459 ], [ -93.288695546695379, 42.265145694750494 ], [ -93.310282774114114, 42.328208022692849 ], [ -93.309997861959729, 42.352031466142087 ], [ -93.30991631832245, 42.358838177557786 ] ] ] ] } },
{ "type": "Feature", "properties": { "fid": 70, "AREA": 0.02905, "PERIMETER": 0.62896, "BETUALLE_": 71, "BETUALLE_I": 72, "CODE": 1 }, "geometry": { "type": "MultiPolygon", "coordinates": [ [ [ [ -88.078399833837096, 42.360924622421038 ], [ -88.055872891474877, 42.367776433377138 ], [ -88.009020871527383, 42.36633929366652 ], [ -87.965657011664831, 42.353691320973461 ], [ -87.936201403546562, 42.339583407513508 ], [ -87.923771991681406, 42.318468200915788 ], [ -87.909448472354356, 42.284107762817364 ], [ -87.913912867109403, 42.257875320809916 ], [ -87.935007739164917, 42.2302784137526 ], [ -87.957872326128211, 42.217802069311723 ], [ -87.99125596370493, 42.213180584821842 ], [ -88.03803659079108, 42.214611589029744 ], [ -88.081830134510881, 42.219709189192663 ], [ -88.11390913944696, 42.235746682645768 ], [ -88.134514717901652, 42.258973937892492 ], [ -88.146159890182957, 42.293239597005069 ], [ -88.138761063342685, 42.323169865581129 ], [ -88.123919396958527, 42.339684658015578 ], [ -88.08954319898703, 42.359377081551337 ], [ -88.078399833837096, 42.360924622421038 ] ] ] ] } },
{ "type": "Feature", "properties": { "fid": 71, "AREA": 0.02395, "PERIMETER": 0.58177, "BETUALLE_": 72, "BETUALLE_I": 75, "CODE": 1 }, "geometry": { "type": "MultiPolygon", "coordinates": [ [ [ [ -88.138968277306589, 41.877781497370705 ], [ -88.116273349099416, 41.883790097633316 ], [ -88.092211712143992, 41.889279953141539 ], [ -88.035137819558599, 41.887088882333011 ], [ -87.995955099173216, 41.877786999255861 ], [ -87.973819563265351, 41.863751473165557 ], [ -87.962461954784345, 41.844794866865499 ], [ -87.955434026961967, 41.823586722649679 ], [ -87.959750979164269, 41.799385178423996 ], [ -87.971296871394927, 41.782086370169743 ], [ -87.994482843301483, 41.768002190823267 ], [ -88.03605504240916, 41.76066862519378 ], [ -88.075994832708062, 41.757093947642275 ], [ -88.111986494184663, 41.76102613906405 ], [ -88.142587500584895, 41.773380256311079 ], [ -88.16591745829291, 41.790765699092034 ], [ -88.177309948179214, 41.809709275753811 ], [ -88.180757969240517, 41.833195647564366 ], [ -88.174517414924296, 41.855443434056369 ], [ -88.161138367851535, 41.868890769233921 ], [ -88.154521275839045, 41.874423286289577 ], [ -88.143204432372855, 41.876952343893883 ], [ -88.138968277306589, 41.877781497370705 ] ] ] ] } },
{ "type": "Feature", "properties": { "fid": 72, "AREA": 0.07767, "PERIMETER": 1.31003, "BETUALLE_": 73, "BETUALLE_I": 77, "CODE": 1 }, "geometry": { "type": "MultiPolygon", "coordinates": [ [ [ [ -90.687783386910951, 41.487194750419597 ], [ -90.77420828325323, 41.485539935036265 ], [ -90.808333884545263, 41.484547429208426 ], [ -90.838292582942103, 41.472557097039591 ], [ -90.874897558890964, 41.465351883615028 ], [ -90.920159619917669, 41.470765206777493 ], [ -90.967386624486096, 41.485565391791113 ], [ -90.984471577692318, 41.518617279380692 ], [ -90.978784599559987, 41.552877397039261 ], [ -90.939250167441315, 41.578794372311577 ], [ -90.845171822452627, 41.602251776669824 ], [ -90.785278230316678, 41.623120045639254 ], [ -90.711428152195182, 41.651543615705585 ], [ -90.612098967944931, 41.690429692951966 ], [ -90.563485170824791, 41.711437214304254 ], [ -90.517602786107886, 41.719983856404028 ], [ -90.469979256375453, 41.714425580399485 ], [ -90.443149730646624, 41.701430926049767 ], [ -90.427127636038136, 41.644902092682422 ], [ -90.44019119646903, 41.601420800757339 ], [ -90.468493233054701, 41.575399731089782 ], [ -90.505220455382513, 41.566701255954392 ], [ -90.555695648672867, 41.555120186387015 ], [ -90.590713273031156, 41.530766152528244 ], [ -90.63718624397967, 41.503487719795075 ], [ -90.671771101733597, 41.490040924195966 ], [ -90.687783386910951, 41.487194750419597 ] ] ] ] } },
{ "type": "Feature", "properties": { "fid": 73, "AREA": 0.02614, "PERIMETER": 0.59749, "BETUALLE_": 74, "BETUALLE_I": 74, "CODE": 1 }, "geometry": { "type": "MultiPolygon", "coordinates": [ [ [ [ -83.797863800478098, 41.616026195133522 ], [ -83.754231813661775, 41.630253974832634 ], [ -83.714220808993559, 41.6385000884842 ], [ -83.68510796315212, 41.628828475139755 ], [ -83.653643749035297, 41.612882741322387 ], [ -83.64698204224706, 41.607635913366543 ], [ -83.63973358792073, 41.60192571241285 ], [ -83.62646460389567, 41.584850280144856 ], [ -83.619615052433559, 41.564001678928129 ], [ -83.625377700674107, 41.537645343074693 ], [ -83.648454816346373, 41.518314687177906 ], [ -83.657500566822975, 41.512316520531641 ], [ -83.674302423161834, 41.501171023456848 ], [ -83.696726957955548, 41.487951590379446 ], [ -83.727490540089406, 41.481294540610236 ], [ -83.769379945556935, 41.483384767048015 ], [ -83.804450509714343, 41.493326996674888 ], [ -83.824147931074052, 41.506603149310592 ], [ -83.836818640704408, 41.529781965902494 ], [ -83.839257150356417, 41.564760753763714 ], [ -83.832706694168479, 41.599300849349348 ], [ -83.801280860023525, 41.612094207899368 ], [ -83.797863800478098, 41.616026195133522 ] ] ] ] } },
{ "type": "Feature", "properties": { "fid": 74, "AREA": 0.00298, "PERIMETER": 0.29434, "BETUALLE_": 75, "BETUALLE_I": 68, "CODE": 1 }, "geometry": { "type": "MultiPolygon", "coordinates": [ [ [ [ -71.604772474264919, 41.184859880542035 ], [ -71.599706336140628, 41.190213283103283 ], [ -71.597203757670272, 41.191982822963418 ], [ -71.593098202913168, 41.186912626150487 ], [ -71.5841038614506, 41.182201233634636 ], [ -71.576656820296762, 41.185692145340852 ], [ -71.578891808292752, 41.191639925138197 ], [ -71.587139875621645, 41.200417121437667 ], [ -71.585233325807366, 41.202651563218431 ], [ -71.581418484974662, 41.20711548775671 ], [ -71.580609485058332, 41.213002148040296 ], [ -71.583677310326848, 41.230308112957751 ], [ -71.579387963231028, 41.230683039545418 ], [ -71.560756193038443, 41.221703608330884 ], [ -71.559489967061111, 41.205341594194607 ], [ -71.563656515404858, 41.190891331245055 ], [ -71.562732427972804, 41.182250774437748 ], [ -71.555773476492561, 41.171677505479067 ], [ -71.546419603462539, 41.159695207362674 ], [ -71.549577488788856, 41.156579471560782 ], [ -71.559466107034737, 41.153138653451137 ], [ -71.569270292627237, 41.151966496595996 ], [ -71.580265252019601, 41.151718973169821 ], [ -71.589473360695649, 41.150077974192143 ], [ -71.603046911862251, 41.145793496410505 ], [ -71.611035069324657, 41.144130029521648 ], [ -71.616933014780841, 41.150138087272964 ], [ -71.615591474878897, 41.153743125181329 ], [ -71.615163969029012, 41.166446767169916 ], [ -71.612264806434013, 41.180007451378671 ], [ -71.604772474264919, 41.184859880542035 ] ] ] ] } },
{ "type": "Feature", "properties": { "fid": 75, "AREA": 0.02432, "PERIMETER": 0.58566, "BETUALLE_": 76, "BETUALLE_I": 78, "CODE": 1 }, "geometry": { "type": "MultiPolygon", "coordinates": [ [ [ [ -85.089322794767298, 41.15698165790819 ], [ -85.040928736008382, 41.172429201580591 ], [ -84.99434097058645, 41.167483575416341 ], [ -84.949584746251247, 41.142152424025262 ], [ -84.931431274259424, 41.106298786339735 ], [ -84.938812505663492, 41.071568078236076 ], [ -84.966934531258772, 41.043586222430967 ], [ -85.006509915424957, 41.03070019242849 ], [ -85.036796327102991, 41.026166372562123 ], [ -85.074564030432683, 41.033632546495895 ], [ -85.120589615048303, 41.044366337735497 ], [ -85.157098966073946, 41.066373135684621 ], [ -85.149025550701268, 41.109857364055472 ], [ -85.111898751736121, 41.14333767970119 ], [ -85.089322794767298, 41.15698165790819 ] ] ] ] } },
{ "type": "Feature", "properties": { "fid": 76, "AREA": 0.12632, "PERIMETER": 3.76252, "BETUALLE_": 77, "BETUALLE_I": 70, "CODE": 1 }, "geometry": { "type": "MultiPolygon", "coordinates": [ [ [ [ -72.826698913295331, 40.966548017716178 ], [ -72.846901319915048, 40.938216523063453 ], [ -72.891874360505085, 40.912571731439087 ], [ -72.919700443903267, 40.89733598653612 ], [ -72.970017164455484, 40.882851749895785 ], [ -73.019256240587964, 40.871548857717237 ], [ -73.073823452488398, 40.857813177523575 ], [ -73.129422127376984, 40.840851976513775 ], [ -73.192519787922905, 40.828637060551223 ], [ -73.255595750771889, 40.816391065742835 ], [ -73.366613762210562, 40.782288062745003 ], [ -73.44130390996132, 40.7618942568783 ], [ -73.523490210582494, 40.746207421631041 ], [ -73.667530081611147, 40.721225646473989 ], [ -73.733690857474357, 40.712718222891787 ], [ -73.793302700526667, 40.696235169180426 ], [ -73.840243716761378, 40.691031392082181 ], [ -73.885146033047974, 40.692225967357913 ], [ -73.928021525339389, 40.699821287328248 ], [ -73.974488418207329, 40.708034680662919 ], [ -73.966845307520686, 40.711421325392713 ], [ -73.960168760766408, 40.718677722267856 ], [ -73.957132960089609, 40.725029081365449 ], [ -73.954699259201277, 40.738181977266208 ], [ -73.951051936522802, 40.746799448668163 ], [ -73.94801474172975, 40.755866600483706 ], [ -73.941330905065897, 40.762213735929137 ], [ -73.935258022417145, 40.768565519234023 ], [ -73.92614181553175, 40.783070718126019 ], [ -73.915207118581407, 40.792138965572718 ], [ -73.898812287913003, 40.797113881433766 ], [ -73.894562558399372, 40.796205713835676 ], [ -73.890922007906312, 40.793478189368152 ], [ -73.886077663394815, 40.789392568357634 ], [ -73.883041255391745, 40.789843562446691 ], [ -73.878791334277864, 40.790747118508541 ], [ -73.871504984337491, 40.793009806574482 ], [ -73.864829868321735, 40.792092846488046 ], [ -73.861801472401325, 40.788915270251515 ], [ -73.859985210568524, 40.783018160864543 ], [ -73.855757537887783, 40.77575492972764 ], [ -73.847258679178381, 40.77711038796722 ], [ -73.847243837075268, 40.781191660531135 ], [ -73.850874648300547, 40.786635564483404 ], [ -73.852080942789016, 40.791628616981477 ], [ -73.84842580241029, 40.79661055795583 ], [ -73.845381734994604, 40.802503946003547 ], [ -73.842336951136687, 40.805224087733052 ], [ -73.836271186983481, 40.801584835996515 ], [ -73.830809222955011, 40.802035573854944 ], [ -73.819265461960825, 40.805646269950707 ], [ -73.818197982221278, 40.805787079273074 ], [ -73.812588840849017, 40.806543684664398 ], [ -73.80287698792732, 40.805166575307801 ], [ -73.797414120696047, 40.805159168875612 ], [ -73.793766673694762, 40.805155411113084 ], [ -73.790806308448339, 40.803332436758346 ], [ -73.787099491675761, 40.801062208582792 ], [ -73.771923137854287, 40.801943625665658 ], [ -73.768285181592731, 40.800118710670837 ], [ -73.764057486745202, 40.793759604375296 ], [ -73.759823262239067, 40.789670987856638 ], [ -73.755580650443747, 40.787852580612373 ], [ -73.753841426608119, 40.788770423984197 ], [ -73.751323579133313, 40.790107151145044 ], [ -73.749484595453509, 40.794642318936795 ], [ -73.749469333503939, 40.799631051178103 ], [ -73.747622955050431, 40.806882170866714 ], [ -73.751865301774473, 40.809614055735487 ], [ -73.75427701168924, 40.815064995849788 ], [ -73.752429850447442, 40.821409627588245 ], [ -73.745730923562888, 40.825483099611922 ], [ -73.746928300434433, 40.830926730590001 ], [ -73.750529526576599, 40.842272075536904 ], [ -73.749309550115356, 40.844990098682537 ], [ -73.745670706736902, 40.843166875503343 ], [ -73.742038531573812, 40.838625084602334 ], [ -73.737194478472816, 40.836800211119922 ], [ -73.731120855779182, 40.836789356879372 ], [ -73.718394208497031, 40.827234892239282 ], [ -73.714213401351415, 40.811350012649825 ], [ -73.709979198513238, 40.806352724732825 ], [ -73.705118031972674, 40.807249762731345 ], [ -73.70510269176755, 40.810423581368262 ], [ -73.704469183084882, 40.816317030251426 ], [ -73.700800472972958, 40.823566739207074 ], [ -73.699564068009948, 40.829460536736562 ], [ -73.695893861459155, 40.834896835150758 ], [ -73.695276608248008, 40.837616717826137 ], [ -73.698305546592465, 40.839440644119293 ], [ -73.70618713998779, 40.842178853706251 ], [ -73.713480121661334, 40.842194917477272 ], [ -73.721376532978979, 40.84176046034986 ], [ -73.723184868583871, 40.844938134968217 ], [ -73.727419472806858, 40.849939205479345 ], [ -73.724978578850767, 40.853107416100279 ], [ -73.720103460320445, 40.856725217300408 ], [ -73.721307432240366, 40.859453143220478 ], [ -73.723093072674828, 40.868527679457948 ], [ -73.718225078195772, 40.871240313748714 ], [ -73.713976348167051, 40.869413077695391 ], [ -73.703622508346399, 40.874833039454593 ], [ -73.694527862088833, 40.870278844902423 ], [ -73.683008055414788, 40.864804037664314 ], [ -73.676346086067952, 40.859798872467934 ], [ -73.673936571725093, 40.855254834882054 ], [ -73.668480728215499, 40.851612320731114 ], [ -73.656990134680584, 40.841598957851247 ], [ -73.650985957844213, 40.827522674665722 ], [ -73.647400395768102, 40.815263077783314 ], [ -73.645577026046581, 40.816167048339828 ], [ -73.641890993497114, 40.824776633820505 ], [ -73.640625708690862, 40.834297258314081 ], [ -73.644233884409047, 40.842022867542134 ], [ -73.647849835134181, 40.846570254510858 ], [ -73.646003650826131, 40.852006459075376 ], [ -73.642333798553281, 40.856983196397223 ], [ -73.644141688781076, 40.859258038655248 ], [ -73.646568101690931, 40.860626541238076 ], [ -73.650192260733448, 40.864720662428255 ], [ -73.653205664548508, 40.869717749254399 ], [ -73.65258756107275, 40.871528632307793 ], [ -73.65131313775592, 40.88422743084304 ], [ -73.643988170634827, 40.889652849737871 ], [ -73.627516932667817, 40.901850778378474 ], [ -73.623267313779479, 40.900024813002354 ], [ -73.612898140155821, 40.906798330001848 ], [ -73.601949986610734, 40.907217989897624 ], [ -73.58489796667628, 40.912603973732843 ], [ -73.57088841627062, 40.916189670575676 ], [ -73.557514433799412, 40.915695220082995 ], [ -73.545970470025111, 40.913835678717362 ], [ -73.540508123544996, 40.912454765104208 ], [ -73.533198258572156, 40.914241218272203 ], [ -73.525278520682974, 40.916937292466628 ], [ -73.519205934316588, 40.916006049701892 ], [ -73.516176186813311, 40.91417966089238 ], [ -73.512568173096014, 40.908266980220958 ], [ -73.512621296126227, 40.901012694670136 ], [ -73.518746990804047, 40.893321667930088 ], [ -73.5230197111389, 40.890163411175607 ], [ -73.527880652781107, 40.891542906813427 ], [ -73.526605752252834, 40.899249999701667 ], [ -73.527781829579922, 40.90559979338105 ], [ -73.531428083559064, 40.906069339038694 ], [ -73.536303932701401, 40.904727489958255 ], [ -73.542979421043725, 40.90702016938819 ], [ -73.551486948915638, 40.907503630181587 ], [ -73.555766523164479, 40.903438563214713 ], [ -73.563678042156823, 40.902103574459488 ], [ -73.567958376638202, 40.898490783182666 ], [ -73.569195299865456, 40.894409793704668 ], [ -73.568005027440847, 40.890322536041779 ], [ -73.566815592270402, 40.886233109404273 ], [ -73.560107922495362, 40.889389174909468 ], [ -73.559475262253969, 40.893923079820176 ], [ -73.554599696018911, 40.896174950747678 ], [ -73.547305094992524, 40.895241167105738 ], [ -73.545504647831393, 40.891608718699985 ], [ -73.54494163190212, 40.885252470836392 ], [ -73.536448311907321, 40.882049494304717 ], [ -73.529162764033231, 40.881568384162421 ], [ -73.516420112751433, 40.878345834268742 ], [ -73.509141708566901, 40.87559126077344 ], [ -73.503030596978235, 40.881010699782102 ], [ -73.507220197101844, 40.890558355525116 ], [ -73.502336544224448, 40.893257147549036 ], [ -73.495027152487978, 40.894591162227343 ], [ -73.490174359488606, 40.894118975266558 ], [ -73.48777192024005, 40.890029936502607 ], [ -73.483559482291483, 40.884108038562012 ], [ -73.479340631906908, 40.879553550685728 ], [ -73.478082522661893, 40.879737849928844 ], [ -73.47325275205452, 40.880437984768321 ], [ -73.468347252903811, 40.885862446463427 ], [ -73.4664535168084, 40.895835621360959 ], [ -73.468223657380364, 40.902197594453511 ], [ -73.471840297848601, 40.90629475444603 ], [ -73.4766703901591, 40.911304048773225 ], [ -73.480882092940931, 40.917669244632812 ], [ -73.485718347767218, 40.921774195235557 ], [ -73.486893129558808, 40.926767495151502 ], [ -73.487427767902659, 40.937658283641554 ], [ -73.486107395248098, 40.95171540176846 ], [ -73.476982617348369, 40.951677709138131 ], [ -73.470939781811438, 40.945754333816012 ], [ -73.465515049752966, 40.938929012887662 ], [ -73.458236475846363, 40.936629241619841 ], [ -73.436346871681394, 40.935174900942734 ], [ -73.429662996834054, 40.935144421711563 ], [ -73.426649331080455, 40.931501537876223 ], [ -73.42673402239781, 40.921069841245334 ], [ -73.429167919878765, 40.921079843440801 ], [ -73.438276856650091, 40.922026128153668 ], [ -73.441947143253401, 40.919776042503457 ], [ -73.441367229267584, 40.916143262952275 ], [ -73.439567769468539, 40.913408950883493 ], [ -73.434104702992073, 40.912027567075597 ], [ -73.431083486090643, 40.909292962963811 ], [ -73.435958523442423, 40.907954406299872 ], [ -73.441444148662711, 40.906160876744174 ], [ -73.440856942308159, 40.903438671766587 ], [ -73.437225487137638, 40.902059490166799 ], [ -73.429945646223814, 40.899306873135075 ], [ -73.426924564736709, 40.897024602179712 ], [ -73.425139513613658, 40.892935011954535 ], [ -73.420936299717681, 40.886111342717122 ], [ -73.417899206164847, 40.886095296196586 ], [ -73.412994145869817, 40.891516276319507 ], [ -73.411733907903169, 40.896502805886605 ], [ -73.415334872799576, 40.901511305843371 ], [ -73.422598093688535, 40.905623965295 ], [ -73.417129002404735, 40.905600468460435 ], [ -73.410444312660601, 40.905570620321491 ], [ -73.404341065377452, 40.908262015758588 ], [ -73.401884435299948, 40.910971788963401 ], [ -73.393354063045763, 40.913198617110112 ], [ -73.387899320043061, 40.910906877110527 ], [ -73.385488087483594, 40.908170971764605 ], [ -73.380032252478927, 40.906783722012726 ], [ -73.375134987473658, 40.910845514883434 ], [ -73.371472645871464, 40.912638227937009 ], [ -73.368442551916701, 40.910812146985464 ], [ -73.364223964347801, 40.907160203915922 ], [ -73.3612187469828, 40.903063962621403 ], [ -73.360645794295536, 40.898523872172248 ], [ -73.357053513690829, 40.893064384958102 ], [ -73.351566728024764, 40.894849660845786 ], [ -73.349697954121766, 40.899379156857819 ], [ -73.350857461611795, 40.905732772096961 ], [ -73.353839987519322, 40.91164712519398 ], [ -73.354373955718984, 40.919814879364672 ], [ -73.35433572034249, 40.923895154864482 ], [ -73.357341464779893, 40.927996227260152 ], [ -73.364605746781308, 40.931662294482372 ], [ -73.374920414891648, 40.93443263218596 ], [ -73.379192741239152, 40.933092294614148 ], [ -73.380436551198144, 40.929921918530788 ], [ -73.377445832658807, 40.924464337997406 ], [ -73.382291514203359, 40.926756477864437 ], [ -73.388348443625432, 40.929056155510622 ], [ -73.3920110365857, 40.928163428224998 ], [ -73.394467960750134, 40.925001127376404 ], [ -73.397543121779478, 40.921385518688773 ], [ -73.40177729860136, 40.923674214385848 ], [ -73.400511304961725, 40.929110220747575 ], [ -73.399808518766434, 40.940450906853044 ], [ -73.402188092031508, 40.946814806009563 ], [ -73.401494775778005, 40.9567904874744 ], [ -73.392949330531621, 40.960382557761967 ], [ -73.389316755687688, 40.958094662460923 ], [ -73.383878067477582, 40.953531796379394 ], [ -73.377239304719652, 40.948057631113521 ], [ -73.358479027230601, 40.936620228092799 ], [ -73.349414573103161, 40.930224415410279 ], [ -73.343997281676295, 40.923845610337892 ], [ -73.343379167906093, 40.925203980824392 ], [ -73.338481782044681, 40.928805503834646 ], [ -73.326297017214614, 40.931009309050744 ], [ -73.308046646734539, 40.931368776082913 ], [ -73.297717131927143, 40.930402755229103 ], [ -73.28923902728873, 40.926272653430729 ], [ -73.268648518015937, 40.917985667171642 ], [ -73.251664782857446, 40.914262634544272 ], [ -73.237725495033132, 40.910096735715904 ], [ -73.234108456209455, 40.906900489041583 ], [ -73.232339318392576, 40.90189900591232 ], [ -73.228149745115772, 40.895975906669925 ], [ -73.222084031891541, 40.894575721758109 ], [ -73.214179985812095, 40.894529061039307 ], [ -73.209341933273834, 40.892230599896237 ], [ -73.203917882264463, 40.888112700098546 ], [ -73.196097879648178, 40.88080814788168 ], [ -73.19122234118241, 40.882135620024108 ], [ -73.19116836507294, 40.886676549764253 ], [ -73.194129016272157, 40.893496402741633 ], [ -73.198309954534409, 40.899874660035671 ], [ -73.203734752025483, 40.90444334126574 ], [ -73.221900745689069, 40.910910271616984 ], [ -73.215789403570511, 40.914045363380666 ], [ -73.20115564783859, 40.917585860547888 ], [ -73.185300218315092, 40.921115634297557 ], [ -73.169423457674611, 40.926908539217635 ], [ -73.160244583711446, 40.931384426383481 ], [ -73.153576820383705, 40.929979235222063 ], [ -73.155438411991156, 40.926363597442688 ], [ -73.157300335909838, 40.923656005710974 ], [ -73.168905636195674, 40.919191824864058 ], [ -73.177472718574663, 40.914714312558004 ], [ -73.180555549219775, 40.910648301862388 ], [ -73.178189894571915, 40.904738819044226 ], [ -73.17458158513962, 40.901987855631909 ], [ -73.166059819141921, 40.902841430142971 ], [ -73.161099745625251, 40.910974945162181 ], [ -73.156750527394138, 40.918657057085461 ], [ -73.149976100605187, 40.925422190305511 ], [ -73.144971189916888, 40.937181974321163 ], [ -73.146717652870421, 40.943999950110893 ], [ -73.151470129520078, 40.953105305098603 ], [ -73.157460187417399, 40.961310109286224 ], [ -73.161053705397947, 40.966322774603306 ], [ -73.156162209147496, 40.967654182331209 ], [ -73.144023604860323, 40.965304355292957 ], [ -73.133044827500441, 40.967043609673276 ], [ -73.128772319508101, 40.968374655812632 ], [ -73.120210923974369, 40.971950699717013 ], [ -73.109215919803233, 40.974597955707708 ], [ -73.103838520830223, 40.966842455293616 ], [ -73.112337023841761, 40.968265488502034 ], [ -73.121500570216284, 40.965604836358267 ], [ -73.123393616301868, 40.960174098250604 ], [ -73.117930550628927, 40.959226959121061 ], [ -73.112435920678053, 40.960552074712744 ], [ -73.107561447560855, 40.960972112926449 ], [ -73.105784083484565, 40.957331369650063 ], [ -73.107653471310741, 40.95416550149428 ], [ -73.109537435025757, 40.94919071337123 ], [ -73.092431049153475, 40.954967348925464 ], [ -73.083971229159047, 40.95036541403978 ], [ -73.069314083901844, 40.954801979427486 ], [ -73.069283136256814, 40.957067949045914 ], [ -73.070488822900131, 40.957983536191833 ], [ -73.074708971773376, 40.961188006258617 ], [ -73.080148890886477, 40.963953789788818 ], [ -73.085641504909262, 40.962634130525508 ], [ -73.091073408231466, 40.965846211488916 ], [ -73.083131704117719, 40.968055254021621 ], [ -73.075806126748333, 40.9698204823015 ], [ -73.071548878429795, 40.969791484602773 ], [ -73.063050297458773, 40.968367897344145 ], [ -73.050911023432832, 40.966006229738205 ], [ -73.040046365717231, 40.959122216836199 ], [ -73.034606215097227, 40.956356630132142 ], [ -73.02731291208886, 40.955848486919571 ], [ -73.024238390245884, 40.958095537996947 ], [ -73.0254350746375, 40.959918308089321 ], [ -73.028448996493012, 40.961757772166763 ], [ -73.03266147191114, 40.965415541733044 ], [ -73.027717093451841, 40.970825869285719 ], [ -73.02470280447433, 40.968986375097423 ], [ -73.021071290645878, 40.967143679721453 ], [ -73.016219183326356, 40.966198573569187 ], [ -73.008330069068165, 40.964775059424376 ], [ -72.991903684961585, 40.964194063308469 ], [ -72.97729967963113, 40.964530713737048 ], [ -72.968167446641232, 40.964913050894758 ], [ -72.956594014278281, 40.965270066699624 ], [ -72.94382211058219, 40.96471031468306 ], [ -72.931676669721128, 40.963252877844447 ], [ -72.924404322414432, 40.961376344531892 ], [ -72.916500680003651, 40.96085248929905 ], [ -72.905521673048071, 40.96257284150613 ], [ -72.89332958592081, 40.963828769796152 ], [ -72.876255072833615, 40.966402231487599 ], [ -72.862857932256247, 40.966739974934072 ], [ -72.839694993524589, 40.969253262769989 ], [ -72.831194814371443, 40.967815237583473 ], [ -72.826698913295331, 40.966548017716178 ] ] ] ] } },
{ "type": "Feature", "properties": { "fid": 77, "AREA": 0.0377, "PERIMETER": 0.72397, "BETUALLE_": 78, "BETUALLE_I": 76, "CODE": 1 }, "geometry": { "type": "MultiPolygon", "coordinates": [ [ [ [ -79.705042181300669, 40.819493873929972 ], [ -79.662511244543282, 40.830511562660945 ], [ -79.62480243083057, 40.836286713232965 ], [ -79.557693712234411, 40.817805448491875 ], [ -79.532368599521277, 40.793838958808138 ], [ -79.516713940623887, 40.759422562096994 ], [ -79.516906395236362, 40.7288760983201 ], [ -79.531570774587522, 40.682661056393194 ], [ -79.537932694643146, 40.666432731983839 ], [ -79.564947848239541, 40.648834069763289 ], [ -79.581931043979523, 40.644434280307557 ], [ -79.601821418581011, 40.648560906116963 ], [ -79.624624989078086, 40.661213272743453 ], [ -79.653011135890623, 40.663133726907127 ], [ -79.681778282644274, 40.662299306361447 ], [ -79.726767533403063, 40.662551797794087 ], [ -79.7495868972144, 40.67519650550306 ], [ -79.759104038238462, 40.695284490693979 ], [ -79.766344087088413, 40.73189605736593 ], [ -79.762925503922872, 40.756680378768145 ], [ -79.75505982273755, 40.783949207495624 ], [ -79.730175453381619, 40.815633002964844 ], [ -79.705042181300669, 40.819493873929972 ] ] ] ] } },
{ "type": "Feature", "properties": { "fid": 78, "AREA": 0.02918, "PERIMETER": 0.63025, "BETUALLE_": 79, "BETUALLE_I": 82, "CODE": 1 }, "geometry": { "type": "MultiPolygon", "coordinates": [ [ [ [ -86.922400942160522, 40.456569976067037 ], [ -86.875221318885565, 40.463744797253682 ], [ -86.816132810281459, 40.458839062092864 ], [ -86.791729639228592, 40.443430007407741 ], [ -86.772372390393102, 40.416527852802012 ], [ -86.765517934086304, 40.392967861927112 ], [ -86.767126706328384, 40.369700285706038 ], [ -86.786453752961194, 40.335374799179455 ], [ -86.843229345235386, 40.311051633387606 ], [ -86.890340487852129, 40.303879688540476 ], [ -86.945121552415941, 40.308608861407812 ], [ -86.974336707203392, 40.315400816349744 ], [ -86.989503902700477, 40.342136948917037 ], [ -86.991983577945632, 40.368459231402944 ], [ -86.989446840447798, 40.40628691577021 ], [ -86.953225631083242, 40.440091379217328 ], [ -86.922400942160522, 40.456569976067037 ] ] ] ] } },
{ "type": "Feature", "properties": { "fid": 79, "AREA": 0.22279, "PERIMETER": 2.55907, "BETUALLE_": 80, "BETUALLE_I": 81, "CODE": 1 }, "geometry": { "type": "MultiPolygon", "coordinates": [ [ [ [ -82.614548838532073, 39.981516359309033 ], [ -82.590231044569251, 40.013636776451079 ], [ -82.569218539249036, 40.036388696397253 ], [ -82.541085787301597, 40.060355216701367 ], [ -82.513616389628808, 40.07799214973975 ], [ -82.48168209569819, 40.093798698383402 ], [ -82.434738279660706, 40.097667817359202 ], [ -82.400042898697478, 40.095818046898131 ], [ -82.360298900843901, 40.07619948331709 ], [ -82.364413832850744, 40.03826025377802 ], [ -82.382894878079384, 39.996325216415528 ], [ -82.396905251788766, 39.952571055768345 ], [ -82.416018456754372, 39.904328657251611 ], [ -82.423227281533471, 39.858643771857203 ], [ -82.426258982625754, 39.830216617708935 ], [ -82.426353730108744, 39.785762730531509 ], [ -82.414908040791886, 39.740712521357004 ], [ -82.4006520776841, 39.700288628493446 ], [ -82.377518365422532, 39.656236091864365 ], [ -82.360129377205396, 39.623598562050176 ], [ -82.345884894705932, 39.583206005097814 ], [ -82.338381413932524, 39.54476322584199 ], [ -82.337805114053623, 39.484507930772963 ], [ -82.335221428785786, 39.443179005636999 ], [ -82.339377017511069, 39.381622784170233 ], [ -82.329385398796646, 39.344681267080944 ], [ -82.339415393849578, 39.270804920257845 ], [ -82.345312535501435, 39.214146160538021 ], [ -82.351363084893222, 39.178073867261418 ], [ -82.367067081327136, 39.137762627014531 ], [ -82.378837067559374, 39.113067137372475 ], [ -82.414459241384691, 39.057976514488395 ], [ -82.436012432400702, 39.027462825502788 ], [ -82.449072779603995, 39.01232223942268 ], [ -82.470815814251097, 39.002364424492086 ], [ -82.498950476065531, 38.997470751993539 ], [ -82.527782975045028, 39.008414254673937 ], [ -82.544369020424639, 39.026642970738436 ], [ -82.560002531339748, 39.054313167357698 ], [ -82.559907773404717, 39.07802837660347 ], [ -82.555602418366689, 39.120515270725924 ], [ -82.541303638667628, 39.170415667502766 ], [ -82.528954144101931, 39.22359154645342 ], [ -82.50968649682612, 39.27642631326475 ], [ -82.49925346905404, 39.332892959333179 ], [ -82.498983334733381, 39.402573798435313 ], [ -82.508699681696342, 39.442685985883344 ], [ -82.531728194332615, 39.488251031147669 ], [ -82.553279550154741, 39.525825104830759 ], [ -82.589811294024813, 39.575283084267973 ], [ -82.618458698545538, 39.611656639260246 ], [ -82.642671077751956, 39.64622299442194 ], [ -82.662144674824347, 39.726590736833295 ], [ -82.675184358599324, 39.801902705606054 ], [ -82.66826107573705, 39.8460273634674 ], [ -82.655048597998189, 39.905730157787531 ], [ -82.624628238687919, 39.974091919418072 ], [ -82.614548838532073, 39.981516359309033 ] ] ] ] } },
{ "type": "Feature", "properties": { "fid": 80, "AREA": 0.03081, "PERIMETER": 0.63122, "BETUALLE_": 81, "BETUALLE_I": 83, "CODE": 1 }, "geometry": { "type": "MultiPolygon", "coordinates": [ [ [ [ -81.03343026835168, 39.615934037688049 ], [ -81.042091042790176, 39.615227101272886 ], [ -81.047961125274867, 39.615035448708589 ], [ -81.053836397110757, 39.615074164312425 ], [ -81.059701201896161, 39.615343144950913 ], [ -81.065539910819751, 39.615841673913827 ], [ -81.071336963859125, 39.616568422802423 ], [ -81.077076910806923, 39.617521455030477 ], [ -81.082744452019227, 39.618698230928509 ], [ -81.088324478784813, 39.620095614438611 ], [ -81.093802113212291, 39.621709881383033 ], [ -81.099162747534251, 39.623536729285824 ], [ -81.104392082728282, 39.625571288722369 ], [ -81.109476166356771, 39.627808136168184 ], [ -81.114401429527845, 39.630241308314638 ], [ -81.119154722883152, 39.632864317815532 ], [ -81.123723351518791, 39.635670170423531 ], [ -81.128095108749179, 39.638651383474652 ], [ -81.132258308625126, 39.641800005671122 ], [ -81.136201817121005, 39.645107638115533 ], [ -81.139915081907887, 39.648565456538996 ], [ -81.14338816063335, 39.652164234668831 ], [ -81.146611747631894, 39.655894368674609 ], [ -81.149577198993001, 39.659745902629801 ], [ -81.15227655591795, 39.663708554923637 ], [ -81.154702566300685, 39.667771745554674 ], [ -81.15684870447167, 39.671924624234201 ], [ -81.158709189048253, 39.676156099228862 ], [ -81.160278998839971, 39.680454866864629 ], [ -81.161553886760828, 39.68480944161648 ], [ -81.162530391707108, 39.68920818670405 ], [ -81.163205848362807, 39.693639345113574 ], [ -81.163578394900796, 39.698091070963599 ], [ -81.163646978553217, 39.702551461131279 ], [ -81.163411359029624, 39.707008587056144 ], [ -81.162872109767491, 39.711450526635666 ], [ -81.162030617005215, 39.715865396127938 ], [ -81.160889076673456, 39.720241381976344 ], [ -81.159450489107044, 39.724566772469359 ], [ -81.15771865158483, 39.728829989151834 ], [ -81.155698148711949, 39.733019617901512 ], [ -81.153394340663837, 39.737124439587298 ], [ -81.150813349318483, 39.741133460225257 ], [ -81.147962042308677, 39.745035940550629 ], [ -81.144848015032409, 39.748821424924834 ], [ -81.141479585973897, 39.75247976598591 ], [ -81.137865737664754, 39.756001160982336 ], [ -81.134016113536433, 39.759376172626098 ], [ -81.129941000957729, 39.762595752830499 ], [ -81.125651296194107, 39.765651268984641 ], [ -81.12115847529374, 39.768534527277211 ], [ -81.116474563359773, 39.771237794846009 ], [ -81.111612102291971, 39.773753820692789 ], [ -81.106584117084083, 39.776075855303816 ], [ -81.101404080769484, 39.778197668921628 ], [ -81.096085878111182, 39.780113568416887 ], [ -81.090643768135436, 39.781818412712667 ], [ -81.085092345613958, 39.783307626718056 ], [ -81.079446501600813, 39.784577213731438 ], [ -81.073721383134583, 39.785623766278547 ], [ -81.06793235221879, 39.786444475355495 ], [ -81.062094944195508, 39.787037138049079 ], [ -81.056224825629513, 39.787400163514519 ], [ -81.050337751821417, 39.787532577292126 ], [ -81.044449524070089, 39.787434023952216 ], [ -81.038575946805224, 39.787104768059379 ], [ -81.032732784710731, 39.786545693454393 ], [ -81.026935719960662, 39.785758300855335 ], [ -81.021200309688354, 39.78474470378454 ], [ -81.015541943808955, 39.783507622833845 ], [ -81.009975803314219, 39.782050378282655 ], [ -81.004516819157075, 39.780376881091868 ], [ -80.999179632130449, 39.778491629035884 ], [ -80.993978554438627, 39.776399722422134 ], [ -80.988927525707567, 39.774106725386908 ], [ -80.984040081357819, 39.771618789943069 ], [ -80.979329313995478, 39.768942590410411 ], [ -80.974807838168616, 39.766085305345982 ], [ -80.970487756461694, 39.763054598117236 ], [ -80.966380627020641, 39.759858596174354 ], [ -80.96249743259645, 39.75650586907723 ], [ -80.958848551190755, 39.753005405340865 ], [ -80.955443742808015, 39.749366586739598 ], [ -80.952292143435372, 39.745599160750764 ], [ -80.949402098381171, 39.741713228689996 ], [ -80.946781307431763, 39.737719202081017 ], [ -80.944436745405042, 39.733627780253556 ], [ -80.94237464386633, 39.729449921541054 ], [ -80.94060047487973, 39.725196813802533 ], [ -80.939118936834504, 39.720879844347152 ], [ -80.937933942378677, 39.716510569346099 ], [ -80.937048608487373, 39.712100682812448 ], [ -80.936465248686275, 39.707661985235127 ], [ -80.936185367445461, 39.703206351950712 ], [ -80.936209656751586, 39.698745701338758 ], [ -80.936537994862334, 39.694291962926165 ], [ -80.937169447238759, 39.689857045486043 ], [ -80.938102269647501, 39.685452805216038 ], [ -80.939333913417585, 39.68109101408163 ], [ -80.94086103283172, 39.676783328407588 ], [ -80.942679494626177, 39.672541257801377 ], [ -80.944784389567545, 39.668376134490664 ], [ -80.947170046070724, 39.664299083154731 ], [ -80.94983004581573, 39.660320991330053 ], [ -80.952757241317173, 39.656452480467273 ], [ -80.95594377539517, 39.652703877714082 ], [ -80.959381102491804, 39.649085188498816 ], [ -80.963060011772967, 39.64560606998554 ], [ -80.966970651951129, 39.642275805468266 ], [ -80.971102557760773, 39.639103279772293 ], [ -80.97544467801454, 39.636096955724014 ], [ -80.979985405163774, 39.633264851751825 ], [ -80.984712606285271, 39.630614520673014 ], [ -80.989613655411219, 39.628153029723372 ], [ -80.994675467117546, 39.625886941879017 ], [ -80.999884531127435, 39.623822299173121 ], [ -81.005226933960145, 39.621964665480114 ], [ -81.010688438488842, 39.620318933233911 ], [ -81.016254479502678, 39.618889488862607 ], [ -81.021910216000222, 39.617680142070732 ], [ -81.027640570400564, 39.616694115791447 ], [ -81.03343026835168, 39.615934037688049 ] ] ] ] } },
{ "type": "Feature", "properties": { "fid": 81, "AREA": 0.03315, "PERIMETER": 0.6707, "BETUALLE_": 82, "BETUALLE_I": 79, "CODE": 1 }, "geometry": { "type": "MultiPolygon", "coordinates": [ [ [ [ -76.770174011086297, 39.608886768158087 ], [ -76.739239369739394, 39.618877896096762 ], [ -76.706877535507616, 39.62626884744401 ], [ -76.66682483374737, 39.624364198459432 ], [ -76.618502897636375, 39.616836635960055 ], [ -76.587668378839751, 39.603238462833197 ], [ -76.572509966042645, 39.583435663614381 ], [ -76.566559599704917, 39.551963024384044 ], [ -76.57386297525494, 39.517821297233638 ], [ -76.601108425271093, 39.496409503249936 ], [ -76.642813081061234, 39.476127257138977 ], [ -76.67105950657222, 39.459742252972148 ], [ -76.698328600724935, 39.449475376709181 ], [ -76.725655987253091, 39.450365819505308 ], [ -76.757254209222992, 39.459024140608577 ], [ -76.783499303244923, 39.478423322755752 ], [ -76.805549762691626, 39.501219360236519 ], [ -76.810734945326388, 39.526430930815899 ], [ -76.80731470087683, 39.559663665842557 ], [ -76.80020032292515, 39.581444604847412 ], [ -76.786613868828184, 39.597760069884551 ], [ -76.770174011086297, 39.608886768158087 ] ] ] ] } },
{ "type": "Feature", "properties": { "fid": 82, "AREA": 0.00326, "PERIMETER": 0.20543, "BETUALLE_": 83, "BETUALLE_I": 80, "CODE": 1 }, "geometry": { "type": "MultiPolygon", "coordinates": [ [ [ [ -75.609165763062862, 39.359753903148253 ], [ -75.617231178046652, 39.360540372704357 ], [ -75.622194666648511, 39.361742948850882 ], [ -75.626887266550483, 39.363464771291326 ], [ -75.631215919286902, 39.365671703727081 ], [ -75.63509476060284, 39.36831998857123 ], [ -75.63844682097583, 39.371357112007679 ], [ -75.641205552175037, 39.374722842579857 ], [ -75.643316149644122, 39.378350422983011 ], [ -75.644736644336589, 39.382167891690663 ], [ -75.645438742009901, 39.386099508446456 ], [ -75.645408392821395, 39.390067255543315 ], [ -75.644646079287767, 39.393992385248396 ], [ -75.643166816173618, 39.397796982738541 ], [ -75.640999861563714, 39.401405513526264 ], [ -75.638188144136095, 39.40474632458001 ], [ -75.634787417372692, 39.407753069189582 ], [ -75.63086515700202, 39.410366027078133 ], [ -75.626499223239605, 39.412533293295766 ], [ -75.621776314263116, 39.414211812012624 ], [ -75.61679024171309, 39.415368234403871 ], [ -75.611640062746176, 39.415979583334192 ], [ -75.606428106195111, 39.416033711426721 ], [ -75.601257932633018, 39.415529543262316 ], [ -75.596232269543535, 39.414477096813826 ], [ -75.591450963328967, 39.412897283684195 ], [ -75.587008989528854, 39.410821492184965 ], [ -75.582994561385533, 39.408290961682475 ], [ -75.579487374807812, 39.405355960841192 ], [ -75.576557024902215, 39.402074786334509 ], [ -75.574261625637476, 39.398512602182429 ], [ -75.572646659963794, 39.394740143040437 ], [ -75.571744082930437, 39.390832307445514 ], [ -75.571571695140676, 39.386866669167347 ], [ -75.572132798372422, 39.382921936379176 ], [ -75.573416139494825, 39.379076389325817 ], [ -75.575396143047357, 39.375406327512948 ], [ -75.578033427136447, 39.371984557171849 ], [ -75.581275591755642, 39.368878948878368 ], [ -75.585058263355606, 39.366151093747646 ], [ -75.589306374571422, 39.363855084622394 ], [ -75.593935653542843, 39.362036446159969 ], [ -75.598854293313039, 39.360731234767357 ], [ -75.603964768420283, 39.35996532597342 ], [ -75.609165763062862, 39.359753903148253 ] ] ] ] } },
{ "type": "Feature", "properties": { "fid": 83, "AREA": 0.03733, "PERIMETER": 0.79536, "BETUALLE_": 84, "BETUALLE_I": 84, "CODE": 1 }, "geometry": { "type": "MultiPolygon", "coordinates": [ [ [ [ -84.87901259574781, 38.747653572215512 ], [ -84.827316414302842, 38.75150682237885 ], [ -84.79602293778693, 38.767985447351052 ], [ -84.77753059537838, 38.784973295767607 ], [ -84.746217745887819, 38.801445024047652 ], [ -84.690459692976944, 38.802144531691191 ], [ -84.665791809650372, 38.789322927192515 ], [ -84.647070886478474, 38.756063701555668 ], [ -84.645189215974952, 38.726449207998229 ], [ -84.669380741037969, 38.691990564968656 ], [ -84.706113698234887, 38.660990752783199 ], [ -84.732884626257359, 38.647302888757913 ], [ -84.793999993853532, 38.632029971665908 ], [ -84.862700912852816, 38.628849109820287 ], [ -84.904888231964208, 38.636418890966056 ], [ -84.941894569109976, 38.655592607404785 ], [ -84.957120351542287, 38.679822102813809 ], [ -84.963583343722291, 38.706664993586578 ], [ -84.948704722312044, 38.732674440573049 ], [ -84.900124602758439, 38.751443943706263 ], [ -84.87901259574781, 38.747653572215512 ] ] ] ] } },
{ "type": "Feature", "properties": { "fid": 84, "AREA": 0.04154, "PERIMETER": 0.82565, "BETUALLE_": 85, "BETUALLE_I": 86, "CODE": 1 }, "geometry": { "type": "MultiPolygon", "coordinates": [ [ [ [ -86.443672979345664, 38.204348755897499 ], [ -86.456618521394049, 38.201807703743398 ], [ -86.482323252411064, 38.199670196302975 ], [ -86.537615610238973, 38.201411776912281 ], [ -86.554261374138335, 38.20783933230409 ], [ -86.582020028617222, 38.241190242064512 ], [ -86.592583681768389, 38.276963622157311 ], [ -86.590561050627542, 38.309395622044157 ], [ -86.571684227303706, 38.338348924487946 ], [ -86.532246541343412, 38.354832793580577 ], [ -86.467805331081323, 38.361648864507977 ], [ -86.421148188708273, 38.357199030511381 ], [ -86.391907116095751, 38.347394560344625 ], [ -86.363239962566027, 38.328745140939937 ], [ -86.309803857796297, 38.297478090990126 ], [ -86.268391278355139, 38.27841073447798 ], [ -86.257542325767417, 38.248533552038225 ], [ -86.267771109583109, 38.222300228049129 ], [ -86.281104621472934, 38.213879498397574 ], [ -86.332713742503643, 38.206696134534504 ], [ -86.379687385688612, 38.205257092102023 ], [ -86.443672979345664, 38.204348755897499 ] ] ] ] } },
{ "type": "Feature", "properties": { "fid": 85, "AREA": 0.10805, "PERIMETER": 1.31118, "BETUALLE_": 86, "BETUALLE_I": 85, "CODE": 1 }, "geometry": { "type": "MultiPolygon", "coordinates": [ [ [ [ -83.57882469162972, 38.175384641207053 ], [ -83.48566917550869, 38.136269328362161 ], [ -83.463668235707672, 38.111972311947504 ], [ -83.443425119981669, 38.067776587380038 ], [ -83.430829294960986, 38.018939108342693 ], [ -83.440139105853106, 37.967761550337386 ], [ -83.470598233248353, 37.922520704947701 ], [ -83.507938049761165, 37.880911308265311 ], [ -83.557951480508393, 37.831536796994847 ], [ -83.599166284219379, 37.800066012645999 ], [ -83.697485136588881, 37.776031478636781 ], [ -83.740092884084348, 37.784505176582627 ], [ -83.75521106724878, 37.805110958291372 ], [ -83.762019378652681, 37.838672211428637 ], [ -83.746250093061917, 37.882924422094419 ], [ -83.737378504639693, 37.930809647027409 ], [ -83.72071550859917, 37.956726272758061 ], [ -83.716055568772845, 37.983163267584054 ], [ -83.725380149040419, 38.015202977445249 ], [ -83.747285902365334, 38.041129831486842 ], [ -83.773865952441497, 38.068928611566143 ], [ -83.786026961257946, 38.096108931292022 ], [ -83.788147776898356, 38.127861713645615 ], [ -83.785168261637395, 38.162733230372702 ], [ -83.781056719927506, 38.182558000210165 ], [ -83.750615597030617, 38.199574457919738 ], [ -83.70417827445614, 38.205887390376304 ], [ -83.653645984404747, 38.203675689097338 ], [ -83.603983698273225, 38.19149247124809 ], [ -83.57882469162972, 38.175384641207053 ] ] ] ] } },
{ "type": "Feature", "properties": { "fid": 86, "AREA": 0.02519, "PERIMETER": 0.5783, "BETUALLE_": 87, "BETUALLE_I": 87, "CODE": 1 }, "geometry": { "type": "MultiPolygon", "coordinates": [ [ [ [ -84.800557662486781, 38.033360235544784 ], [ -84.791438604835065, 38.058028033150897 ], [ -84.772563401192954, 38.083989556114851 ], [ -84.764196875997342, 38.098679854343331 ], [ -84.727207394515176, 38.108920866338025 ], [ -84.698460497053503, 38.106130838709099 ], [ -84.661121875525566, 38.089656574386275 ], [ -84.643555379238521, 38.067286177328647 ], [ -84.634240327702045, 38.031902298506111 ], [ -84.636815802539587, 37.998658172905373 ], [ -84.642430903233063, 37.957205646462945 ], [ -84.66293637295361, 37.941338028273911 ], [ -84.694939337655924, 37.932580938484989 ], [ -84.733259118181749, 37.935730175282551 ], [ -84.776008287768207, 37.944043790154453 ], [ -84.805738577889741, 37.965189771394954 ], [ -84.818143943192538, 37.992344586526507 ], [ -84.813467448821896, 38.022182245303149 ], [ -84.800557662486781, 38.033360235544784 ] ] ] ] } },
{ "type": "Feature", "properties": { "fid": 87, "AREA": 0.03279, "PERIMETER": 0.66402, "BETUALLE_": 88, "BETUALLE_I": 88, "CODE": 1 }, "geometry": { "type": "MultiPolygon", "coordinates": [ [ [ [ -86.234034845725105, 37.117670573330457 ], [ -86.238880359003346, 37.116168197789342 ], [ -86.260136715566745, 37.118474943136718 ], [ -86.273875704975566, 37.127159469044138 ], [ -86.29711028376019, 37.136134428044549 ], [ -86.313426008557229, 37.14159185743717 ], [ -86.326972472877259, 37.153575470202682 ], [ -86.328056840097545, 37.175096137489398 ], [ -86.32626808378528, 37.204797545190367 ], [ -86.329025374653327, 37.237949314838723 ], [ -86.318126367692898, 37.260766503882877 ], [ -86.298219473465167, 37.275037083129178 ], [ -86.269004166572117, 37.285709106477874 ], [ -86.235335342986204, 37.291278660926338 ], [ -86.199491299252145, 37.29346727837175 ], [ -86.168705025634296, 37.29084821395363 ], [ -86.140500633647733, 37.284998805891526 ], [ -86.120041405025589, 37.269472180738042 ], [ -86.10712326105913, 37.247572293634676 ], [ -86.099059864825591, 37.224175003276727 ], [ -86.100289691969806, 37.204381394313764 ], [ -86.106266208151595, 37.184738624671674 ], [ -86.121733434375855, 37.165395377414804 ], [ -86.146688321002287, 37.146349440629479 ], [ -86.181125780080478, 37.127597306989401 ], [ -86.202986811114471, 37.120014610337606 ], [ -86.22681526061973, 37.119099795463569 ], [ -86.234034845725105, 37.117670573330457 ] ] ] ] } },
{ "type": "Feature", "properties": { "fid": 88, "AREA": 0.03389, "PERIMETER": 0.66991, "BETUALLE_": 89, "BETUALLE_I": 90, "CODE": 1 }, "geometry": { "type": "MultiPolygon", "coordinates": [ [ [ [ -87.280221462869676, 36.865763558714789 ], [ -87.278261545173223, 36.90371937291097 ], [ -87.25327846596501, 36.927852734797128 ], [ -87.225998025004913, 36.950272431729111 ], [ -87.204143817919345, 36.959608819146638 ], [ -87.168321263711789, 36.963611812702105 ], [ -87.123627666336247, 36.955798685787244 ], [ -87.081748709247904, 36.939792607076363 ], [ -87.0640212990224, 36.91617602956908 ], [ -87.056216369500262, 36.884573251784133 ], [ -87.060342382448624, 36.851646598949152 ], [ -87.066744806738129, 36.820438793709812 ], [ -87.084455561778356, 36.799448068600334 ], [ -87.101725448220009, 36.786700890510602 ], [ -87.135822179510058, 36.769449502738269 ], [ -87.166682970245915, 36.768618977267671 ], [ -87.187475255268296, 36.779077038084807 ], [ -87.215117198942963, 36.794670116818921 ], [ -87.245302830820265, 36.807026070518283 ], [ -87.277607528972936, 36.824390670786762 ], [ -87.283525726798445, 36.847674179071703 ], [ -87.280221462869676, 36.865763558714789 ] ] ] ] } },
{ "type": "Feature", "properties": { "fid": 89, "AREA": 0.02133, "PERIMETER": 0.56965, "BETUALLE_": 90, "BETUALLE_I": 91, "CODE": 1 }, "geometry": { "type": "MultiPolygon", "coordinates": [ [ [ [ -85.207700252272133, 36.627964937419257 ], [ -85.17459641165209, 36.648872507598412 ], [ -85.131003075347124, 36.659047078460027 ], [ -85.080475690962516, 36.661199675793362 ], [ -85.034457281964137, 36.651834397199458 ], [ -85.013781357445794, 36.626501635547484 ], [ -85.019599246244127, 36.595612031697968 ], [ -85.0495949408255, 36.56556136039994 ], [ -85.086409046817295, 36.544807241755834 ], [ -85.120493055174322, 36.536905245433388 ], [ -85.148480276661004, 36.536561953366096 ], [ -85.17612436263606, 36.541384088363458 ], [ -85.214592944899579, 36.551751613174247 ], [ -85.241734403244521, 36.564324322394576 ], [ -85.246127518483448, 36.582611185022387 ], [ -85.231655659757024, 36.604152304617664 ], [ -85.217605485927109, 36.619228289281168 ], [ -85.207700252272133, 36.627964937419257 ] ] ] ] } },
{ "type": "Feature", "properties": { "fid": 90, "AREA": 0.02872, "PERIMETER": 0.6263, "BETUALLE_": 91, "BETUALLE_I": 89, "CODE": 1 }, "geometry": { "type": "MultiPolygon", "coordinates": [ [ [ [ -79.060302332424513, 36.44556330065052 ], [ -79.025152973708941, 36.453324283975832 ], [ -78.965141748583392, 36.453729884049153 ], [ -78.933941692591162, 36.451892652112456 ], [ -78.903863529407019, 36.440304138901205 ], [ -78.880131826412551, 36.423203329135823 ], [ -78.871255198238813, 36.401095175244642 ], [ -78.869162916753666, 36.369581615445441 ], [ -78.878179405618255, 36.340689486159683 ], [ -78.886740700023836, 36.315696473175038 ], [ -78.916850489108953, 36.30177301534431 ], [ -78.948901819588102, 36.295803230771277 ], [ -78.982678541356108, 36.299735735922113 ], [ -79.037586065504755, 36.318625850336588 ], [ -79.070053399250938, 36.334246005324673 ], [ -79.081804619046864, 36.35651540968874 ], [ -79.095512115364428, 36.386753150047078 ], [ -79.088925159591668, 36.419744542227576 ], [ -79.072311968902696, 36.440373944139658 ], [ -79.060302332424513, 36.44556330065052 ] ] ] ] } },
{ "type": "Feature", "properties": { "fid": 91, "AREA": 0.0353, "PERIMETER": 0.68665, "BETUALLE_": 92, "BETUALLE_I": 92, "CODE": 1 }, "geometry": { "type": "MultiPolygon", "coordinates": [ [ [ [ -86.607671459541947, 35.271600175897881 ], [ -86.586498830924398, 35.278332315691976 ], [ -86.544882848404271, 35.277245965102487 ], [ -86.506609420606168, 35.261676262127295 ], [ -86.471686830814591, 35.231632942151137 ], [ -86.449587852175597, 35.205571367815999 ], [ -86.443088491789098, 35.179926151076536 ], [ -86.449397494166348, 35.1582598241894 ], [ -86.469155930003538, 35.127855002628124 ], [ -86.496053427774569, 35.110369209732859 ], [ -86.535568765188586, 35.100483816188017 ], [ -86.585017342995229, 35.099941576027426 ], [ -86.634375559322876, 35.101206751687549 ], [ -86.654710762161855, 35.110822520945568 ], [ -86.674333502799783, 35.134975374973436 ], [ -86.695664616884969, 35.177376692061351 ], [ -86.694500010404568, 35.20100927030439 ], [ -86.677551976661661, 35.227883740983899 ], [ -86.660867048937007, 35.24930209123935 ], [ -86.644447305931408, 35.265266917534454 ], [ -86.631171142210178, 35.270386887376723 ], [ -86.607671459541947, 35.271600175897881 ] ] ] ] } }
]
}
